{"type":"FeatureCollection","features":[{"type":"Feature","geometry":{"type":"Point","coordinates":[16.212888,-5.599413]},"properties":{"province":"Kwango","zonesante":"Popokabaka","airesante":"Mutayi","localite":"N'Kilamintambu","localitetype":"Village","source_acronym":"PNLP SANRU","date":"2023","precision_":5,"grid3id":"PNLP_KC_F2F0FE1E1A"}},{"type":"Feature","geometry":{"type":"Point","coordinates":[18.9708,-7.288608]},"properties":{"province":"Kwango","zonesante":"Kahemba","airesante":"Perseverence","localite":"Kamabanga","localitetype":"Village","source_acronym":"OMS ISS","date":"2019","precision_":4.7,"grid3id":"KG_1B23AD1EDD","territoire":"Kahemba"}},{"type":"Feature","geometry":{"type":"Point","coordinates":[18.960385,-7.302127]},"properties":{"province":"Kwango","zonesante":"Kahemba","airesante":"Tomisa","localite":"Tomisa","localitetype":"Village","source_acronym":"OMS ISS","date":"2019","precision_":5,"grid3id":"KG_D10B642824","territoire":"Kahemba"}},{"type":"Feature","geometry":{"type":"Point","coordinates":[18.962012,-7.307087]},"properties":{"province":"Kwango","zonesante":"Kahemba","airesante":"Kahemba","localite":"Kahemba","localitetype":"Village","source_acronym":"OMS ISS","date":"2019","precision_":5,"grid3id":"KG_98D7E9C882","territoire":"Kahemba"}},{"type":"Feature","geometry":{"type":"Point","coordinates":[17.03408,-4.801828]},"properties":{"province":"Kwango","zonesante":"Kenge","airesante":"Barriere","localite":"Congo","localitetype":"Village","source_acronym":"OMS ISS","date":"2019","precision_":4.7,"grid3id":"KG_08CF990C32","territoire":"Kenge"}},{"type":"Feature","geometry":{"type":"Point","coordinates":[17.045415,-4.826038]},"properties":{"province":"Kwango","zonesante":"Kenge","airesante":"Saint Esprit","localite":"Kapenga","localitetype":"Village","source_acronym":"OMS ISS","date":"2019","precision_":5,"grid3id":"KG_9DFE0472F9","territoire":"Kenge"}},{"type":"Feature","geometry":{"type":"Point","coordinates":[18.96055,-7.283882]},"properties":{"province":"Kwango","zonesante":"Kahemba","airesante":"Perseverence","localite":"Luabanga","localitetype":"Village","source_acronym":"OMS ISS","date":"2019","precision_":4.9,"grid3id":"KG_4A8755165B","territoire":"Kahemba"}},{"type":"Feature","geometry":{"type":"Point","coordinates":[18.952455,-7.29333]},"properties":{"province":"Kwango","zonesante":"Kahemba","airesante":"Muloshi","localite":"Muloshi","localitetype":"Village","source_acronym":"OMS ISS","date":"2019","precision_":5,"grid3id":"KG_CDA7CFECDF","territoire":"Kahemba"}},{"type":"Feature","geometry":{"type":"Point","coordinates":[17.042217,-4.82346]},"properties":{"province":"Kwango","zonesante":"Kenge","airesante":"CBCO","localite":"Yete","localitetype":"Village","source_acronym":"OMS ISS","date":"2019","precision_":7.7,"grid3id":"KG_A8626982F7","territoire":"Kenge"}},{"type":"Feature","geometry":{"type":"Point","coordinates":[17.459362,-7.401752]},"properties":{"province":"Kwango","zonesante":"Tembo","airesante":"Ngundu Mayala","localite":"Ngundumayala","localitetype":"Village","source_acronym":"OMS ISS","date":"2019","precision_":3.3,"grid3id":"KG_46E2989EEB","territoire":"Kasongo-Lunda"}},{"type":"Feature","geometry":{"type":"Point","coordinates":[18.946715,-7.297813]},"properties":{"province":"Kwango","zonesante":"Kahemba","localite":"Conseil","localitetype":"Village","source_acronym":"OMS ISS","date":"2019","precision_":5,"grid3id":"KG_CD08EFFC75","territoire":"Kahemba"}},{"type":"Feature","geometry":{"type":"Point","coordinates":[18.960618,-7.283863]},"properties":{"province":"Kwango","zonesante":"Kahemba","airesante":"Perseverence","localite":"Luapanga","localitetype":"Village","source_acronym":"OMS ISS","date":"2019","precision_":4.9,"grid3id":"KG_C9C7E755D5","territoire":"Kahemba"}},{"type":"Feature","geometry":{"type":"Point","coordinates":[19.19061,-7.367383]},"properties":{"province":"Kwango","zonesante":"Kahemba","airesante":"Kabongo","localite":"Kabongo","localitetype":"Village","source_acronym":"OMS ISS","date":"2019","precision_":4.6,"grid3id":"KG_5188B2288C","territoire":"Kahemba"}},{"type":"Feature","geometry":{"type":"Point","coordinates":[19.02287,-7.352387]},"properties":{"province":"Kwango","zonesante":"Kahemba","airesante":"Kamayala","localite":"Yambo","localitetype":"Village","source_acronym":"OMS ISS","date":"2019","precision_":4.9,"grid3id":"KG_BA3AD93C52","territoire":"Kahemba"}},{"type":"Feature","geometry":{"type":"Point","coordinates":[19.310637,-7.34912]},"properties":{"province":"Kwango","zonesante":"Kahemba","airesante":"Tshifwameso","localite":"Tshifwameso","localitetype":"Village","source_acronym":"OMS ISS","date":"2019","precision_":5,"grid3id":"KG_EF9B8743F3","territoire":"Kahemba"}},{"type":"Feature","geometry":{"type":"Point","coordinates":[17.135907,-7.386082]},"properties":{"province":"Kwango","zonesante":"Tembo","airesante":"Swamasangu","localite":"Suamasangu","localitetype":"Village","source_acronym":"OMS ISS","date":"2019","precision_":3.1,"grid3id":"KG_1F20E4CEC3","territoire":"Kasongo-Lunda"}},{"type":"Feature","geometry":{"type":"Point","coordinates":[16.82322,-5.262922]},"properties":{"province":"Kwango","zonesante":"Boko","airesante":"Kasinsi","localite":"Kasinsi","localitetype":"Village","source_acronym":"OMS ISS","date":"2019","precision_":9,"grid3id":"KG_05CE49AC90","territoire":"Kenge"}},{"type":"Feature","geometry":{"type":"Point","coordinates":[16.81759,-6.479555]},"properties":{"province":"Kwango","zonesante":"Kasongo Lunda","airesante":"Ntemo","localite":"Kabamba","localitetype":"Village","source_acronym":"OMS ISS","date":"2019","precision_":4.8,"grid3id":"KG_5BBB8BEBD5","territoire":"Kasongo-Lunda"}},{"type":"Feature","geometry":{"type":"Point","coordinates":[16.822827,-6.47693]},"properties":{"province":"Kwango","zonesante":"Kasongo Lunda","airesante":"Ntemo","localite":"Ntemo","localitetype":"Village","source_acronym":"OMS ISS","date":"2019","precision_":4.6,"grid3id":"KG_348EA43E80","territoire":"Kasongo-Lunda"}},{"type":"Feature","geometry":{"type":"Point","coordinates":[16.830213,-6.481552]},"properties":{"province":"Kwango","zonesante":"Kasongo Lunda","airesante":"Ntemo","localite":"Ntemo Matamba","localitetype":"Village","source_acronym":"OMS ISS","date":"2019","precision_":4.3,"grid3id":"KG_27ACD23C37","territoire":"Kasongo-Lunda"}},{"type":"Feature","geometry":{"type":"Point","coordinates":[17.0251,-6.48269]},"properties":{"province":"Kwango","zonesante":"Kasongo Lunda","airesante":"Muana Muyombo","localite":"M Muyombo","localitetype":"Village","source_acronym":"OMS ISS","date":"2019","precision_":4.9,"grid3id":"KG_3A6BA961DD","territoire":"Kasongo-Lunda"}},{"type":"Feature","geometry":{"type":"Point","coordinates":[16.8205,-6.474962]},"properties":{"province":"Kwango","zonesante":"Kasongo Lunda","airesante":"Ntemo","localite":"Sacre Coeur","localitetype":"Village","source_acronym":"OMS ISS","date":"2019","precision_":4.4,"grid3id":"KG_D68C3C929D","territoire":"Kasongo-Lunda"}},{"type":"Feature","geometry":{"type":"Point","coordinates":[19.02304,-7.352342]},"properties":{"province":"Kwango","zonesante":"Kahemba","airesante":"Kamayala","localite":"Cm Kamayala","localitetype":"Village","source_acronym":"OMS ISS","date":"2019","precision_":4.8,"grid3id":"KG_7706405A9E","territoire":"Kahemba"}},{"type":"Feature","geometry":{"type":"Point","coordinates":[18.94883,-7.24348]},"properties":{"province":"Kwango","zonesante":"Kahemba","airesante":"Shamusenga","localite":"Cm Shamusenga","localitetype":"Village","source_acronym":"OMS ISS","date":"2019","precision_":5,"grid3id":"KG_059700AE2C","territoire":"Kahemba"}},{"type":"Feature","geometry":{"type":"Point","coordinates":[16.815267,-6.480127]},"properties":{"province":"Kwango","zonesante":"Kasongo Lunda","airesante":"Nzakimwena","localite":"Kabamba","localitetype":"Village","source_acronym":"OMS ISS","date":"2019","precision_":4.8,"grid3id":"KG_68AC780BC8","territoire":"Kasongo-Lunda"}},{"type":"Feature","geometry":{"type":"Point","coordinates":[16.80903,-6.483587]},"properties":{"province":"Kwango","zonesante":"Kasongo Lunda","airesante":"Nzakimwena","localite":"Nzakimwena","localitetype":"Village","source_acronym":"OMS ISS","date":"2019","precision_":4.7,"grid3id":"KG_2238894ECD","territoire":"Kasongo-Lunda"}},{"type":"Feature","geometry":{"type":"Point","coordinates":[16.812503,-6.478785]},"properties":{"province":"Kwango","zonesante":"Kasongo Lunda","airesante":"Nzakimwena","localite":"Kasanga","localitetype":"Village","source_acronym":"OMS ISS","date":"2019","precision_":4.9,"grid3id":"KG_D0C505072E","territoire":"Kasongo-Lunda"}},{"type":"Feature","geometry":{"type":"Point","coordinates":[16.887403,-6.468502]},"properties":{"province":"Kwango","zonesante":"Kasongo Lunda","airesante":"Kikwati","localite":"Kikwati","localitetype":"Village","source_acronym":"OMS ISS","date":"2019","precision_":3.8,"grid3id":"KG_F2AD3979BA","territoire":"Kasongo-Lunda"}},{"type":"Feature","geometry":{"type":"Point","coordinates":[18.945487,-7.307878]},"properties":{"province":"Kwango","zonesante":"Kahemba","airesante":"Conseil Lutshima","localite":"Cm Lutondo","localitetype":"Village","source_acronym":"OMS ISS","date":"2019","precision_":5,"grid3id":"KG_5D50BB4A46","territoire":"Kahemba"}},{"type":"Feature","geometry":{"type":"Point","coordinates":[17.75114,-7.242427]},"properties":{"province":"Kwango","zonesante":"Panzi","airesante":"Kiama","localite":"Kataka","localitetype":"Village","source_acronym":"OMS ISS","date":"2019","precision_":4.2,"grid3id":"KG_99124FDB73","territoire":"Kasongo-Lunda"}},{"type":"Feature","geometry":{"type":"Point","coordinates":[16.799537,-6.510982]},"properties":{"province":"Kwango","zonesante":"Kasongo Lunda","airesante":"Munganda","localite":"Munganda","localitetype":"Village","source_acronym":"OMS ISS","date":"2019","precision_":4.4,"grid3id":"KG_3922349188","territoire":"Kasongo-Lunda"}},{"type":"Feature","geometry":{"type":"Point","coordinates":[16.776764,-5.291631]},"properties":{"province":"Kwango","zonesante":"Boko","airesante":"Boko","localite":"Mission Protestante Boko","localitetype":"Village","source_acronym":"OMS ISS","date":"2019","precision_":24,"grid3id":"KG_F1B421DDD1","territoire":"Kenge"}},{"type":"Feature","geometry":{"type":"Point","coordinates":[17.08085,-4.551587]},"properties":{"province":"Kwango","zonesante":"Boko","airesante":"Tangombe","localite":"Tangombe","localitetype":"Village","source_acronym":"OMS ISS","date":"2019","precision_":33,"grid3id":"KG_2B9CFC6B36","territoire":"Kenge"}},{"type":"Feature","geometry":{"type":"Point","coordinates":[17.761107,-7.01947]},"properties":{"province":"Kwango","zonesante":"Panzi","airesante":"Mukanza","localite":"Kikwati","localitetype":"Village","source_acronym":"OMS ISS","date":"2019","precision_":4.7,"grid3id":"KG_61092EBB34","territoire":"Kasongo-Lunda"}},{"type":"Feature","geometry":{"type":"Point","coordinates":[17.70869,-7.219018]},"properties":{"province":"Kwango","zonesante":"Panzi","airesante":"Kiama","localite":"Kiama","localitetype":"Village","source_acronym":"OMS ISS","date":"2019","precision_":4.9,"grid3id":"KG_E44249230B","territoire":"Kasongo-Lunda"}},{"type":"Feature","geometry":{"type":"Point","coordinates":[16.807244,-6.463525]},"properties":{"province":"Kwango","zonesante":"Kasongo Lunda","airesante":"Nzakimwena","localite":"Mahonga","localitetype":"Village","source_acronym":"OMS ISS","date":"2019","precision_":5,"grid3id":"KG_59C525261C","territoire":"Kasongo-Lunda"}},{"type":"Feature","geometry":{"type":"Point","coordinates":[17.819193,-7.235477]},"properties":{"province":"Kwango","zonesante":"Panzi","airesante":"Kiama","localite":"Kiabakwau","localitetype":"Village","source_acronym":"OMS ISS","date":"2019","precision_":4.9,"grid3id":"KG_E8DB0792E1","territoire":"Kasongo-Lunda"}},{"type":"Feature","geometry":{"type":"Point","coordinates":[16.78961,-6.414507]},"properties":{"province":"Kwango","zonesante":"Kasongo Lunda","airesante":"Buka Lusengi","localite":"Buka Lusengi","localitetype":"Village","source_acronym":"OMS ISS","date":"2019","precision_":4.9,"grid3id":"KG_F65272E72B","territoire":"Kasongo-Lunda"}},{"type":"Feature","geometry":{"type":"Point","coordinates":[17.546107,-6.520883]},"properties":{"province":"Kwango","zonesante":"Panzi","airesante":"Buka Kalau","localite":"Tsakala Buka","localitetype":"Village","source_acronym":"OMS ISS","date":"2019","precision_":4.4,"grid3id":"KG_6EB86D9862","territoire":"Kasongo-Lunda"}},{"type":"Feature","geometry":{"type":"Point","coordinates":[17.586655,-6.676382]},"properties":{"province":"Kwango","zonesante":"Panzi","airesante":"Kibunda 1","localite":"Missions Pata","localitetype":"Village","source_acronym":"OMS ISS","date":"2019","precision_":4.6,"grid3id":"KG_0EDDA093D6","territoire":"Kasongo-Lunda"}},{"type":"Feature","geometry":{"type":"Point","coordinates":[19.252213,-6.901102]},"properties":{"province":"Kwango","zonesante":"Kahemba","airesante":"Bumba","localite":"Bumba","localitetype":"Village","source_acronym":"OMS ISS","date":"2019","precision_":4.8,"grid3id":"KG_F778938A7A","territoire":"Kahemba"}},{"type":"Feature","geometry":{"type":"Point","coordinates":[19.048928,-7.692018]},"properties":{"province":"Kwango","zonesante":"Kahemba","airesante":"Bindu","localite":"Bindu","localitetype":"Village","source_acronym":"OMS ISS","date":"2019","precision_":5,"grid3id":"KG_EEE9784C3C","territoire":"Kahemba"}},{"type":"Feature","geometry":{"type":"Point","coordinates":[18.962795,-7.835607]},"properties":{"province":"Kwango","zonesante":"Kahemba","airesante":"Kasasa","localite":"Kasasa","localitetype":"Village","source_acronym":"OMS ISS","date":"2019","precision_":4.6,"grid3id":"KG_A08C1D19BF","territoire":"Kahemba"}},{"type":"Feature","geometry":{"type":"Point","coordinates":[19.190528,-7.367273]},"properties":{"province":"Kwango","zonesante":"Kahemba","airesante":"Kabongo","localite":"Kabongo","localitetype":"Village","source_acronym":"OMS ISS","date":"2019","precision_":5,"grid3id":"KG_EE9293DBEB","territoire":"Kahemba"}},{"type":"Feature","geometry":{"type":"Point","coordinates":[19.133018,-7.073513]},"properties":{"province":"Kwango","zonesante":"Kahemba","airesante":"Kamba Nguya","localite":"Kambanguya","localitetype":"Village","source_acronym":"OMS ISS","date":"2019","precision_":4.9,"grid3id":"KG_D34DB89551","territoire":"Kahemba"}},{"type":"Feature","geometry":{"type":"Point","coordinates":[18.946758,-7.297722]},"properties":{"province":"Kwango","zonesante":"Kahemba","localite":"St Augustin","localitetype":"Village","source_acronym":"OMS ISS","date":"2019","precision_":5,"grid3id":"KG_2B58B16B64","territoire":"Kahemba"}},{"type":"Feature","geometry":{"type":"Point","coordinates":[16.812548,-6.478935]},"properties":{"province":"Kwango","zonesante":"Kasongo Lunda","airesante":"Nzakimwena","localite":"Hgr Kasongo Lunda","localitetype":"Village","source_acronym":"OMS ISS","date":"2019","precision_":5,"grid3id":"KG_7214ADD43D","territoire":"Kasongo-Lunda"}},{"type":"Feature","geometry":{"type":"Point","coordinates":[19.064008,-7.541448]},"properties":{"province":"Kwango","zonesante":"Kahemba","airesante":"Napasa","localite":"Napasa","localitetype":"Village","source_acronym":"OMS ISS","date":"2019","precision_":4.9,"grid3id":"KG_69D876707B","territoire":"Kahemba"}},{"type":"Feature","geometry":{"type":"Point","coordinates":[17.893688,-7.188308]},"properties":{"province":"Kwango","zonesante":"Panzi","airesante":"Tsakala Panzi","localite":"Tshakala Panzi","localitetype":"Village","source_acronym":"OMS ISS","date":"2019","precision_":4.5,"grid3id":"KG_E76CF5DFA8","territoire":"Kasongo-Lunda"}},{"type":"Feature","geometry":{"type":"Point","coordinates":[16.913058,-6.353975]},"properties":{"province":"Kwango","zonesante":"Kasongo Lunda","airesante":"Muela Mbwandu","localite":"Mwela Mbwandu","localitetype":"Village","source_acronym":"OMS ISS","date":"2019","precision_":3.7,"grid3id":"KG_DEAE8A9DEE","territoire":"Kasongo-Lunda"}},{"type":"Feature","geometry":{"type":"Point","coordinates":[16.622013,-5.210086]},"properties":{"province":"Kwango","zonesante":"Boko","airesante":"Iniangi","localite":"Iniangi","localitetype":"Village","source_acronym":"OMS ISS","date":"2019","precision_":48,"grid3id":"KG_020E17533A","territoire":"Kenge"}},{"type":"Feature","geometry":{"type":"Point","coordinates":[16.523555,-5.115519]},"properties":{"province":"Kwango","zonesante":"Boko","airesante":"Muyalala","localite":"Malambu","localitetype":"Village","source_acronym":"OMS ISS","date":"2019","precision_":54,"grid3id":"KG_5DFE2B9F7D","territoire":"Kenge"}},{"type":"Feature","geometry":{"type":"Point","coordinates":[17.337718,-7.694062]},"properties":{"province":"Kwango","zonesante":"Tembo","airesante":"Kapita Suka","localite":"Kizamba","localitetype":"Village","source_acronym":"OMS ISS","date":"2019","precision_":5,"grid3id":"KG_2EC07BEA76","territoire":"Kasongo-Lunda"}},{"type":"Feature","geometry":{"type":"Point","coordinates":[17.335415,-7.690623]},"properties":{"province":"Kwango","zonesante":"Tembo","airesante":"Suka Mbundu","localite":"Kizamba","localitetype":"Village","source_acronym":"OMS ISS","date":"2019","precision_":4.7,"grid3id":"KG_E9844FA2E1","territoire":"Kasongo-Lunda"}},{"type":"Feature","geometry":{"type":"Point","coordinates":[17.332892,-7.678235]},"properties":{"province":"Kwango","zonesante":"Tembo","airesante":"Tembo Kuntwala","localite":"Boulevard Luzolo Num 23","localitetype":"Village","source_acronym":"OMS ISS","date":"2019","precision_":5,"grid3id":"KG_17F95A2663","territoire":"Kasongo-Lunda"}},{"type":"Feature","geometry":{"type":"Point","coordinates":[17.33574,-7.697618]},"properties":{"province":"Kwango","zonesante":"Tembo","airesante":"Kapita Suka","localite":"Paroisse Kimbangu","localitetype":"Village","source_acronym":"OMS ISS","date":"2019","precision_":5,"grid3id":"KG_06132B75B8","territoire":"Kasongo-Lunda"}},{"type":"Feature","geometry":{"type":"Point","coordinates":[17.332985,-7.682445]},"properties":{"province":"Kwango","zonesante":"Tembo","airesante":"Tembo Kuntwala","localite":"Kizamba 13 Bus","localitetype":"Village","source_acronym":"OMS ISS","date":"2019","precision_":5,"grid3id":"KG_97081150C7","territoire":"Kasongo-Lunda"}},{"type":"Feature","geometry":{"type":"Point","coordinates":[17.339527,-7.696698]},"properties":{"province":"Kwango","zonesante":"Tembo","airesante":"Kapita Suka","localite":"Kwango","localitetype":"Village","source_acronym":"OMS ISS","date":"2019","precision_":4.9,"grid3id":"KG_8F2202E3F2","territoire":"Kasongo-Lunda"}},{"type":"Feature","geometry":{"type":"Point","coordinates":[17.359857,-7.608043]},"properties":{"province":"Kwango","zonesante":"Tembo","airesante":"Nzasi Mwadi","localite":"Kibunda","localitetype":"Village","source_acronym":"OMS ISS","date":"2019","precision_":4.5,"grid3id":"KG_CF1DBB1E5D","territoire":"Kasongo-Lunda"}},{"type":"Feature","geometry":{"type":"Point","coordinates":[17.559217,-7.996227]},"properties":{"province":"Kwango","zonesante":"Tembo","airesante":"Mawangu","localite":"Kizamba","localitetype":"Village","source_acronym":"OMS ISS","date":"2019","precision_":4.6,"grid3id":"KG_9B04C3E0C3","territoire":"Kasongo-Lunda"}},{"type":"Feature","geometry":{"type":"Point","coordinates":[17.335782,-7.691823]},"properties":{"province":"Kwango","zonesante":"Tembo","airesante":"Suka Mbundu","localite":"Kiambamba","localitetype":"Village","source_acronym":"OMS ISS","date":"2019","precision_":4.5,"grid3id":"KG_049452C68D","territoire":"Kasongo-Lunda"}},{"type":"Feature","geometry":{"type":"Point","coordinates":[17.333175,-7.68714]},"properties":{"province":"Kwango","zonesante":"Tembo","airesante":"Suka Mbundu","localite":"Fatiga","localitetype":"Village","source_acronym":"OMS ISS","date":"2019","precision_":4.8,"grid3id":"KG_D46AFA957E","territoire":"Kasongo-Lunda"}},{"type":"Feature","geometry":{"type":"Point","coordinates":[17.430055,-7.508635]},"properties":{"province":"Kwango","zonesante":"Tembo","airesante":"Ngundu Mayala","localite":"Kimona","localitetype":"Village","source_acronym":"OMS ISS","date":"2019","precision_":4.7,"grid3id":"KG_AC9A8E009C","territoire":"Kasongo-Lunda"}},{"type":"Feature","geometry":{"type":"Point","coordinates":[17.459432,-7.401712]},"properties":{"province":"Kwango","zonesante":"Tembo","airesante":"Ngundu Mayala","localite":"Ngundu Mayala","localitetype":"Village","source_acronym":"OMS ISS","date":"2019","precision_":4.6,"grid3id":"KG_03C1E96324","territoire":"Kasongo-Lunda"}},{"type":"Feature","geometry":{"type":"Point","coordinates":[19.048068,-7.69167]},"properties":{"province":"Kwango","zonesante":"Kahemba","airesante":"Bindu","localite":"S Bindu","localitetype":"Village","source_acronym":"OMS ISS","date":"2019","precision_":4.9,"grid3id":"KG_C12B9AEAB7","territoire":"Kahemba"}},{"type":"Feature","geometry":{"type":"Point","coordinates":[17.651755,-6.796872]},"properties":{"province":"Kwango","zonesante":"Panzi","airesante":"Manzengele","localite":"Manzengele","localitetype":"Village","source_acronym":"OMS ISS","date":"2019","precision_":4.7,"grid3id":"KG_C965696951","territoire":"Kasongo-Lunda"}},{"type":"Feature","geometry":{"type":"Point","coordinates":[17.785825,-7.031963]},"properties":{"province":"Kwango","zonesante":"Panzi","airesante":"Mukanza","localite":"Mukanza","localitetype":"Village","source_acronym":"OMS ISS","date":"2019","precision_":4.2,"grid3id":"KG_9D9A13C233","territoire":"Kasongo-Lunda"}},{"type":"Feature","geometry":{"type":"Point","coordinates":[17.734823,-6.911568]},"properties":{"province":"Kwango","zonesante":"Panzi","airesante":"Tambu Tseke","localite":"Tambu Tseke","localitetype":"Village","source_acronym":"OMS ISS","date":"2019","precision_":4.6,"grid3id":"KG_1BFB2C8D35","territoire":"Kasongo-Lunda"}},{"type":"Feature","geometry":{"type":"Point","coordinates":[17.711278,-6.837398]},"properties":{"province":"Kwango","zonesante":"Panzi","airesante":"Nzamba","localite":"Nzamba","localitetype":"Village","source_acronym":"OMS ISS","date":"2019","precision_":4.1,"grid3id":"KG_B2405D14F6","territoire":"Kasongo-Lunda"}},{"type":"Feature","geometry":{"type":"Point","coordinates":[17.487758,-6.523793]},"properties":{"province":"Kwango","zonesante":"Panzi","airesante":"Buka Kalau","localite":"Bukakalau","localitetype":"Village","source_acronym":"OMS ISS","date":"2019","precision_":4.4,"grid3id":"KG_051B6C59B6","territoire":"Kasongo-Lunda"}},{"type":"Feature","geometry":{"type":"Point","coordinates":[17.62587,-6.756943]},"properties":{"province":"Kwango","zonesante":"Panzi","airesante":"Kilolo","localite":"Kilolo","localitetype":"Village","source_acronym":"OMS ISS","date":"2019","precision_":4.8,"grid3id":"KG_E599E44BB4","territoire":"Kasongo-Lunda"}},{"type":"Feature","geometry":{"type":"Point","coordinates":[17.607933,-6.702362]},"properties":{"province":"Kwango","zonesante":"Panzi","airesante":"Kibunda 1","localite":"Kibunda 1","localitetype":"Village","source_acronym":"OMS ISS","date":"2019","precision_":4.9,"grid3id":"KG_8808932EB7","territoire":"Kasongo-Lunda"}},{"type":"Feature","geometry":{"type":"Point","coordinates":[17.956482,-7.188753]},"properties":{"province":"Kwango","zonesante":"Panzi","airesante":"Panzi Makita","localite":"Panzi Makita","localitetype":"Village","source_acronym":"OMS ISS","date":"2019","precision_":4.6,"grid3id":"KG_D2DA7D11D9","territoire":"Kasongo-Lunda"}},{"type":"Feature","geometry":{"type":"Point","coordinates":[16.899903,-4.767665]},"properties":{"province":"Kwango","zonesante":"Boko","airesante":"Mbindanseke","localite":"Mbinda Tseke","localitetype":"Village","source_acronym":"OMS ISS","date":"2019","precision_":16,"grid3id":"KG_1903017DE6","territoire":"Kenge"}},{"type":"Feature","geometry":{"type":"Point","coordinates":[16.792149,-4.707269]},"properties":{"province":"Kwango","zonesante":"Boko","airesante":"Lonzo","localite":"Mission Lonzo","localitetype":"Village","source_acronym":"OMS ISS","date":"2019","precision_":26,"grid3id":"KG_CB5594F2FC","territoire":"Kenge"}},{"type":"Feature","geometry":{"type":"Point","coordinates":[16.744158,-4.680223]},"properties":{"province":"Kwango","zonesante":"Boko","airesante":"Bukanga Lonzo","localite":"Secteur Bukangalo Lonzo","localitetype":"Village","source_acronym":"OMS ISS","date":"2019","precision_":24,"grid3id":"KG_D2F76FCAC1","territoire":"Kenge"}},{"type":"Feature","geometry":{"type":"Point","coordinates":[18.278682,-7.371165]},"properties":{"province":"Kwango","zonesante":"Panzi","airesante":"Kingwangala","localite":"Kabemba","localitetype":"Village","source_acronym":"OMS ISS","date":"2019","precision_":4.8,"grid3id":"KG_541A24DB95","territoire":"Kasongo-Lunda"}},{"type":"Feature","geometry":{"type":"Point","coordinates":[16.855528,-6.549818]},"properties":{"province":"Kwango","zonesante":"Kasongo Lunda","airesante":"Kimbembo","localite":"Kimbembo","localitetype":"Village","source_acronym":"OMS ISS","date":"2019","precision_":5,"grid3id":"KG_92FB683E51","territoire":"Kasongo-Lunda"}},{"type":"Feature","geometry":{"type":"Point","coordinates":[16.959857,-6.558592]},"properties":{"province":"Kwango","zonesante":"Kasongo Lunda","airesante":"Kingunda","localite":"Kingunda","localitetype":"Village","source_acronym":"OMS ISS","date":"2019","precision_":4.9,"grid3id":"KG_DADC51D5C5","territoire":"Kasongo-Lunda"}},{"type":"Feature","geometry":{"type":"Point","coordinates":[18.27296,-7.497145]},"properties":{"province":"Kwango","zonesante":"Panzi","airesante":"Kambanzi","localite":"Mbetenge","localitetype":"Village","source_acronym":"OMS ISS","date":"2019","precision_":4.1,"grid3id":"KG_450D92F3EC","territoire":"Kasongo-Lunda"}},{"type":"Feature","geometry":{"type":"Point","coordinates":[16.772901,-4.850393]},"properties":{"province":"Kwango","zonesante":"Boko","airesante":"Mutombo","localite":"Mutombo","localitetype":"Village","source_acronym":"OMS ISS","date":"2019","precision_":21,"grid3id":"KG_64A9F492EA","territoire":"Kenge"}},{"type":"Feature","geometry":{"type":"Point","coordinates":[17.966172,-7.30822]},"properties":{"province":"Kwango","zonesante":"Panzi","airesante":"Mwini Ngulu","localite":"Mwiningulu","localitetype":"Village","source_acronym":"OMS ISS","date":"2019","precision_":4,"grid3id":"KG_9E95DCCF61","territoire":"Kasongo-Lunda"}},{"type":"Feature","geometry":{"type":"Point","coordinates":[18.082542,-7.234545]},"properties":{"province":"Kwango","zonesante":"Panzi","airesante":"Kawana","localite":"Mbanza Kipungu","localitetype":"Village","source_acronym":"OMS ISS","date":"2019","precision_":4.5,"grid3id":"KG_2CFD3EA519","territoire":"Kasongo-Lunda"}},{"type":"Feature","geometry":{"type":"Point","coordinates":[18.004538,-7.386363]},"properties":{"province":"Kwango","zonesante":"Panzi","airesante":"Kasandji","localite":"Kasandji","localitetype":"Village","source_acronym":"OMS ISS","date":"2019","precision_":4.2,"grid3id":"KG_A6DF6B0B9F","territoire":"Kasongo-Lunda"}},{"type":"Feature","geometry":{"type":"Point","coordinates":[18.061092,-7.045445]},"properties":{"province":"Kwango","zonesante":"Panzi","airesante":"Kawana","localite":"Shatshikwekwe","localitetype":"Village","source_acronym":"OMS ISS","date":"2019","precision_":4.1,"grid3id":"KG_544C198389","territoire":"Kasongo-Lunda"}},{"type":"Feature","geometry":{"type":"Point","coordinates":[16.52782,-4.66501]},"properties":{"province":"Kwango","zonesante":"Boko","airesante":"Pont Kwango","localite":"Pont Kwango","localitetype":"Village","source_acronym":"OMS ISS","date":"2019","precision_":12,"grid3id":"KG_8107D9FE78","territoire":"Kenge"}},{"type":"Feature","geometry":{"type":"Point","coordinates":[16.355252,-4.588708]},"properties":{"province":"Kwango","zonesante":"Boko","airesante":"Kabuba","localite":"Batshongo","localitetype":"Village","source_acronym":"OMS ISS","date":"2019","precision_":17,"grid3id":"KG_50670F7FB2","territoire":"Kenge"}},{"type":"Feature","geometry":{"type":"Point","coordinates":[16.439119,-4.656707]},"properties":{"province":"Kwango","zonesante":"Boko","airesante":"Kabuba","localite":"Kabuba","localitetype":"Village","source_acronym":"OMS ISS","date":"2019","precision_":23,"grid3id":"KG_C470C7E15F","territoire":"Kenge"}},{"type":"Feature","geometry":{"type":"Point","coordinates":[16.969675,-4.861594]},"properties":{"province":"Kwango","zonesante":"Boko","airesante":"Kenge 2","localite":"Kenge 2","localitetype":"Village","source_acronym":"OMS ISS","date":"2019","precision_":19,"grid3id":"KG_89A793372D","territoire":"Kenge"}},{"type":"Feature","geometry":{"type":"Point","coordinates":[16.528647,-4.658373]},"properties":{"province":"Kwango","zonesante":"Boko","airesante":"Pont Kwango","localite":"Kiwela","localitetype":"Village","source_acronym":"OMS ISS","date":"2019","precision_":23,"grid3id":"KG_AA3923B0F2","territoire":"Kenge"}},{"type":"Feature","geometry":{"type":"Point","coordinates":[16.529943,-4.659163]},"properties":{"province":"Kwango","zonesante":"Boko","airesante":"Pont Kwango","localite":"Quaŕtier Kiwela","localitetype":"Village","source_acronym":"OMS ISS","date":"2019","precision_":21,"grid3id":"KG_A7C0589A69","territoire":"Kenge"}},{"type":"Feature","geometry":{"type":"Point","coordinates":[16.785899,-4.704274]},"properties":{"province":"Kwango","zonesante":"Boko","airesante":"Lonzo","localite":"Lonzo","localitetype":"Village","source_acronym":"OMS ISS","date":"2019","precision_":14,"grid3id":"KG_47E245DBBE","territoire":"Kenge"}},{"type":"Feature","geometry":{"type":"Point","coordinates":[16.550242,-4.764282]},"properties":{"province":"Kwango","zonesante":"Boko","airesante":"Takundi","localite":"Takundi","localitetype":"Village","source_acronym":"OMS ISS","date":"2019","precision_":13,"grid3id":"KG_8A8E646364","territoire":"Kenge"}},{"type":"Feature","geometry":{"type":"Point","coordinates":[16.744273,-4.679976]},"properties":{"province":"Kwango","zonesante":"Boko","airesante":"Bukanga Lonzo","localite":"Bukanga Lonzo","localitetype":"Village","source_acronym":"OMS ISS","date":"2019","precision_":13,"grid3id":"KG_F0FBA5BD41","territoire":"Kenge"}},{"type":"Feature","geometry":{"type":"Point","coordinates":[16.781501,-4.960705]},"properties":{"province":"Kwango","zonesante":"Boko","airesante":"Tsakala Mbewu","localite":"Ipolongo","localitetype":"Village","source_acronym":"OMS ISS","date":"2019","precision_":6,"grid3id":"KG_4B62F4481A","territoire":"Kenge"}},{"type":"Feature","geometry":{"type":"Point","coordinates":[16.863809,-4.72838]},"properties":{"province":"Kwango","zonesante":"Boko","airesante":"Mbindanseke","localite":"Cercle","localitetype":"Village","source_acronym":"OMS ISS","date":"2019","precision_":18,"grid3id":"KG_D419FB8CC1","territoire":"Kenge"}},{"type":"Feature","geometry":{"type":"Point","coordinates":[16.799699,-5.011916]},"properties":{"province":"Kwango","zonesante":"Boko","airesante":"Tsakala Mbewu","localite":"Imuadi","localitetype":"Village","source_acronym":"OMS ISS","date":"2019","precision_":14,"grid3id":"KG_375CEBDE37","territoire":"Kenge"}},{"type":"Feature","geometry":{"type":"Point","coordinates":[16.772037,-4.889297]},"properties":{"province":"Kwango","zonesante":"Boko","airesante":"Mutombo","localite":"Luzau","localitetype":"Village","source_acronym":"OMS ISS","date":"2019","precision_":20,"grid3id":"KG_90481F6E71","territoire":"Kenge"}},{"type":"Feature","geometry":{"type":"Point","coordinates":[16.523721,-4.655768]},"properties":{"province":"Kwango","zonesante":"Boko","airesante":"Pont Kwango","localite":"Pont Kwango","localitetype":"Village","source_acronym":"OMS ISS","date":"2019","precision_":14,"grid3id":"KG_8DCD7A7EE3","territoire":"Kenge"}},{"type":"Feature","geometry":{"type":"Point","coordinates":[16.775257,-4.800567]},"properties":{"province":"Kwango","zonesante":"Boko","airesante":"Mutombo","localite":"Kabwanga","localitetype":"Village","source_acronym":"OMS ISS","date":"2019","precision_":16,"grid3id":"KG_99048065A7","territoire":"Kenge"}},{"type":"Feature","geometry":{"type":"Point","coordinates":[17.248495,-6.504319]},"properties":{"province":"Kwango","zonesante":"Wamba Lwadi","airesante":"Pelende","localite":"Pelende","localitetype":"Village","source_acronym":"OMS ISS","date":"2019","precision_":5,"grid3id":"KG_2D7F205E94","territoire":"Kasongo-Lunda"}},{"type":"Feature","geometry":{"type":"Point","coordinates":[17.408622,-6.596821]},"properties":{"province":"Kwango","zonesante":"Wamba Lwadi","airesante":"Kibinda","localite":"Makongo Yanda","localitetype":"Village","source_acronym":"OMS ISS","date":"2019","precision_":5,"grid3id":"KG_BA6FEA91DD","territoire":"Kasongo-Lunda"}},{"type":"Feature","geometry":{"type":"Point","coordinates":[17.400975,-6.565184]},"properties":{"province":"Kwango","zonesante":"Wamba Lwadi","airesante":"Mahanga","localite":"Nkakabatu","localitetype":"Village","source_acronym":"OMS ISS","date":"2019","precision_":5,"grid3id":"KG_274D899319","territoire":"Kasongo-Lunda"}},{"type":"Feature","geometry":{"type":"Point","coordinates":[17.306189,-6.264477]},"properties":{"province":"Kwango","zonesante":"Wamba Lwadi","airesante":"Manenga","localite":"Luwawa","localitetype":"Village","source_acronym":"OMS ISS","date":"2019","precision_":4,"grid3id":"KG_B371E842ED","territoire":"Kasongo-Lunda"}},{"type":"Feature","geometry":{"type":"Point","coordinates":[16.898083,-4.946806]},"properties":{"province":"Kwango","zonesante":"Boko","airesante":"Kitati","localite":"Kitati","localitetype":"Village","source_acronym":"OMS ISS","date":"2019","precision_":22,"grid3id":"KG_33BDA54471","territoire":"Kenge"}},{"type":"Feature","geometry":{"type":"Point","coordinates":[16.835814,-5.053887]},"properties":{"province":"Kwango","zonesante":"Boko","airesante":"Tsakala Mbewu","localite":"Tsakalambewa","localitetype":"Village","source_acronym":"OMS ISS","date":"2019","precision_":19,"grid3id":"KG_EF1193A348","territoire":"Kenge"}},{"type":"Feature","geometry":{"type":"Point","coordinates":[16.845539,-4.730626]},"properties":{"province":"Kwango","zonesante":"Boko","airesante":"Lonzo","localite":"Kindongolosi","localitetype":"Village","source_acronym":"OMS ISS","date":"2019","precision_":13,"grid3id":"KG_6EB962BBA7","territoire":"Kenge"}},{"type":"Feature","geometry":{"type":"Point","coordinates":[16.922679,-4.882011]},"properties":{"province":"Kwango","zonesante":"Boko","airesante":"Kitati","localite":"Kiseyedi","localitetype":"Village","source_acronym":"OMS ISS","date":"2019","precision_":11,"grid3id":"KG_EC75C9CE8D","territoire":"Kenge"}},{"type":"Feature","geometry":{"type":"Point","coordinates":[18.27689,-7.376978]},"properties":{"province":"Kwango","zonesante":"Panzi","airesante":"Kingwangala","localite":"Kingwangala","localitetype":"Village","source_acronym":"OMS ISS","date":"2019","precision_":4.7,"grid3id":"KG_5DE9B1204D","territoire":"Kasongo-Lunda"}},{"type":"Feature","geometry":{"type":"Point","coordinates":[18.280407,-7.478247]},"properties":{"province":"Kwango","zonesante":"Panzi","airesante":"Kambanzi","localite":"Kambanzi","localitetype":"Village","source_acronym":"OMS ISS","date":"2019","precision_":4.8,"grid3id":"KG_761245273C","territoire":"Kasongo-Lunda"}},{"type":"Feature","geometry":{"type":"Point","coordinates":[18.20466,-7.495782]},"properties":{"province":"Kwango","zonesante":"Panzi","airesante":"Kambundi","localite":"Kambundi","localitetype":"Village","source_acronym":"OMS ISS","date":"2019","precision_":4.5,"grid3id":"KG_0A93B38213","territoire":"Kasongo-Lunda"}},{"type":"Feature","geometry":{"type":"Point","coordinates":[18.369738,-6.906583]},"properties":{"province":"Kwango","zonesante":"Panzi","airesante":"Mazinda","localite":"Mazinda","localitetype":"Village","source_acronym":"OMS ISS","date":"2019","precision_":4,"grid3id":"KG_B9A2F52B7E","territoire":"Kasongo-Lunda"}},{"type":"Feature","geometry":{"type":"Point","coordinates":[18.957705,-7.286818]},"properties":{"province":"Kwango","zonesante":"Kahemba","airesante":"Muloshi","localite":"Nouveau Testament","localitetype":"Village","source_acronym":"OMS ISS","date":"2019","precision_":4.9,"grid3id":"KG_A9486F6E68","territoire":"Kahemba"}},{"type":"Feature","geometry":{"type":"Point","coordinates":[18.496343,-7.221618]},"properties":{"province":"Kwango","zonesante":"Panzi","airesante":"Shabenge","localite":"Shabenge","localitetype":"Village","source_acronym":"OMS ISS","date":"2019","precision_":3,"grid3id":"KG_681502F880","territoire":"Kasongo-Lunda"}},{"type":"Feature","geometry":{"type":"Point","coordinates":[18.108528,-7.111147]},"properties":{"province":"Kwango","zonesante":"Panzi","airesante":"Kawana","localite":"Kawana","localitetype":"Village","source_acronym":"OMS ISS","date":"2019","precision_":4.2,"grid3id":"KG_EF9AED51A3","territoire":"Kasongo-Lunda"}},{"type":"Feature","geometry":{"type":"Point","coordinates":[17.090382,-6.427855]},"properties":{"province":"Kwango","zonesante":"Kasongo Lunda","airesante":"Matamba Solo","localite":"Matamba Solo","localitetype":"Village","source_acronym":"OMS ISS","date":"2019","precision_":4.9,"grid3id":"KG_DFBA7D5070","territoire":"Kasongo-Lunda"}},{"type":"Feature","geometry":{"type":"Point","coordinates":[16.835765,-5.05376]},"properties":{"province":"Kwango","zonesante":"Boko","airesante":"Tsakala Mbewu","localite":"Tsakala Mbewa","localitetype":"Village","source_acronym":"OMS ISS","date":"2019","precision_":13,"grid3id":"KG_10E540B60E","territoire":"Kenge"}},{"type":"Feature","geometry":{"type":"Point","coordinates":[16.77667,-5.291853]},"properties":{"province":"Kwango","zonesante":"Boko","airesante":"Boko","localite":"Mission Boko","localitetype":"Village","source_acronym":"OMS ISS","date":"2019","precision_":14,"grid3id":"KG_96FCE973B2","territoire":"Kenge"}},{"type":"Feature","geometry":{"type":"Point","coordinates":[16.922146,-4.861845]},"properties":{"province":"Kwango","zonesante":"Boko","airesante":"Kenge 2","localite":"Kipindi Ngombi","localitetype":"Village","source_acronym":"OMS ISS","date":"2019","precision_":14,"grid3id":"KG_6D6880726B","territoire":"Kenge"}},{"type":"Feature","geometry":{"type":"Point","coordinates":[16.857082,-5.197074]},"properties":{"province":"Kwango","zonesante":"Boko","airesante":"Kasinsi","localite":"Pekalelo","localitetype":"Village","source_acronym":"OMS ISS","date":"2019","precision_":25,"grid3id":"KG_05A1BFA8A6","territoire":"Kenge"}},{"type":"Feature","geometry":{"type":"Point","coordinates":[19.04882,-7.691955]},"properties":{"province":"Kwango","zonesante":"Kahemba","airesante":"Bindu","localite":"Bumba","localitetype":"Village","source_acronym":"OMS ISS","date":"2019","precision_":5,"grid3id":"KG_F5D3521742","territoire":"Kahemba"}},{"type":"Feature","geometry":{"type":"Point","coordinates":[16.999965,-4.572373]},"properties":{"province":"Kwango","zonesante":"Boko","airesante":"Kasandji","localite":"Kasandji","localitetype":"Village","source_acronym":"OMS ISS","date":"2019","precision_":19,"grid3id":"KG_A8192F0795","territoire":"Kenge"}},{"type":"Feature","geometry":{"type":"Point","coordinates":[17.884745,-7.0604]},"properties":{"province":"Kwango","zonesante":"Panzi","airesante":"Tsakala Panzi","localite":"Bapindi","localitetype":"Village","source_acronym":"OMS ISS","date":"2019","precision_":4.9,"grid3id":"KG_F1E5CDCEE8","territoire":"Kasongo-Lunda"}},{"type":"Feature","geometry":{"type":"Point","coordinates":[18.232285,-7.600818]},"properties":{"province":"Kwango","zonesante":"Panzi","airesante":"Tshibalamba","localite":"Tshibalamba","localitetype":"Village","source_acronym":"OMS ISS","date":"2019","precision_":4.5,"grid3id":"KG_CA0511D0C9","territoire":"Kasongo-Lunda"}},{"type":"Feature","geometry":{"type":"Point","coordinates":[18.221285,-7.567032]},"properties":{"province":"Kwango","zonesante":"Panzi","airesante":"Mukalakata","localite":"Mukalakata","localitetype":"Village","source_acronym":"OMS ISS","date":"2019","precision_":4.5,"grid3id":"KG_0C478EDFA3","territoire":"Kasongo-Lunda"}},{"type":"Feature","geometry":{"type":"Point","coordinates":[16.866985,-4.409324]},"properties":{"province":"Kwango","zonesante":"Boko","airesante":"Bitadiluasa","localite":"Bitadi Luasa","localitetype":"Village","source_acronym":"OMS ISS","date":"2019","precision_":17,"grid3id":"KG_D6083F4E17","territoire":"Kenge"}},{"type":"Feature","geometry":{"type":"Point","coordinates":[16.879113,-4.507143]},"properties":{"province":"Kwango","zonesante":"Boko","airesante":"Kasandji","localite":"Tatso","localitetype":"Village","source_acronym":"OMS ISS","date":"2019","precision_":24,"grid3id":"KG_AC69784719","territoire":"Kenge"}},{"type":"Feature","geometry":{"type":"Point","coordinates":[17.051022,-4.567356]},"properties":{"province":"Kwango","zonesante":"Boko","airesante":"Tangombe","localite":"Tayana","localitetype":"Village","source_acronym":"OMS ISS","date":"2019","precision_":22,"grid3id":"KG_9956656F6B","territoire":"Kenge"}},{"type":"Feature","geometry":{"type":"Point","coordinates":[16.904532,-4.568109]},"properties":{"province":"Kwango","zonesante":"Boko","airesante":"Kasandji","localite":"Mulopuluaka","localitetype":"Village","source_acronym":"OMS ISS","date":"2019","precision_":46,"grid3id":"KG_11EE774010","territoire":"Kenge"}},{"type":"Feature","geometry":{"type":"Point","coordinates":[17.685713,-6.885008]},"properties":{"province":"Kwango","zonesante":"Panzi","airesante":"Tambu Tseke","localite":"Mulopo Tambu","localitetype":"Village","source_acronym":"OMS ISS","date":"2019","precision_":4.6,"grid3id":"KG_9369B1AE62","territoire":"Kasongo-Lunda"}},{"type":"Feature","geometry":{"type":"Point","coordinates":[17.646117,-6.970867]},"properties":{"province":"Kwango","zonesante":"Panzi","airesante":"Kabeya Mbamba","localite":"Kabeya Mbamba","localitetype":"Village","source_acronym":"OMS ISS","date":"2019","precision_":4.8,"grid3id":"KG_DE7B8BFD1B","territoire":"Kasongo-Lunda"}},{"type":"Feature","geometry":{"type":"Point","coordinates":[18.119815,-7.461548]},"properties":{"province":"Kwango","zonesante":"Panzi","airesante":"Kibunda 2","localite":"Kibunda 2","localitetype":"Village","source_acronym":"OMS ISS","date":"2019","precision_":3.8,"grid3id":"KG_EB06ADCF29","territoire":"Kasongo-Lunda"}},{"type":"Feature","geometry":{"type":"Point","coordinates":[16.596135,-5.414201]},"properties":{"province":"Kwango","zonesante":"Boko","airesante":"Inzioko","localite":"Inzioko","localitetype":"Village","source_acronym":"OMS ISS","date":"2019","precision_":20,"grid3id":"KG_AE83CC7DAD","territoire":"Kenge"}},{"type":"Feature","geometry":{"type":"Point","coordinates":[16.633274,-5.416888]},"properties":{"province":"Kwango","zonesante":"Boko","airesante":"Inzioko","localite":"Ikawu","localitetype":"Village","source_acronym":"OMS ISS","date":"2019","precision_":13,"grid3id":"KG_09F1E6116F","territoire":"Kenge"}},{"type":"Feature","geometry":{"type":"Point","coordinates":[16.799325,-5.377914]},"properties":{"province":"Kwango","zonesante":"Boko","airesante":"Boko","localite":"Boko Ikialala","localitetype":"Village","source_acronym":"OMS ISS","date":"2019","precision_":17,"grid3id":"KG_5F472EB013","territoire":"Kenge"}},{"type":"Feature","geometry":{"type":"Point","coordinates":[18.47661,-6.98786]},"properties":{"province":"Kwango","zonesante":"Kajiji","airesante":"Mudikalunga","localite":"Mudikalunga","localitetype":"Village","source_acronym":"OMS ISS","date":"2019","precision_":4.9,"grid3id":"KG_46DAF9F21C","territoire":"Kahemba"}},{"type":"Feature","geometry":{"type":"Point","coordinates":[18.082262,-7.427188]},"properties":{"province":"Kwango","zonesante":"Panzi","airesante":"Kambandambi","localite":"Kambandambi","localitetype":"Village","source_acronym":"OMS ISS","date":"2019","precision_":4.4,"grid3id":"KG_196CD613CA","territoire":"Kasongo-Lunda"}},{"type":"Feature","geometry":{"type":"Point","coordinates":[17.271781,-5.983695]},"properties":{"province":"Kwango","zonesante":"Wamba Lwadi","airesante":"Nzamba Fuangi","localite":"Mambambu","localitetype":"Village","source_acronym":"OMS ISS","date":"2019","precision_":3,"grid3id":"KG_3B6263D953","territoire":"Kasongo-Lunda"}},{"type":"Feature","geometry":{"type":"Point","coordinates":[17.390728,-6.027219]},"properties":{"province":"Kwango","zonesante":"Wamba Lwadi","airesante":"Buka Pongi","localite":"Lundi Kiema","localitetype":"Village","source_acronym":"OMS ISS","date":"2019","precision_":4,"grid3id":"KG_FE2596E0CA","territoire":"Kasongo-Lunda"}},{"type":"Feature","geometry":{"type":"Point","coordinates":[17.427126,-6.312623]},"properties":{"province":"Kwango","zonesante":"Wamba Lwadi","airesante":"Mawanga","localite":"Mawanga","localitetype":"Village","source_acronym":"OMS ISS","date":"2019","precision_":5,"grid3id":"KG_4D9FBDDD4F","territoire":"Kasongo-Lunda"}},{"type":"Feature","geometry":{"type":"Point","coordinates":[17.458703,-6.49375]},"properties":{"province":"Kwango","zonesante":"Wamba Lwadi","airesante":"Kapata","localite":"Kapata","localitetype":"Village","source_acronym":"OMS ISS","date":"2019","precision_":5,"grid3id":"KG_42DFFA3DA2","territoire":"Kasongo-Lunda"}},{"type":"Feature","geometry":{"type":"Point","coordinates":[17.259428,-6.58982]},"properties":{"province":"Kwango","zonesante":"Wamba Lwadi","airesante":"Mukumbi","localite":"Mukumbi","localitetype":"Village","source_acronym":"OMS ISS","date":"2019","precision_":5,"grid3id":"KG_A5256640A3","territoire":"Kasongo-Lunda"}},{"type":"Feature","geometry":{"type":"Point","coordinates":[17.275466,-6.634249]},"properties":{"province":"Kwango","zonesante":"Wamba Lwadi","airesante":"Kingulu","localite":"Kanimbu Muteba","localitetype":"Village","source_acronym":"OMS ISS","date":"2019","precision_":5,"grid3id":"KG_DD4879D01A","territoire":"Kasongo-Lunda"}},{"type":"Feature","geometry":{"type":"Point","coordinates":[17.325715,-6.594043]},"properties":{"province":"Kwango","zonesante":"Wamba Lwadi","airesante":"Kapanga","localite":"Kapanga","localitetype":"Village","source_acronym":"OMS ISS","date":"2019","precision_":5,"grid3id":"KG_47CBC4597E","territoire":"Kasongo-Lunda"}},{"type":"Feature","geometry":{"type":"Point","coordinates":[17.042235,-4.823742]},"properties":{"province":"Kwango","zonesante":"Kenge","airesante":"CBCO","localite":"Quaŕtier Yete","localitetype":"Village","source_acronym":"OMS ISS","date":"2019","precision_":5,"grid3id":"KG_DD4B8CD2D3","territoire":"Kenge"}},{"type":"Feature","geometry":{"type":"Point","coordinates":[18.970312,-7.288838]},"properties":{"province":"Kwango","zonesante":"Kahemba","airesante":"Perseverence","localite":"Kahemba","localitetype":"Village","source_acronym":"OMS ISS","date":"2019","precision_":4.9,"grid3id":"KG_490EFFED22","territoire":"Kahemba"}},{"type":"Feature","geometry":{"type":"Point","coordinates":[18.951757,-7.304365]},"properties":{"province":"Kwango","zonesante":"Kahemba","localite":"Bongwana","localitetype":"Village","source_acronym":"OMS ISS","date":"2019","precision_":5,"grid3id":"KG_3995953DB2","territoire":"Kahemba"}},{"type":"Feature","geometry":{"type":"Point","coordinates":[17.045337,-4.825963]},"properties":{"province":"Kwango","zonesante":"Kenge","airesante":"Saint Esprit","localite":"Quaŕtier Kapanga","localitetype":"Village","source_acronym":"OMS ISS","date":"2019","precision_":4,"grid3id":"KG_A27B702237","territoire":"Kenge"}},{"type":"Feature","geometry":{"type":"Point","coordinates":[17.03415,-4.801617]},"properties":{"province":"Kwango","zonesante":"Kenge","airesante":"Barriere","localite":"Quaŕtier Congo","localitetype":"Village","source_acronym":"OMS ISS","date":"2019","precision_":4.9,"grid3id":"KG_823778B989","territoire":"Kenge"}},{"type":"Feature","geometry":{"type":"Point","coordinates":[17.039953,-4.818558]},"properties":{"province":"Kwango","zonesante":"Kenge","airesante":"CBCO","localite":"Quaŕtier Masikita","localitetype":"Village","source_acronym":"OMS ISS","date":"2019","precision_":2.3,"grid3id":"KG_3C52A5F722","territoire":"Kenge"}},{"type":"Feature","geometry":{"type":"Point","coordinates":[17.328021,-6.639441]},"properties":{"province":"Kwango","zonesante":"Wamba Lwadi","airesante":"Kapanga","localite":"Kipuna","localitetype":"Village","source_acronym":"OMS ISS","date":"2019","precision_":5,"grid3id":"KG_49074BA7E2","territoire":"Kasongo-Lunda"}},{"type":"Feature","geometry":{"type":"Point","coordinates":[17.408535,-6.596752]},"properties":{"province":"Kwango","zonesante":"Wamba Lwadi","airesante":"Kibinda","localite":"Kibinda","localitetype":"Village","source_acronym":"OMS ISS","date":"2019","precision_":3,"grid3id":"KG_C75AFD9A6C","territoire":"Kasongo-Lunda"}},{"type":"Feature","geometry":{"type":"Point","coordinates":[17.379339,-6.529612]},"properties":{"province":"Kwango","zonesante":"Wamba Lwadi","airesante":"Mahanga","localite":"Mahanga","localitetype":"Village","source_acronym":"OMS ISS","date":"2019","precision_":5,"grid3id":"KG_13E7D6C56F","territoire":"Kasongo-Lunda"}},{"type":"Feature","geometry":{"type":"Point","coordinates":[17.264658,-6.13019]},"properties":{"province":"Kwango","zonesante":"Wamba Lwadi","airesante":"Kabaka Mbangi","localite":"Kabakambangi","localitetype":"Village","source_acronym":"OMS ISS","date":"2019","precision_":3,"grid3id":"KG_D51E5B3432","territoire":"Kasongo-Lunda"}},{"type":"Feature","geometry":{"type":"Point","coordinates":[17.2718,-5.983715]},"properties":{"province":"Kwango","zonesante":"Wamba Lwadi","airesante":"Nzamba Fuangi","localite":"Nzamba Fuangi","localitetype":"Village","source_acronym":"OMS ISS","date":"2019","precision_":5,"grid3id":"KG_1EF22D4753","territoire":"Kasongo-Lunda"}},{"type":"Feature","geometry":{"type":"Point","coordinates":[16.959302,-4.754838]},"properties":{"province":"Kwango","zonesante":"Kenge","airesante":"Pont Wamba","localite":"Wamba","localitetype":"Village","source_acronym":"OMS ISS","date":"2019","precision_":4.9,"grid3id":"KG_8F8C9BEBB4","territoire":"Kenge"}},{"type":"Feature","geometry":{"type":"Point","coordinates":[17.13513,-4.779738]},"properties":{"province":"Kwango","zonesante":"Kenge","airesante":"Kasombo","localite":"Kasombo","localitetype":"Village","source_acronym":"OMS ISS","date":"2019","precision_":5,"grid3id":"KG_59036DA015","territoire":"Kenge"}},{"type":"Feature","geometry":{"type":"Point","coordinates":[17.03396,-4.80183]},"properties":{"province":"Kwango","zonesante":"Kenge","airesante":"Barriere","localite":"Quaŕtier Barriere","localitetype":"Village","source_acronym":"OMS ISS","date":"2019","precision_":5,"grid3id":"KG_26074BD452","territoire":"Kenge"}},{"type":"Feature","geometry":{"type":"Point","coordinates":[17.045223,-4.825903]},"properties":{"province":"Kwango","zonesante":"Kenge","airesante":"Saint Esprit","localite":"Quaŕtier Yete","localitetype":"Village","source_acronym":"OMS ISS","date":"2019","precision_":4.6,"grid3id":"KG_97D5F81D83","territoire":"Kenge"}},{"type":"Feature","geometry":{"type":"Point","coordinates":[18.508213,-7.66484]},"properties":{"province":"Kwango","zonesante":"Kajiji","airesante":"Esengo","localite":"Esengo","localitetype":"Village","source_acronym":"OMS ISS","date":"2019","precision_":5,"grid3id":"KG_CD4F61D5FF","territoire":"Kahemba"}},{"type":"Feature","geometry":{"type":"Point","coordinates":[18.630107,-7.333345]},"properties":{"province":"Kwango","zonesante":"Kajiji","airesante":"Bwana Mutombo","localite":"Bwanamutombo","localitetype":"Village","source_acronym":"OMS ISS","date":"2019","precision_":5,"grid3id":"KG_D34DB14723","territoire":"Kahemba"}},{"type":"Feature","geometry":{"type":"Point","coordinates":[18.493292,-7.650252]},"properties":{"province":"Kwango","zonesante":"Kajiji","airesante":"Kajiji","localite":"Kajiji","localitetype":"Village","source_acronym":"OMS ISS","date":"2019","precision_":5,"grid3id":"KG_E38DAA90FC","territoire":"Kahemba"}},{"type":"Feature","geometry":{"type":"Point","coordinates":[18.420795,-7.56031]},"properties":{"province":"Kwango","zonesante":"Kajiji","airesante":"Kambangu","localite":"Kambangu","localitetype":"Village","source_acronym":"OMS ISS","date":"2019","precision_":4.9,"grid3id":"KG_7EF3448DF7","territoire":"Kahemba"}},{"type":"Feature","geometry":{"type":"Point","coordinates":[18.636352,-7.84878]},"properties":{"province":"Kwango","zonesante":"Kajiji","airesante":"Mutetami","localite":"Mutetami","localitetype":"Village","source_acronym":"OMS ISS","date":"2019","precision_":3.2,"grid3id":"KG_1F5D53172A","territoire":"Kahemba"}},{"type":"Feature","geometry":{"type":"Point","coordinates":[18.494058,-7.649293]},"properties":{"province":"Kwango","zonesante":"Kajiji","airesante":"Kajiji","localite":"Hgr","localitetype":"Village","source_acronym":"OMS ISS","date":"2019","precision_":5,"grid3id":"KG_396F53464A","territoire":"Kahemba"}},{"type":"Feature","geometry":{"type":"Point","coordinates":[18.724268,-7.468903]},"properties":{"province":"Kwango","zonesante":"Kajiji","airesante":"Tshitoyo","localite":"Shitoyo","localitetype":"Village","source_acronym":"OMS ISS","date":"2019","precision_":4.8,"grid3id":"KG_3D4E9649E1","territoire":"Kahemba"}},{"type":"Feature","geometry":{"type":"Point","coordinates":[18.860362,-7.43889]},"properties":{"province":"Kwango","zonesante":"Kajiji","airesante":"Mwakatende","localite":"Mufikidi","localitetype":"Village","source_acronym":"OMS ISS","date":"2019","precision_":4.3,"grid3id":"KG_F19A6CBF91","territoire":"Kahemba"}},{"type":"Feature","geometry":{"type":"Point","coordinates":[18.86551,-7.37231]},"properties":{"province":"Kwango","zonesante":"Kajiji","airesante":"Mwakatende","localite":"Muakatende","localitetype":"Village","source_acronym":"OMS ISS","date":"2019","precision_":4.8,"grid3id":"KG_5125603BD0","territoire":"Kahemba"}},{"type":"Feature","geometry":{"type":"Point","coordinates":[18.688968,-7.565198]},"properties":{"province":"Kwango","zonesante":"Kajiji","airesante":"Shakalongo","localite":"Shakalongo","localitetype":"Village","source_acronym":"OMS ISS","date":"2019","precision_":3.3,"grid3id":"KG_04A584BDCD","territoire":"Kahemba"}},{"type":"Feature","geometry":{"type":"Point","coordinates":[18.860425,-7.489068]},"properties":{"province":"Kwango","zonesante":"Kajiji","airesante":"Tshangata","localite":"Shikalaba","localitetype":"Village","source_acronym":"OMS ISS","date":"2019","precision_":5,"grid3id":"KG_C935E30BD0","territoire":"Kahemba"}},{"type":"Feature","geometry":{"type":"Point","coordinates":[18.819108,-7.4919]},"properties":{"province":"Kwango","zonesante":"Kajiji","airesante":"Tshangata","localite":"Tshiwalwa","localitetype":"Village","source_acronym":"OMS ISS","date":"2019","precision_":5,"grid3id":"KG_A6CF143C57","territoire":"Kahemba"}},{"type":"Feature","geometry":{"type":"Point","coordinates":[18.728983,-7.545488]},"properties":{"province":"Kwango","zonesante":"Kajiji","airesante":"Tshitoyo","localite":"Kayemba","localitetype":"Village","source_acronym":"OMS ISS","date":"2019","precision_":4.9,"grid3id":"KG_D4CCE94725","territoire":"Kahemba"}},{"type":"Feature","geometry":{"type":"Point","coordinates":[16.627613,-5.749228]},"properties":{"province":"Kwango","zonesante":"Popokabaka","airesante":"Ingasi","localite":"Ingasi","localitetype":"Village","source_acronym":"OMS ISS","date":"2019","precision_":2.5,"grid3id":"KG_7153CAE811","territoire":"Popokabaka"}},{"type":"Feature","geometry":{"type":"Point","coordinates":[18.421022,-7.56033]},"properties":{"province":"Kwango","zonesante":"Kajiji","airesante":"Kambangu","localite":"Kambangu","localitetype":"Village","source_acronym":"OMS ISS","date":"2019","precision_":4.8,"grid3id":"KG_AFA3A150A9","territoire":"Kahemba"}},{"type":"Feature","geometry":{"type":"Point","coordinates":[16.582935,-5.689324]},"properties":{"province":"Kwango","zonesante":"Popokabaka","airesante":"Cite Popokabaka 1","localite":"Quaŕtier 1","localitetype":"Village","source_acronym":"OMS ISS","date":"2019","precision_":5,"grid3id":"KG_C784519100","territoire":"Popokabaka"}},{"type":"Feature","geometry":{"type":"Point","coordinates":[18.508072,-7.664827]},"properties":{"province":"Kwango","zonesante":"Kajiji","airesante":"Esengo","localite":"Koulidji","localitetype":"Village","source_acronym":"OMS ISS","date":"2019","precision_":5,"grid3id":"KG_830FEF982F","territoire":"Kahemba"}},{"type":"Feature","geometry":{"type":"Point","coordinates":[18.493475,-7.65073]},"properties":{"province":"Kwango","zonesante":"Kajiji","airesante":"Kajiji","localite":"Kajiji","localitetype":"Village","source_acronym":"OMS ISS","date":"2019","precision_":5,"grid3id":"KG_82C03EB665","territoire":"Kahemba"}},{"type":"Feature","geometry":{"type":"Point","coordinates":[18.508307,-7.66466]},"properties":{"province":"Kwango","zonesante":"Kajiji","airesante":"Esengo","localite":"Kulidji","localitetype":"Village","source_acronym":"OMS ISS","date":"2019","precision_":5,"grid3id":"KG_8995CA173E","territoire":"Kahemba"}},{"type":"Feature","geometry":{"type":"Point","coordinates":[18.636323,-7.84893]},"properties":{"province":"Kwango","zonesante":"Kajiji","airesante":"Mutetami","localite":"Mutetami","localitetype":"Village","source_acronym":"OMS ISS","date":"2019","precision_":4.9,"grid3id":"KG_5116CAA003","territoire":"Kahemba"}},{"type":"Feature","geometry":{"type":"Point","coordinates":[16.574655,-5.709882]},"properties":{"province":"Kwango","zonesante":"Popokabaka","airesante":"Cite Popokabaka 2","localite":"Quaŕtier 6","localitetype":"Village","source_acronym":"OMS ISS","date":"2019","precision_":4.9,"grid3id":"KG_214EA4B87F","territoire":"Popokabaka"}},{"type":"Feature","geometry":{"type":"Point","coordinates":[17.441629,-5.538489]},"properties":{"province":"Kwango","zonesante":"Kimbao","airesante":"Kimbau","localite":"Kimbau","localitetype":"Village","source_acronym":"OMS ISS","date":"2019","precision_":11,"grid3id":"KG_77F1A105DF","territoire":"Kenge"}},{"type":"Feature","geometry":{"type":"Point","coordinates":[17.39419,-5.582465]},"properties":{"province":"Kwango","zonesante":"Kimbao","airesante":"Kimbau","localite":"Pala","localitetype":"Village","source_acronym":"OMS ISS","date":"2019","precision_":24,"grid3id":"KG_5AD79A6BE0","territoire":"Kenge"}},{"type":"Feature","geometry":{"type":"Point","coordinates":[17.461875,-5.509138]},"properties":{"province":"Kwango","zonesante":"Kimbao","airesante":"Kimbau","localite":"Mission Kimbau","localitetype":"Village","source_acronym":"OMS ISS","date":"2019","precision_":22,"grid3id":"KG_505C3A854D","territoire":"Kenge"}},{"type":"Feature","geometry":{"type":"Point","coordinates":[17.454838,-5.504287]},"properties":{"province":"Kwango","zonesante":"Kimbao","airesante":"Kimbau","localite":"Mpoto","localitetype":"Village","source_acronym":"OMS ISS","date":"2019","precision_":16,"grid3id":"KG_A34414B760","territoire":"Kenge"}},{"type":"Feature","geometry":{"type":"Point","coordinates":[17.370547,-5.286969]},"properties":{"province":"Kwango","zonesante":"Kimbao","airesante":"Mutoni Toy","localite":"Mutoni","localitetype":"Village","source_acronym":"OMS ISS","date":"2019","precision_":18,"grid3id":"KG_57923FB991","territoire":"Kenge"}},{"type":"Feature","geometry":{"type":"Point","coordinates":[17.371774,-5.087015]},"properties":{"province":"Kwango","zonesante":"Kimbao","airesante":"Kidima","localite":"Kidima","localitetype":"Village","source_acronym":"OMS ISS","date":"2019","precision_":19,"grid3id":"KG_61F8B2DF78","territoire":"Kenge"}},{"type":"Feature","geometry":{"type":"Point","coordinates":[17.435642,-5.461809]},"properties":{"province":"Kwango","zonesante":"Kimbao","airesante":"Kibengele","localite":"Kibengele","localitetype":"Village","source_acronym":"OMS ISS","date":"2019","precision_":24,"grid3id":"KG_B3673FB755","territoire":"Kenge"}},{"type":"Feature","geometry":{"type":"Point","coordinates":[17.233033,-5.471811]},"properties":{"province":"Kwango","zonesante":"Kimbao","airesante":"Kabuita","localite":"Kabwita","localitetype":"Village","source_acronym":"OMS ISS","date":"2019","precision_":14,"grid3id":"KG_287C698F9D","territoire":"Kenge"}},{"type":"Feature","geometry":{"type":"Point","coordinates":[17.462337,-5.114131]},"properties":{"province":"Kwango","zonesante":"Kimbao","airesante":"Kibwila","localite":"Kibwila","localitetype":"Village","source_acronym":"OMS ISS","date":"2019","precision_":19,"grid3id":"KG_BB49A8A1A9","territoire":"Kenge"}},{"type":"Feature","geometry":{"type":"Point","coordinates":[17.185735,-5.224263]},"properties":{"province":"Kwango","zonesante":"Kimbao","airesante":"Mukata","localite":"Mukata","localitetype":"Village","source_acronym":"OMS ISS","date":"2019","precision_":15,"grid3id":"KG_96A26E985D","territoire":"Kenge"}},{"type":"Feature","geometry":{"type":"Point","coordinates":[17.194193,-5.352515]},"properties":{"province":"Kwango","zonesante":"Kimbao","airesante":"Kiyenga","localite":"Kiyenga","localitetype":"Village","source_acronym":"OMS ISS","date":"2019","precision_":11,"grid3id":"KG_8EA83F91CD","territoire":"Kenge"}},{"type":"Feature","geometry":{"type":"Point","coordinates":[17.485167,-5.666232]},"properties":{"province":"Kwango","zonesante":"Kimbao","airesante":"Kiamfu Kinzadi","localite":"Kiamvu Kinzadi","localitetype":"Village","source_acronym":"OMS ISS","date":"2019","precision_":12,"grid3id":"KG_8FCDFAF89F","territoire":"Kenge"}},{"type":"Feature","geometry":{"type":"Point","coordinates":[17.345733,-5.658519]},"properties":{"province":"Kwango","zonesante":"Kimbao","airesante":"Kambundi Bobila","localite":"Kambundi Bodila","localitetype":"Village","source_acronym":"OMS ISS","date":"2019","precision_":13,"grid3id":"KG_5425C96285","territoire":"Kenge"}},{"type":"Feature","geometry":{"type":"Point","coordinates":[17.448222,-5.58932]},"properties":{"province":"Kwango","zonesante":"Kimbao","airesante":"Kiamfu Kinzadi","localite":"Mabakatsende","localitetype":"Village","source_acronym":"OMS ISS","date":"2019","precision_":14,"grid3id":"KG_612F42FC03","territoire":"Kenge"}},{"type":"Feature","geometry":{"type":"Point","coordinates":[17.427188,-5.676081]},"properties":{"province":"Kwango","zonesante":"Kimbao","airesante":"Kiamfu Kinzadi","localite":"Mungulu Tsakala","localitetype":"Village","source_acronym":"OMS ISS","date":"2019","precision_":11,"grid3id":"KG_9CCD17C27C","territoire":"Kenge"}},{"type":"Feature","geometry":{"type":"Point","coordinates":[17.055196,-5.170251]},"properties":{"province":"Kwango","zonesante":"Kimbao","airesante":"Mukutu","localite":"Mukutu","localitetype":"Village","source_acronym":"OMS ISS","date":"2019","precision_":12,"grid3id":"KG_BC654F082A","territoire":"Kenge"}},{"type":"Feature","geometry":{"type":"Point","coordinates":[17.0391,-5.30612]},"properties":{"province":"Kwango","zonesante":"Kimbao","airesante":"Kinzau Putu Kanda","localite":"Kinzau","localitetype":"Village","source_acronym":"OMS ISS","date":"2019","precision_":16,"grid3id":"KG_CE11DFCC90","territoire":"Kenge"}},{"type":"Feature","geometry":{"type":"Point","coordinates":[17.050194,-5.467949]},"properties":{"province":"Kwango","zonesante":"Kimbao","airesante":"Kipabu","localite":"Kipabu","localitetype":"Village","source_acronym":"OMS ISS","date":"2019","precision_":17,"grid3id":"KG_1E3D97744A","territoire":"Kenge"}},{"type":"Feature","geometry":{"type":"Point","coordinates":[17.126269,-5.390386]},"properties":{"province":"Kwango","zonesante":"Kimbao","airesante":"Kindi","localite":"Kindi","localitetype":"Village","source_acronym":"OMS ISS","date":"2019","precision_":28,"grid3id":"KG_8EEA706731","territoire":"Kenge"}},{"type":"Feature","geometry":{"type":"Point","coordinates":[17.129779,-5.459552]},"properties":{"province":"Kwango","zonesante":"Kimbao","airesante":"Kindi","localite":"Manzau","localitetype":"Village","source_acronym":"OMS ISS","date":"2019","precision_":12,"grid3id":"KG_241FB92E53","territoire":"Kenge"}},{"type":"Feature","geometry":{"type":"Point","coordinates":[17.306532,-5.880702]},"properties":{"province":"Kwango","zonesante":"Kimbao","airesante":"Lukuni Wamba","localite":"Tsakalamvidia","localitetype":"Village","source_acronym":"OMS ISS","date":"2019","precision_":31,"grid3id":"KG_32A4F5E806","territoire":"Kenge"}},{"type":"Feature","geometry":{"type":"Point","coordinates":[17.216521,-5.746049]},"properties":{"province":"Kwango","zonesante":"Kimbao","airesante":"Mukulutu","localite":"Bukama","localitetype":"Village","source_acronym":"OMS ISS","date":"2019","precision_":16,"grid3id":"KG_C5CDAC8E1B","territoire":"Kenge"}},{"type":"Feature","geometry":{"type":"Point","coordinates":[17.180979,-5.862826]},"properties":{"province":"Kwango","zonesante":"Kimbao","airesante":"Lukuni Wamba","localite":"Lukuni Wamba","localitetype":"Village","source_acronym":"OMS ISS","date":"2019","precision_":12,"grid3id":"KG_B87E1DB303","territoire":"Kenge"}},{"type":"Feature","geometry":{"type":"Point","coordinates":[17.202955,-5.620002]},"properties":{"province":"Kwango","zonesante":"Kimbao","airesante":"Mosamba","localite":"Mosamba","localitetype":"Village","source_acronym":"OMS ISS","date":"2019","precision_":11,"grid3id":"KG_A8A978E323","territoire":"Kenge"}},{"type":"Feature","geometry":{"type":"Point","coordinates":[16.984432,-5.259631]},"properties":{"province":"Kwango","zonesante":"Kimbao","airesante":"Kikongo","localite":"Kinkongo","localitetype":"Village","source_acronym":"OMS ISS","date":"2019","precision_":21,"grid3id":"KG_A39C16AAF6","territoire":"Kenge"}},{"type":"Feature","geometry":{"type":"Point","coordinates":[17.052572,-5.53556]},"properties":{"province":"Kwango","zonesante":"Kimbao","airesante":"Mabunda","localite":"Mabunda","localitetype":"Village","source_acronym":"OMS ISS","date":"2019","precision_":10,"grid3id":"KG_D1F36E9792","territoire":"Kenge"}},{"type":"Feature","geometry":{"type":"Point","coordinates":[17.102203,-5.530113]},"properties":{"province":"Kwango","zonesante":"Kimbao","airesante":"Mabunda","localite":"Mabunda","localitetype":"Village","source_acronym":"OMS ISS","date":"2019","precision_":14,"grid3id":"KG_E9A77E4E07","territoire":"Kenge"}},{"type":"Feature","geometry":{"type":"Point","coordinates":[17.02721,-4.840271]},"properties":{"province":"Kwango","zonesante":"Kenge","airesante":"CBCO","localite":"Quart 6 Aerodrome","localitetype":"Village","source_acronym":"OMS ISS","date":"2019","precision_":5,"grid3id":"KG_2F777AA43F","territoire":"Kenge"}},{"type":"Feature","geometry":{"type":"Point","coordinates":[18.629987,-7.333373]},"properties":{"province":"Kwango","zonesante":"Kajiji","airesante":"Bwana Mutombo","localite":"Buanamutombo","localitetype":"Village","source_acronym":"OMS ISS","date":"2019","precision_":4.5,"grid3id":"KG_C178DC3BF4","territoire":"Kahemba"}},{"type":"Feature","geometry":{"type":"Point","coordinates":[18.728928,-7.54543]},"properties":{"province":"Kwango","zonesante":"Kajiji","airesante":"Tshitoyo","localite":"Kayembe","localitetype":"Village","source_acronym":"OMS ISS","date":"2019","precision_":4.8,"grid3id":"KG_5F7F5B3AA3","territoire":"Kahemba"}},{"type":"Feature","geometry":{"type":"Point","coordinates":[18.860455,-7.439408]},"properties":{"province":"Kwango","zonesante":"Kajiji","airesante":"Mwakatende","localite":"Mufikidi","localitetype":"Village","source_acronym":"OMS ISS","date":"2019","precision_":5,"grid3id":"KG_D3C56411D9","territoire":"Kahemba"}},{"type":"Feature","geometry":{"type":"Point","coordinates":[18.723967,-7.468815]},"properties":{"province":"Kwango","zonesante":"Kajiji","airesante":"Tshitoyo","localite":"Tshitoyo","localitetype":"Village","source_acronym":"OMS ISS","date":"2019","precision_":5,"grid3id":"KG_55A587C198","territoire":"Kahemba"}},{"type":"Feature","geometry":{"type":"Point","coordinates":[18.860687,-7.489407]},"properties":{"province":"Kwango","zonesante":"Kajiji","airesante":"Tshangata","localite":"Tshikalaba","localitetype":"Village","source_acronym":"OMS ISS","date":"2019","precision_":4.9,"grid3id":"KG_CB33E19532","territoire":"Kahemba"}},{"type":"Feature","geometry":{"type":"Point","coordinates":[18.494842,-7.649637]},"properties":{"province":"Kwango","zonesante":"Kajiji","airesante":"Kajiji","localite":"Olga","localitetype":"Village","source_acronym":"OMS ISS","date":"2019","precision_":5,"grid3id":"KG_1D1DAE120F","territoire":"Kahemba"}},{"type":"Feature","geometry":{"type":"Point","coordinates":[17.227032,-4.7823]},"properties":{"province":"Kwango","zonesante":"Kenge","airesante":"Bangombe","localite":"Bangombe","localitetype":"Village","source_acronym":"OMS ISS","date":"2019","precision_":5,"grid3id":"KG_00C9D20994","territoire":"Kenge"}},{"type":"Feature","geometry":{"type":"Point","coordinates":[17.31788,-4.771598]},"properties":{"province":"Kwango","zonesante":"Kenge","airesante":"Makiala","localite":"Makiala","localitetype":"Village","source_acronym":"OMS ISS","date":"2019","precision_":4.8,"grid3id":"KG_4D940098D2","territoire":"Kenge"}},{"type":"Feature","geometry":{"type":"Point","coordinates":[17.365887,-4.765023]},"properties":{"province":"Kwango","zonesante":"Kenge","airesante":"Makiala","localite":"Katoy","localitetype":"Village","source_acronym":"OMS ISS","date":"2019","precision_":4.8,"grid3id":"KG_9ECB1C59D8","territoire":"Kenge"}},{"type":"Feature","geometry":{"type":"Point","coordinates":[17.039122,-4.819037]},"properties":{"province":"Kwango","zonesante":"Kenge","airesante":"CBCO","localite":"Quaŕtier Musikete","localitetype":"Village","source_acronym":"OMS ISS","date":"2019","precision_":4,"grid3id":"KG_450EAA53D2","territoire":"Kenge"}},{"type":"Feature","geometry":{"type":"Point","coordinates":[17.157267,-4.766387]},"properties":{"province":"Kwango","zonesante":"Kenge","airesante":"Kasombo","localite":"Kasau Nseke","localitetype":"Village","source_acronym":"OMS ISS","date":"2019","precision_":4.6,"grid3id":"KG_ACD01BF108","territoire":"Kenge"}},{"type":"Feature","geometry":{"type":"Point","coordinates":[17.064123,-4.642443]},"properties":{"province":"Kwango","zonesante":"Kenge","airesante":"Pont Wamba","localite":"Kitongi","localitetype":"Village","source_acronym":"OMS ISS","date":"2019","precision_":4,"grid3id":"KG_50EEEB96EE","territoire":"Kenge"}},{"type":"Feature","geometry":{"type":"Point","coordinates":[17.054556,-4.686565]},"properties":{"province":"Kwango","zonesante":"Kenge","airesante":"Pont Wamba","localite":"Faseba","localitetype":"Village","source_acronym":"OMS ISS","date":"2019","precision_":5,"grid3id":"KG_B39A0A6DB8","territoire":"Kenge"}},{"type":"Feature","geometry":{"type":"Point","coordinates":[18.858645,-7.563392]},"properties":{"province":"Kwango","zonesante":"Kajiji","airesante":"Tshangata","localite":"Tshiangata","localitetype":"Village","source_acronym":"OMS ISS","date":"2019","precision_":5,"grid3id":"KG_30F0E5107F","territoire":"Kahemba"}},{"type":"Feature","geometry":{"type":"Point","coordinates":[18.86532,-7.372283]},"properties":{"province":"Kwango","zonesante":"Kajiji","airesante":"Mwakatende","localite":"Mwakatende","localitetype":"Village","source_acronym":"OMS ISS","date":"2019","precision_":4.8,"grid3id":"KG_BD5445C3AF","territoire":"Kahemba"}},{"type":"Feature","geometry":{"type":"Point","coordinates":[18.818945,-7.49186]},"properties":{"province":"Kwango","zonesante":"Kajiji","airesante":"Tshangata","localite":"Shiwalwa","localitetype":"Village","source_acronym":"OMS ISS","date":"2019","precision_":5,"grid3id":"KG_CCED2A2756","territoire":"Kahemba"}},{"type":"Feature","geometry":{"type":"Point","coordinates":[17.045446,-4.825794]},"properties":{"province":"Kwango","zonesante":"Kenge","airesante":"Saint Esprit","localite":"Yete","localitetype":"Village","source_acronym":"OMS ISS","date":"2019","precision_":4.5509996,"grid3id":"KG_5036534A63","territoire":"Kenge"}},{"type":"Feature","geometry":{"type":"Point","coordinates":[17.040041,-4.818555]},"properties":{"province":"Kwango","zonesante":"Kenge","airesante":"CBCO","localite":"Masikita","localitetype":"Village","source_acronym":"OMS ISS","date":"2019","precision_":4.5509996,"grid3id":"KG_43ABD076F9","territoire":"Kenge"}},{"type":"Feature","geometry":{"type":"Point","coordinates":[17.042051,-4.823375]},"properties":{"province":"Kwango","zonesante":"Kenge","airesante":"CBCO","localite":"Iyete","localitetype":"Village","source_acronym":"OMS ISS","date":"2019","precision_":4.5509996,"grid3id":"KG_7D42DB4DBF","territoire":"Kenge"}},{"type":"Feature","geometry":{"type":"Point","coordinates":[16.5275,-4.664386]},"properties":{"province":"Kwango","zonesante":"Boko","airesante":"Pont Kwango","localite":"Kwango","localitetype":"Village","source_acronym":"OMS ISS","date":"2019","precision_":5,"grid3id":"KG_C322C8291E","territoire":"Kenge"}},{"type":"Feature","geometry":{"type":"Point","coordinates":[16.959879,-4.756234]},"properties":{"province":"Kwango","zonesante":"Kenge","airesante":"Pont Wamba","localite":"Pont Wamba","localitetype":"Village","source_acronym":"OMS ISS","date":"2019","precision_":5,"grid3id":"KG_6CC8F1FD18","territoire":"Kenge"}},{"type":"Feature","geometry":{"type":"Point","coordinates":[16.335992,-5.780352]},"properties":{"province":"Kwango","zonesante":"Popokabaka","airesante":"Ngasa","localite":"Kasitu Yalala","localitetype":"Village","source_acronym":"OMS ISS","date":"2019","precision_":5,"grid3id":"KG_D59A5C9CC7","territoire":"Popokabaka"}},{"type":"Feature","geometry":{"type":"Point","coordinates":[16.57468,-5.709843]},"properties":{"province":"Kwango","zonesante":"Popokabaka","airesante":"Cite Popokabaka 2","localite":"Cite Popo 1","localitetype":"Village","source_acronym":"OMS ISS","date":"2020","precision_":4.8,"grid3id":"KG_18CD1FF1B8","territoire":"Popokabaka"}},{"type":"Feature","geometry":{"type":"Point","coordinates":[16.355193,-4.588627]},"properties":{"province":"Kwango","zonesante":"Boko","airesante":"Kabuba","localite":"Batsiongo","localitetype":"Village","source_acronym":"OMS ISS","date":"2020","precision_":4.5,"grid3id":"KG_92FC7F7E83","territoire":"Kenge"}},{"type":"Feature","geometry":{"type":"Point","coordinates":[16.776625,-5.291573]},"properties":{"province":"Kwango","zonesante":"Boko","airesante":"Boko","localite":"Boko","localitetype":"Village","source_acronym":"OMS ISS","date":"2020","precision_":4.2,"grid3id":"KG_A478E82440","territoire":"Kenge"}},{"type":"Feature","geometry":{"type":"Point","coordinates":[17.370428,-5.286999]},"properties":{"province":"Kwango","zonesante":"Kimbao","airesante":"Mutoni Toy","localite":"Mutoni Toy","localitetype":"Village","source_acronym":"OMS ISS","date":"2020","precision_":3.216,"grid3id":"KG_BB5931097C","territoire":"Kenge"}},{"type":"Feature","geometry":{"type":"Point","coordinates":[17.039173,-5.306031]},"properties":{"province":"Kwango","zonesante":"Kimbao","airesante":"Kinzau Putu Kanda","localite":"Kinzau Putukanda","localitetype":"Village","source_acronym":"OMS ISS","date":"2020","precision_":4.288,"grid3id":"KG_9F5A85ABCF","territoire":"Kenge"}},{"type":"Feature","geometry":{"type":"Point","coordinates":[17.389333,-5.57914]},"properties":{"province":"Kwango","zonesante":"Kimbao","airesante":"Kimbau","localite":"Pala","localitetype":"Village","source_acronym":"OMS ISS","date":"2020","precision_":6.432,"grid3id":"KG_52A2819736","territoire":"Kenge"}},{"type":"Feature","geometry":{"type":"Point","coordinates":[17.34556,-5.658591]},"properties":{"province":"Kwango","zonesante":"Kimbao","airesante":"Kambundi Bobila","localite":"Kbodila","localitetype":"Village","source_acronym":"OMS ISS","date":"2020","precision_":9.648001,"grid3id":"KG_E779DFB281","territoire":"Kenge"}},{"type":"Feature","geometry":{"type":"Point","coordinates":[17.462511,-5.510311]},"properties":{"province":"Kwango","zonesante":"Kimbao","airesante":"Kimbau","localite":"Mission","localitetype":"Village","source_acronym":"OMS ISS","date":"2020","precision_":4.288,"grid3id":"KG_573AE1F559","territoire":"Kenge"}},{"type":"Feature","geometry":{"type":"Point","coordinates":[17.365744,-4.998505]},"properties":{"province":"Kwango","zonesante":"Kimbao","airesante":"Kidima","localite":"Kikianga","localitetype":"Village","source_acronym":"OMS ISS","date":"2020","precision_":5.36,"grid3id":"KG_8CB0F1E021","territoire":"Kenge"}},{"type":"Feature","geometry":{"type":"Point","coordinates":[17.379683,-5.219552]},"properties":{"province":"Kwango","zonesante":"Kimbao","airesante":"Mutoni Toy","localite":"Kaya","localitetype":"Village","source_acronym":"OMS ISS","date":"2020","precision_":4.288,"grid3id":"KG_AB78223A50","territoire":"Kenge"}},{"type":"Feature","geometry":{"type":"Point","coordinates":[17.320333,-5.543965]},"properties":{"province":"Kwango","zonesante":"Kimbao","airesante":"Kimbau","localite":"Mabilabila","localitetype":"Village","source_acronym":"OMS ISS","date":"2020","precision_":4.288,"grid3id":"KG_3BBEC25326","territoire":"Kenge"}},{"type":"Feature","geometry":{"type":"Point","coordinates":[16.583683,-5.69394]},"properties":{"province":"Kwango","zonesante":"Popokabaka","airesante":"Cite Popokabaka 1","localite":"Cite Popo","localitetype":"Village","source_acronym":"OMS ISS","date":"2020","precision_":4.8,"grid3id":"KG_833B9ED3FB","territoire":"Popokabaka"}},{"type":"Feature","geometry":{"type":"Point","coordinates":[16.689095,-5.826587]},"properties":{"province":"Kwango","zonesante":"Popokabaka","airesante":"Kabangu","localite":"Kabangu","localitetype":"Village","source_acronym":"OMS ISS","date":"2020","precision_":4.7,"grid3id":"KG_86AEFA58F5","territoire":"Popokabaka"}},{"type":"Feature","geometry":{"type":"Point","coordinates":[17.462315,-5.510338]},"properties":{"province":"Kwango","zonesante":"Kimbao","airesante":"Kimbau","localite":"Mission Catholique Kimbao","localitetype":"Village","source_acronym":"OMS ISS","date":"2020","precision_":78.256004,"grid3id":"KG_4FBE733B6A","territoire":"Kenge"}},{"type":"Feature","geometry":{"type":"Point","coordinates":[16.753665,-5.643212]},"properties":{"province":"Kwango","zonesante":"Popokabaka","airesante":"Kenge Muniungu","localite":"Kenge Muniungu","localitetype":"Village","source_acronym":"OMS ISS","date":"2020","precision_":5,"grid3id":"KG_D7556D0B72","territoire":"Kenge"}},{"type":"Feature","geometry":{"type":"Point","coordinates":[16.512598,-5.575638]},"properties":{"province":"Kwango","zonesante":"Popokabaka","airesante":"Lusanga","localite":"Lusanga","localitetype":"Village","source_acronym":"OMS ISS","date":"2020","precision_":5,"grid3id":"KG_1BE37FED9C","territoire":"Popokabaka"}},{"type":"Feature","geometry":{"type":"Point","coordinates":[17.368256,-5.287545]},"properties":{"province":"Kwango","zonesante":"Kimbao","airesante":"Mutoni Toy","localite":"Muto","localitetype":"Village","source_acronym":"OMS ISS","date":"2020","precision_":4.288,"grid3id":"KG_023A009680","territoire":"Kenge"}},{"type":"Feature","geometry":{"type":"Point","coordinates":[16.812393,-6.477545]},"properties":{"province":"Kwango","zonesante":"Kasongo Lunda","airesante":"Nzakimwena","localite":"Nzaki","localitetype":"Village","source_acronym":"OMS ISS","date":"2020","precision_":5,"grid3id":"KG_D353B9BA27","territoire":"Kasongo-Lunda"}},{"type":"Feature","geometry":{"type":"Point","coordinates":[16.574977,-5.710688]},"properties":{"province":"Kwango","zonesante":"Popokabaka","airesante":"Cite Popokabaka 2","localite":"Mission Quaŕtier 6","localitetype":"Village","source_acronym":"OMS ISS","date":"2020","precision_":4.3,"grid3id":"KG_B29E21BF00","territoire":"Popokabaka"}},{"type":"Feature","geometry":{"type":"Point","coordinates":[16.583602,-5.694108]},"properties":{"province":"Kwango","zonesante":"Popokabaka","airesante":"Cite Popokabaka 1","localite":"Cite Popo 1 Quaŕtier 1","localitetype":"Village","source_acronym":"OMS ISS","date":"2020","precision_":4.9,"grid3id":"KG_A8FC6DCDCE","territoire":"Popokabaka"}},{"type":"Feature","geometry":{"type":"Point","coordinates":[17.559178,-7.996197]},"properties":{"province":"Kwango","zonesante":"Tembo","airesante":"Mawangu","localite":"Kibenga","localitetype":"Village","source_acronym":"OMS ISS","date":"2020","precision_":4.4,"grid3id":"KG_390C049DC1","territoire":"Kasongo-Lunda"}},{"type":"Feature","geometry":{"type":"Point","coordinates":[17.52189,-7.940462]},"properties":{"province":"Kwango","zonesante":"Tembo","airesante":"Mawangu","localite":"Kibenga","localitetype":"Village","source_acronym":"OMS ISS","date":"2020","precision_":4.9,"grid3id":"KG_1B93F7626A","territoire":"Kasongo-Lunda"}},{"type":"Feature","geometry":{"type":"Point","coordinates":[17.024703,-6.482888]},"properties":{"province":"Kwango","zonesante":"Kasongo Lunda","airesante":"Muana Muyombo","localite":"Mwana Muyombo","localitetype":"Village","source_acronym":"OMS ISS","date":"2020","precision_":4.8,"grid3id":"KG_4DAFB64707","territoire":"Kasongo-Lunda"}},{"type":"Feature","geometry":{"type":"Point","coordinates":[17.577562,-7.216842]},"properties":{"province":"Kwango","zonesante":"Tembo","airesante":"Kinkole","localite":"Kikomba","localitetype":"Village","source_acronym":"OMS ISS","date":"2020","precision_":5,"grid3id":"KG_86BB0993E7","territoire":"Kasongo-Lunda"}},{"type":"Feature","geometry":{"type":"Point","coordinates":[17.495172,-7.320155]},"properties":{"province":"Kwango","zonesante":"Tembo","airesante":"Kinkole","localite":"Mabaka","localitetype":"Village","source_acronym":"OMS ISS","date":"2020","precision_":4.7,"grid3id":"KG_95CC9E46DF","territoire":"Kasongo-Lunda"}},{"type":"Feature","geometry":{"type":"Point","coordinates":[17.333147,-7.682]},"properties":{"province":"Kwango","zonesante":"Tembo","airesante":"Tembo Kuntwala","localite":"Tembo Kuntuala","localitetype":"Village","source_acronym":"OMS ISS","date":"2020","precision_":4.9,"grid3id":"KG_D3BB531D40","territoire":"Kasongo-Lunda"}},{"type":"Feature","geometry":{"type":"Point","coordinates":[16.760952,-6.263093]},"properties":{"province":"Kwango","zonesante":"Kasongo Lunda","airesante":"Zhinabunkete","localite":"Zhinabukete","localitetype":"Village","source_acronym":"OMS ISS","date":"2020","precision_":4.4,"grid3id":"KG_C2BD212E0E","territoire":"Kasongo-Lunda"}},{"type":"Feature","geometry":{"type":"Point","coordinates":[16.743592,-6.205063]},"properties":{"province":"Kwango","zonesante":"Kasongo Lunda","airesante":"Mahuangi","localite":"Mahwangi","localitetype":"Village","source_acronym":"OMS ISS","date":"2020","precision_":4.9,"grid3id":"KG_9060D1C2BB","territoire":"Kasongo-Lunda"}},{"type":"Feature","geometry":{"type":"Point","coordinates":[18.958652,-7.301987]},"properties":{"province":"Kwango","zonesante":"Kahemba","airesante":"Tomisa","localite":"Sukisa","localitetype":"Village","source_acronym":"OMS ISS","date":"2020","precision_":4.6,"grid3id":"KG_4798927472","territoire":"Kahemba"}},{"type":"Feature","geometry":{"type":"Point","coordinates":[16.574515,-5.710215]},"properties":{"province":"Kwango","zonesante":"Popokabaka","airesante":"Cite Popokabaka 2","localite":"Mission Quaŕtier 5","localitetype":"Village","source_acronym":"OMS ISS","date":"2020","precision_":4.3,"grid3id":"KG_AC2EBF5285","territoire":"Popokabaka"}},{"type":"Feature","geometry":{"type":"Point","coordinates":[18.959232,-7.299687]},"properties":{"province":"Kwango","zonesante":"Kahemba","airesante":"Tomisa","localite":"Mobutu","localitetype":"Village","source_acronym":"OMS ISS","date":"2020","precision_":4.9,"grid3id":"KG_BDF48B728A","territoire":"Kahemba"}},{"type":"Feature","geometry":{"type":"Point","coordinates":[17.422045,-7.819012]},"properties":{"province":"Kwango","zonesante":"Tembo","airesante":"Ngombetumba","localite":"Kasanzi 1","localitetype":"Village","source_acronym":"OMS ISS","date":"2020","precision_":5,"grid3id":"KG_A7A5F3E325","territoire":"Kasongo-Lunda"}},{"type":"Feature","geometry":{"type":"Point","coordinates":[17.475518,-7.806158]},"properties":{"province":"Kwango","zonesante":"Tembo","airesante":"Ngombetumba","localite":"Kimuanzu Mbuengi","localitetype":"Village","source_acronym":"OMS ISS","date":"2020","precision_":4.9,"grid3id":"KG_206CD84A71","territoire":"Kasongo-Lunda"}},{"type":"Feature","geometry":{"type":"Point","coordinates":[17.436082,-7.759222]},"properties":{"province":"Kwango","zonesante":"Tembo","airesante":"Ngombetumba","localite":"Ngombe Ntumba","localitetype":"Village","source_acronym":"OMS ISS","date":"2020","precision_":4.3,"grid3id":"KG_39421D3902","territoire":"Kasongo-Lunda"}},{"type":"Feature","geometry":{"type":"Point","coordinates":[17.286962,-7.59635]},"properties":{"province":"Kwango","zonesante":"Tembo","airesante":"Nzasi Mwadi","localite":"Matsaku","localitetype":"Village","source_acronym":"OMS ISS","date":"2020","precision_":4.8,"grid3id":"KG_F377DD9E77","territoire":"Kasongo-Lunda"}},{"type":"Feature","geometry":{"type":"Point","coordinates":[17.250572,-7.523793]},"properties":{"province":"Kwango","zonesante":"Tembo","airesante":"Nzasi Mwadi","localite":"Kizenga","localitetype":"Village","source_acronym":"OMS ISS","date":"2020","precision_":4.8,"grid3id":"KG_8EAA543E65","territoire":"Kasongo-Lunda"}},{"type":"Feature","geometry":{"type":"Point","coordinates":[18.4932,-7.65095]},"properties":{"province":"Kwango","zonesante":"Kajiji","airesante":"Kajiji","localite":"Mission Kajiji","localitetype":"Village","source_acronym":"OMS ISS","date":"2020","precision_":4.8,"grid3id":"KG_6834CF3F35","territoire":"Kahemba"}},{"type":"Feature","geometry":{"type":"Point","coordinates":[16.628162,-5.83246]},"properties":{"province":"Kwango","zonesante":"Popokabaka","airesante":"Ingasi","localite":"Ilwanda","localitetype":"Village","source_acronym":"OMS ISS","date":"2020","precision_":5,"grid3id":"KG_797C6E8B9A","territoire":"Popokabaka"}},{"type":"Feature","geometry":{"type":"Point","coordinates":[16.592602,-5.767782]},"properties":{"province":"Kwango","zonesante":"Popokabaka","airesante":"Ingasi","localite":"Imbaluma","localitetype":"Village","source_acronym":"OMS ISS","date":"2020","precision_":4.9,"grid3id":"KG_1442DFBE7C","territoire":"Popokabaka"}},{"type":"Feature","geometry":{"type":"Point","coordinates":[16.799835,-6.51104]},"properties":{"province":"Kwango","zonesante":"Kasongo Lunda","airesante":"Munganda","localite":"Munganda","localitetype":"Village","source_acronym":"OMS ISS","date":"2020","precision_":5,"grid3id":"KG_BFC79CC2D0","territoire":"Kasongo-Lunda"}},{"type":"Feature","geometry":{"type":"Point","coordinates":[19.215,-6.387293]},"properties":{"province":"Kwango","zonesante":"Kisanji","airesante":"Ngoma","localite":"Ngoma","localitetype":"Village","source_acronym":"OMS ISS","date":"2020","precision_":4.288,"grid3id":"KG_B30F8B353A","territoire":"Feshi"}},{"type":"Feature","geometry":{"type":"Point","coordinates":[18.804846,-6.272052]},"properties":{"province":"Kwango","zonesante":"Kisanji","airesante":"Shamwana","localite":"Shamwana","localitetype":"Village","source_acronym":"OMS ISS","date":"2020","precision_":4.288,"grid3id":"KG_A60652C444","territoire":"Feshi"}},{"type":"Feature","geometry":{"type":"Point","coordinates":[19.312328,-6.17209]},"properties":{"province":"Kwango","zonesante":"Kisanji","airesante":"Kitanda","localite":"Kitanda","localitetype":"Village","source_acronym":"OMS ISS","date":"2020","precision_":4.288,"grid3id":"KG_1A2E7EF039","territoire":"Feshi"}},{"type":"Feature","geometry":{"type":"Point","coordinates":[19.22971,-6.566489]},"properties":{"province":"Kwango","zonesante":"Kisanji","airesante":"Mukundu","localite":"Mukundu","localitetype":"Village","source_acronym":"OMS ISS","date":"2020","precision_":3.216,"grid3id":"KG_6D19AA6EA4","territoire":"Feshi"}},{"type":"Feature","geometry":{"type":"Point","coordinates":[16.58364,-5.694103]},"properties":{"province":"Kwango","zonesante":"Popokabaka","airesante":"Cite Popokabaka 1","localite":"Cite Popo Quaŕtier 2","localitetype":"Village","source_acronym":"OMS ISS","date":"2020","precision_":4.8,"grid3id":"KG_D183A38AFB","territoire":"Popokabaka"}},{"type":"Feature","geometry":{"type":"Point","coordinates":[16.590353,-5.691057]},"properties":{"province":"Kwango","zonesante":"Popokabaka","airesante":"Cite Popokabaka 1","localite":"Quaŕtier 4","localitetype":"Village","source_acronym":"OMS ISS","date":"2020","precision_":4.9,"grid3id":"KG_4BB899ED49","territoire":"Popokabaka"}},{"type":"Feature","geometry":{"type":"Point","coordinates":[16.583313,-5.691645]},"properties":{"province":"Kwango","zonesante":"Popokabaka","airesante":"Cite Popokabaka 1","localite":"Quaŕtier 3","localitetype":"Village","source_acronym":"OMS ISS","date":"2020","precision_":4.9,"grid3id":"KG_AD0A74753F","territoire":"Popokabaka"}},{"type":"Feature","geometry":{"type":"Point","coordinates":[16.57381,-5.711]},"properties":{"province":"Kwango","zonesante":"Popokabaka","airesante":"Cite Popokabaka 2","localite":"Mission","localitetype":"Village","source_acronym":"OMS ISS","date":"2020","precision_":5,"grid3id":"KG_8BFF00098B","territoire":"Popokabaka"}},{"type":"Feature","geometry":{"type":"Point","coordinates":[16.578503,-5.71253]},"properties":{"province":"Kwango","zonesante":"Popokabaka","airesante":"Cite Popokabaka 2","localite":"Mission Quaŕtier Cite Verte","localitetype":"Campement","source_acronym":"OMS ISS","date":"2020","precision_":5,"grid3id":"KG_03D8669FBF","territoire":"Popokabaka"}},{"type":"Feature","geometry":{"type":"Point","coordinates":[16.58314,-5.689202]},"properties":{"province":"Kwango","zonesante":"Popokabaka","airesante":"Cite Popokabaka 1","localite":"Quarter 1 Cite Popo 1","localitetype":"Village","source_acronym":"OMS ISS","date":"2020","precision_":4.6,"grid3id":"KG_82EED61218","territoire":"Popokabaka"}},{"type":"Feature","geometry":{"type":"Point","coordinates":[16.574593,-5.710097]},"properties":{"province":"Kwango","zonesante":"Popokabaka","airesante":"Cite Popokabaka 2","localite":"Quarter Mission","localitetype":"Village","source_acronym":"OMS ISS","date":"2020","precision_":4.6,"grid3id":"KG_5444E4C0F2","territoire":"Popokabaka"}},{"type":"Feature","geometry":{"type":"Point","coordinates":[16.90068,-6.353753]},"properties":{"province":"Kwango","zonesante":"Kasongo Lunda","airesante":"Muela Mbwandu","localite":"Kikaku","localitetype":"Village","source_acronym":"OMS ISS","date":"2020","precision_":6.7,"grid3id":"KG_B2F8451384","territoire":"Kasongo-Lunda"}},{"type":"Feature","geometry":{"type":"Point","coordinates":[16.84891,-6.332702]},"properties":{"province":"Kwango","zonesante":"Kasongo Lunda","airesante":"Muela Mbwandu","localite":"Makinu","localitetype":"Village","source_acronym":"OMS ISS","date":"2020","precision_":4.9,"grid3id":"KG_E96194D7A8","territoire":"Kasongo-Lunda"}},{"type":"Feature","geometry":{"type":"Point","coordinates":[16.952238,-6.299967]},"properties":{"province":"Kwango","zonesante":"Kasongo Lunda","airesante":"Kishiama","localite":"Kishiama","localitetype":"Village","source_acronym":"OMS ISS","date":"2020","precision_":4.4,"grid3id":"KG_B810142031","territoire":"Kasongo-Lunda"}},{"type":"Feature","geometry":{"type":"Point","coordinates":[16.376517,-5.738948]},"properties":{"province":"Kwango","zonesante":"Popokabaka","airesante":"Tsakala Masala","localite":"Tsakala Masala","localitetype":"Village","source_acronym":"OMS ISS","date":"2020","precision_":5,"grid3id":"KG_D51E59219C","territoire":"Popokabaka"}},{"type":"Feature","geometry":{"type":"Point","coordinates":[16.268677,-5.726025]},"properties":{"province":"Kwango","zonesante":"Popokabaka","airesante":"Ngasa","localite":"Ngasa","localitetype":"Village","source_acronym":"OMS ISS","date":"2020","precision_":4.7,"grid3id":"KG_276CD7FECF","territoire":"Popokabaka"}},{"type":"Feature","geometry":{"type":"Point","coordinates":[17.334808,-6.904977]},"properties":{"province":"Kwango","zonesante":"Kitenda","airesante":"Mukundji","localite":"Mukundji","localitetype":"Village","source_acronym":"OMS ISS","date":"2020","precision_":5,"grid3id":"KG_6F3318EFC3","territoire":"Kasongo-Lunda"}},{"type":"Feature","geometry":{"type":"Point","coordinates":[17.459757,-6.817217]},"properties":{"province":"Kwango","zonesante":"Kitenda","airesante":"Kazembe","localite":"Kazembe","localitetype":"Village","source_acronym":"OMS ISS","date":"2020","precision_":5,"grid3id":"KG_58CB386103","territoire":"Kasongo-Lunda"}},{"type":"Feature","geometry":{"type":"Point","coordinates":[17.107618,-6.973782]},"properties":{"province":"Kwango","zonesante":"Kitenda","airesante":"Fwangongo","localite":"Fwangongo","localitetype":"Village","source_acronym":"OMS ISS","date":"2020","precision_":5,"grid3id":"KG_9ABBD0DD67","territoire":"Kasongo-Lunda"}},{"type":"Feature","geometry":{"type":"Point","coordinates":[17.220502,-6.963042]},"properties":{"province":"Kwango","zonesante":"Kitenda","airesante":"Mukondo","localite":"Mukondo","localitetype":"Village","source_acronym":"OMS ISS","date":"2020","precision_":4.7,"grid3id":"KG_CCD4C9921C","territoire":"Kasongo-Lunda"}},{"type":"Feature","geometry":{"type":"Point","coordinates":[17.247855,-6.752635]},"properties":{"province":"Kwango","zonesante":"Kitenda","airesante":"Bondo Pokoso","localite":"Bodo Pokoso","localitetype":"Village","source_acronym":"OMS ISS","date":"2020","precision_":5,"grid3id":"KG_EF74FB39B5","territoire":"Kasongo-Lunda"}},{"type":"Feature","geometry":{"type":"Point","coordinates":[17.313952,-6.82544]},"properties":{"province":"Kwango","zonesante":"Kitenda","airesante":"Bamba","localite":"Bamba","localitetype":"Village","source_acronym":"OMS ISS","date":"2020","precision_":5,"grid3id":"KG_8F6134B3C7","territoire":"Kasongo-Lunda"}},{"type":"Feature","geometry":{"type":"Point","coordinates":[17.463198,-6.789587]},"properties":{"province":"Kwango","zonesante":"Kitenda","airesante":"Kazembe","localite":"Mwana Musenga","localitetype":"Village","source_acronym":"OMS ISS","date":"2020","precision_":4.9,"grid3id":"KG_FAFFA507D4","territoire":"Kasongo-Lunda"}},{"type":"Feature","geometry":{"type":"Point","coordinates":[17.482502,-6.758505]},"properties":{"province":"Kwango","zonesante":"Kitenda","airesante":"Baringa","localite":"Baringa","localitetype":"Village","source_acronym":"OMS ISS","date":"2020","precision_":4.5,"grid3id":"KG_0E3A8B6BBE","territoire":"Kasongo-Lunda"}},{"type":"Feature","geometry":{"type":"Point","coordinates":[17.308885,-7.04073]},"properties":{"province":"Kwango","zonesante":"Kitenda","airesante":"Yenga Lusundji","localite":"Yenga","localitetype":"Village","source_acronym":"OMS ISS","date":"2020","precision_":4.4,"grid3id":"KG_9C46700C96","territoire":"Kasongo-Lunda"}},{"type":"Feature","geometry":{"type":"Point","coordinates":[17.214377,-6.455873]},"properties":{"province":"Kwango","zonesante":"Kasongo Lunda","airesante":"Madiadia","localite":"Madiadia","localitetype":"Village","source_acronym":"OMS ISS","date":"2020","precision_":4.1,"grid3id":"KG_92FBD4022B","territoire":"Kasongo-Lunda"}},{"type":"Feature","geometry":{"type":"Point","coordinates":[17.14502,-6.324647]},"properties":{"province":"Kwango","zonesante":"Kasongo Lunda","airesante":"Kifuka","localite":"Makesi","localitetype":"Village","source_acronym":"OMS ISS","date":"2020","precision_":4.3,"grid3id":"KG_80F3571D4B","territoire":"Kasongo-Lunda"}},{"type":"Feature","geometry":{"type":"Point","coordinates":[16.583478,-5.69159]},"properties":{"province":"Kwango","zonesante":"Popokabaka","airesante":"Cite Popokabaka 1","localite":"Quatier 3","localitetype":"Village","source_acronym":"OMS ISS","date":"2020","precision_":5,"grid3id":"KG_F8C07A9FF6","territoire":"Popokabaka"}},{"type":"Feature","geometry":{"type":"Point","coordinates":[18.954866,-7.303568]},"properties":{"province":"Kwango","zonesante":"Kahemba","localite":"Muloshi","localitetype":"Village","source_acronym":"OMS ISS","date":"2020","precision_":600,"grid3id":"KG_376ECE2BBF","territoire":"Kahemba"}},{"type":"Feature","geometry":{"type":"Point","coordinates":[16.585078,-5.692537]},"properties":{"province":"Kwango","zonesante":"Popokabaka","airesante":"Cite Popokabaka 1","localite":"Quaŕtier 2","localitetype":"Village","source_acronym":"OMS ISS","date":"2020","precision_":4.9,"grid3id":"KG_4DADEEC87C","territoire":"Popokabaka"}},{"type":"Feature","geometry":{"type":"Point","coordinates":[16.583907,-5.694097]},"properties":{"province":"Kwango","zonesante":"Popokabaka","airesante":"Cite Popokabaka 1","localite":"Cite Popo Quaŕtier 1","localitetype":"Village","source_acronym":"OMS ISS","date":"2020","precision_":4.9,"grid3id":"KG_65B8B5645C","territoire":"Popokabaka"}},{"type":"Feature","geometry":{"type":"Point","coordinates":[16.589962,-5.693098]},"properties":{"province":"Kwango","zonesante":"Popokabaka","airesante":"Cite Popokabaka 1","localite":"Cite Quaŕtier 4","localitetype":"Village","source_acronym":"OMS ISS","date":"2020","precision_":4.5,"grid3id":"KG_249E6A5240","territoire":"Popokabaka"}},{"type":"Feature","geometry":{"type":"Point","coordinates":[16.789637,-6.41499]},"properties":{"province":"Kwango","zonesante":"Kasongo Lunda","airesante":"Buka Lusengi","localite":"Centre De Sante Buka Lusengi","localitetype":"Village","source_acronym":"OMS ISS","date":"2020","precision_":4.9,"grid3id":"KG_BDB1B85798","territoire":"Kasongo-Lunda"}},{"type":"Feature","geometry":{"type":"Point","coordinates":[16.720317,-6.484842]},"properties":{"province":"Kwango","zonesante":"Kasongo Lunda","airesante":"Dibulu","localite":"Kikengila","localitetype":"Village","source_acronym":"OMS ISS","date":"2020","precision_":4.9,"grid3id":"KG_2BA2FE3E15"}},{"type":"Feature","geometry":{"type":"Point","coordinates":[16.830503,-6.48157]},"properties":{"province":"Kwango","zonesante":"Kasongo Lunda","airesante":"Ntemo","localite":"Matamba","localitetype":"Village","source_acronym":"OMS ISS","date":"2020","precision_":5,"grid3id":"KG_FFEBC14D57","territoire":"Kasongo-Lunda"}},{"type":"Feature","geometry":{"type":"Point","coordinates":[17.672123,-7.517373]},"properties":{"province":"Kwango","zonesante":"Tembo","airesante":"Talamatunga","localite":"Talamatunga","localitetype":"Village","source_acronym":"OMS ISS","date":"2020","precision_":4.7,"grid3id":"KG_6121ED7038","territoire":"Kasongo-Lunda"}},{"type":"Feature","geometry":{"type":"Point","coordinates":[17.727092,-7.449825]},"properties":{"province":"Kwango","zonesante":"Tembo","airesante":"Kisadi","localite":"Mbinga","localitetype":"Village","source_acronym":"OMS ISS","date":"2020","precision_":4.4,"grid3id":"KG_067A627163","territoire":"Kasongo-Lunda"}},{"type":"Feature","geometry":{"type":"Point","coordinates":[17.768375,-7.591562]},"properties":{"province":"Kwango","zonesante":"Tembo","airesante":"Yamfukilunga","localite":"Nzala Mbongo","localitetype":"Village","source_acronym":"OMS ISS","date":"2020","precision_":4.9,"grid3id":"KG_2060AF7382","territoire":"Kasongo-Lunda"}},{"type":"Feature","geometry":{"type":"Point","coordinates":[17.747927,-7.653637]},"properties":{"province":"Kwango","zonesante":"Tembo","airesante":"Yamfukilunga","localite":"Yamwu Kilunga","localitetype":"Village","source_acronym":"OMS ISS","date":"2020","precision_":3.2,"grid3id":"KG_FDA2C79A2B","territoire":"Kasongo-Lunda"}},{"type":"Feature","geometry":{"type":"Point","coordinates":[17.78948,-7.761978]},"properties":{"province":"Kwango","zonesante":"Tembo","airesante":"Suayamfu","localite":"Nouvelle","localitetype":"Village","source_acronym":"OMS ISS","date":"2020","precision_":5,"grid3id":"KG_B208C69ADC","territoire":"Kasongo-Lunda"}},{"type":"Feature","geometry":{"type":"Point","coordinates":[17.800155,-7.65911]},"properties":{"province":"Kwango","zonesante":"Tembo","airesante":"Yamfukilunga","localite":"Kadimbula","localitetype":"Village","source_acronym":"OMS ISS","date":"2020","precision_":4.1,"grid3id":"KG_2A100682FB","territoire":"Kasongo-Lunda"}},{"type":"Feature","geometry":{"type":"Point","coordinates":[17.602097,-7.453577]},"properties":{"province":"Kwango","zonesante":"Tembo","airesante":"Talamatunga","localite":"Mutuambala","localitetype":"Village","source_acronym":"OMS ISS","date":"2020","precision_":4.4,"grid3id":"KG_1F5698A9C5","territoire":"Kasongo-Lunda"}},{"type":"Feature","geometry":{"type":"Point","coordinates":[17.64192,-7.3897]},"properties":{"province":"Kwango","zonesante":"Tembo","airesante":"Kisadi","localite":"Kanga Muanza","localitetype":"Village","source_acronym":"OMS ISS","date":"2020","precision_":4,"grid3id":"KG_7BEC0FACCB","territoire":"Kasongo-Lunda"}},{"type":"Feature","geometry":{"type":"Point","coordinates":[17.54917,-7.558835]},"properties":{"province":"Kwango","zonesante":"Tembo","airesante":"Talamatunga","localite":"Nkokomamba","localitetype":"Village","source_acronym":"OMS ISS","date":"2020","precision_":4.9,"grid3id":"KG_66434245B5","territoire":"Kasongo-Lunda"}},{"type":"Feature","geometry":{"type":"Point","coordinates":[17.33736,-7.69692]},"properties":{"province":"Kwango","zonesante":"Tembo","airesante":"Kapita Suka","localite":"Kapita Suka","localitetype":"Village","source_acronym":"OMS ISS","date":"2020","precision_":4.4,"grid3id":"KG_98BF3B9DD6","territoire":"Kasongo-Lunda"}},{"type":"Feature","geometry":{"type":"Point","coordinates":[17.337802,-7.694082]},"properties":{"province":"Kwango","zonesante":"Tembo","airesante":"Kapita Suka","localite":"Luzolo","localitetype":"Village","source_acronym":"OMS ISS","date":"2020","precision_":5,"grid3id":"KG_BBD78A389C","territoire":"Kasongo-Lunda"}},{"type":"Feature","geometry":{"type":"Point","coordinates":[17.334217,-7.692123]},"properties":{"province":"Kwango","zonesante":"Tembo","airesante":"Suka Mbundu","localite":"Suka Mbundu","localitetype":"Village","source_acronym":"OMS ISS","date":"2020","precision_":4.6,"grid3id":"KG_53E883B952","territoire":"Kasongo-Lunda"}},{"type":"Feature","geometry":{"type":"Point","coordinates":[17.162303,-7.3979]},"properties":{"province":"Kwango","zonesante":"Tembo","airesante":"Swamasangu","localite":"Kayimbi","localitetype":"Village","source_acronym":"OMS ISS","date":"2020","precision_":4,"grid3id":"KG_B80CABEAD8","territoire":"Kasongo-Lunda"}},{"type":"Feature","geometry":{"type":"Point","coordinates":[17.133497,-7.391198]},"properties":{"province":"Kwango","zonesante":"Tembo","airesante":"Swamasangu","localite":"Kikofo","localitetype":"Village","source_acronym":"OMS ISS","date":"2020","precision_":5,"grid3id":"KG_446E288F24","territoire":"Kasongo-Lunda"}},{"type":"Feature","geometry":{"type":"Point","coordinates":[17.13596,-7.38628]},"properties":{"province":"Kwango","zonesante":"Tembo","airesante":"Swamasangu","localite":"Swamasangu","localitetype":"Village","source_acronym":"OMS ISS","date":"2020","precision_":5,"grid3id":"KG_CB384B2961","territoire":"Kasongo-Lunda"}},{"type":"Feature","geometry":{"type":"Point","coordinates":[17.219093,-7.35358]},"properties":{"province":"Kwango","zonesante":"Tembo","airesante":"Swamasangu","localite":"Katembo","localitetype":"Village","source_acronym":"OMS ISS","date":"2020","precision_":5,"grid3id":"KG_C76A3B1A42","territoire":"Kasongo-Lunda"}},{"type":"Feature","geometry":{"type":"Point","coordinates":[17.353448,-7.357437]},"properties":{"province":"Kwango","zonesante":"Tembo","airesante":"Ngundu Mayala","localite":"Kiluami","localitetype":"Village","source_acronym":"OMS ISS","date":"2020","precision_":4.4,"grid3id":"KG_F01A4F5319","territoire":"Kasongo-Lunda"}},{"type":"Feature","geometry":{"type":"Point","coordinates":[17.557252,-7.222893]},"properties":{"province":"Kwango","zonesante":"Tembo","airesante":"Kinkole","localite":"Kinkole","localitetype":"Village","source_acronym":"OMS ISS","date":"2020","precision_":4.4,"grid3id":"KG_E3B5743D22","territoire":"Kasongo-Lunda"}},{"type":"Feature","geometry":{"type":"Point","coordinates":[17.430148,-7.508637]},"properties":{"province":"Kwango","zonesante":"Tembo","airesante":"Ngundu Mayala","localite":"Kimona","localitetype":"Village","source_acronym":"OMS ISS","date":"2020","precision_":4.7,"grid3id":"KG_D0553ABBAF","territoire":"Kasongo-Lunda"}},{"type":"Feature","geometry":{"type":"Point","coordinates":[17.264593,-7.56974]},"properties":{"province":"Kwango","zonesante":"Tembo","airesante":"Nzasi Mwadi","localite":"Nzasi Muadi","localitetype":"Village","source_acronym":"OMS ISS","date":"2020","precision_":5,"grid3id":"KG_8DF66B52BE","territoire":"Kasongo-Lunda"}},{"type":"Feature","geometry":{"type":"Point","coordinates":[17.333055,-7.682303]},"properties":{"province":"Kwango","zonesante":"Tembo","airesante":"Tembo Kuntwala","localite":"Tembo","localitetype":"Village","source_acronym":"OMS ISS","date":"2020","precision_":4.9,"grid3id":"KG_F10B605C0E","territoire":"Kasongo-Lunda"}},{"type":"Feature","geometry":{"type":"Point","coordinates":[17.549137,-7.558797]},"properties":{"province":"Kwango","zonesante":"Tembo","airesante":"Talamatunga","localite":"Khoko Mamba","localitetype":"Village","source_acronym":"OMS ISS","date":"2020","precision_":4.7,"grid3id":"KG_1C748BA276","territoire":"Kasongo-Lunda"}},{"type":"Feature","geometry":{"type":"Point","coordinates":[17.672145,-7.517263]},"properties":{"province":"Kwango","zonesante":"Tembo","airesante":"Talamatunga","localite":"Tala Matunga","localitetype":"Village","source_acronym":"OMS ISS","date":"2020","precision_":4.8,"grid3id":"KG_780C070B86","territoire":"Kasongo-Lunda"}},{"type":"Feature","geometry":{"type":"Point","coordinates":[17.8337,-7.639065]},"properties":{"province":"Kwango","zonesante":"Tembo","airesante":"Suayamfu","localite":"Musinda","localitetype":"Village","source_acronym":"OMS ISS","date":"2020","precision_":5,"grid3id":"KG_B044B67D29","territoire":"Kasongo-Lunda"}},{"type":"Feature","geometry":{"type":"Point","coordinates":[17.872435,-7.601573]},"properties":{"province":"Kwango","zonesante":"Tembo","airesante":"Suayamfu","localite":"Kambamba","localitetype":"Village","source_acronym":"OMS ISS","date":"2020","precision_":4.6,"grid3id":"KG_A4D314360E","territoire":"Kasongo-Lunda"}},{"type":"Feature","geometry":{"type":"Point","coordinates":[17.920025,-7.588032]},"properties":{"province":"Kwango","zonesante":"Tembo","airesante":"Suayamfu","localite":"Swayamvu","localitetype":"Village","source_acronym":"OMS ISS","date":"2020","precision_":3.9,"grid3id":"KG_4344177763","territoire":"Kasongo-Lunda"}},{"type":"Feature","geometry":{"type":"Point","coordinates":[17.892123,-7.641735]},"properties":{"province":"Kwango","zonesante":"Tembo","airesante":"Suayamfu","localite":"Katsinda","localitetype":"Village","source_acronym":"OMS ISS","date":"2020","precision_":5,"grid3id":"KG_9C43194EAB","territoire":"Kasongo-Lunda"}},{"type":"Feature","geometry":{"type":"Point","coordinates":[17.904823,-7.740672]},"properties":{"province":"Kwango","zonesante":"Tembo","airesante":"Suayamfu","localite":"Lwembe","localitetype":"Village","source_acronym":"OMS ISS","date":"2020","precision_":4.6,"grid3id":"KG_FCD2B7C41E","territoire":"Kasongo-Lunda"}},{"type":"Feature","geometry":{"type":"Point","coordinates":[17.885762,-7.835603]},"properties":{"province":"Kwango","zonesante":"Tembo","airesante":"Suayamfu","localite":"Kahumbeshi","localitetype":"Village","source_acronym":"OMS ISS","date":"2020","precision_":4.9,"grid3id":"KG_61B19EBCF2","territoire":"Kasongo-Lunda"}},{"type":"Feature","geometry":{"type":"Point","coordinates":[17.87885,-7.87993]},"properties":{"province":"Kwango","zonesante":"Tembo","airesante":"Kahungula","localite":"Kambatambi","localitetype":"Village","source_acronym":"OMS ISS","date":"2020","precision_":5,"grid3id":"KG_4F24C32741","territoire":"Kasongo-Lunda"}},{"type":"Feature","geometry":{"type":"Point","coordinates":[17.817838,-8.01801]},"properties":{"province":"Kwango","zonesante":"Tembo","airesante":"Kahungula","localite":"Manzasi","localitetype":"Village","source_acronym":"OMS ISS","date":"2020","precision_":5,"grid3id":"KG_9F8AAD311A","territoire":"Kasongo-Lunda"}},{"type":"Feature","geometry":{"type":"Point","coordinates":[17.70835,-8.060982]},"properties":{"province":"Kwango","zonesante":"Tembo","airesante":"Kahungula","localite":"Kahungula","localitetype":"Village","source_acronym":"OMS ISS","date":"2020","precision_":4.8,"grid3id":"KG_F3AC4A092F","territoire":"Kasongo-Lunda"}},{"type":"Feature","geometry":{"type":"Point","coordinates":[17.558557,-8.066265]},"properties":{"province":"Kwango","zonesante":"Tembo","airesante":"Kahungula","localite":"Mangangi","localitetype":"Village","source_acronym":"OMS ISS","date":"2020","precision_":4.2,"grid3id":"KG_5395CBF10F","territoire":"Kasongo-Lunda"}},{"type":"Feature","geometry":{"type":"Point","coordinates":[17.559237,-7.995945]},"properties":{"province":"Kwango","zonesante":"Tembo","airesante":"Mawangu","localite":"Kizamba (Bakoko)","localitetype":"Village","source_acronym":"OMS ISS","date":"2020","precision_":4.7,"grid3id":"KG_D53CE5CB40","territoire":"Kasongo-Lunda"}},{"type":"Feature","geometry":{"type":"Point","coordinates":[19.081175,-6.512125]},"properties":{"province":"Kwango","zonesante":"Kisanji","airesante":"Kingonzi","localite":"Kingonji","localitetype":"Village","source_acronym":"OMS ISS","date":"2020","precision_":3.216,"grid3id":"KG_B90587473D","territoire":"Feshi"}},{"type":"Feature","geometry":{"type":"Point","coordinates":[19.021291,-6.805805]},"properties":{"province":"Kwango","zonesante":"Kisanji","airesante":"Pombo","localite":"Pombo","localitetype":"Village","source_acronym":"OMS ISS","date":"2020","precision_":4.288,"grid3id":"KG_2A9E8066CF","territoire":"Feshi"}},{"type":"Feature","geometry":{"type":"Point","coordinates":[18.776921,-6.55162]},"properties":{"province":"Kwango","zonesante":"Kisanji","airesante":"Kabanga Mukeu","localite":"Kabanga Mukeu","localitetype":"Village","source_acronym":"OMS ISS","date":"2020","precision_":3.216,"grid3id":"KG_190ADCE73E","territoire":"Feshi"}},{"type":"Feature","geometry":{"type":"Point","coordinates":[18.951483,-6.329381]},"properties":{"province":"Kwango","zonesante":"Kisanji","airesante":"Kisenda","localite":"Kisenda","localitetype":"Village","source_acronym":"OMS ISS","date":"2020","precision_":4.288,"grid3id":"KG_249A1A6561","territoire":"Feshi"}},{"type":"Feature","geometry":{"type":"Point","coordinates":[19.10689,-6.316711]},"properties":{"province":"Kwango","zonesante":"Kisanji","airesante":"Kambondo","localite":"Kambondo","localitetype":"Village","source_acronym":"OMS ISS","date":"2020","precision_":4.288,"grid3id":"KG_079CBE4554","territoire":"Feshi"}},{"type":"Feature","geometry":{"type":"Point","coordinates":[18.630684,-6.318197]},"properties":{"province":"Kwango","zonesante":"Kisanji","airesante":"Kimbulu","localite":"Kimbulu Mission","localitetype":"Village","source_acronym":"OMS ISS","date":"2020","precision_":4.288,"grid3id":"KG_451A526682","territoire":"Feshi"}},{"type":"Feature","geometry":{"type":"Point","coordinates":[16.710868,-6.093927]},"properties":{"province":"Kwango","zonesante":"Popokabaka","airesante":"Kiamfu Kinzadi","localite":"Kimfu Kinzardi","localitetype":"Village","source_acronym":"OMS ISS","date":"2020","precision_":5,"grid3id":"KG_F90E248C70","territoire":"Popokabaka"}},{"type":"Feature","geometry":{"type":"Point","coordinates":[16.66379,-5.97235]},"properties":{"province":"Kwango","zonesante":"Popokabaka","airesante":"Imwela","localite":"Imwela","localitetype":"Village","source_acronym":"OMS ISS","date":"2020","precision_":4.5,"grid3id":"KG_2DDE886426","territoire":"Popokabaka"}},{"type":"Feature","geometry":{"type":"Point","coordinates":[16.753923,-5.643268]},"properties":{"province":"Kwango","zonesante":"Popokabaka","airesante":"Kenge Muniungu","localite":"Kenge Munuingu","localitetype":"Village","source_acronym":"OMS ISS","date":"2020","precision_":5,"grid3id":"KG_B3016669F4","territoire":"Kenge"}},{"type":"Feature","geometry":{"type":"Point","coordinates":[16.590073,-5.693052]},"properties":{"province":"Kwango","zonesante":"Popokabaka","airesante":"Cite Popokabaka 1","localite":"Rq","localitetype":"Village","source_acronym":"OMS ISS","date":"2020","precision_":4.8,"grid3id":"KG_8DFB4972DE","territoire":"Popokabaka"}},{"type":"Feature","geometry":{"type":"Point","coordinates":[16.574562,-5.709775]},"properties":{"province":"Kwango","zonesante":"Popokabaka","airesante":"Cite Popokabaka 2","localite":"Popokabaka Mission","localitetype":"Village","source_acronym":"OMS ISS","date":"2020","precision_":5,"grid3id":"KG_D7037CAE60","territoire":"Popokabaka"}},{"type":"Feature","geometry":{"type":"Point","coordinates":[16.583553,-5.694015]},"properties":{"province":"Kwango","zonesante":"Popokabaka","airesante":"Cite Popokabaka 1","localite":"Popokabaka Cite","localitetype":"Village","source_acronym":"OMS ISS","date":"2020","precision_":2.5,"grid3id":"KG_DD8E9629D8","territoire":"Popokabaka"}},{"type":"Feature","geometry":{"type":"Point","coordinates":[16.589753,-5.69301]},"properties":{"province":"Kwango","zonesante":"Popokabaka","airesante":"Cite Popokabaka 1","localite":"Popo Cite 3","localitetype":"Village","source_acronym":"OMS ISS","date":"2020","precision_":3.4,"grid3id":"KG_9BBA9BAF33","territoire":"Popokabaka"}},{"type":"Feature","geometry":{"type":"Point","coordinates":[16.583185,-5.69151]},"properties":{"province":"Kwango","zonesante":"Popokabaka","airesante":"Cite Popokabaka 1","localite":"Popo Cite","localitetype":"Village","source_acronym":"OMS ISS","date":"2020","precision_":4.9,"grid3id":"KG_83BE05C021","territoire":"Popokabaka"}},{"type":"Feature","geometry":{"type":"Point","coordinates":[16.669767,-5.78513]},"properties":{"province":"Kwango","zonesante":"Popokabaka","airesante":"Kabangu","localite":"Ikialala","localitetype":"Village","source_acronym":"OMS ISS","date":"2020","precision_":3.3,"grid3id":"KG_470AEF2354","territoire":"Popokabaka"}},{"type":"Feature","geometry":{"type":"Point","coordinates":[17.134978,-5.8797]},"properties":{"province":"Kwango","zonesante":"Popokabaka","airesante":"Imbela","localite":"Imbella","localitetype":"Village","source_acronym":"OMS ISS","date":"2020","precision_":5,"grid3id":"KG_018C9CCE6F","territoire":"Popokabaka"}},{"type":"Feature","geometry":{"type":"Point","coordinates":[17.05368,-5.851792]},"properties":{"province":"Kwango","zonesante":"Popokabaka","airesante":"Imbela","localite":"Masina","localitetype":"Village","source_acronym":"OMS ISS","date":"2020","precision_":4.6,"grid3id":"KG_6E1A3E80A5","territoire":"Popokabaka"}},{"type":"Feature","geometry":{"type":"Point","coordinates":[16.848508,-5.804018]},"properties":{"province":"Kwango","zonesante":"Popokabaka","airesante":"Intenga","localite":"Intenga","localitetype":"Village","source_acronym":"OMS ISS","date":"2020","precision_":4.9,"grid3id":"KG_376AA1C368","territoire":"Popokabaka"}},{"type":"Feature","geometry":{"type":"Point","coordinates":[16.943935,-5.853523]},"properties":{"province":"Kwango","zonesante":"Popokabaka","airesante":"Mutsanga","localite":"Mutsanga","localitetype":"Village","source_acronym":"OMS ISS","date":"2020","precision_":4.7,"grid3id":"KG_8499F66A3F","territoire":"Popokabaka"}},{"type":"Feature","geometry":{"type":"Point","coordinates":[16.669097,-5.887857]},"properties":{"province":"Kwango","zonesante":"Popokabaka","airesante":"Kabangu","localite":"Iwana","localitetype":"Village","source_acronym":"OMS ISS","date":"2020","precision_":4.1,"grid3id":"KG_7669C71F3C","territoire":"Popokabaka"}},{"type":"Feature","geometry":{"type":"Point","coordinates":[16.58504,-5.692637]},"properties":{"province":"Kwango","zonesante":"Popokabaka","airesante":"Cite Popokabaka 1","localite":"Quaŕtier 1 Sport No 8","localitetype":"Avenue","source_acronym":"OMS ISS","date":"2020","precision_":5,"grid3id":"KG_88846AA502","territoire":"Popokabaka"}},{"type":"Feature","geometry":{"type":"Point","coordinates":[16.70502,-6.018535]},"properties":{"province":"Kwango","zonesante":"Popokabaka","airesante":"Imwela","localite":"Kavula","localitetype":"Village","source_acronym":"OMS ISS","date":"2020","precision_":2.5,"grid3id":"KG_DC441D5BAC","territoire":"Popokabaka"}},{"type":"Feature","geometry":{"type":"Point","coordinates":[16.634453,-5.663835]},"properties":{"province":"Kwango","zonesante":"Popokabaka","airesante":"Secteur Popo","localite":"Inkwati","localitetype":"Village","source_acronym":"OMS ISS","date":"2020","precision_":3.7,"grid3id":"KG_4A9A6F003D","territoire":"Popokabaka"}},{"type":"Feature","geometry":{"type":"Point","coordinates":[16.583005,-5.689245]},"properties":{"province":"Kwango","zonesante":"Popokabaka","airesante":"Cite Popokabaka 1","localite":"Qurtier 2","localitetype":"Village","source_acronym":"OMS ISS","date":"2020","precision_":4.2,"grid3id":"KG_BB0AA46DC3","territoire":"Popokabaka"}},{"type":"Feature","geometry":{"type":"Point","coordinates":[16.719772,-6.125173]},"properties":{"province":"Kwango","zonesante":"Popokabaka","airesante":"Kiamfu Kinzadi","localite":"Impesi","localitetype":"Village","source_acronym":"OMS ISS","date":"2020","precision_":4.2,"grid3id":"KG_3A8C19C0C1","territoire":"Kasongo-Lunda"}},{"type":"Feature","geometry":{"type":"Point","coordinates":[16.583637,-5.693973]},"properties":{"province":"Kwango","zonesante":"Popokabaka","airesante":"Cite Popokabaka 1","localite":"Cite Popokabaka Quaŕtier 1","localitetype":"Village","source_acronym":"OMS ISS","date":"2020","precision_":4.4,"grid3id":"KG_26DF35B1A3","territoire":"Popokabaka"}},{"type":"Feature","geometry":{"type":"Point","coordinates":[16.589897,-5.693018]},"properties":{"province":"Kwango","zonesante":"Popokabaka","airesante":"Cite Popokabaka 1","localite":"Popokabaka Cite Quaŕtier 4","localitetype":"Village","source_acronym":"OMS ISS","date":"2020","precision_":4.7,"grid3id":"KG_DC8597DBB5","territoire":"Popokabaka"}},{"type":"Feature","geometry":{"type":"Point","coordinates":[16.669045,-5.887843]},"properties":{"province":"Kwango","zonesante":"Popokabaka","airesante":"Kabangu","localite":"Imwela","localitetype":"Village","source_acronym":"OMS ISS","date":"2020","precision_":5,"grid3id":"KG_A71D2D1ACD","territoire":"Popokabaka"}},{"type":"Feature","geometry":{"type":"Point","coordinates":[16.577922,-5.70005]},"properties":{"province":"Kwango","zonesante":"Popokabaka","airesante":"Cite Popokabaka 2","localite":"Manguiers","localitetype":"Avenue","source_acronym":"OMS ISS","date":"2020","precision_":5,"grid3id":"KG_8E29FE8964","territoire":"Popokabaka"}},{"type":"Feature","geometry":{"type":"Point","coordinates":[16.589778,-5.693057]},"properties":{"province":"Kwango","zonesante":"Popokabaka","airesante":"Cite Popokabaka 1","localite":"Quaŕtier","localitetype":"Village","source_acronym":"OMS ISS","date":"2020","precision_":4.9,"grid3id":"KG_8ED860E60D","territoire":"Popokabaka"}},{"type":"Feature","geometry":{"type":"Point","coordinates":[16.571877,-5.694735]},"properties":{"province":"Kwango","zonesante":"Popokabaka","airesante":"Lusanga","localite":"Tsakala Ngowa","localitetype":"Village","source_acronym":"OMS ISS","date":"2020","precision_":4.7,"grid3id":"KG_78078A4D98","territoire":"Popokabaka"}},{"type":"Feature","geometry":{"type":"Point","coordinates":[16.711005,-6.094123]},"properties":{"province":"Kwango","zonesante":"Popokabaka","airesante":"Kiamfu Kinzadi","localite":"Kiq","localitetype":"Village","source_acronym":"OMS ISS","date":"2020","precision_":5,"grid3id":"KG_DB3985D171","territoire":"Popokabaka"}},{"type":"Feature","geometry":{"type":"Point","coordinates":[16.584895,-5.692627]},"properties":{"province":"Kwango","zonesante":"Popokabaka","airesante":"Cite Popokabaka 1","localite":"Quatier 1","localitetype":"Village","source_acronym":"OMS ISS","date":"2020","precision_":4.6,"grid3id":"KG_04DF507831","territoire":"Popokabaka"}},{"type":"Feature","geometry":{"type":"Point","coordinates":[16.483292,-5.341692]},"properties":{"province":"Kwango","zonesante":"Popokabaka","airesante":"Ipongi","localite":"Ipongi","localitetype":"Village","source_acronym":"OMS ISS","date":"2020","precision_":5,"grid3id":"KG_6ED7F35B00","territoire":"Popokabaka"}},{"type":"Feature","geometry":{"type":"Point","coordinates":[16.583607,-5.694108]},"properties":{"province":"Kwango","zonesante":"Popokabaka","airesante":"Cite Popokabaka 1","localite":"Cmspo","localitetype":"Village","source_acronym":"OMS ISS","date":"2020","precision_":4.7,"grid3id":"KG_85C021690D","territoire":"Popokabaka"}},{"type":"Feature","geometry":{"type":"Point","coordinates":[16.381938,-5.557408]},"properties":{"province":"Kwango","zonesante":"Popokabaka","airesante":"Kalala","localite":"Kalala","localitetype":"Village","source_acronym":"OMS ISS","date":"2020","precision_":4.9,"grid3id":"KG_582CD52AC8","territoire":"Popokabaka"}},{"type":"Feature","geometry":{"type":"Point","coordinates":[16.439195,-5.426393]},"properties":{"province":"Kwango","zonesante":"Popokabaka","airesante":"Mutombo Yamfu","localite":"Mutombo Yamfu","localitetype":"Village","source_acronym":"OMS ISS","date":"2020","precision_":4.1,"grid3id":"KG_124C87E57D","territoire":"Popokabaka"}},{"type":"Feature","geometry":{"type":"Point","coordinates":[16.461998,-5.214342]},"properties":{"province":"Kwango","zonesante":"Popokabaka","airesante":"Iyimbi Mbingila","localite":"Iyimbi","localitetype":"Village","source_acronym":"OMS ISS","date":"2020","precision_":3.7,"grid3id":"KG_0CD52372FC","territoire":"Popokabaka"}},{"type":"Feature","geometry":{"type":"Point","coordinates":[17.042226,-4.823644]},"properties":{"province":"Kwango","zonesante":"Kenge","airesante":"CBCO","localite":"Cbco","localitetype":"Village","source_acronym":"OMS ISS","date":"2020","precision_":4.685,"grid3id":"KG_BBFF96EBA8","territoire":"Kenge"}},{"type":"Feature","geometry":{"type":"Point","coordinates":[17.045362,-4.825902]},"properties":{"province":"Kwango","zonesante":"Kenge","airesante":"Saint Esprit","localite":"Kenge","localitetype":"Village","source_acronym":"OMS ISS","date":"2020","precision_":4.615,"grid3id":"KG_DEAC3BDF3E","territoire":"Kenge"}},{"type":"Feature","geometry":{"type":"Point","coordinates":[17.034115,-4.801672]},"properties":{"province":"Kwango","zonesante":"Kenge","airesante":"Barriere","localite":"Barriere","localitetype":"Village","source_acronym":"OMS ISS","date":"2020","precision_":4.496,"grid3id":"KG_3ABCE23A28","territoire":"Kenge"}},{"type":"Feature","geometry":{"type":"Point","coordinates":[17.332486,-7.689182]},"properties":{"province":"Kwango","zonesante":"Tembo","airesante":"Suka Mbundu","localite":"Tembo","localitetype":"Village","source_acronym":"OMS ISS","date":"2020","precision_":4.99,"grid3id":"KG_06A326340A","territoire":"Kasongo-Lunda"}},{"type":"Feature","geometry":{"type":"Point","coordinates":[16.765737,-5.535871]},"properties":{"province":"Kwango","zonesante":"Boko","airesante":"Duri Mpangi","localite":"Duri Pangi","localitetype":"Village","source_acronym":"OMS ISS","date":"2021","precision_":4.26,"grid3id":"KG_AB18ABB477","territoire":"Kenge"}},{"type":"Feature","geometry":{"type":"Point","coordinates":[16.633266,-5.41681]},"properties":{"province":"Kwango","zonesante":"Boko","airesante":"Inzioko","localite":"Ikao","localitetype":"Village","source_acronym":"OMS ISS","date":"2021","precision_":4.25,"grid3id":"KG_2980C3BAB9","territoire":"Kenge"}},{"type":"Feature","geometry":{"type":"Point","coordinates":[16.823486,-5.263036]},"properties":{"province":"Kwango","zonesante":"Boko","airesante":"Kasinsi","localite":"Mission Kasinsi","localitetype":"Village","source_acronym":"OMS ISS","date":"2021","precision_":4.98,"grid3id":"KG_D5A9DD8276","territoire":"Kenge"}},{"type":"Feature","geometry":{"type":"Point","coordinates":[16.799322,-5.377914]},"properties":{"province":"Kwango","zonesante":"Boko","airesante":"Boko","localite":"Ikialala","localitetype":"Village","source_acronym":"OMS ISS","date":"2021","precision_":4.55,"grid3id":"KG_F281DD35D4","territoire":"Kenge"}},{"type":"Feature","geometry":{"type":"Point","coordinates":[16.802326,-4.700721]},"properties":{"province":"Kwango","zonesante":"Boko","airesante":"Lonzo","localite":"Cite Lonzo","localitetype":"Village","source_acronym":"OMS ISS","date":"2021","precision_":4.985,"grid3id":"KG_1716B6B41B","territoire":"Kenge"}},{"type":"Feature","geometry":{"type":"Point","coordinates":[16.52662,-4.662339]},"properties":{"province":"Kwango","zonesante":"Boko","airesante":"Pont Kwango","localite":"Cite Pont Kwango","localitetype":"Village","source_acronym":"OMS ISS","date":"2021","precision_":4.927,"grid3id":"KG_0910AE82E9","territoire":"Kenge"}},{"type":"Feature","geometry":{"type":"Point","coordinates":[19.325993,-6.595005]},"properties":{"province":"Kwango","zonesante":"Kahemba","airesante":"Bangu","localite":"Tshibola","localitetype":"Village","source_acronym":"ESPK","date":"2023","precision_":4.3,"grid3id":"KG_64D31388B5","territoire":"Kahemba"}},{"type":"Feature","geometry":{"type":"Point","coordinates":[17.35129,-5.860979]},"properties":{"province":"Kwango","zonesante":"Mwela Lembwa","airesante":"Tsakala Kuku","localite":"Mwela Makelenge","localitetype":"Village","source_acronym":"ESPK","date":"2023","precision_":4.7,"grid3id":"KG_63480A093D","territoire":"Feshi"}},{"type":"Feature","geometry":{"type":"Point","coordinates":[17.238097,-4.576016]},"properties":{"province":"Kwango","zonesante":"Kenge","airesante":"Gabia","localite":"Swa Kasongo","localitetype":"Village","source_acronym":"ESPK","date":"2023","precision_":3.9,"grid3id":"KG_7B6DCB885A","territoire":"Kenge"}},{"type":"Feature","geometry":{"type":"Point","coordinates":[18.952953,-7.96725]},"properties":{"province":"Kwango","zonesante":"Kahemba","airesante":"Kasasa","localite":"Shamazam","localitetype":"Village","source_acronym":"ESPK","date":"2023","precision_":4,"grid3id":"KG_5D636BD632","territoire":"Kahemba"}},{"type":"Feature","geometry":{"type":"Point","coordinates":[17.979585,-7.922075]},"properties":{"province":"Kwango","zonesante":"Kajiji","airesante":"Shamatahu","localite":"Kapela","localitetype":"Village","source_acronym":"ESPK","date":"2023","precision_":4.7,"grid3id":"KG_0FA1A3BC77","territoire":"Kahemba"}},{"type":"Feature","geometry":{"type":"Point","coordinates":[17.955671,-7.940853]},"properties":{"province":"Kwango","zonesante":"Kajiji","airesante":"Shamatahu","localite":"Kahungula","localitetype":"Village","source_acronym":"ESPK","date":"2023","precision_":4.5,"grid3id":"KG_8CC370A913","territoire":"Kahemba"}},{"type":"Feature","geometry":{"type":"Point","coordinates":[18.019971,-7.895747]},"properties":{"province":"Kwango","zonesante":"Kajiji","airesante":"Shamatahu","localite":"Kapela","localitetype":"Village","source_acronym":"ESPK","date":"2023","precision_":4.1,"grid3id":"KG_CADEF055E5","territoire":"Kahemba"}},{"type":"Feature","geometry":{"type":"Point","coordinates":[17.955306,-7.942267]},"properties":{"province":"Kwango","zonesante":"Kajiji","airesante":"Shamatahu","localite":"Kahungula 2","localitetype":"Village","source_acronym":"ESPK","date":"2023","precision_":4.6,"grid3id":"KG_946A1F7B18","territoire":"Kahemba"}},{"type":"Feature","geometry":{"type":"Point","coordinates":[17.412144,-4.461977]},"properties":{"province":"Kwango","zonesante":"Kenge","airesante":"Kolokoso","localite":"Kolokoso","localitetype":"Village","source_acronym":"ESPK","date":"2023","precision_":4.6,"grid3id":"KG_CAEFDE9D71","territoire":"Kenge"}},{"type":"Feature","geometry":{"type":"Point","coordinates":[16.576625,-5.397298]},"properties":{"province":"Kwango","zonesante":"Boko","airesante":"Inzioko","localite":"Imbumi 2","localitetype":"Village","source_acronym":"ESPK","date":"2023","precision_":3.9,"grid3id":"KG_100297C60A","territoire":"Kenge"}},{"type":"Feature","geometry":{"type":"Point","coordinates":[16.571953,-5.398381]},"properties":{"province":"Kwango","zonesante":"Boko","airesante":"Inzioko","localite":"Imbumi 2","localitetype":"Village","source_acronym":"ESPK","date":"2023","precision_":5,"grid3id":"KG_ED5A4065B1","territoire":"Kenge"}},{"type":"Feature","geometry":{"type":"Point","coordinates":[16.893208,-4.769693]},"properties":{"province":"Kwango","zonesante":"Boko","airesante":"Mbindanseke","localite":"Ndjili","localitetype":"Village","source_acronym":"ESPK","date":"2023","precision_":4.7,"grid3id":"KG_1FC39395B8","territoire":"Kenge"}},{"type":"Feature","geometry":{"type":"Point","coordinates":[16.714947,-5.962652]},"properties":{"province":"Kwango","zonesante":"Popokabaka","airesante":"Imwela","localite":"Manianga","localitetype":"Village","source_acronym":"ESPK","date":"2023","precision_":4.3,"grid3id":"KG_DAEF22D0A4","territoire":"Popokabaka"}},{"type":"Feature","geometry":{"type":"Point","coordinates":[17.218039,-5.742584]},"properties":{"province":"Kwango","zonesante":"Kimbao","airesante":"Mukulutu","localite":"Ilombo","localitetype":"Village","source_acronym":"ESPK","date":"2023","precision_":4.6,"grid3id":"KG_335305BA01","territoire":"Kenge"}},{"type":"Feature","geometry":{"type":"Point","coordinates":[17.763823,-6.287888]},"properties":{"province":"Kwango","zonesante":"Mwela Lembwa","airesante":"Mwana Basila","localite":"Kifilu Sulu","localitetype":"Village","source_acronym":"ESPK","date":"2023","precision_":4.9,"grid3id":"KG_8FF24E0EBF","territoire":"Feshi"}},{"type":"Feature","geometry":{"type":"Point","coordinates":[16.922461,-6.486251]},"properties":{"province":"Kwango","zonesante":"Kasongo Lunda","airesante":"Kikwati","localite":"Lubanza 1","localitetype":"Village","source_acronym":"ESPK","date":"2023","precision_":4.7,"grid3id":"KG_3E16BC7BAC","territoire":"Kasongo-Lunda"}},{"type":"Feature","geometry":{"type":"Point","coordinates":[16.912403,-6.482633]},"properties":{"province":"Kwango","zonesante":"Kasongo Lunda","airesante":"Kikwati","localite":"Lubanza 2","localitetype":"Village","source_acronym":"ESPK","date":"2023","precision_":4.9,"grid3id":"KG_AF9F4EB138","territoire":"Kasongo-Lunda"}},{"type":"Feature","geometry":{"type":"Point","coordinates":[16.956146,-6.501848]},"properties":{"province":"Kwango","zonesante":"Kasongo Lunda","airesante":"Kikwati","localite":"Yombe","localitetype":"Village","source_acronym":"ESPK","date":"2023","precision_":4.5,"grid3id":"KG_9D15AA45F8","territoire":"Kasongo-Lunda"}},{"type":"Feature","geometry":{"type":"Point","coordinates":[16.912714,-6.483374]},"properties":{"province":"Kwango","zonesante":"Kasongo Lunda","airesante":"Kikwati","localite":"Lubanza B","localitetype":"Village","source_acronym":"ESPK","date":"2023","precision_":4.9,"grid3id":"KG_A2C5755826","territoire":"Kasongo-Lunda"}},{"type":"Feature","geometry":{"type":"Point","coordinates":[16.899314,-6.473057]},"properties":{"province":"Kwango","zonesante":"Kasongo Lunda","airesante":"Kikwati","localite":"Nkilu","localitetype":"Village","source_acronym":"ESPK","date":"2023","precision_":3.2,"grid3id":"KG_81A3CAE80E","territoire":"Kasongo-Lunda"}},{"type":"Feature","geometry":{"type":"Point","coordinates":[16.922958,-6.485553]},"properties":{"province":"Kwango","zonesante":"Kasongo Lunda","airesante":"Kikwati","localite":"Lubanza A","localitetype":"Village","source_acronym":"ESPK","date":"2023","precision_":4.6,"grid3id":"KG_8D83466452","territoire":"Kasongo-Lunda"}},{"type":"Feature","geometry":{"type":"Point","coordinates":[18.054023,-8.000625]},"properties":{"province":"Kwango","zonesante":"Kajiji","airesante":"Shamatahu","localite":"Swana Mukanza","localitetype":"Village","source_acronym":"ESPK","date":"2023","precision_":4.2,"grid3id":"KG_10EF461599","territoire":"Kahemba"}},{"type":"Feature","geometry":{"type":"Point","coordinates":[16.858585,-4.78828]},"properties":{"province":"Kwango","zonesante":"Boko","airesante":"Mbindanseke","localite":"Kilutu","localitetype":"Village","source_acronym":"ESPK","date":"2023","precision_":4.9,"grid3id":"KG_8CAA53A662","territoire":"Kenge"}},{"type":"Feature","geometry":{"type":"Point","coordinates":[19.331597,-7.00092]},"properties":{"province":"Kwango","zonesante":"Kahemba","airesante":"Bumba","localite":"Shamukanani","localitetype":"Village","source_acronym":"ESPK","date":"2023","precision_":4.6,"grid3id":"KG_E536DD80A3","territoire":"Kahemba"}},{"type":"Feature","geometry":{"type":"Point","coordinates":[18.733895,-7.900736]},"properties":{"province":"Kwango","zonesante":"Kajiji","airesante":"Mutetami","localite":"Shamatahu","localitetype":"Village","source_acronym":"ESPK","date":"2023","precision_":4.7,"grid3id":"KG_B958C21CED","territoire":"Kahemba"}},{"type":"Feature","geometry":{"type":"Point","coordinates":[18.736277,-7.900834]},"properties":{"province":"Kwango","zonesante":"Kajiji","airesante":"Mutetami","localite":"Shamuhuji","localitetype":"Village","source_acronym":"ESPK","date":"2023","precision_":4.9,"grid3id":"KG_6E69719671","territoire":"Kahemba"}},{"type":"Feature","geometry":{"type":"Point","coordinates":[17.207265,-6.732238]},"properties":{"province":"Kwango","zonesante":"Kitenda","airesante":"Bondo Pokoso","localite":"Kwanda","localitetype":"Village","source_acronym":"ESPK","date":"2023","precision_":4.8,"grid3id":"KG_8F77B400EB","territoire":"Kasongo-Lunda"}},{"type":"Feature","geometry":{"type":"Point","coordinates":[17.206573,-6.732384]},"properties":{"province":"Kwango","zonesante":"Kitenda","airesante":"Bondo Pokoso","localite":"Nkwanda","localitetype":"Village","source_acronym":"ESPK","date":"2023","precision_":4.3,"grid3id":"KG_169AF671C3","territoire":"Kasongo-Lunda"}},{"type":"Feature","geometry":{"type":"Point","coordinates":[17.197069,-4.695108]},"properties":{"province":"Kwango","zonesante":"Kenge","airesante":"Gabia","localite":"Muhiabatu","localitetype":"Village","source_acronym":"ESPK","date":"2023","precision_":4.7,"grid3id":"KG_9BCB1E1A09","territoire":"Kenge"}},{"type":"Feature","geometry":{"type":"Point","coordinates":[17.196551,-4.695636]},"properties":{"province":"Kwango","zonesante":"Kenge","airesante":"Gabia","localite":"Mahambau","localitetype":"Village","source_acronym":"ESPK","date":"2023","precision_":3.9,"grid3id":"KG_9C91C3F4AA","territoire":"Kenge"}},{"type":"Feature","geometry":{"type":"Point","coordinates":[16.665089,-5.376096]},"properties":{"province":"Kwango","zonesante":"Boko","airesante":"Inzioko","localite":"Ngala Konzi","localitetype":"Village","source_acronym":"ESPK","date":"2023","precision_":4.9,"grid3id":"KG_C946CFCAB5","territoire":"Kenge"}},{"type":"Feature","geometry":{"type":"Point","coordinates":[19.243972,-6.206281]},"properties":{"province":"Kwango","zonesante":"Kisanji","airesante":"Malundu","localite":"Mukwatshi","localitetype":"Village","source_acronym":"ESPK","date":"2023","precision_":4.9,"grid3id":"KG_61E72D71CA","territoire":"Feshi"}},{"type":"Feature","geometry":{"type":"Point","coordinates":[17.165441,-4.607722]},"properties":{"province":"Kwango","zonesante":"Kenge","airesante":"Gabia","localite":"Miboti","localitetype":"Village","source_acronym":"ESPK","date":"2023","precision_":4.3,"grid3id":"KG_A8414EC94D","territoire":"Kenge"}},{"type":"Feature","geometry":{"type":"Point","coordinates":[17.202812,-4.536639]},"properties":{"province":"Kwango","zonesante":"Kenge","airesante":"Gabia","localite":"Mbeko","localitetype":"Village","source_acronym":"ESPK","date":"2023","precision_":4.5,"grid3id":"KG_2D7BC0057F","territoire":"Kenge"}},{"type":"Feature","geometry":{"type":"Point","coordinates":[17.216349,-6.622612]},"properties":{"province":"Kwango","zonesante":"Wamba Lwadi","airesante":"Kingulu","localite":"Mbambakala","localitetype":"Village","source_acronym":"ESPK","date":"2023","precision_":4.8,"grid3id":"KG_45C8044EFC","territoire":"Kasongo-Lunda"}},{"type":"Feature","geometry":{"type":"Point","coordinates":[16.832708,-6.542382]},"properties":{"province":"Kwango","zonesante":"Kasongo Lunda","airesante":"Kimbembo","localite":"Mazemba","localitetype":"Village","source_acronym":"ESPK","date":"2023","precision_":4.3,"grid3id":"KG_61964B5BB7","territoire":"Kasongo-Lunda"}},{"type":"Feature","geometry":{"type":"Point","coordinates":[16.625255,-5.439618]},"properties":{"province":"Kwango","zonesante":"Boko","airesante":"Inzioko","localite":"Ifidi","localitetype":"Village","source_acronym":"ESPK","date":"2023","precision_":4.7,"grid3id":"KG_30354D0F03","territoire":"Kenge"}},{"type":"Feature","geometry":{"type":"Point","coordinates":[16.714754,-5.962797]},"properties":{"province":"Kwango","zonesante":"Popokabaka","airesante":"Imwela","localite":"Manianga 2","localitetype":"Village","source_acronym":"ESPK","date":"2023","precision_":4.3,"grid3id":"KG_18C1DCDB81","territoire":"Popokabaka"}},{"type":"Feature","geometry":{"type":"Point","coordinates":[16.733942,-5.941629]},"properties":{"province":"Kwango","zonesante":"Popokabaka","airesante":"Imwela","localite":"Malungu","localitetype":"Village","source_acronym":"ESPK","date":"2023","precision_":4.3,"grid3id":"KG_D7B07E2E11","territoire":"Popokabaka"}},{"type":"Feature","geometry":{"type":"Point","coordinates":[16.842669,-4.91783]},"properties":{"province":"Kwango","zonesante":"Boko","airesante":"Mutombo","localite":"Makasa","localitetype":"Village","source_acronym":"ESPK","date":"2023","precision_":4.4,"grid3id":"KG_931D27CE83","territoire":"Kenge"}},{"type":"Feature","geometry":{"type":"Point","coordinates":[16.638971,-5.551208]},"properties":{"province":"Kwango","zonesante":"Popokabaka","airesante":"Kenge Muniungu","localite":"Mabumi","localitetype":"Village","source_acronym":"ESPK","date":"2023","precision_":4.1,"grid3id":"KG_80F1070EE0","territoire":"Kenge"}},{"type":"Feature","geometry":{"type":"Point","coordinates":[16.631499,-5.54062]},"properties":{"province":"Kwango","zonesante":"Popokabaka","airesante":"Kenge Muniungu","localite":"Mabumi","localitetype":"Village","source_acronym":"ESPK","date":"2023","precision_":4.9,"grid3id":"KG_58BE9B7718","territoire":"Kenge"}},{"type":"Feature","geometry":{"type":"Point","coordinates":[18.407833,-7.6472]},"properties":{"province":"Kwango","zonesante":"Kajiji","airesante":"Kajiji","localite":"Luwengele","localitetype":"Village","source_acronym":"ESPK","date":"2023","precision_":4.5,"grid3id":"KG_EB8305DDE0","territoire":"Kahemba"}},{"type":"Feature","geometry":{"type":"Point","coordinates":[18.408261,-7.648208]},"properties":{"province":"Kwango","zonesante":"Kajiji","airesante":"Kajiji","localite":"Lukayi","localitetype":"Village","source_acronym":"ESPK","date":"2023","precision_":4.4,"grid3id":"KG_4FF5116B8F","territoire":"Kahemba"}},{"type":"Feature","geometry":{"type":"Point","coordinates":[18.29013,-6.579137]},"properties":{"province":"Kwango","zonesante":"Feshi","airesante":"Mabaya","localite":"Lufundu","localitetype":"Village","source_acronym":"ESPK","date":"2023","precision_":4.9,"grid3id":"KG_CF7BB10CC0","territoire":"Feshi"}},{"type":"Feature","geometry":{"type":"Point","coordinates":[17.195091,-6.555582]},"properties":{"province":"Kwango","zonesante":"Wamba Lwadi","airesante":"Mukumbi","localite":"Zizi","localitetype":"Village","source_acronym":"ESPK","date":"2023","precision_":4.9,"grid3id":"KG_733FB18BF8","territoire":"Kasongo-Lunda"}},{"type":"Feature","geometry":{"type":"Point","coordinates":[17.149655,-6.597491]},"properties":{"province":"Kwango","zonesante":"Wamba Lwadi","airesante":"Mukumbi","localite":"Libaya","localitetype":"Village","source_acronym":"ESPK","date":"2023","precision_":4.8,"grid3id":"KG_DC4BA263E3","territoire":"Kasongo-Lunda"}},{"type":"Feature","geometry":{"type":"Point","coordinates":[17.262387,-6.947895]},"properties":{"province":"Kwango","zonesante":"Kitenda","airesante":"Mukondo","localite":"Kisenda","localitetype":"Village","source_acronym":"ESPK","date":"2023","precision_":4.8,"grid3id":"KG_BFB8B97AB3","territoire":"Kasongo-Lunda"}},{"type":"Feature","geometry":{"type":"Point","coordinates":[16.855039,-6.173619]},"properties":{"province":"Kwango","zonesante":"Kasongo Lunda","airesante":"Mahuangi","localite":"Kinzanza","localitetype":"Village","source_acronym":"ESPK","date":"2023","precision_":3.9,"grid3id":"KG_9066C418B2","territoire":"Kasongo-Lunda"}},{"type":"Feature","geometry":{"type":"Point","coordinates":[16.885528,-6.151612]},"properties":{"province":"Kwango","zonesante":"Kasongo Lunda","airesante":"Mahuangi","localite":"Mukumbi","localitetype":"Village","source_acronym":"ESPK","date":"2023","precision_":4.5,"grid3id":"KG_C297A8371B","territoire":"Kasongo-Lunda"}},{"type":"Feature","geometry":{"type":"Point","coordinates":[16.859034,-6.150284]},"properties":{"province":"Kwango","zonesante":"Kasongo Lunda","airesante":"Mahuangi","localite":"Mubungi","localitetype":"Village","source_acronym":"ESPK","date":"2023","precision_":4.6,"grid3id":"KG_2E9E45E8C3","territoire":"Kasongo-Lunda"}},{"type":"Feature","geometry":{"type":"Point","coordinates":[17.297497,-6.657966]},"properties":{"province":"Kwango","zonesante":"Wamba Lwadi","airesante":"Kingulu","localite":"Kingulu","localitetype":"Village","source_acronym":"ESPK","date":"2023","precision_":4.3,"grid3id":"KG_88C9852A9C","territoire":"Kasongo-Lunda"}},{"type":"Feature","geometry":{"type":"Point","coordinates":[17.317572,-6.662727]},"properties":{"province":"Kwango","zonesante":"Wamba Lwadi","airesante":"Kingulu","localite":"Viza","localitetype":"Village","source_acronym":"ESPK","date":"2023","precision_":4.9,"grid3id":"KG_5C4FC1BF1E","territoire":"Kasongo-Lunda"}},{"type":"Feature","geometry":{"type":"Point","coordinates":[17.260199,-6.634058]},"properties":{"province":"Kwango","zonesante":"Wamba Lwadi","airesante":"Kingulu","localite":"Kilopo","localitetype":"Village","source_acronym":"ESPK","date":"2023","precision_":4.3,"grid3id":"KG_EB3F20F609","territoire":"Kasongo-Lunda"}},{"type":"Feature","geometry":{"type":"Point","coordinates":[16.858109,-6.869238]},"properties":{"province":"Kwango","zonesante":"Kasongo Lunda","airesante":"Mulundu","localite":"Kindamba","localitetype":"Village","source_acronym":"ESPK","date":"2023","precision_":4.8,"grid3id":"KG_E81E128CE1"}},{"type":"Feature","geometry":{"type":"Point","coordinates":[16.871772,-6.579205]},"properties":{"province":"Kwango","zonesante":"Kasongo Lunda","airesante":"Kimbembo","localite":"Kindamba","localitetype":"Village","source_acronym":"ESPK","date":"2023","precision_":3.8,"grid3id":"KG_958076052A","territoire":"Kasongo-Lunda"}},{"type":"Feature","geometry":{"type":"Point","coordinates":[16.884891,-6.433555]},"properties":{"province":"Kwango","zonesante":"Kasongo Lunda","airesante":"Kikwati","localite":"Kimbadinga","localitetype":"Village","source_acronym":"ESPK","date":"2023","precision_":4.8,"grid3id":"KG_DE48569B79","territoire":"Kasongo-Lunda"}},{"type":"Feature","geometry":{"type":"Point","coordinates":[16.866551,-6.481178]},"properties":{"province":"Kwango","zonesante":"Kasongo Lunda","airesante":"Kikwati","localite":"Kimanvu","localitetype":"Village","source_acronym":"ESPK","date":"2023","precision_":4.6,"grid3id":"KG_7D923E3DA3","territoire":"Kasongo-Lunda"}},{"type":"Feature","geometry":{"type":"Point","coordinates":[17.156883,-6.224297]},"properties":{"province":"Kwango","zonesante":"Kasongo Lunda","airesante":"Bangi","localite":"Kilengele","localitetype":"Village","source_acronym":"ESPK","date":"2023","precision_":4.7,"grid3id":"KG_91645C3700","territoire":"Kasongo-Lunda"}},{"type":"Feature","geometry":{"type":"Point","coordinates":[17.763451,-6.33174]},"properties":{"province":"Kwango","zonesante":"Mwela Lembwa","airesante":"Mwana Basila","localite":"Bangu Kati","localitetype":"Village","source_acronym":"ESPK","date":"2023","precision_":3.9,"grid3id":"KG_076B02B963","territoire":"Feshi"}},{"type":"Feature","geometry":{"type":"Point","coordinates":[16.867031,-6.567463]},"properties":{"province":"Kwango","zonesante":"Kasongo Lunda","airesante":"Kimbembo","localite":"Kibotumuna","localitetype":"Village","source_acronym":"ESPK","date":"2023","precision_":4.1,"grid3id":"KG_BA8AF4EA31","territoire":"Kasongo-Lunda"}},{"type":"Feature","geometry":{"type":"Point","coordinates":[16.867288,-6.567821]},"properties":{"province":"Kwango","zonesante":"Kasongo Lunda","airesante":"Kimbembo","localite":"Kibatumuna","localitetype":"Village","source_acronym":"ESPK","date":"2023","precision_":4.8,"grid3id":"KG_F669CFAA7C","territoire":"Kasongo-Lunda"}},{"type":"Feature","geometry":{"type":"Point","coordinates":[19.285069,-6.724229]},"properties":{"province":"Kwango","zonesante":"Kahemba","airesante":"Bangu","localite":"Ganasamba","localitetype":"Village","source_acronym":"ESPK","date":"2023","precision_":4.9,"grid3id":"KG_FC33163FB5","territoire":"Kahemba"}},{"type":"Feature","geometry":{"type":"Point","coordinates":[17.830132,-6.015248]},"properties":{"province":"Kwango","zonesante":"Mwela Lembwa","airesante":"Katambi","localite":"Mulasa","localitetype":"Village","source_acronym":"ESPK","date":"2023","precision_":3.9,"grid3id":"KG_731D0BF0F9","territoire":"Feshi"}},{"type":"Feature","geometry":{"type":"Point","coordinates":[17.832318,-5.99274]},"properties":{"province":"Kwango","zonesante":"Mwela Lembwa","airesante":"Katambi","localite":"Kembo Wala","localitetype":"Village","source_acronym":"ESPK","date":"2023","precision_":4.4,"grid3id":"KG_3AC6717214","territoire":"Feshi"}},{"type":"Feature","geometry":{"type":"Point","coordinates":[17.830924,-6.014383]},"properties":{"province":"Kwango","zonesante":"Mwela Lembwa","airesante":"Katambi","localite":"Mulasa Bihuwa","localitetype":"Village","source_acronym":"ESPK","date":"2023","precision_":4.9,"grid3id":"KG_EF8B294BF9","territoire":"Feshi"}},{"type":"Feature","geometry":{"type":"Point","coordinates":[17.832473,-5.991144]},"properties":{"province":"Kwango","zonesante":"Mwela Lembwa","airesante":"Katambi","localite":"Kembowala","localitetype":"Village","source_acronym":"ESPK","date":"2023","precision_":4.5,"grid3id":"KG_CBFBFBAFC8","territoire":"Feshi"}},{"type":"Feature","geometry":{"type":"Point","coordinates":[18.004659,-7.386564]},"properties":{"province":"Kwango","zonesante":"Panzi","airesante":"Kasandji","localite":"Katini","localitetype":"Village","source_acronym":"ESPK","date":"2023","precision_":4.5,"grid3id":"KG_3ED8854D7F","territoire":"Kasongo-Lunda"}},{"type":"Feature","geometry":{"type":"Point","coordinates":[18.468568,-7.619721]},"properties":{"province":"Kwango","zonesante":"Kajiji","airesante":"Kajiji","localite":"Kapungu","localitetype":"Village","source_acronym":"ESPK","date":"2023","precision_":4,"grid3id":"KG_142AFA3F2C","territoire":"Kahemba"}},{"type":"Feature","geometry":{"type":"Point","coordinates":[18.138006,-7.451754]},"properties":{"province":"Kwango","zonesante":"Panzi","airesante":"Kibunda 2","localite":"Shamutondo","localitetype":"Village","source_acronym":"ESPK","date":"2023","precision_":4.9,"grid3id":"KG_902B635EF8","territoire":"Kasongo-Lunda"}},{"type":"Feature","geometry":{"type":"Point","coordinates":[18.137794,-7.446829]},"properties":{"province":"Kwango","zonesante":"Panzi","airesante":"Kibunda 2","localite":"Shamutondo","localitetype":"Village","source_acronym":"ESPK","date":"2023","precision_":4.6,"grid3id":"KG_9EDFDA2A91","territoire":"Kasongo-Lunda"}},{"type":"Feature","geometry":{"type":"Point","coordinates":[18.119976,-7.461694]},"properties":{"province":"Kwango","zonesante":"Panzi","airesante":"Kibunda 2","localite":"Mutombo","localitetype":"Village","source_acronym":"ESPK","date":"2023","precision_":4.9,"grid3id":"KG_6568BF66B2","territoire":"Kasongo-Lunda"}},{"type":"Feature","geometry":{"type":"Point","coordinates":[18.119823,-7.461693]},"properties":{"province":"Kwango","zonesante":"Panzi","airesante":"Kibunda 2","localite":"Kanzanga","localitetype":"Village","source_acronym":"ESPK","date":"2023","precision_":4.5,"grid3id":"KG_92143E935E","territoire":"Kasongo-Lunda"}},{"type":"Feature","geometry":{"type":"Point","coordinates":[18.138078,-7.451609]},"properties":{"province":"Kwango","zonesante":"Panzi","airesante":"Kibunda 2","localite":"Shakasenga","localitetype":"Village","source_acronym":"ESPK","date":"2023","precision_":5,"grid3id":"KG_0F403987B8","territoire":"Kasongo-Lunda"}},{"type":"Feature","geometry":{"type":"Point","coordinates":[17.62364,-6.333551]},"properties":{"province":"Kwango","zonesante":"Mwela Lembwa","airesante":"Ganaketi","localite":"Kambundi Tumbi","localitetype":"Village","source_acronym":"ESPK","date":"2023","precision_":4.9,"grid3id":"KG_3290940629","territoire":"Feshi"}},{"type":"Feature","geometry":{"type":"Point","coordinates":[17.6242,-6.333737]},"properties":{"province":"Kwango","zonesante":"Mwela Lembwa","airesante":"Ganaketi","localite":"Kambundi Ntumbi","localitetype":"Village","source_acronym":"ESPK","date":"2023","precision_":4,"grid3id":"KG_35136BBC03","territoire":"Feshi"}},{"type":"Feature","geometry":{"type":"Point","coordinates":[16.882032,-6.540885]},"properties":{"province":"Kwango","zonesante":"Kasongo Lunda","airesante":"Kimbembo","localite":"Kabisakwati","localitetype":"Village","source_acronym":"ESPK","date":"2023","precision_":4.3,"grid3id":"KG_05B7CB6F35","territoire":"Kasongo-Lunda"}},{"type":"Feature","geometry":{"type":"Point","coordinates":[16.839917,-6.591389]},"properties":{"province":"Kwango","zonesante":"Kasongo Lunda","airesante":"Kimbembo","localite":"Kabeyafundu","localitetype":"Village","source_acronym":"ESPK","date":"2023","precision_":3.4,"grid3id":"KG_4084C05D65","territoire":"Kasongo-Lunda"}},{"type":"Feature","geometry":{"type":"Point","coordinates":[16.839721,-6.591123]},"properties":{"province":"Kwango","zonesante":"Kasongo Lunda","airesante":"Kimbembo","localite":"Kabeya Fundu","localitetype":"Village","source_acronym":"ESPK","date":"2023","precision_":4.6,"grid3id":"KG_8346FC39CE","territoire":"Kasongo-Lunda"}},{"type":"Feature","geometry":{"type":"Point","coordinates":[16.622548,-5.444083]},"properties":{"province":"Kwango","zonesante":"Boko","airesante":"Inzioko","localite":"Ikamba","localitetype":"Village","source_acronym":"ESPK","date":"2023","precision_":4.3,"grid3id":"KG_7E1C04BEF2","territoire":"Kenge"}},{"type":"Feature","geometry":{"type":"Point","coordinates":[16.63298,-5.417587]},"properties":{"province":"Kwango","zonesante":"Boko","airesante":"Inzioko","localite":"Ikau","localitetype":"Village","source_acronym":"ESPK","date":"2023","precision_":4.8,"grid3id":"KG_1182104BD4","territoire":"Kenge"}},{"type":"Feature","geometry":{"type":"Point","coordinates":[17.7083,-6.341732]},"properties":{"province":"Kwango","zonesante":"Mwela Lembwa","airesante":"Ganaketi","localite":"Tsaku Fioti","localitetype":"Village","source_acronym":"ESPK","date":"2023","precision_":4.8,"grid3id":"KG_34273AEFE8","territoire":"Feshi"}},{"type":"Feature","geometry":{"type":"Point","coordinates":[16.600158,-5.312766]},"properties":{"province":"Kwango","zonesante":"Boko","airesante":"Dinga","localite":"Dinga","localitetype":"Village","source_acronym":"ESPK","date":"2023","precision_":4.9,"grid3id":"KG_735D1194FF","territoire":"Kenge"}},{"type":"Feature","geometry":{"type":"Point","coordinates":[17.15266,-6.597026]},"properties":{"province":"Kwango","zonesante":"Wamba Lwadi","airesante":"Mukumbi","localite":"Dibaya","localitetype":"Village","source_acronym":"ESPK","date":"2023","precision_":4.8,"grid3id":"KG_F7C9FBAD1A","territoire":"Kasongo-Lunda"}},{"type":"Feature","geometry":{"type":"Point","coordinates":[16.659573,-5.376602]},"properties":{"province":"Kwango","zonesante":"Boko","airesante":"Inzioko","localite":"Ngala Nkozi","localitetype":"Village","source_acronym":"ESPK","date":"2023","precision_":4.8,"grid3id":"KG_6BECDE382F","territoire":"Kenge"}},{"type":"Feature","geometry":{"type":"Point","coordinates":[17.216634,-5.747956]},"properties":{"province":"Kwango","zonesante":"Kimbao","airesante":"Mukulutu","localite":"Inkuka","localitetype":"Village","source_acronym":"ESPK","date":"2023","precision_":4.3,"grid3id":"KG_8F87953718","territoire":"Kenge"}},{"type":"Feature","geometry":{"type":"Point","coordinates":[17.281494,-6.768033]},"properties":{"province":"Kwango","zonesante":"Kitenda","airesante":"Bondo Pokoso","localite":"Mawobo","localitetype":"Village","source_acronym":"ESPK","date":"2023","precision_":5,"grid3id":"KG_68DD552E83","territoire":"Kasongo-Lunda"}},{"type":"Feature","geometry":{"type":"Point","coordinates":[18.617377,-6.325724]},"properties":{"province":"Kwango","zonesante":"Feshi","airesante":"Kahoka","localite":"Bolashi Kangufu","localitetype":"Village","source_acronym":"ESPK","date":"2023","precision_":4.3,"grid3id":"KG_B89A3F9A8B","territoire":"Feshi"}},{"type":"Feature","geometry":{"type":"Point","coordinates":[16.30173,-4.645631]},"properties":{"province":"Kwango","zonesante":"Boko","airesante":"Kabuba","localite":"Mulosi","localitetype":"Village","source_acronym":"ESPK","date":"2023","precision_":4.3,"grid3id":"KG_6EC0589AE8"}},{"type":"Feature","geometry":{"type":"Point","coordinates":[16.883032,-6.539752]},"properties":{"province":"Kwango","zonesante":"Kasongo Lunda","airesante":"Kimbembo","localite":"Kabisa Kwati","localitetype":"Village","source_acronym":"ESPK","date":"2023","precision_":4.9,"grid3id":"KG_10BF2E82C8","territoire":"Kasongo-Lunda"}},{"type":"Feature","geometry":{"type":"Point","coordinates":[16.571038,-5.695209]},"properties":{"province":"Kwango","zonesante":"Popokabaka","airesante":"Lusanga","localite":"Imombo","localitetype":"Village","source_acronym":"ESPK","date":"2023","precision_":3.9,"grid3id":"KG_3FA6A37FCB","territoire":"Popokabaka"}},{"type":"Feature","geometry":{"type":"Point","coordinates":[18.189678,-6.494595]},"properties":{"province":"Kwango","zonesante":"Feshi","airesante":"Mabaya","localite":"Mahumbu","localitetype":"Village","source_acronym":"ESPK","date":"2023","precision_":5,"grid3id":"KG_DE9681A3B2","territoire":"Feshi"}},{"type":"Feature","geometry":{"type":"Point","coordinates":[18.125814,-6.559279]},"properties":{"province":"Kwango","zonesante":"Feshi","airesante":"Mabaya","localite":"Shamuhunga","localitetype":"Village","source_acronym":"ESPK","date":"2023","precision_":5,"grid3id":"KG_BC48AB7727","territoire":"Feshi"}},{"type":"Feature","geometry":{"type":"Point","coordinates":[17.282611,-4.438255]},"properties":{"province":"Kwango","zonesante":"Kenge","airesante":"Kolokoso","localite":"Mulopokuka","localitetype":"Village","source_acronym":"ESPK","date":"2023","precision_":4,"grid3id":"KG_CCD66E6A0A","territoire":"Kenge"}},{"type":"Feature","geometry":{"type":"Point","coordinates":[18.622535,-6.174258]},"properties":{"province":"Kwango","zonesante":"Feshi","airesante":"Mafishi","localite":"Mulopo","localitetype":"Village","source_acronym":"ESPK","date":"2023","precision_":4.5,"grid3id":"KG_5D6613B20D","territoire":"Feshi"}},{"type":"Feature","geometry":{"type":"Point","coordinates":[17.416914,-6.3244]},"properties":{"province":"Kwango","zonesante":"Wamba Lwadi","airesante":"Mawanga","localite":"Mukandi","localitetype":"Village","source_acronym":"ESPK","date":"2023","precision_":4,"grid3id":"KG_C74A7E499B","territoire":"Kasongo-Lunda"}},{"type":"Feature","geometry":{"type":"Point","coordinates":[16.443438,-5.283853]},"properties":{"province":"Kwango","zonesante":"Popokabaka","airesante":"Ipongi","localite":"Mankimbi","localitetype":"Village","source_acronym":"ESPK","date":"2023","precision_":4.9,"grid3id":"KG_8F8D572067","territoire":"Popokabaka"}},{"type":"Feature","geometry":{"type":"Point","coordinates":[16.439169,-5.281002]},"properties":{"province":"Kwango","zonesante":"Popokabaka","airesante":"Ipongi","localite":"Mankimbi","localitetype":"Village","source_acronym":"ESPK","date":"2023","precision_":4.6,"grid3id":"KG_92446141A7","territoire":"Popokabaka"}},{"type":"Feature","geometry":{"type":"Point","coordinates":[16.837305,-4.917522]},"properties":{"province":"Kwango","zonesante":"Boko","airesante":"Mutombo","localite":"Makasa","localitetype":"Village","source_acronym":"ESPK","date":"2023","precision_":3.9,"grid3id":"KG_EFB35A2CCF","territoire":"Kenge"}},{"type":"Feature","geometry":{"type":"Point","coordinates":[17.687915,-6.36168]},"properties":{"province":"Kwango","zonesante":"Mwela Lembwa","airesante":"Ganaketi","localite":"Kambundi Ntumbi","localitetype":"Village","source_acronym":"ESPK","date":"2023","precision_":4.9,"grid3id":"KG_410B29C0A6","territoire":"Feshi"}},{"type":"Feature","geometry":{"type":"Point","coordinates":[17.906152,-7.882324]},"properties":{"province":"Kwango","zonesante":"Kajiji","airesante":"Shamatahu","localite":"Kalandula","localitetype":"Village","source_acronym":"ESPK","date":"2023","precision_":3.9,"grid3id":"KG_24C4617011","territoire":"Kasongo-Lunda"}},{"type":"Feature","geometry":{"type":"Point","coordinates":[16.967623,-6.929029]},"properties":{"province":"Kwango","zonesante":"Kasongo Lunda","airesante":"Mulundu","localite":"Kikianga","localitetype":"Village","source_acronym":"ESPK","date":"2023","precision_":4.8,"grid3id":"KG_4E38146AFB","territoire":"Kasongo-Lunda"}},{"type":"Feature","geometry":{"type":"Point","coordinates":[16.467024,-5.266828]},"properties":{"province":"Kwango","zonesante":"Popokabaka","airesante":"Ipongi","localite":"Ipungu","localitetype":"Village","source_acronym":"ESPK","date":"2023","precision_":4.5,"grid3id":"KG_D586E6E3C3","territoire":"Popokabaka"}},{"type":"Feature","geometry":{"type":"Point","coordinates":[17.872746,-6.130296]},"properties":{"province":"Kwango","zonesante":"Feshi","airesante":"Kimbongo","localite":"Bukaluie","localitetype":"Village","source_acronym":"ESPK","date":"2023","precision_":4.6,"grid3id":"KG_3F57E38109","territoire":"Feshi"}},{"type":"Feature","geometry":{"type":"Point","coordinates":[18.008241,-6.127448]},"properties":{"province":"Kwango","zonesante":"Feshi","airesante":"Kimbongo","localite":"Bukaluie","localitetype":"Village","source_acronym":"ESPK","date":"2023","precision_":4.3,"grid3id":"KG_4586D09061","territoire":"Feshi"}},{"type":"Feature","geometry":{"type":"Point","coordinates":[16.827466,-4.939406]},"properties":{"province":"Kwango","zonesante":"Boko","airesante":"Mutombo","localite":"Makasa","localitetype":"Village","source_acronym":"ESPK","date":"2023","precision_":4.9,"grid3id":"KG_C7A20DABE8","territoire":"Kenge"}},{"type":"Feature","geometry":{"type":"Point","coordinates":[16.925889,-4.753164]},"properties":{"province":"Kwango","zonesante":"Boko","airesante":"Mbindanseke","localite":"Moyen","localitetype":"Village","source_acronym":"ESPK","date":"2023","precision_":4.8,"grid3id":"KG_947FA85677","territoire":"Kenge"}},{"type":"Feature","geometry":{"type":"Point","coordinates":[19.245234,-6.404992]},"properties":{"province":"Kwango","zonesante":"Kisanji","airesante":"Ngoma","localite":"Ngiengie","localitetype":"Village","source_acronym":"ESPK","date":"2023","precision_":4,"grid3id":"KG_8A2077AA45","territoire":"Feshi"}},{"type":"Feature","geometry":{"type":"Point","coordinates":[19.215384,-6.387645]},"properties":{"province":"Kwango","zonesante":"Kisanji","airesante":"Ngoma","localite":"Boma","localitetype":"Village","source_acronym":"ESPK","date":"2023","precision_":4.5,"grid3id":"KG_F0DC06DAF5","territoire":"Feshi"}},{"type":"Feature","geometry":{"type":"Point","coordinates":[19.215232,-6.387654]},"properties":{"province":"Kwango","zonesante":"Kisanji","airesante":"Ngoma","localite":"Ngiengie","localitetype":"Village","source_acronym":"ESPK","date":"2023","precision_":4.6,"grid3id":"KG_3AE40EF624","territoire":"Feshi"}},{"type":"Feature","geometry":{"type":"Point","coordinates":[19.277292,-6.371852]},"properties":{"province":"Kwango","zonesante":"Kisanji","airesante":"Ngoma","localite":"Boma","localitetype":"Village","source_acronym":"ESPK","date":"2023","precision_":5,"grid3id":"KG_2BE97E2643","territoire":"Feshi"}},{"type":"Feature","geometry":{"type":"Point","coordinates":[17.442629,-4.442796]},"properties":{"province":"Kwango","zonesante":"Kenge","airesante":"Kolokoso","localite":"Ndunga Mandeke","localitetype":"Village","source_acronym":"ESPK","date":"2023","precision_":5,"grid3id":"KG_7FFFC11EBE","territoire":"Kenge"}},{"type":"Feature","geometry":{"type":"Point","coordinates":[18.854811,-7.414649]},"properties":{"province":"Kwango","zonesante":"Kajiji","airesante":"Mwakatende","localite":"Mukundu","localitetype":"Village","source_acronym":"ESPK","date":"2023","precision_":4.9,"grid3id":"KG_6C8AE91184","territoire":"Kahemba"}},{"type":"Feature","geometry":{"type":"Point","coordinates":[17.486128,-7.14776]},"properties":{"province":"Kwango","zonesante":"Kitenda","airesante":"Muyamba","localite":"Muyamba","localitetype":"Village","source_acronym":"ESPK","date":"2023","precision_":4.7,"grid3id":"KG_199261F97F","territoire":"Kasongo-Lunda"}},{"type":"Feature","geometry":{"type":"Point","coordinates":[18.636017,-7.851185]},"properties":{"province":"Kwango","zonesante":"Kajiji","airesante":"Mutetami","localite":"Ndjamba","localitetype":"Village","source_acronym":"ESPK","date":"2023","precision_":4.6,"grid3id":"KG_DD1677E293","territoire":"Kahemba"}},{"type":"Feature","geometry":{"type":"Point","coordinates":[18.636172,-7.847758]},"properties":{"province":"Kwango","zonesante":"Kajiji","airesante":"Mutetami","localite":"Mutetami 1","localitetype":"Village","source_acronym":"ESPK","date":"2023","precision_":4.3,"grid3id":"KG_411ED8D525","territoire":"Kahemba"}},{"type":"Feature","geometry":{"type":"Point","coordinates":[18.556477,-7.895607]},"properties":{"province":"Kwango","zonesante":"Kajiji","airesante":"Mutetami","localite":"Ndjamba","localitetype":"Village","source_acronym":"ESPK","date":"2023","precision_":4.5,"grid3id":"KG_9070A35729","territoire":"Kahemba"}},{"type":"Feature","geometry":{"type":"Point","coordinates":[17.344761,-4.421691]},"properties":{"province":"Kwango","zonesante":"Kenge","airesante":"Kolokoso","localite":"Mulwa","localitetype":"Village","source_acronym":"ESPK","date":"2023","precision_":4,"grid3id":"KG_69C9F46B30","territoire":"Kenge"}},{"type":"Feature","geometry":{"type":"Point","coordinates":[17.414363,-4.463408]},"properties":{"province":"Kwango","zonesante":"Kenge","airesante":"Kolokoso","localite":"Mulwa","localitetype":"Village","source_acronym":"ESPK","date":"2023","precision_":4.8,"grid3id":"KG_D8E32FA7AC","territoire":"Kenge"}},{"type":"Feature","geometry":{"type":"Point","coordinates":[18.527311,-6.247084]},"properties":{"province":"Kwango","zonesante":"Feshi","airesante":"Kahoka","localite":"Muloshi","localitetype":"Village","source_acronym":"ESPK","date":"2023","precision_":5,"grid3id":"KG_7D876F39CD","territoire":"Feshi"}},{"type":"Feature","geometry":{"type":"Point","coordinates":[18.960806,-7.916276]},"properties":{"province":"Kwango","zonesante":"Kahemba","airesante":"Kasasa","localite":"Shamweze","localitetype":"Village","source_acronym":"ESPK","date":"2023","precision_":4.9,"grid3id":"KG_8147DD0332","territoire":"Kahemba"}},{"type":"Feature","geometry":{"type":"Point","coordinates":[17.299807,-4.44247]},"properties":{"province":"Kwango","zonesante":"Kenge","airesante":"Kolokoso","localite":"Mulopo Kuka","localitetype":"Village","source_acronym":"ESPK","date":"2023","precision_":4.5,"grid3id":"KG_4BEDE7CAA7","territoire":"Kenge"}},{"type":"Feature","geometry":{"type":"Point","coordinates":[17.181005,-5.746511]},"properties":{"province":"Kwango","zonesante":"Kimbao","airesante":"Mukulutu","localite":"Sanza","localitetype":"Village","source_acronym":"ESPK","date":"2023","precision_":4.3,"grid3id":"KG_4DCE11CAB0","territoire":"Kenge"}},{"type":"Feature","geometry":{"type":"Point","coordinates":[17.183854,-5.742348]},"properties":{"province":"Kwango","zonesante":"Kimbao","airesante":"Mukulutu","localite":"Mukulutu","localitetype":"Village","source_acronym":"ESPK","date":"2023","precision_":4.6,"grid3id":"KG_93C5604952","territoire":"Kenge"}},{"type":"Feature","geometry":{"type":"Point","coordinates":[17.187209,-5.742652]},"properties":{"province":"Kwango","zonesante":"Kimbao","airesante":"Mukulutu","localite":"Iludika","localitetype":"Village","source_acronym":"ESPK","date":"2023","precision_":4.3,"grid3id":"KG_2C178524E1","territoire":"Kenge"}},{"type":"Feature","geometry":{"type":"Point","coordinates":[19.159557,-6.249172]},"properties":{"province":"Kwango","zonesante":"Kisanji","airesante":"Mukoso","localite":"Mungoza","localitetype":"Village","source_acronym":"ESPK","date":"2023","precision_":4.7,"grid3id":"KG_9923A48D5D","territoire":"Feshi"}},{"type":"Feature","geometry":{"type":"Point","coordinates":[19.150588,-6.305458]},"properties":{"province":"Kwango","zonesante":"Kisanji","airesante":"Mukoso","localite":"Kaba","localitetype":"Village","source_acronym":"ESPK","date":"2023","precision_":4.2,"grid3id":"KG_3608D606E7","territoire":"Feshi"}},{"type":"Feature","geometry":{"type":"Point","coordinates":[16.992706,-5.012632]},"properties":{"province":"Kwango","zonesante":"Kenge","airesante":"Mukila","localite":"Kitatankatui","localitetype":"Village","source_acronym":"ESPK","date":"2023","precision_":4.4,"grid3id":"KG_5949BB76D1","territoire":"Kenge"}},{"type":"Feature","geometry":{"type":"Point","coordinates":[17.021603,-5.039823]},"properties":{"province":"Kwango","zonesante":"Kenge","airesante":"Mukila","localite":"Kapuka","localitetype":"Village","source_acronym":"ESPK","date":"2023","precision_":4.9,"grid3id":"KG_681E45BEE8","territoire":"Kenge"}},{"type":"Feature","geometry":{"type":"Point","coordinates":[16.987253,-5.014487]},"properties":{"province":"Kwango","zonesante":"Kenge","airesante":"Mukila","localite":"Mukila","localitetype":"Village","source_acronym":"ESPK","date":"2023","precision_":4.5,"grid3id":"KG_636791285D","territoire":"Kenge"}},{"type":"Feature","geometry":{"type":"Point","coordinates":[16.992515,-5.012892]},"properties":{"province":"Kwango","zonesante":"Kenge","airesante":"Mukila","localite":"Scieur","localitetype":"Village","source_acronym":"ESPK","date":"2023","precision_":4.8,"grid3id":"KG_CA2A765314","territoire":"Kenge"}},{"type":"Feature","geometry":{"type":"Point","coordinates":[17.003165,-5.026753]},"properties":{"province":"Kwango","zonesante":"Kenge","airesante":"Mukila","localite":"Kapuka","localitetype":"Village","source_acronym":"ESPK","date":"2023","precision_":4.3,"grid3id":"KG_91CA7998EF","territoire":"Kenge"}},{"type":"Feature","geometry":{"type":"Point","coordinates":[16.979056,-5.019247]},"properties":{"province":"Kwango","zonesante":"Kenge","airesante":"Mukila","localite":"Mukambu","localitetype":"Village","source_acronym":"ESPK","date":"2023","precision_":3.9,"grid3id":"KG_FD246E287C","territoire":"Kenge"}},{"type":"Feature","geometry":{"type":"Point","coordinates":[17.180764,-5.224386]},"properties":{"province":"Kwango","zonesante":"Kimbao","airesante":"Mukata","localite":"Kiloki","localitetype":"Village","source_acronym":"ESPK","date":"2023","precision_":4.8,"grid3id":"KG_D4A6474022","territoire":"Kenge"}},{"type":"Feature","geometry":{"type":"Point","coordinates":[17.171971,-5.232909]},"properties":{"province":"Kwango","zonesante":"Kimbao","airesante":"Mukata","localite":"Kizolele","localitetype":"Village","source_acronym":"ESPK","date":"2023","precision_":4.6,"grid3id":"KG_18A7CF06DC","territoire":"Kenge"}},{"type":"Feature","geometry":{"type":"Point","coordinates":[17.261349,-5.131899]},"properties":{"province":"Kwango","zonesante":"Kenge","airesante":"Makiosi","localite":"Mukanza","localitetype":"Village","source_acronym":"ESPK","date":"2023","precision_":4.9,"grid3id":"KG_505D102F9B","territoire":"Kenge"}},{"type":"Feature","geometry":{"type":"Point","coordinates":[18.515695,-6.238867]},"properties":{"province":"Kwango","zonesante":"Feshi","airesante":"Kahoka","localite":"Matangu","localitetype":"Village","source_acronym":"ESPK","date":"2023","precision_":4.4,"grid3id":"KG_4C267712BE","territoire":"Feshi"}},{"type":"Feature","geometry":{"type":"Point","coordinates":[19.276052,-6.198827]},"properties":{"province":"Kwango","zonesante":"Kisanji","airesante":"Malundu","localite":"Malundu","localitetype":"Village","source_acronym":"ESPK","date":"2023","precision_":4,"grid3id":"KG_67EC4C4685","territoire":"Feshi"}},{"type":"Feature","geometry":{"type":"Point","coordinates":[19.247328,-6.203305]},"properties":{"province":"Kwango","zonesante":"Kisanji","airesante":"Malundu","localite":"Kakunda","localitetype":"Village","source_acronym":"ESPK","date":"2023","precision_":4.8,"grid3id":"KG_66D399FE89","territoire":"Feshi"}},{"type":"Feature","geometry":{"type":"Point","coordinates":[17.259305,-5.08707]},"properties":{"province":"Kwango","zonesante":"Kenge","airesante":"Makiosi","localite":"Makiosi","localitetype":"Village","source_acronym":"ESPK","date":"2023","precision_":4.9,"grid3id":"KG_272D67D127","territoire":"Kenge"}},{"type":"Feature","geometry":{"type":"Point","coordinates":[18.543863,-6.028267]},"properties":{"province":"Kwango","zonesante":"Feshi","airesante":"Mafishi","localite":"Kitaka","localitetype":"Village","source_acronym":"ESPK","date":"2023","precision_":4,"grid3id":"KG_9FFE87CA6D","territoire":"Feshi"}},{"type":"Feature","geometry":{"type":"Point","coordinates":[18.513384,-6.067907]},"properties":{"province":"Kwango","zonesante":"Feshi","airesante":"Mafishi","localite":"Falanga","localitetype":"Village","source_acronym":"ESPK","date":"2023","precision_":4.9,"grid3id":"KG_331EE074F8","territoire":"Feshi"}},{"type":"Feature","geometry":{"type":"Point","coordinates":[18.513741,-6.069297]},"properties":{"province":"Kwango","zonesante":"Feshi","airesante":"Mafishi","localite":"Kibunda","localitetype":"Village","source_acronym":"ESPK","date":"2023","precision_":4.3,"grid3id":"KG_28D5439686","territoire":"Feshi"}},{"type":"Feature","geometry":{"type":"Point","coordinates":[18.544241,-6.028051]},"properties":{"province":"Kwango","zonesante":"Feshi","airesante":"Mafishi","localite":"Falanga","localitetype":"Village","source_acronym":"ESPK","date":"2023","precision_":4.8,"grid3id":"KG_12BA459039","territoire":"Feshi"}},{"type":"Feature","geometry":{"type":"Point","coordinates":[18.28269,-6.641664]},"properties":{"province":"Kwango","zonesante":"Feshi","airesante":"Mabaya","localite":"Mutondo Uma","localitetype":"Village","source_acronym":"ESPK","date":"2023","precision_":4,"grid3id":"KG_D94BC371C4","territoire":"Feshi"}},{"type":"Feature","geometry":{"type":"Point","coordinates":[18.117706,-6.547135]},"properties":{"province":"Kwango","zonesante":"Feshi","airesante":"Mabaya","localite":"Kikudikila","localitetype":"Village","source_acronym":"ESPK","date":"2023","precision_":4.5,"grid3id":"KG_6272A138DF","territoire":"Feshi"}},{"type":"Feature","geometry":{"type":"Point","coordinates":[18.009633,-6.133053]},"properties":{"province":"Kwango","zonesante":"Feshi","airesante":"Kimbongo","localite":"Nkusu Lukula","localitetype":"Village","source_acronym":"ESPK","date":"2023","precision_":4.7,"grid3id":"KG_00ABCC71EC","territoire":"Feshi"}},{"type":"Feature","geometry":{"type":"Point","coordinates":[17.409557,-4.503916]},"properties":{"province":"Kwango","zonesante":"Kenge","airesante":"Kolokoso","localite":"Ndunga Mandeke","localitetype":"Village","source_acronym":"ESPK","date":"2023","precision_":4.8,"grid3id":"KG_02D97D2F7D","territoire":"Kenge"}},{"type":"Feature","geometry":{"type":"Point","coordinates":[16.769026,-4.885509]},"properties":{"province":"Kwango","zonesante":"Boko","airesante":"Mutombo","localite":"Kizawu","localitetype":"Village","source_acronym":"ESPK","date":"2023","precision_":4.3,"grid3id":"KG_64C31F2B77","territoire":"Kenge"}},{"type":"Feature","geometry":{"type":"Point","coordinates":[17.15573,-4.564816]},"properties":{"province":"Kwango","zonesante":"Kenge","airesante":"Gabia","localite":"Kitsimuna","localitetype":"Village","source_acronym":"ESPK","date":"2023","precision_":3.9,"grid3id":"KG_7494521FD4"}},{"type":"Feature","geometry":{"type":"Point","coordinates":[18.898148,-6.473977]},"properties":{"province":"Kwango","zonesante":"Kisanji","airesante":"Kisenda","localite":"Konginika 2","localitetype":"Village","source_acronym":"ESPK","date":"2023","precision_":4.9,"grid3id":"KG_4C02C37EFA","territoire":"Feshi"}},{"type":"Feature","geometry":{"type":"Point","coordinates":[18.898271,-6.474277]},"properties":{"province":"Kwango","zonesante":"Kisanji","airesante":"Kisenda","localite":"Konginina 2","localitetype":"Village","source_acronym":"ESPK","date":"2023","precision_":4.9,"grid3id":"KG_6387448AE7","territoire":"Feshi"}},{"type":"Feature","geometry":{"type":"Point","coordinates":[19.16062,-6.247471]},"properties":{"province":"Kwango","zonesante":"Kisanji","airesante":"Mukoso","localite":"Kaba","localitetype":"Village","source_acronym":"ESPK","date":"2023","precision_":4.8,"grid3id":"KG_50DEDC2627","territoire":"Feshi"}},{"type":"Feature","geometry":{"type":"Point","coordinates":[17.079405,-5.392869]},"properties":{"province":"Kwango","zonesante":"Kimbao","airesante":"Kindi","localite":"Ipesi","localitetype":"Village","source_acronym":"ESPK","date":"2023","precision_":4.7,"grid3id":"KG_BC99568ACF","territoire":"Kenge"}},{"type":"Feature","geometry":{"type":"Point","coordinates":[17.134126,-5.382508]},"properties":{"province":"Kwango","zonesante":"Kimbao","airesante":"Kindi","localite":"Mulopokindi","localitetype":"Village","source_acronym":"ESPK","date":"2023","precision_":4.9,"grid3id":"KG_D313AB569B","territoire":"Kenge"}},{"type":"Feature","geometry":{"type":"Point","coordinates":[18.633466,-6.326079]},"properties":{"province":"Kwango","zonesante":"Kisanji","airesante":"Kimbulu","localite":"Kimbulu","localitetype":"Village","source_acronym":"ESPK","date":"2023","precision_":4.5,"grid3id":"KG_4A00DE0D72","territoire":"Feshi"}},{"type":"Feature","geometry":{"type":"Point","coordinates":[18.631097,-6.318605]},"properties":{"province":"Kwango","zonesante":"Kisanji","airesante":"Kimbulu","localite":"Kimbulu","localitetype":"Village","source_acronym":"ESPK","date":"2023","precision_":4.3,"grid3id":"KG_9094341845","territoire":"Feshi"}},{"type":"Feature","geometry":{"type":"Point","coordinates":[18.632963,-6.325089]},"properties":{"province":"Kwango","zonesante":"Kisanji","airesante":"Kimbulu","localite":"Kapakasa","localitetype":"Village","source_acronym":"ESPK","date":"2023","precision_":3.9,"grid3id":"KG_BE7E2067B7","territoire":"Feshi"}},{"type":"Feature","geometry":{"type":"Point","coordinates":[17.991792,-6.115292]},"properties":{"province":"Kwango","zonesante":"Feshi","airesante":"Kimbongo","localite":"Lukosi","localitetype":"Village","source_acronym":"ESPK","date":"2023","precision_":4.3,"grid3id":"KG_9FC7681302","territoire":"Feshi"}},{"type":"Feature","geometry":{"type":"Point","coordinates":[18.005761,-6.137549]},"properties":{"province":"Kwango","zonesante":"Feshi","airesante":"Kimbongo","localite":"Pangala","localitetype":"Village","source_acronym":"ESPK","date":"2023","precision_":4.9,"grid3id":"KG_B23FF55C65","territoire":"Feshi"}},{"type":"Feature","geometry":{"type":"Point","coordinates":[17.998943,-6.190333]},"properties":{"province":"Kwango","zonesante":"Feshi","airesante":"Kimbongo","localite":"Nkusu Lukula","localitetype":"Village","source_acronym":"ESPK","date":"2023","precision_":4.9,"grid3id":"KG_656B3E6DE1","territoire":"Feshi"}},{"type":"Feature","geometry":{"type":"Point","coordinates":[17.998253,-6.187402]},"properties":{"province":"Kwango","zonesante":"Feshi","airesante":"Kimbongo","localite":"Kusulukula","localitetype":"Village","source_acronym":"ESPK","date":"2023","precision_":5,"grid3id":"KG_05685A84CA","territoire":"Feshi"}},{"type":"Feature","geometry":{"type":"Point","coordinates":[18.009563,-6.133085]},"properties":{"province":"Kwango","zonesante":"Feshi","airesante":"Kimbongo","localite":"Lukosi","localitetype":"Village","source_acronym":"ESPK","date":"2023","precision_":4.3,"grid3id":"KG_EF09A4EE21","territoire":"Feshi"}},{"type":"Feature","geometry":{"type":"Point","coordinates":[16.879933,-4.75733]},"properties":{"province":"Kwango","zonesante":"Boko","airesante":"Mbindanseke","localite":"Kimbinda 2","localitetype":"Village","source_acronym":"ESPK","date":"2023","precision_":4.3,"grid3id":"KG_3DAA2597B7","territoire":"Kenge"}},{"type":"Feature","geometry":{"type":"Point","coordinates":[16.914991,-4.787744]},"properties":{"province":"Kwango","zonesante":"Boko","airesante":"Mbindanseke","localite":"Kitsakala","localitetype":"Village","source_acronym":"ESPK","date":"2023","precision_":3.8,"grid3id":"KG_2BD5CC247D","territoire":"Kenge"}},{"type":"Feature","geometry":{"type":"Point","coordinates":[17.253607,-5.047333]},"properties":{"province":"Kwango","zonesante":"Kenge","airesante":"Makiosi","localite":"Kimbele","localitetype":"Village","source_acronym":"ESPK","date":"2023","precision_":4.4,"grid3id":"KG_FDC27CB003","territoire":"Kenge"}},{"type":"Feature","geometry":{"type":"Point","coordinates":[17.254005,-5.058904]},"properties":{"province":"Kwango","zonesante":"Kenge","airesante":"Makiosi","localite":"Kimbele","localitetype":"Village","source_acronym":"ESPK","date":"2023","precision_":4.7,"grid3id":"KG_13945B4349","territoire":"Kenge"}},{"type":"Feature","geometry":{"type":"Point","coordinates":[18.008186,-6.127462]},"properties":{"province":"Kwango","zonesante":"Feshi","airesante":"Kimbongo","localite":"Kifwangi","localitetype":"Village","source_acronym":"ESPK","date":"2023","precision_":3.9,"grid3id":"KG_C1182A009B","territoire":"Feshi"}},{"type":"Feature","geometry":{"type":"Point","coordinates":[17.451632,-5.122985]},"properties":{"province":"Kwango","zonesante":"Kimbao","airesante":"Kibwila","localite":"Angola","localitetype":"Village","source_acronym":"ESPK","date":"2023","precision_":4.4,"grid3id":"KG_878D64292D","territoire":"Kenge"}},{"type":"Feature","geometry":{"type":"Point","coordinates":[17.453673,-5.122242]},"properties":{"province":"Kwango","zonesante":"Kimbao","airesante":"Kibwila","localite":"Lubandu","localitetype":"Village","source_acronym":"ESPK","date":"2023","precision_":4.9,"grid3id":"KG_1D9ABAECC6","territoire":"Kenge"}},{"type":"Feature","geometry":{"type":"Point","coordinates":[17.451938,-5.122888]},"properties":{"province":"Kwango","zonesante":"Kimbao","airesante":"Kibwila","localite":"Kinzala","localitetype":"Village","source_acronym":"ESPK","date":"2023","precision_":3.9,"grid3id":"KG_6B2E7154AA","territoire":"Kenge"}},{"type":"Feature","geometry":{"type":"Point","coordinates":[18.337468,-7.935298]},"properties":{"province":"Kwango","zonesante":"Kajiji","airesante":"Kapinipini","localite":"Mwana Munawu","localitetype":"Village","source_acronym":"ESPK","date":"2023","precision_":4.3,"grid3id":"KG_D09A6C1246","territoire":"Kahemba"}},{"type":"Feature","geometry":{"type":"Point","coordinates":[18.281051,-7.944819]},"properties":{"province":"Kwango","zonesante":"Kajiji","airesante":"Kapinipini","localite":"Mwana Munawu","localitetype":"Village","source_acronym":"ESPK","date":"2023","precision_":4.3,"grid3id":"KG_3182851AD6","territoire":"Kahemba"}},{"type":"Feature","geometry":{"type":"Point","coordinates":[18.280448,-7.945278]},"properties":{"province":"Kwango","zonesante":"Kajiji","airesante":"Kapinipini","localite":"Kapinipini","localitetype":"Village","source_acronym":"ESPK","date":"2023","precision_":4.1,"grid3id":"KG_2D6B7F693A","territoire":"Kahemba"}},{"type":"Feature","geometry":{"type":"Point","coordinates":[18.904352,-7.838944]},"properties":{"province":"Kwango","zonesante":"Kahemba","airesante":"Kasasa","localite":"Kangaji","localitetype":"Village","source_acronym":"ESPK","date":"2023","precision_":4.3,"grid3id":"KG_324F037DE2","territoire":"Kahemba"}},{"type":"Feature","geometry":{"type":"Point","coordinates":[19.025541,-7.354724]},"properties":{"province":"Kwango","zonesante":"Kahemba","airesante":"Kamayala","localite":"Shatshisongo","localitetype":"Village","source_acronym":"ESPK","date":"2023","precision_":4.9,"grid3id":"KG_885D798830","territoire":"Kahemba"}},{"type":"Feature","geometry":{"type":"Point","coordinates":[19.02546,-7.355033]},"properties":{"province":"Kwango","zonesante":"Kahemba","airesante":"Kamayala","localite":"Shautale","localitetype":"Village","source_acronym":"ESPK","date":"2023","precision_":4.3,"grid3id":"KG_F6FED49205","territoire":"Kahemba"}},{"type":"Feature","geometry":{"type":"Point","coordinates":[19.00942,-7.377214]},"properties":{"province":"Kwango","zonesante":"Kahemba","airesante":"Kamayala","localite":"Tshiwahiya","localitetype":"Village","source_acronym":"ESPK","date":"2023","precision_":4.9,"grid3id":"KG_146BA6545A","territoire":"Kahemba"}},{"type":"Feature","geometry":{"type":"Point","coordinates":[19.025541,-7.354724]},"properties":{"province":"Kwango","zonesante":"Kahemba","airesante":"Kamayala","localite":"Tshiwahiya","localitetype":"Village","source_acronym":"ESPK","date":"2023","precision_":4.9,"grid3id":"KG_99700E63D6","territoire":"Kahemba"}},{"type":"Feature","geometry":{"type":"Point","coordinates":[17.462589,-5.852008]},"properties":{"province":"Kwango","zonesante":"Mwela Lembwa","airesante":"Kalenda","localite":"Mwadia Nzita","localitetype":"Village","source_acronym":"ESPK","date":"2023","precision_":4.1,"grid3id":"KG_84675155ED","territoire":"Feshi"}},{"type":"Feature","geometry":{"type":"Point","coordinates":[17.461346,-5.852208]},"properties":{"province":"Kwango","zonesante":"Mwela Lembwa","airesante":"Kalenda","localite":"Mwadianzita","localitetype":"Village","source_acronym":"ESPK","date":"2023","precision_":5,"grid3id":"KG_936415F971","territoire":"Feshi"}},{"type":"Feature","geometry":{"type":"Point","coordinates":[17.451258,-5.890959]},"properties":{"province":"Kwango","zonesante":"Mwela Lembwa","airesante":"Kalenda","localite":"Kabukulu","localitetype":"Village","source_acronym":"ESPK","date":"2023","precision_":3.9,"grid3id":"KG_467FAA4334","territoire":"Feshi"}},{"type":"Feature","geometry":{"type":"Point","coordinates":[17.461078,-5.847859]},"properties":{"province":"Kwango","zonesante":"Mwela Lembwa","airesante":"Kalenda","localite":"Seya Kidiya","localitetype":"Village","source_acronym":"ESPK","date":"2023","precision_":4.3,"grid3id":"KG_EC5459401D","territoire":"Feshi"}},{"type":"Feature","geometry":{"type":"Point","coordinates":[17.461782,-5.847754]},"properties":{"province":"Kwango","zonesante":"Mwela Lembwa","airesante":"Kalenda","localite":"Seya","localitetype":"Village","source_acronym":"ESPK","date":"2023","precision_":4.6,"grid3id":"KG_C5BCADEC14","territoire":"Feshi"}},{"type":"Feature","geometry":{"type":"Point","coordinates":[18.456892,-7.69322]},"properties":{"province":"Kwango","zonesante":"Kajiji","airesante":"Kajiji","localite":"Kambakahungu","localitetype":"Village","source_acronym":"ESPK","date":"2023","precision_":4.3,"grid3id":"KG_7E2982B108","territoire":"Kahemba"}},{"type":"Feature","geometry":{"type":"Point","coordinates":[18.456916,-7.691699]},"properties":{"province":"Kwango","zonesante":"Kajiji","airesante":"Kajiji","localite":"Kahungu","localitetype":"Village","source_acronym":"ESPK","date":"2023","precision_":4.9,"grid3id":"KG_77AB242143","territoire":"Kahemba"}},{"type":"Feature","geometry":{"type":"Point","coordinates":[18.464253,-7.70527]},"properties":{"province":"Kwango","zonesante":"Kajiji","airesante":"Kajiji","localite":"Kambakahungu","localitetype":"Village","source_acronym":"ESPK","date":"2023","precision_":4,"grid3id":"KG_7E77B37D5A","territoire":"Kahemba"}},{"type":"Feature","geometry":{"type":"Point","coordinates":[18.554529,-6.266771]},"properties":{"province":"Kwango","zonesante":"Feshi","airesante":"Kahoka","localite":"Kahoka","localitetype":"Village","source_acronym":"ESPK","date":"2023","precision_":4.3,"grid3id":"KG_DD98C95003","territoire":"Feshi"}},{"type":"Feature","geometry":{"type":"Point","coordinates":[19.253375,-7.302966]},"properties":{"province":"Kwango","zonesante":"Kahemba","airesante":"Kabongo","localite":"Shamatu","localitetype":"Village","source_acronym":"ESPK","date":"2023","precision_":3.9,"grid3id":"KG_754AF20D49","territoire":"Kahemba"}},{"type":"Feature","geometry":{"type":"Point","coordinates":[19.190635,-7.367303]},"properties":{"province":"Kwango","zonesante":"Kahemba","airesante":"Kabongo","localite":"Tshifunji","localitetype":"Village","source_acronym":"ESPK","date":"2023","precision_":4.3,"grid3id":"KG_0FD9D584B4","territoire":"Kahemba"}},{"type":"Feature","geometry":{"type":"Point","coordinates":[19.2163,-7.349185]},"properties":{"province":"Kwango","zonesante":"Kahemba","airesante":"Kabongo","localite":"Shamutu","localitetype":"Village","source_acronym":"ESPK","date":"2023","precision_":4.9,"grid3id":"KG_23182390B0","territoire":"Kahemba"}},{"type":"Feature","geometry":{"type":"Point","coordinates":[19.25313,-7.302642]},"properties":{"province":"Kwango","zonesante":"Kahemba","airesante":"Kabongo","localite":"Shamutu","localitetype":"Village","source_acronym":"ESPK","date":"2023","precision_":3.9,"grid3id":"KG_2DC0FE10C6","territoire":"Kahemba"}},{"type":"Feature","geometry":{"type":"Point","coordinates":[19.156607,-7.412564]},"properties":{"province":"Kwango","zonesante":"Kahemba","airesante":"Kabongo","localite":"Kabanga","localitetype":"Village","source_acronym":"ESPK","date":"2023","precision_":4.9,"grid3id":"KG_2136E2FC57","territoire":"Kahemba"}},{"type":"Feature","geometry":{"type":"Point","coordinates":[19.156934,-7.412843]},"properties":{"province":"Kwango","zonesante":"Kahemba","airesante":"Kabongo","localite":"Tshifundji","localitetype":"Village","source_acronym":"ESPK","date":"2023","precision_":4.8,"grid3id":"KG_40BABE452C","territoire":"Kahemba"}},{"type":"Feature","geometry":{"type":"Point","coordinates":[19.215066,-7.350299]},"properties":{"province":"Kwango","zonesante":"Kahemba","airesante":"Kabongo","localite":"Tshifunji","localitetype":"Village","source_acronym":"ESPK","date":"2023","precision_":4.5,"grid3id":"KG_964F287BAE","territoire":"Kahemba"}},{"type":"Feature","geometry":{"type":"Point","coordinates":[17.156766,-4.565648]},"properties":{"province":"Kwango","zonesante":"Kenge","airesante":"Gabia","localite":"Kitshimuna","localitetype":"Village","source_acronym":"ESPK","date":"2023","precision_":4.3,"grid3id":"KG_35269E908F","territoire":"Kenge"}},{"type":"Feature","geometry":{"type":"Point","coordinates":[18.148295,-6.126302]},"properties":{"province":"Kwango","zonesante":"Feshi","airesante":"Feshi 2","localite":"Residentiel 1","localitetype":"Village","source_acronym":"ESPK","date":"2023","precision_":4.6,"grid3id":"KG_82EFD3FEB2","territoire":"Feshi"}},{"type":"Feature","geometry":{"type":"Point","coordinates":[18.147115,-6.126514]},"properties":{"province":"Kwango","zonesante":"Feshi","airesante":"Feshi 2","localite":"Residentiel 2","localitetype":"Village","source_acronym":"ESPK","date":"2023","precision_":4.4,"grid3id":"KG_02825F91B9","territoire":"Feshi"}},{"type":"Feature","geometry":{"type":"Point","coordinates":[18.146931,-6.126686]},"properties":{"province":"Kwango","zonesante":"Feshi","airesante":"Feshi 2","localite":"Kanungu","localitetype":"Village","source_acronym":"ESPK","date":"2023","precision_":4.9,"grid3id":"KG_1DF140B3EC","territoire":"Feshi"}},{"type":"Feature","geometry":{"type":"Point","coordinates":[18.153739,-6.131278]},"properties":{"province":"Kwango","zonesante":"Feshi","airesante":"Feshi 2","localite":"Residentiel 3","localitetype":"Village","source_acronym":"ESPK","date":"2023","precision_":4.6,"grid3id":"KG_236D5E6DC7","territoire":"Feshi"}},{"type":"Feature","geometry":{"type":"Point","coordinates":[18.873992,-6.365734]},"properties":{"province":"Kwango","zonesante":"Kisanji","airesante":"Kisenda","localite":"Fadina","localitetype":"Village","source_acronym":"ESPK","date":"2023","precision_":4.3,"grid3id":"KG_0F69521E39","territoire":"Feshi"}},{"type":"Feature","geometry":{"type":"Point","coordinates":[18.873937,-6.365908]},"properties":{"province":"Kwango","zonesante":"Kisanji","airesante":"Kisenda","localite":"Frida","localitetype":"Village","source_acronym":"ESPK","date":"2023","precision_":4.9,"grid3id":"KG_502BFDAC75","territoire":"Feshi"}},{"type":"Feature","geometry":{"type":"Point","coordinates":[17.202256,-7.341658]},"properties":{"province":"Kwango","zonesante":"Tembo","airesante":"Swamasangu","localite":"Kanimba","localitetype":"Village","source_acronym":"ESPK","date":"2023","precision_":4.7,"grid3id":"KG_6545536D69","territoire":"Kasongo-Lunda"}},{"type":"Feature","geometry":{"type":"Point","coordinates":[18.013611,-7.97066]},"properties":{"province":"Kwango","zonesante":"Kajiji","airesante":"Shamatahu","localite":"Mbongolo","localitetype":"Village","source_acronym":"ESPK","date":"2023","precision_":4,"grid3id":"KG_46FF63D5A6","territoire":"Kahemba"}},{"type":"Feature","geometry":{"type":"Point","coordinates":[17.92427,-7.903965]},"properties":{"province":"Kwango","zonesante":"Kajiji","airesante":"Shamatahu","localite":"Katshungu","localitetype":"Village","source_acronym":"ESPK","date":"2023","precision_":4.3,"grid3id":"KG_3CE860857C","territoire":"Kahemba"}},{"type":"Feature","geometry":{"type":"Point","coordinates":[17.920171,-7.894587]},"properties":{"province":"Kwango","zonesante":"Kajiji","airesante":"Shamatahu","localite":"Katshungu","localitetype":"Village","source_acronym":"ESPK","date":"2023","precision_":4.7,"grid3id":"KG_8A57567974","territoire":"Kahemba"}},{"type":"Feature","geometry":{"type":"Point","coordinates":[17.924441,-7.90453]},"properties":{"province":"Kwango","zonesante":"Kajiji","airesante":"Shamatahu","localite":"Kalandula","localitetype":"Village","source_acronym":"ESPK","date":"2023","precision_":4.6,"grid3id":"KG_1E41B3A70E","territoire":"Kahemba"}},{"type":"Feature","geometry":{"type":"Point","coordinates":[18.858447,-7.430801]},"properties":{"province":"Kwango","zonesante":"Kajiji","airesante":"Mwakatende","localite":"Muhombo","localitetype":"Village","source_acronym":"ESPK","date":"2023","precision_":4.8,"grid3id":"KG_D9B13C7148","territoire":"Kahemba"}},{"type":"Feature","geometry":{"type":"Point","coordinates":[16.809899,-4.885739]},"properties":{"province":"Kwango","zonesante":"Boko","airesante":"Mutombo","localite":"Itatana","localitetype":"Village","source_acronym":"ESPK","date":"2023","precision_":4.5,"grid3id":"KG_BE3FC644DD","territoire":"Kenge"}},{"type":"Feature","geometry":{"type":"Point","coordinates":[18.636133,-7.848892]},"properties":{"province":"Kwango","zonesante":"Kajiji","airesante":"Mutetami","localite":"Mutetami 2","localitetype":"Village","source_acronym":"ESPK","date":"2023","precision_":4.6,"grid3id":"KG_C537F74E26","territoire":"Kahemba"}},{"type":"Feature","geometry":{"type":"Point","coordinates":[18.782541,-7.872677]},"properties":{"province":"Kwango","zonesante":"Kajiji","airesante":"Mutetami","localite":"Mwasenge","localitetype":"Village","source_acronym":"ESPK","date":"2023","precision_":4.6,"grid3id":"KG_5BB0102B6F","territoire":"Kahemba"}},{"type":"Feature","geometry":{"type":"Point","coordinates":[18.606517,-7.831199]},"properties":{"province":"Kwango","zonesante":"Kajiji","airesante":"Mutetami","localite":"Mutshama","localitetype":"Village","source_acronym":"ESPK","date":"2023","precision_":4.7,"grid3id":"KG_853D83418A","territoire":"Kahemba"}},{"type":"Feature","geometry":{"type":"Point","coordinates":[17.02158,-5.04059]},"properties":{"province":"Kwango","zonesante":"Kenge","airesante":"Mukila","localite":"Kapuku","localitetype":"Village","source_acronym":"ESPK","date":"2023","precision_":4.7,"grid3id":"KG_6E181D0497","territoire":"Kenge"}},{"type":"Feature","geometry":{"type":"Point","coordinates":[17.002908,-5.02828]},"properties":{"province":"Kwango","zonesante":"Kenge","airesante":"Mukila","localite":"Mbuya Kiluwa","localitetype":"Village","source_acronym":"ESPK","date":"2023","precision_":4.4,"grid3id":"KG_96AEA4532D","territoire":"Kenge"}},{"type":"Feature","geometry":{"type":"Point","coordinates":[17.003178,-5.027426]},"properties":{"province":"Kwango","zonesante":"Kenge","airesante":"Mukila","localite":"Kitatankatu 2","localitetype":"Village","source_acronym":"ESPK","date":"2023","precision_":3.9,"grid3id":"KG_A66765CFE4","territoire":"Kenge"}},{"type":"Feature","geometry":{"type":"Point","coordinates":[16.999805,-5.023737]},"properties":{"province":"Kwango","zonesante":"Kenge","airesante":"Mukila","localite":"Kitatankatu 1","localitetype":"Village","source_acronym":"ESPK","date":"2023","precision_":5,"grid3id":"KG_34C2B385CC","territoire":"Kenge"}},{"type":"Feature","geometry":{"type":"Point","coordinates":[17.211043,-5.984747]},"properties":{"province":"Kwango","zonesante":"Wamba Lwadi","airesante":"Mwaku Yala","localite":"Malafu","localitetype":"Village","source_acronym":"ESPK","date":"2023","precision_":4.3,"grid3id":"KG_5DCADA1621","territoire":"Kasongo-Lunda"}},{"type":"Feature","geometry":{"type":"Point","coordinates":[17.416873,-6.311061]},"properties":{"province":"Kwango","zonesante":"Wamba Lwadi","airesante":"Mawanga","localite":"Kisangani","localitetype":"Village","source_acronym":"ESPK","date":"2023","precision_":4.7,"grid3id":"KG_4976B42D2A","territoire":"Kasongo-Lunda"}},{"type":"Feature","geometry":{"type":"Point","coordinates":[18.62223,-6.177236]},"properties":{"province":"Kwango","zonesante":"Feshi","airesante":"Mafishi","localite":"Kabinga","localitetype":"Village","source_acronym":"ESPK","date":"2023","precision_":4.9,"grid3id":"KG_22BA9021EA","territoire":"Feshi"}},{"type":"Feature","geometry":{"type":"Point","coordinates":[18.612331,-6.098211]},"properties":{"province":"Kwango","zonesante":"Feshi","airesante":"Mafishi","localite":"Mulopo","localitetype":"Village","source_acronym":"ESPK","date":"2023","precision_":4.6,"grid3id":"KG_5FF8D51C69","territoire":"Feshi"}},{"type":"Feature","geometry":{"type":"Point","coordinates":[18.613533,-6.098415]},"properties":{"province":"Kwango","zonesante":"Feshi","airesante":"Mafishi","localite":"Mafishi","localitetype":"Village","source_acronym":"ESPK","date":"2023","precision_":4.8,"grid3id":"KG_A16CBA9F34","territoire":"Feshi"}},{"type":"Feature","geometry":{"type":"Point","coordinates":[18.158966,-6.62819]},"properties":{"province":"Kwango","zonesante":"Feshi","airesante":"Mabaya","localite":"Shapumbu","localitetype":"Village","source_acronym":"ESPK","date":"2023","precision_":4.5,"grid3id":"KG_6B14CC8816","territoire":"Feshi"}},{"type":"Feature","geometry":{"type":"Point","coordinates":[18.125983,-6.560552]},"properties":{"province":"Kwango","zonesante":"Feshi","airesante":"Mabaya","localite":"Mabaya","localitetype":"Village","source_acronym":"ESPK","date":"2023","precision_":4.9,"grid3id":"KG_5432F3E32C","territoire":"Feshi"}},{"type":"Feature","geometry":{"type":"Point","coordinates":[17.414285,-4.463374]},"properties":{"province":"Kwango","zonesante":"Kenge","airesante":"Kolokoso","localite":"Musala","localitetype":"Village","source_acronym":"ESPK","date":"2023","precision_":4.8,"grid3id":"KG_B148A1E650","territoire":"Kenge"}},{"type":"Feature","geometry":{"type":"Point","coordinates":[17.40908,-4.504162]},"properties":{"province":"Kwango","zonesante":"Kenge","airesante":"Kolokoso","localite":"Mbonga Kasesi","localitetype":"Village","source_acronym":"ESPK","date":"2023","precision_":4.6,"grid3id":"KG_095D25D8E3","territoire":"Kenge"}},{"type":"Feature","geometry":{"type":"Point","coordinates":[17.409019,-4.50393]},"properties":{"province":"Kwango","zonesante":"Kenge","airesante":"Kolokoso","localite":"Musala","localitetype":"Village","source_acronym":"ESPK","date":"2023","precision_":4.9,"grid3id":"KG_EF7B7D6268","territoire":"Kenge"}},{"type":"Feature","geometry":{"type":"Point","coordinates":[17.277304,-6.631699]},"properties":{"province":"Kwango","zonesante":"Wamba Lwadi","airesante":"Kingulu","localite":"Kanimbu Nteba","localitetype":"Village","source_acronym":"ESPK","date":"2023","precision_":3.4,"grid3id":"KG_01EC5A6A62","territoire":"Kasongo-Lunda"}},{"type":"Feature","geometry":{"type":"Point","coordinates":[17.250857,-6.635257]},"properties":{"province":"Kwango","zonesante":"Wamba Lwadi","airesante":"Kingulu","localite":"Kitsakala","localitetype":"Village","source_acronym":"ESPK","date":"2023","precision_":4.7,"grid3id":"KG_A1FB29BE63","territoire":"Kasongo-Lunda"}},{"type":"Feature","geometry":{"type":"Point","coordinates":[17.216219,-6.622332]},"properties":{"province":"Kwango","zonesante":"Wamba Lwadi","airesante":"Kingulu","localite":"Kitsakala","localitetype":"Village","source_acronym":"ESPK","date":"2023","precision_":3.8,"grid3id":"KG_E21D6E40FB","territoire":"Kasongo-Lunda"}},{"type":"Feature","geometry":{"type":"Point","coordinates":[17.26815,-6.631711]},"properties":{"province":"Kwango","zonesante":"Wamba Lwadi","airesante":"Kingulu","localite":"Kanimbu Nteba","localitetype":"Village","source_acronym":"ESPK","date":"2023","precision_":4.1,"grid3id":"KG_1A106DC3CF","territoire":"Kasongo-Lunda"}},{"type":"Feature","geometry":{"type":"Point","coordinates":[18.628996,-6.319628]},"properties":{"province":"Kwango","zonesante":"Kisanji","airesante":"Kimbulu","localite":"Centre Kimbulu","localitetype":"Village","source_acronym":"ESPK","date":"2023","precision_":4.1,"grid3id":"KG_BF6C0D1538","territoire":"Feshi"}},{"type":"Feature","geometry":{"type":"Point","coordinates":[18.627919,-6.31731]},"properties":{"province":"Kwango","zonesante":"Kisanji","airesante":"Kimbulu","localite":"Mission Catholique","localitetype":"Village","source_acronym":"ESPK","date":"2023","precision_":4.3,"grid3id":"KG_0EDA58E35A","territoire":"Feshi"}},{"type":"Feature","geometry":{"type":"Point","coordinates":[18.631032,-6.318723]},"properties":{"province":"Kwango","zonesante":"Kisanji","airesante":"Kimbulu","localite":"Shakenge","localitetype":"Village","source_acronym":"ESPK","date":"2023","precision_":4.8,"grid3id":"KG_39F65527A1","territoire":"Feshi"}},{"type":"Feature","geometry":{"type":"Point","coordinates":[18.631304,-6.318467]},"properties":{"province":"Kwango","zonesante":"Kisanji","airesante":"Kimbulu","localite":"Centre","localitetype":"Village","source_acronym":"ESPK","date":"2023","precision_":3.9,"grid3id":"KG_532568D376","territoire":"Feshi"}},{"type":"Feature","geometry":{"type":"Point","coordinates":[18.009768,-6.131845]},"properties":{"province":"Kwango","zonesante":"Feshi","airesante":"Kimbongo","localite":"Kimbongo","localitetype":"Village","source_acronym":"ESPK","date":"2023","precision_":4.3,"grid3id":"KG_C1B73CC6E8","territoire":"Feshi"}},{"type":"Feature","geometry":{"type":"Point","coordinates":[18.008282,-6.123122]},"properties":{"province":"Kwango","zonesante":"Feshi","airesante":"Kimbongo","localite":"Kimbongo","localitetype":"Village","source_acronym":"ESPK","date":"2023","precision_":4.3,"grid3id":"KG_20F2DCA03E","territoire":"Feshi"}},{"type":"Feature","geometry":{"type":"Point","coordinates":[19.066878,-7.338046]},"properties":{"province":"Kwango","zonesante":"Kahemba","airesante":"Kamayala","localite":"Shakuhinduka","localitetype":"Village","source_acronym":"ESPK","date":"2023","precision_":4.6,"grid3id":"KG_87EA77EC42","territoire":"Kahemba"}},{"type":"Feature","geometry":{"type":"Point","coordinates":[19.022577,-7.350018]},"properties":{"province":"Kwango","zonesante":"Kahemba","airesante":"Kamayala","localite":"Shangulu 1","localitetype":"Village","source_acronym":"ESPK","date":"2023","precision_":4.1,"grid3id":"KG_4BE05345FE","territoire":"Kahemba"}},{"type":"Feature","geometry":{"type":"Point","coordinates":[19.025735,-7.349241]},"properties":{"province":"Kwango","zonesante":"Kahemba","airesante":"Kamayala","localite":"Shangulu 2","localitetype":"Village","source_acronym":"ESPK","date":"2023","precision_":3.9,"grid3id":"KG_AC09E4952E","territoire":"Kahemba"}},{"type":"Feature","geometry":{"type":"Point","coordinates":[19.066563,-7.338301]},"properties":{"province":"Kwango","zonesante":"Kahemba","airesante":"Kamayala","localite":"Shakuhindula","localitetype":"Village","source_acronym":"ESPK","date":"2023","precision_":4.3,"grid3id":"KG_10FC281E4E","territoire":"Kahemba"}},{"type":"Feature","geometry":{"type":"Point","coordinates":[19.070315,-7.336961]},"properties":{"province":"Kwango","zonesante":"Kahemba","airesante":"Kamayala","localite":"Shakuhindula","localitetype":"Village","source_acronym":"ESPK","date":"2023","precision_":4.9,"grid3id":"KG_01B30DC219","territoire":"Kahemba"}},{"type":"Feature","geometry":{"type":"Point","coordinates":[19.022401,-7.349919]},"properties":{"province":"Kwango","zonesante":"Kahemba","airesante":"Kamayala","localite":"Shakuhinduka","localitetype":"Village","source_acronym":"ESPK","date":"2023","precision_":4.3,"grid3id":"KG_C67FB0BAD5","territoire":"Kahemba"}},{"type":"Feature","geometry":{"type":"Point","coordinates":[17.71026,-8.058349]},"properties":{"province":"Kwango","zonesante":"Tembo","airesante":"Kahungula","localite":"Manzasi","localitetype":"Village","source_acronym":"ESPK","date":"2023","precision_":3.9,"grid3id":"KG_4BFAD22D7F","territoire":"Kasongo-Lunda"}},{"type":"Feature","geometry":{"type":"Point","coordinates":[17.708281,-8.068304]},"properties":{"province":"Kwango","zonesante":"Tembo","airesante":"Kahungula","localite":"Kivunda","localitetype":"Village","source_acronym":"ESPK","date":"2023","precision_":4.6,"grid3id":"KG_E7DA798882","territoire":"Kasongo-Lunda"}},{"type":"Feature","geometry":{"type":"Point","coordinates":[17.708323,-8.061809]},"properties":{"province":"Kwango","zonesante":"Tembo","airesante":"Kahungula","localite":"Kahungulu 2","localitetype":"Village","source_acronym":"ESPK","date":"2023","precision_":4.9,"grid3id":"KG_59513880B4","territoire":"Kasongo-Lunda"}},{"type":"Feature","geometry":{"type":"Point","coordinates":[17.707913,-8.061155]},"properties":{"province":"Kwango","zonesante":"Tembo","airesante":"Kahungula","localite":"Bety Ntandala","localitetype":"Village","source_acronym":"ESPK","date":"2023","precision_":4.9,"grid3id":"KG_4ADA6145C1","territoire":"Kasongo-Lunda"}},{"type":"Feature","geometry":{"type":"Point","coordinates":[17.135411,-7.387795]},"properties":{"province":"Kwango","zonesante":"Tembo","airesante":"Swamasangu","localite":"Kinana","localitetype":"Village","source_acronym":"ESPK","date":"2023","precision_":4.3,"grid3id":"KG_D6C6073F98","territoire":"Kasongo-Lunda"}},{"type":"Feature","geometry":{"type":"Point","coordinates":[17.480075,-7.066672]},"properties":{"province":"Kwango","zonesante":"Kitenda","airesante":"Mazembe","localite":"Swamutombo Complete A Mbangi","localitetype":"Village","source_acronym":"ESPK","date":"2023","precision_":4.6,"grid3id":"KG_874CA921B5","territoire":"Kasongo-Lunda"}},{"type":"Feature","geometry":{"type":"Point","coordinates":[17.376812,-5.845446]},"properties":{"province":"Kwango","zonesante":"Mwela Lembwa","airesante":"Tsakala Kuku","localite":"Bukaluba","localitetype":"Village","source_acronym":"ESPK","date":"2023","precision_":4.7,"grid3id":"KG_E57769BB1D","territoire":"Feshi"}},{"type":"Feature","geometry":{"type":"Point","coordinates":[17.358961,-5.839398]},"properties":{"province":"Kwango","zonesante":"Mwela Lembwa","airesante":"Tsakala Kuku","localite":"Yanga Makelele","localitetype":"Village","source_acronym":"ESPK","date":"2023","precision_":4.9,"grid3id":"KG_94A9B12418","territoire":"Feshi"}},{"type":"Feature","geometry":{"type":"Point","coordinates":[17.358814,-5.838632]},"properties":{"province":"Kwango","zonesante":"Mwela Lembwa","airesante":"Tsakala Kuku","localite":"Yanga","localitetype":"Village","source_acronym":"ESPK","date":"2023","precision_":4.9,"grid3id":"KG_E7D9FBE9EF","territoire":"Feshi"}},{"type":"Feature","geometry":{"type":"Point","coordinates":[17.375986,-5.845217]},"properties":{"province":"Kwango","zonesante":"Mwela Lembwa","airesante":"Tsakala Kuku","localite":"Yanga","localitetype":"Village","source_acronym":"ESPK","date":"2023","precision_":4.9,"grid3id":"KG_DFAFF9D6F5","territoire":"Feshi"}},{"type":"Feature","geometry":{"type":"Point","coordinates":[17.386929,-5.857952]},"properties":{"province":"Kwango","zonesante":"Mwela Lembwa","airesante":"Tsakala Kuku","localite":"Mushindu","localitetype":"Village","source_acronym":"ESPK","date":"2023","precision_":4.6,"grid3id":"KG_6C1A0610DC","territoire":"Feshi"}},{"type":"Feature","geometry":{"type":"Point","coordinates":[17.373786,-5.845178]},"properties":{"province":"Kwango","zonesante":"Mwela Lembwa","airesante":"Tsakala Kuku","localite":"Tsakala Kuku","localitetype":"Village","source_acronym":"ESPK","date":"2023","precision_":4.9,"grid3id":"KG_63E09B27E2","territoire":"Feshi"}},{"type":"Feature","geometry":{"type":"Point","coordinates":[17.37638,-5.845395]},"properties":{"province":"Kwango","zonesante":"Mwela Lembwa","airesante":"Tsakala Kuku","localite":"Tsakala Nkuku","localitetype":"Village","source_acronym":"ESPK","date":"2023","precision_":4.7,"grid3id":"KG_2F6948FCF4","territoire":"Feshi"}},{"type":"Feature","geometry":{"type":"Point","coordinates":[17.388078,-5.857572]},"properties":{"province":"Kwango","zonesante":"Mwela Lembwa","airesante":"Tsakala Kuku","localite":"Lumina","localitetype":"Village","source_acronym":"ESPK","date":"2023","precision_":4.9,"grid3id":"KG_B64007A16E","territoire":"Feshi"}},{"type":"Feature","geometry":{"type":"Point","coordinates":[17.437369,-7.759147]},"properties":{"province":"Kwango","zonesante":"Tembo","airesante":"Ngombetumba","localite":"Salabisala","localitetype":"Village","source_acronym":"ESPK","date":"2023","precision_":4.9,"grid3id":"KG_9104B3D22C","territoire":"Kasongo-Lunda"}},{"type":"Feature","geometry":{"type":"Point","coordinates":[17.426796,-7.732529]},"properties":{"province":"Kwango","zonesante":"Tembo","airesante":"Ngombetumba","localite":"Mukoso","localitetype":"Village","source_acronym":"ESPK","date":"2023","precision_":4.6,"grid3id":"KG_5117074B2F","territoire":"Kasongo-Lunda"}},{"type":"Feature","geometry":{"type":"Point","coordinates":[17.475373,-7.80598]},"properties":{"province":"Kwango","zonesante":"Tembo","airesante":"Ngombetumba","localite":"Talamatunga","localitetype":"Village","source_acronym":"ESPK","date":"2023","precision_":4.5,"grid3id":"KG_459ED887F1","territoire":"Kasongo-Lunda"}},{"type":"Feature","geometry":{"type":"Point","coordinates":[17.427646,-7.732542]},"properties":{"province":"Kwango","zonesante":"Tembo","airesante":"Ngombetumba","localite":"Talamatunga","localitetype":"Village","source_acronym":"ESPK","date":"2023","precision_":4.5,"grid3id":"KG_9F92077C17","territoire":"Kasongo-Lunda"}},{"type":"Feature","geometry":{"type":"Point","coordinates":[17.437525,-7.760055]},"properties":{"province":"Kwango","zonesante":"Tembo","airesante":"Ngombetumba","localite":"Mwinikasenzi","localitetype":"Village","source_acronym":"ESPK","date":"2023","precision_":4.4,"grid3id":"KG_BF2C5D5EB8","territoire":"Kasongo-Lunda"}},{"type":"Feature","geometry":{"type":"Point","coordinates":[17.427339,-7.731719]},"properties":{"province":"Kwango","zonesante":"Tembo","airesante":"Ngombetumba","localite":"Nkoko Mamba","localitetype":"Village","source_acronym":"ESPK","date":"2023","precision_":4.5,"grid3id":"KG_3584093E51","territoire":"Kasongo-Lunda"}},{"type":"Feature","geometry":{"type":"Point","coordinates":[17.438356,-7.759204]},"properties":{"province":"Kwango","zonesante":"Tembo","airesante":"Ngombetumba","localite":"Nkoko Mamba","localitetype":"Village","source_acronym":"ESPK","date":"2023","precision_":3.9,"grid3id":"KG_03D19AF760","territoire":"Kasongo-Lunda"}},{"type":"Feature","geometry":{"type":"Point","coordinates":[17.435959,-7.759301]},"properties":{"province":"Kwango","zonesante":"Tembo","airesante":"Ngombetumba","localite":"Mayimbi","localitetype":"Village","source_acronym":"ESPK","date":"2023","precision_":4,"grid3id":"KG_18AD6072A3","territoire":"Kasongo-Lunda"}},{"type":"Feature","geometry":{"type":"Point","coordinates":[17.426749,-7.732007]},"properties":{"province":"Kwango","zonesante":"Tembo","airesante":"Ngombetumba","localite":"Makoso","localitetype":"Village","source_acronym":"ESPK","date":"2023","precision_":4.2,"grid3id":"KG_8DD94FB031","territoire":"Kasongo-Lunda"}},{"type":"Feature","geometry":{"type":"Point","coordinates":[17.13451,-7.384743]},"properties":{"province":"Kwango","zonesante":"Tembo","airesante":"Swamasangu","localite":"Mabangu","localitetype":"Village","source_acronym":"ESPK","date":"2023","precision_":4.3,"grid3id":"KG_A11844CA89","territoire":"Kasongo-Lunda"}},{"type":"Feature","geometry":{"type":"Point","coordinates":[17.219332,-7.35401]},"properties":{"province":"Kwango","zonesante":"Tembo","airesante":"Swamasangu","localite":"Swamasangu","localitetype":"Village","source_acronym":"ESPK","date":"2023","precision_":4.2,"grid3id":"KG_43E9A569DA","territoire":"Kasongo-Lunda"}},{"type":"Feature","geometry":{"type":"Point","coordinates":[17.038419,-4.82252]},"properties":{"province":"Kwango","zonesante":"Kenge","airesante":"CBCO","localite":"Quaŕtier Residentiel","localitetype":"Village","source_acronym":"ESPK","date":"2023","precision_":4.6,"grid3id":"KG_BD5A7E6C9C","territoire":"Kenge"}},{"type":"Feature","geometry":{"type":"Point","coordinates":[17.980899,-7.97865]},"properties":{"province":"Kwango","zonesante":"Kajiji","airesante":"Shamatahu","localite":"Kahungula 2","localitetype":"Village","source_acronym":"ESPK","date":"2023","precision_":3.9,"grid3id":"KG_C7EDDB310F","territoire":"Kahemba"}},{"type":"Feature","geometry":{"type":"Point","coordinates":[18.953168,-7.967167]},"properties":{"province":"Kwango","zonesante":"Kahemba","airesante":"Kasasa","localite":"Shakasumbi","localitetype":"Village","source_acronym":"ESPK","date":"2023","precision_":4.7,"grid3id":"KG_33C1B6E8E4","territoire":"Kahemba"}},{"type":"Feature","geometry":{"type":"Point","coordinates":[17.175728,-5.838446]},"properties":{"province":"Kwango","zonesante":"Kimbao","airesante":"Lukuni Wamba","localite":"Mayoyi","localitetype":"Village","source_acronym":"ESPK","date":"2023","precision_":4.3,"grid3id":"KG_22AF71E3EC","territoire":"Kenge"}},{"type":"Feature","geometry":{"type":"Point","coordinates":[18.043759,-7.972184]},"properties":{"province":"Kwango","zonesante":"Kajiji","airesante":"Shamatahu","localite":"Mbongolo","localitetype":"Village","source_acronym":"ESPK","date":"2023","precision_":4.6,"grid3id":"KG_4DC02C8760","territoire":"Kahemba"}},{"type":"Feature","geometry":{"type":"Point","coordinates":[19.213059,-6.391738]},"properties":{"province":"Kwango","zonesante":"Kisanji","airesante":"Ngoma","localite":"Kabata","localitetype":"Village","source_acronym":"ESPK","date":"2023","precision_":3.9,"grid3id":"KG_3185847432","territoire":"Feshi"}},{"type":"Feature","geometry":{"type":"Point","coordinates":[19.214885,-6.384834]},"properties":{"province":"Kwango","zonesante":"Kisanji","airesante":"Ngoma","localite":"Katanga","localitetype":"Village","source_acronym":"ESPK","date":"2023","precision_":4.6,"grid3id":"KG_731AC613FE","territoire":"Feshi"}},{"type":"Feature","geometry":{"type":"Point","coordinates":[19.208926,-6.391147]},"properties":{"province":"Kwango","zonesante":"Kisanji","airesante":"Ngoma","localite":"Kasanji","localitetype":"Village","source_acronym":"ESPK","date":"2023","precision_":3.9,"grid3id":"KG_45E0F33C0A","territoire":"Feshi"}},{"type":"Feature","geometry":{"type":"Point","coordinates":[17.763705,-6.331707]},"properties":{"province":"Kwango","zonesante":"Mwela Lembwa","airesante":"Mwana Basila","localite":"Bangukati","localitetype":"Village","source_acronym":"ESPK","date":"2023","precision_":3.9,"grid3id":"KG_46D95A96B3","territoire":"Feshi"}},{"type":"Feature","geometry":{"type":"Point","coordinates":[17.742297,-6.135935]},"properties":{"province":"Kwango","zonesante":"Mwela Lembwa","airesante":"Mwana Basila","localite":"Mpanda Zengi","localitetype":"Village","source_acronym":"ESPK","date":"2023","precision_":4.5,"grid3id":"KG_12E667CDC9","territoire":"Feshi"}},{"type":"Feature","geometry":{"type":"Point","coordinates":[17.739748,-6.136952]},"properties":{"province":"Kwango","zonesante":"Mwela Lembwa","airesante":"Mwana Basila","localite":"Mwana Basila","localitetype":"Village","source_acronym":"ESPK","date":"2023","precision_":4.8,"grid3id":"KG_5294951A38","territoire":"Feshi"}},{"type":"Feature","geometry":{"type":"Point","coordinates":[17.751574,-6.143516]},"properties":{"province":"Kwango","zonesante":"Mwela Lembwa","airesante":"Mwana Basila","localite":"Mulopo Mwanda","localitetype":"Village","source_acronym":"ESPK","date":"2023","precision_":4.6,"grid3id":"KG_175F1DC778","territoire":"Feshi"}},{"type":"Feature","geometry":{"type":"Point","coordinates":[17.732312,-6.174588]},"properties":{"province":"Kwango","zonesante":"Mwela Lembwa","airesante":"Mwana Basila","localite":"Kamba Manzasi","localitetype":"Village","source_acronym":"ESPK","date":"2023","precision_":4.5,"grid3id":"KG_3768C2E860","territoire":"Feshi"}},{"type":"Feature","geometry":{"type":"Point","coordinates":[17.751777,-6.14441]},"properties":{"province":"Kwango","zonesante":"Mwela Lembwa","airesante":"Mwana Basila","localite":"Mwana Basila","localitetype":"Village","source_acronym":"ESPK","date":"2023","precision_":4.8,"grid3id":"KG_B319BB5F51","territoire":"Feshi"}},{"type":"Feature","geometry":{"type":"Point","coordinates":[17.732409,-6.174991]},"properties":{"province":"Kwango","zonesante":"Mwela Lembwa","airesante":"Mwana Basila","localite":"Mwanza Kwanza","localitetype":"Village","source_acronym":"ESPK","date":"2023","precision_":4.3,"grid3id":"KG_A2DFB1AD91","territoire":"Feshi"}},{"type":"Feature","geometry":{"type":"Point","coordinates":[17.15569,-5.924629]},"properties":{"province":"Kwango","zonesante":"Wamba Lwadi","airesante":"Mwaku Yala","localite":"Inkimbi","localitetype":"Village","source_acronym":"ESPK","date":"2023","precision_":4.3,"grid3id":"KG_60FD75996D","territoire":"Kasongo-Lunda"}},{"type":"Feature","geometry":{"type":"Point","coordinates":[17.203038,-5.998296]},"properties":{"province":"Kwango","zonesante":"Wamba Lwadi","airesante":"Mwaku Yala","localite":"Mwaku Yala","localitetype":"Village","source_acronym":"ESPK","date":"2023","precision_":4.3,"grid3id":"KG_B155DA1BC9","territoire":"Kasongo-Lunda"}},{"type":"Feature","geometry":{"type":"Point","coordinates":[17.205122,-5.992659]},"properties":{"province":"Kwango","zonesante":"Wamba Lwadi","airesante":"Mwaku Yala","localite":"Inkimbi","localitetype":"Village","source_acronym":"ESPK","date":"2023","precision_":4.9,"grid3id":"KG_D5869CE440","territoire":"Kasongo-Lunda"}},{"type":"Feature","geometry":{"type":"Point","coordinates":[17.204766,-5.995465]},"properties":{"province":"Kwango","zonesante":"Wamba Lwadi","airesante":"Mwaku Yala","localite":"Mwakuyala","localitetype":"Village","source_acronym":"ESPK","date":"2023","precision_":4.8,"grid3id":"KG_81518EA356","territoire":"Kasongo-Lunda"}},{"type":"Feature","geometry":{"type":"Point","coordinates":[17.205029,-5.9798]},"properties":{"province":"Kwango","zonesante":"Wamba Lwadi","airesante":"Mwaku Yala","localite":"Muyamba","localitetype":"Village","source_acronym":"ESPK","date":"2023","precision_":4.3,"grid3id":"KG_7550522BBA","territoire":"Kasongo-Lunda"}},{"type":"Feature","geometry":{"type":"Point","coordinates":[17.183567,-5.943518]},"properties":{"province":"Kwango","zonesante":"Wamba Lwadi","airesante":"Mwaku Yala","localite":"Katanga","localitetype":"Village","source_acronym":"ESPK","date":"2023","precision_":4.2,"grid3id":"KG_802649498E","territoire":"Kasongo-Lunda"}},{"type":"Feature","geometry":{"type":"Point","coordinates":[18.855005,-7.376914]},"properties":{"province":"Kwango","zonesante":"Kajiji","airesante":"Mwakatende","localite":"Tshitshimieka","localitetype":"Village","source_acronym":"ESPK","date":"2023","precision_":4.5,"grid3id":"KG_7BF41FE123","territoire":"Kahemba"}},{"type":"Feature","geometry":{"type":"Point","coordinates":[18.855027,-7.415182]},"properties":{"province":"Kwango","zonesante":"Kajiji","airesante":"Mwakatende","localite":"Muhombo","localitetype":"Village","source_acronym":"ESPK","date":"2023","precision_":4.3,"grid3id":"KG_8FF3580C02","territoire":"Kahemba"}},{"type":"Feature","geometry":{"type":"Point","coordinates":[18.858472,-7.430647]},"properties":{"province":"Kwango","zonesante":"Kajiji","airesante":"Mwakatende","localite":"Mwakatende","localitetype":"Village","source_acronym":"ESPK","date":"2023","precision_":4.5,"grid3id":"KG_C3C2C7F26E","territoire":"Kahemba"}},{"type":"Feature","geometry":{"type":"Point","coordinates":[18.863375,-7.373279]},"properties":{"province":"Kwango","zonesante":"Kajiji","airesante":"Mwakatende","localite":"Muhombo","localitetype":"Village","source_acronym":"ESPK","date":"2023","precision_":4.6,"grid3id":"KG_516359BBDE","territoire":"Kahemba"}},{"type":"Feature","geometry":{"type":"Point","coordinates":[17.495417,-7.112669]},"properties":{"province":"Kwango","zonesante":"Kitenda","airesante":"Muyamba","localite":"Kiwondo","localitetype":"Village","source_acronym":"ESPK","date":"2023","precision_":4.3,"grid3id":"KG_6B74001C3D","territoire":"Kasongo-Lunda"}},{"type":"Feature","geometry":{"type":"Point","coordinates":[17.484124,-7.14982]},"properties":{"province":"Kwango","zonesante":"Kitenda","airesante":"Muyamba","localite":"Manona","localitetype":"Village","source_acronym":"ESPK","date":"2023","precision_":4.2,"grid3id":"KG_D2F68E4772","territoire":"Kasongo-Lunda"}},{"type":"Feature","geometry":{"type":"Point","coordinates":[17.494,-7.124373]},"properties":{"province":"Kwango","zonesante":"Kitenda","airesante":"Muyamba","localite":"Mayanzi","localitetype":"Village","source_acronym":"ESPK","date":"2023","precision_":4.5,"grid3id":"KG_620B4ACABA","territoire":"Kasongo-Lunda"}},{"type":"Feature","geometry":{"type":"Point","coordinates":[17.48563,-7.160815]},"properties":{"province":"Kwango","zonesante":"Kitenda","airesante":"Muyamba","localite":"Manona","localitetype":"Village","source_acronym":"ESPK","date":"2023","precision_":4.5,"grid3id":"KG_5250F92938","territoire":"Kasongo-Lunda"}},{"type":"Feature","geometry":{"type":"Point","coordinates":[17.494058,-7.124432]},"properties":{"province":"Kwango","zonesante":"Kitenda","airesante":"Muyamba","localite":"Mayinza","localitetype":"Village","source_acronym":"ESPK","date":"2023","precision_":4.3,"grid3id":"KG_140E950AAC","territoire":"Kasongo-Lunda"}},{"type":"Feature","geometry":{"type":"Point","coordinates":[16.769661,-4.836878]},"properties":{"province":"Kwango","zonesante":"Boko","airesante":"Mutombo","localite":"Kibanza","localitetype":"Village","source_acronym":"ESPK","date":"2023","precision_":4.2,"grid3id":"KG_12479780CC","territoire":"Kenge"}},{"type":"Feature","geometry":{"type":"Point","coordinates":[16.761013,-4.857714]},"properties":{"province":"Kwango","zonesante":"Boko","airesante":"Mutombo","localite":"Kimbongila","localitetype":"Village","source_acronym":"ESPK","date":"2023","precision_":4.8,"grid3id":"KG_4F2D4A743B","territoire":"Kenge"}},{"type":"Feature","geometry":{"type":"Point","coordinates":[16.769644,-4.885954]},"properties":{"province":"Kwango","zonesante":"Boko","airesante":"Mutombo","localite":"Luzawu","localitetype":"Village","source_acronym":"ESPK","date":"2023","precision_":4.8,"grid3id":"KG_02A40340D8","territoire":"Kenge"}},{"type":"Feature","geometry":{"type":"Point","coordinates":[16.769625,-4.886802]},"properties":{"province":"Kwango","zonesante":"Boko","airesante":"Mutombo","localite":"Luzahu","localitetype":"Village","source_acronym":"ESPK","date":"2023","precision_":4.7,"grid3id":"KG_9231B8512E","territoire":"Kenge"}},{"type":"Feature","geometry":{"type":"Point","coordinates":[16.7696,-4.836809]},"properties":{"province":"Kwango","zonesante":"Boko","airesante":"Mutombo","localite":"Kimbanza","localitetype":"Village","source_acronym":"ESPK","date":"2023","precision_":3.2,"grid3id":"KG_82657072FB","territoire":"Kenge"}},{"type":"Feature","geometry":{"type":"Point","coordinates":[16.765917,-4.881912]},"properties":{"province":"Kwango","zonesante":"Boko","airesante":"Mutombo","localite":"Bangoyi","localitetype":"Village","source_acronym":"ESPK","date":"2023","precision_":4.9,"grid3id":"KG_4B097279F8","territoire":"Kenge"}},{"type":"Feature","geometry":{"type":"Point","coordinates":[16.771791,-4.887751]},"properties":{"province":"Kwango","zonesante":"Boko","airesante":"Mutombo","localite":"Lusahu","localitetype":"Village","source_acronym":"ESPK","date":"2023","precision_":4.9,"grid3id":"KG_D430ADE48F","territoire":"Kenge"}},{"type":"Feature","geometry":{"type":"Point","coordinates":[16.770072,-4.838358]},"properties":{"province":"Kwango","zonesante":"Boko","airesante":"Mutombo","localite":"Kimbaza","localitetype":"Village","source_acronym":"ESPK","date":"2023","precision_":4,"grid3id":"KG_A482DFC9E7","territoire":"Kenge"}},{"type":"Feature","geometry":{"type":"Point","coordinates":[16.764397,-4.874206]},"properties":{"province":"Kwango","zonesante":"Boko","airesante":"Mutombo","localite":"Musokisa","localitetype":"Village","source_acronym":"ESPK","date":"2023","precision_":4.8,"grid3id":"KG_BE6FD7FA5D","territoire":"Kenge"}},{"type":"Feature","geometry":{"type":"Point","coordinates":[16.773008,-4.851438]},"properties":{"province":"Kwango","zonesante":"Boko","airesante":"Mutombo","localite":"Bangoyi","localitetype":"Village","source_acronym":"ESPK","date":"2023","precision_":4.9,"grid3id":"KG_2B26481FCF","territoire":"Kenge"}},{"type":"Feature","geometry":{"type":"Point","coordinates":[17.011742,-6.868508]},"properties":{"province":"Kwango","zonesante":"Kasongo Lunda","airesante":"Mulundu","localite":"Mankombo","localitetype":"Village","source_acronym":"ESPK","date":"2023","precision_":4.9,"grid3id":"KG_9BF51D4C77","territoire":"Kasongo-Lunda"}},{"type":"Feature","geometry":{"type":"Point","coordinates":[16.917933,-6.920325]},"properties":{"province":"Kwango","zonesante":"Kasongo Lunda","airesante":"Mulundu","localite":"Mulundu","localitetype":"Village","source_acronym":"ESPK","date":"2023","precision_":4.6,"grid3id":"KG_EE13841451"}},{"type":"Feature","geometry":{"type":"Point","coordinates":[16.997801,-6.886441]},"properties":{"province":"Kwango","zonesante":"Kasongo Lunda","airesante":"Mulundu","localite":"Lembal","localitetype":"Village","source_acronym":"ESPK","date":"2023","precision_":4.9,"grid3id":"KG_5FCF9507FF","territoire":"Kasongo-Lunda"}},{"type":"Feature","geometry":{"type":"Point","coordinates":[17.012309,-6.867933]},"properties":{"province":"Kwango","zonesante":"Kasongo Lunda","airesante":"Mulundu","localite":"Makombo","localitetype":"Village","source_acronym":"ESPK","date":"2023","precision_":4.8,"grid3id":"KG_6AA3E663BB","territoire":"Kasongo-Lunda"}},{"type":"Feature","geometry":{"type":"Point","coordinates":[19.344887,-6.677174]},"properties":{"province":"Kwango","zonesante":"Kahemba","airesante":"Bangu","localite":"Bangu","localitetype":"Village","source_acronym":"ESPK","date":"2023","precision_":3.9,"grid3id":"KG_C4F37E417F","territoire":"Kahemba"}},{"type":"Feature","geometry":{"type":"Point","coordinates":[17.286267,-6.565509]},"properties":{"province":"Kwango","zonesante":"Wamba Lwadi","airesante":"Mukumbi","localite":"St Joseph","localitetype":"Village","source_acronym":"ESPK","date":"2023","precision_":3.2,"grid3id":"KG_F434743079","territoire":"Kasongo-Lunda"}},{"type":"Feature","geometry":{"type":"Point","coordinates":[17.246551,-6.562273]},"properties":{"province":"Kwango","zonesante":"Wamba Lwadi","airesante":"Mukumbi","localite":"Zizi","localitetype":"Village","source_acronym":"ESPK","date":"2023","precision_":4.5,"grid3id":"KG_91758A2323","territoire":"Kasongo-Lunda"}},{"type":"Feature","geometry":{"type":"Point","coordinates":[17.234822,-6.589439]},"properties":{"province":"Kwango","zonesante":"Wamba Lwadi","airesante":"Mukumbi","localite":"Wongo","localitetype":"Village","source_acronym":"ESPK","date":"2023","precision_":4.9,"grid3id":"KG_2754793BFE","territoire":"Kasongo-Lunda"}},{"type":"Feature","geometry":{"type":"Point","coordinates":[17.24583,-6.563742]},"properties":{"province":"Kwango","zonesante":"Wamba Lwadi","airesante":"Mukumbi","localite":"Kinzenga","localitetype":"Village","source_acronym":"ESPK","date":"2023","precision_":4.3,"grid3id":"KG_27C5488621","territoire":"Kasongo-Lunda"}},{"type":"Feature","geometry":{"type":"Point","coordinates":[17.286503,-6.56498]},"properties":{"province":"Kwango","zonesante":"Wamba Lwadi","airesante":"Mukumbi","localite":"St Jean","localitetype":"Village","source_acronym":"ESPK","date":"2023","precision_":4.5,"grid3id":"KG_B3F1C185F9","territoire":"Kasongo-Lunda"}},{"type":"Feature","geometry":{"type":"Point","coordinates":[17.257689,-6.584358]},"properties":{"province":"Kwango","zonesante":"Wamba Lwadi","airesante":"Mukumbi","localite":"Mukumbi","localitetype":"Village","source_acronym":"ESPK","date":"2023","precision_":3.6,"grid3id":"KG_745BD7EE68","territoire":"Kasongo-Lunda"}},{"type":"Feature","geometry":{"type":"Point","coordinates":[17.184774,-5.742403]},"properties":{"province":"Kwango","zonesante":"Kimbao","airesante":"Mukulutu","localite":"Iludika","localitetype":"Village","source_acronym":"ESPK","date":"2023","precision_":4.3,"grid3id":"KG_17CDA823FB","territoire":"Kenge"}},{"type":"Feature","geometry":{"type":"Point","coordinates":[19.153755,-6.241818]},"properties":{"province":"Kwango","zonesante":"Kisanji","airesante":"Mukoso","localite":"Luwano","localitetype":"Village","source_acronym":"ESPK","date":"2023","precision_":4,"grid3id":"KG_F8853090EB","territoire":"Feshi"}},{"type":"Feature","geometry":{"type":"Point","coordinates":[19.161805,-6.250597]},"properties":{"province":"Kwango","zonesante":"Kisanji","airesante":"Mukoso","localite":"Dibaya","localitetype":"Village","source_acronym":"ESPK","date":"2023","precision_":4.6,"grid3id":"KG_BFE7C4A05A","territoire":"Feshi"}},{"type":"Feature","geometry":{"type":"Point","coordinates":[19.161782,-6.247515]},"properties":{"province":"Kwango","zonesante":"Kisanji","airesante":"Mukoso","localite":"Giangamba","localitetype":"Village","source_acronym":"ESPK","date":"2023","precision_":4.7,"grid3id":"KG_8B4726147D","territoire":"Feshi"}},{"type":"Feature","geometry":{"type":"Point","coordinates":[19.13934,-6.332318]},"properties":{"province":"Kwango","zonesante":"Kisanji","airesante":"Mukoso","localite":"Miteleji","localitetype":"Village","source_acronym":"ESPK","date":"2023","precision_":4.5,"grid3id":"KG_CEE5A9DE76","territoire":"Feshi"}},{"type":"Feature","geometry":{"type":"Point","coordinates":[19.161185,-6.248497]},"properties":{"province":"Kwango","zonesante":"Kisanji","airesante":"Mukoso","localite":"Gangiamba","localitetype":"Village","source_acronym":"ESPK","date":"2023","precision_":5,"grid3id":"KG_4FB1C5D682","territoire":"Feshi"}},{"type":"Feature","geometry":{"type":"Point","coordinates":[19.161744,-6.247532]},"properties":{"province":"Kwango","zonesante":"Kisanji","airesante":"Mukoso","localite":"Giagamba","localitetype":"Village","source_acronym":"ESPK","date":"2023","precision_":4.8,"grid3id":"KG_4838BAC1E9","territoire":"Feshi"}},{"type":"Feature","geometry":{"type":"Point","coordinates":[17.197759,-6.985351]},"properties":{"province":"Kwango","zonesante":"Kitenda","airesante":"Mukondo","localite":"Tsikamafu","localitetype":"Village","source_acronym":"ESPK","date":"2023","precision_":4.1,"grid3id":"KG_700631AB93","territoire":"Kasongo-Lunda"}},{"type":"Feature","geometry":{"type":"Point","coordinates":[17.210885,-6.987821]},"properties":{"province":"Kwango","zonesante":"Kitenda","airesante":"Mukondo","localite":"Mabanza","localitetype":"Village","source_acronym":"ESPK","date":"2023","precision_":4.9,"grid3id":"KG_1918C28536","territoire":"Kasongo-Lunda"}},{"type":"Feature","geometry":{"type":"Point","coordinates":[17.218789,-6.975323]},"properties":{"province":"Kwango","zonesante":"Kitenda","airesante":"Mukondo","localite":"Kizolele","localitetype":"Village","source_acronym":"ESPK","date":"2023","precision_":4.7,"grid3id":"KG_E948BBAA78","territoire":"Kasongo-Lunda"}},{"type":"Feature","geometry":{"type":"Point","coordinates":[17.219572,-6.974332]},"properties":{"province":"Kwango","zonesante":"Kitenda","airesante":"Mukondo","localite":"Mukondo","localitetype":"Village","source_acronym":"ESPK","date":"2023","precision_":4.7,"grid3id":"KG_438714C053","territoire":"Kasongo-Lunda"}},{"type":"Feature","geometry":{"type":"Point","coordinates":[17.185548,-5.224447]},"properties":{"province":"Kwango","zonesante":"Kimbao","airesante":"Mukata","localite":"Malunga","localitetype":"Village","source_acronym":"ESPK","date":"2023","precision_":4.3,"grid3id":"KG_3460E2A8D2","territoire":"Kenge"}},{"type":"Feature","geometry":{"type":"Point","coordinates":[17.18575,-5.224197]},"properties":{"province":"Kwango","zonesante":"Kimbao","airesante":"Mukata","localite":"Kitsulu","localitetype":"Village","source_acronym":"ESPK","date":"2023","precision_":4.7,"grid3id":"KG_9FC952C218","territoire":"Kenge"}},{"type":"Feature","geometry":{"type":"Point","coordinates":[17.185431,-5.22454]},"properties":{"province":"Kwango","zonesante":"Kimbao","airesante":"Mukata","localite":"Mukulu","localitetype":"Village","source_acronym":"ESPK","date":"2023","precision_":4.6,"grid3id":"KG_52ACF18183","territoire":"Kenge"}},{"type":"Feature","geometry":{"type":"Point","coordinates":[16.829367,-6.809512]},"properties":{"province":"Kwango","zonesante":"Kasongo Lunda","airesante":"Mulundu","localite":"Mukumbi","localitetype":"Village","source_acronym":"ESPK","date":"2023","precision_":4.3,"grid3id":"KG_6137AB953D"}},{"type":"Feature","geometry":{"type":"Point","coordinates":[16.901087,-4.779856]},"properties":{"province":"Kwango","zonesante":"Boko","airesante":"Mbindanseke","localite":"Kitsakala","localitetype":"Village","source_acronym":"ESPK","date":"2023","precision_":4.6,"grid3id":"KG_923CDED86A","territoire":"Kenge"}},{"type":"Feature","geometry":{"type":"Point","coordinates":[16.880164,-4.756815]},"properties":{"province":"Kwango","zonesante":"Boko","airesante":"Mbindanseke","localite":"Kimbinda","localitetype":"Village","source_acronym":"ESPK","date":"2023","precision_":4.6,"grid3id":"KG_98AE829478","territoire":"Kenge"}},{"type":"Feature","geometry":{"type":"Point","coordinates":[17.484343,-7.052846]},"properties":{"province":"Kwango","zonesante":"Kitenda","airesante":"Mazembe","localite":"Mazembe 2","localitetype":"Village","source_acronym":"ESPK","date":"2023","precision_":5,"grid3id":"KG_7802C243F9","territoire":"Kasongo-Lunda"}},{"type":"Feature","geometry":{"type":"Point","coordinates":[17.480049,-7.06668]},"properties":{"province":"Kwango","zonesante":"Kitenda","airesante":"Mazembe","localite":"Swa Mutombo Complete A Mbangi","localitetype":"Village","source_acronym":"ESPK","date":"2023","precision_":4.7,"grid3id":"KG_62563E46F1","territoire":"Kasongo-Lunda"}},{"type":"Feature","geometry":{"type":"Point","coordinates":[17.448479,-7.0381]},"properties":{"province":"Kwango","zonesante":"Kitenda","airesante":"Mazembe","localite":"Kibenga","localitetype":"Village","source_acronym":"ESPK","date":"2023","precision_":4.3,"grid3id":"KG_4E8215CEA3","territoire":"Kasongo-Lunda"}},{"type":"Feature","geometry":{"type":"Point","coordinates":[17.481708,-7.019028]},"properties":{"province":"Kwango","zonesante":"Kitenda","airesante":"Mazembe","localite":"Kiala","localitetype":"Village","source_acronym":"ESPK","date":"2023","precision_":3.9,"grid3id":"KG_47AC192065","territoire":"Kasongo-Lunda"}},{"type":"Feature","geometry":{"type":"Point","coordinates":[17.481368,-7.021372]},"properties":{"province":"Kwango","zonesante":"Kitenda","airesante":"Mazembe","localite":"Mbengi","localitetype":"Village","source_acronym":"ESPK","date":"2023","precision_":4.6,"grid3id":"KG_7C68DDBD21","territoire":"Kasongo-Lunda"}},{"type":"Feature","geometry":{"type":"Point","coordinates":[17.48464,-7.052164]},"properties":{"province":"Kwango","zonesante":"Kitenda","airesante":"Mazembe","localite":"Mbangi","localitetype":"Village","source_acronym":"ESPK","date":"2023","precision_":5,"grid3id":"KG_5EA0799C6E","territoire":"Kasongo-Lunda"}},{"type":"Feature","geometry":{"type":"Point","coordinates":[17.484035,-7.052996]},"properties":{"province":"Kwango","zonesante":"Kitenda","airesante":"Mazembe","localite":"Mazembe","localitetype":"Village","source_acronym":"ESPK","date":"2023","precision_":4.8,"grid3id":"KG_3F2093FDB2","territoire":"Kasongo-Lunda"}},{"type":"Feature","geometry":{"type":"Point","coordinates":[17.479959,-7.080694]},"properties":{"province":"Kwango","zonesante":"Kitenda","airesante":"Mazembe","localite":"Swa Mutombo","localitetype":"Village","source_acronym":"ESPK","date":"2023","precision_":4.9,"grid3id":"KG_783787A8C0","territoire":"Kasongo-Lunda"}},{"type":"Feature","geometry":{"type":"Point","coordinates":[17.473913,-7.039243]},"properties":{"province":"Kwango","zonesante":"Kitenda","airesante":"Mazembe","localite":"Mbengi","localitetype":"Village","source_acronym":"ESPK","date":"2023","precision_":4.9,"grid3id":"KG_D53ACB100C","territoire":"Kasongo-Lunda"}},{"type":"Feature","geometry":{"type":"Point","coordinates":[17.479923,-7.066242]},"properties":{"province":"Kwango","zonesante":"Kitenda","airesante":"Mazembe","localite":"Mbangi","localitetype":"Village","source_acronym":"ESPK","date":"2023","precision_":4.6,"grid3id":"KG_7E30A4C2AE","territoire":"Kasongo-Lunda"}},{"type":"Feature","geometry":{"type":"Point","coordinates":[17.452072,-7.168002]},"properties":{"province":"Kwango","zonesante":"Kitenda","airesante":"Muyamba","localite":"Muzimuna","localitetype":"Village","source_acronym":"ESPK","date":"2023","precision_":4.7,"grid3id":"KG_878CC0EB20","territoire":"Kasongo-Lunda"}},{"type":"Feature","geometry":{"type":"Point","coordinates":[17.466662,-7.169626]},"properties":{"province":"Kwango","zonesante":"Kitenda","airesante":"Muyamba","localite":"Mambanza","localitetype":"Village","source_acronym":"ESPK","date":"2023","precision_":4.6,"grid3id":"KG_805A9F7948","territoire":"Kasongo-Lunda"}},{"type":"Feature","geometry":{"type":"Point","coordinates":[17.41455,-6.316507]},"properties":{"province":"Kwango","zonesante":"Wamba Lwadi","airesante":"Mawanga","localite":"Quaŕtier Mafuta","localitetype":"Village","source_acronym":"ESPK","date":"2023","precision_":5,"grid3id":"KG_5673527F45","territoire":"Kasongo-Lunda"}},{"type":"Feature","geometry":{"type":"Point","coordinates":[17.505181,-6.31621]},"properties":{"province":"Kwango","zonesante":"Wamba Lwadi","airesante":"Mawanga","localite":"Mbokasika","localitetype":"Village","source_acronym":"ESPK","date":"2023","precision_":3.9,"grid3id":"KG_06C9F72592","territoire":"Kasongo-Lunda"}},{"type":"Feature","geometry":{"type":"Point","coordinates":[17.416497,-6.31792]},"properties":{"province":"Kwango","zonesante":"Wamba Lwadi","airesante":"Mawanga","localite":"Kilembe","localitetype":"Village","source_acronym":"ESPK","date":"2023","precision_":4.6,"grid3id":"KG_E5CF5A86FE","territoire":"Kasongo-Lunda"}},{"type":"Feature","geometry":{"type":"Point","coordinates":[17.442277,-6.271544]},"properties":{"province":"Kwango","zonesante":"Wamba Lwadi","airesante":"Mawanga","localite":"Mwele Puti","localitetype":"Village","source_acronym":"ESPK","date":"2023","precision_":4.6,"grid3id":"KG_B3C15E0647","territoire":"Kasongo-Lunda"}},{"type":"Feature","geometry":{"type":"Point","coordinates":[17.416664,-6.317968]},"properties":{"province":"Kwango","zonesante":"Wamba Lwadi","airesante":"Mawanga","localite":"Salongo","localitetype":"Village","source_acronym":"ESPK","date":"2023","precision_":4.3,"grid3id":"KG_2FC42C1000","territoire":"Kasongo-Lunda"}},{"type":"Feature","geometry":{"type":"Point","coordinates":[17.414459,-6.319168]},"properties":{"province":"Kwango","zonesante":"Wamba Lwadi","airesante":"Mawanga","localite":"Mafuta","localitetype":"Village","source_acronym":"ESPK","date":"2023","precision_":3.9,"grid3id":"KG_27341A6A0A","territoire":"Kasongo-Lunda"}},{"type":"Feature","geometry":{"type":"Point","coordinates":[17.41643,-6.310945]},"properties":{"province":"Kwango","zonesante":"Wamba Lwadi","airesante":"Mawanga","localite":"Quaŕtier Kisangani","localitetype":"Village","source_acronym":"ESPK","date":"2023","precision_":4.9,"grid3id":"KG_D738A45BC1","territoire":"Kasongo-Lunda"}},{"type":"Feature","geometry":{"type":"Point","coordinates":[17.650556,-6.797025]},"properties":{"province":"Kwango","zonesante":"Panzi","airesante":"Manzengele","localite":"Musela","localitetype":"Village","source_acronym":"ESPK","date":"2023","precision_":4.9,"grid3id":"KG_BD65475D51","territoire":"Kasongo-Lunda"}},{"type":"Feature","geometry":{"type":"Point","coordinates":[17.650854,-6.794257]},"properties":{"province":"Kwango","zonesante":"Panzi","airesante":"Manzengele","localite":"Kahinga","localitetype":"Village","source_acronym":"ESPK","date":"2023","precision_":4.1,"grid3id":"KG_AF8F9F34EA","territoire":"Kasongo-Lunda"}},{"type":"Feature","geometry":{"type":"Point","coordinates":[17.676212,-6.801684]},"properties":{"province":"Kwango","zonesante":"Panzi","airesante":"Manzengele","localite":"Tsakala","localitetype":"Village","source_acronym":"ESPK","date":"2023","precision_":4.5,"grid3id":"KG_A6015AC1A4","territoire":"Kasongo-Lunda"}},{"type":"Feature","geometry":{"type":"Point","coordinates":[17.647863,-6.797498]},"properties":{"province":"Kwango","zonesante":"Panzi","airesante":"Manzengele","localite":"Mwinikenge","localitetype":"Village","source_acronym":"ESPK","date":"2023","precision_":4.3,"grid3id":"KG_5F03E89EFE","territoire":"Kasongo-Lunda"}},{"type":"Feature","geometry":{"type":"Point","coordinates":[17.677883,-6.802364]},"properties":{"province":"Kwango","zonesante":"Panzi","airesante":"Manzengele","localite":"Tsalanga","localitetype":"Village","source_acronym":"ESPK","date":"2023","precision_":4.9,"grid3id":"KG_AA593D9919","territoire":"Kasongo-Lunda"}},{"type":"Feature","geometry":{"type":"Point","coordinates":[17.653207,-6.795616]},"properties":{"province":"Kwango","zonesante":"Panzi","airesante":"Manzengele","localite":"Tsakala Manzengele","localitetype":"Village","source_acronym":"ESPK","date":"2023","precision_":4.3,"grid3id":"KG_EAD65A8C2F","territoire":"Kasongo-Lunda"}},{"type":"Feature","geometry":{"type":"Point","coordinates":[17.676506,-6.801502]},"properties":{"province":"Kwango","zonesante":"Panzi","airesante":"Manzengele","localite":"Tsangala","localitetype":"Village","source_acronym":"ESPK","date":"2023","precision_":4.9,"grid3id":"KG_533CC7B82F","territoire":"Kasongo-Lunda"}},{"type":"Feature","geometry":{"type":"Point","coordinates":[17.651733,-6.796282]},"properties":{"province":"Kwango","zonesante":"Panzi","airesante":"Manzengele","localite":"Panzu Nzofo","localitetype":"Village","source_acronym":"ESPK","date":"2023","precision_":4.6,"grid3id":"KG_57BE169FCC","territoire":"Kasongo-Lunda"}},{"type":"Feature","geometry":{"type":"Point","coordinates":[17.310071,-6.283972]},"properties":{"province":"Kwango","zonesante":"Wamba Lwadi","airesante":"Manenga","localite":"Kalokoso","localitetype":"Village","source_acronym":"ESPK","date":"2023","precision_":3.9,"grid3id":"KG_C5E69A2BB5","territoire":"Kasongo-Lunda"}},{"type":"Feature","geometry":{"type":"Point","coordinates":[17.382298,-6.241856]},"properties":{"province":"Kwango","zonesante":"Wamba Lwadi","airesante":"Manenga","localite":"Emmaus","localitetype":"Village","source_acronym":"ESPK","date":"2023","precision_":4.9,"grid3id":"KG_E2B5692992","territoire":"Kasongo-Lunda"}},{"type":"Feature","geometry":{"type":"Point","coordinates":[17.382286,-6.241685]},"properties":{"province":"Kwango","zonesante":"Wamba Lwadi","airesante":"Manenga","localite":"Emaus","localitetype":"Village","source_acronym":"ESPK","date":"2023","precision_":4.7,"grid3id":"KG_20ECD88F59","territoire":"Kasongo-Lunda"}},{"type":"Feature","geometry":{"type":"Point","coordinates":[17.304503,-6.266724]},"properties":{"province":"Kwango","zonesante":"Wamba Lwadi","airesante":"Manenga","localite":"Kitati","localitetype":"Village","source_acronym":"ESPK","date":"2023","precision_":4.9,"grid3id":"KG_617EA4D9AB","territoire":"Kasongo-Lunda"}},{"type":"Feature","geometry":{"type":"Point","coordinates":[17.310498,-6.251906]},"properties":{"province":"Kwango","zonesante":"Wamba Lwadi","airesante":"Manenga","localite":"Manenga","localitetype":"Village","source_acronym":"ESPK","date":"2023","precision_":4.9,"grid3id":"KG_E7876373F7","territoire":"Kasongo-Lunda"}},{"type":"Feature","geometry":{"type":"Point","coordinates":[17.309742,-6.281793]},"properties":{"province":"Kwango","zonesante":"Wamba Lwadi","airesante":"Manenga","localite":"Matsetsi","localitetype":"Village","source_acronym":"ESPK","date":"2023","precision_":4.3,"grid3id":"KG_3D6A32F641","territoire":"Kasongo-Lunda"}},{"type":"Feature","geometry":{"type":"Point","coordinates":[17.304968,-6.26707]},"properties":{"province":"Kwango","zonesante":"Wamba Lwadi","airesante":"Manenga","localite":"Nzadi Beta","localitetype":"Village","source_acronym":"ESPK","date":"2023","precision_":4,"grid3id":"KG_55BD515D91","territoire":"Kasongo-Lunda"}},{"type":"Feature","geometry":{"type":"Point","coordinates":[17.153566,-5.871833]},"properties":{"province":"Kwango","zonesante":"Kimbao","airesante":"Lukuni Wamba","localite":"Mambanzia","localitetype":"Village","source_acronym":"ESPK","date":"2023","precision_":4.9,"grid3id":"KG_5CB2AABD7A","territoire":"Kenge"}},{"type":"Feature","geometry":{"type":"Point","coordinates":[19.266215,-6.198298]},"properties":{"province":"Kwango","zonesante":"Kisanji","airesante":"Malundu","localite":"Mulamba","localitetype":"Village","source_acronym":"ESPK","date":"2023","precision_":4.3,"grid3id":"KG_B97B03E09C","territoire":"Feshi"}},{"type":"Feature","geometry":{"type":"Point","coordinates":[19.284908,-6.195897]},"properties":{"province":"Kwango","zonesante":"Kisanji","airesante":"Malundu","localite":"Nzambi","localitetype":"Village","source_acronym":"ESPK","date":"2023","precision_":4.3,"grid3id":"KG_58B050D8E1","territoire":"Feshi"}},{"type":"Feature","geometry":{"type":"Point","coordinates":[19.290993,-6.187526]},"properties":{"province":"Kwango","zonesante":"Kisanji","airesante":"Malundu","localite":"Samba Kaminia","localitetype":"Village","source_acronym":"ESPK","date":"2023","precision_":4.1,"grid3id":"KG_BD415AA107","territoire":"Feshi"}},{"type":"Feature","geometry":{"type":"Point","coordinates":[19.244732,-6.205873]},"properties":{"province":"Kwango","zonesante":"Kisanji","airesante":"Malundu","localite":"Mwakutshi","localitetype":"Village","source_acronym":"ESPK","date":"2023","precision_":5,"grid3id":"KG_CF9201BDA7","territoire":"Feshi"}},{"type":"Feature","geometry":{"type":"Point","coordinates":[17.257176,-5.089452]},"properties":{"province":"Kwango","zonesante":"Kenge","airesante":"Makiosi","localite":"Kimwambu","localitetype":"Village","source_acronym":"ESPK","date":"2023","precision_":5,"grid3id":"KG_C5F1389781","territoire":"Kenge"}},{"type":"Feature","geometry":{"type":"Point","coordinates":[17.292284,-5.084666]},"properties":{"province":"Kwango","zonesante":"Kenge","airesante":"Makiosi","localite":"Kingwangu","localitetype":"Village","source_acronym":"ESPK","date":"2023","precision_":4.3,"grid3id":"KG_8D6E10EB58","territoire":"Kenge"}},{"type":"Feature","geometry":{"type":"Point","coordinates":[17.2499,-5.109993]},"properties":{"province":"Kwango","zonesante":"Kenge","airesante":"Makiosi","localite":"Kitswanga","localitetype":"Village","source_acronym":"ESPK","date":"2023","precision_":4.6,"grid3id":"KG_15841E78BE","territoire":"Kenge"}},{"type":"Feature","geometry":{"type":"Point","coordinates":[16.743757,-6.209594]},"properties":{"province":"Kwango","zonesante":"Kasongo Lunda","airesante":"Mahuangi","localite":"Ikwamba","localitetype":"Village","source_acronym":"ESPK","date":"2023","precision_":4.1,"grid3id":"KG_4D1DE1A91D","territoire":"Kasongo-Lunda"}},{"type":"Feature","geometry":{"type":"Point","coordinates":[16.733938,-6.181634]},"properties":{"province":"Kwango","zonesante":"Kasongo Lunda","airesante":"Mahuangi","localite":"Izimba","localitetype":"Village","source_acronym":"ESPK","date":"2023","precision_":4.8,"grid3id":"KG_422A7BF70B","territoire":"Kasongo-Lunda"}},{"type":"Feature","geometry":{"type":"Point","coordinates":[16.742808,-6.203701]},"properties":{"province":"Kwango","zonesante":"Kasongo Lunda","airesante":"Mahuangi","localite":"Mahuangi","localitetype":"Village","source_acronym":"ESPK","date":"2023","precision_":3.9,"grid3id":"KG_D0837BA01F","territoire":"Kasongo-Lunda"}},{"type":"Feature","geometry":{"type":"Point","coordinates":[16.743907,-6.205373]},"properties":{"province":"Kwango","zonesante":"Kasongo Lunda","airesante":"Mahuangi","localite":"Biekanduka","localitetype":"Village","source_acronym":"ESPK","date":"2023","precision_":4.3,"grid3id":"KG_4A5B29BE4E","territoire":"Kasongo-Lunda"}},{"type":"Feature","geometry":{"type":"Point","coordinates":[16.734182,-6.180535]},"properties":{"province":"Kwango","zonesante":"Kasongo Lunda","airesante":"Mahuangi","localite":"Mahuangi","localitetype":"Village","source_acronym":"ESPK","date":"2023","precision_":5,"grid3id":"KG_DF0B422A0F","territoire":"Kasongo-Lunda"}},{"type":"Feature","geometry":{"type":"Point","coordinates":[18.12553,-6.559034]},"properties":{"province":"Kwango","zonesante":"Feshi","airesante":"Mabaya","localite":"Kikudikila","localitetype":"Village","source_acronym":"ESPK","date":"2023","precision_":4,"grid3id":"KG_C64D160AE7","territoire":"Feshi"}},{"type":"Feature","geometry":{"type":"Point","coordinates":[16.507336,-5.588242]},"properties":{"province":"Kwango","zonesante":"Popokabaka","airesante":"Lusanga","localite":"Imbemba","localitetype":"Village","source_acronym":"ESPK","date":"2023","precision_":4.9,"grid3id":"KG_D9AF1BB2B3","territoire":"Popokabaka"}},{"type":"Feature","geometry":{"type":"Point","coordinates":[16.499901,-5.544795]},"properties":{"province":"Kwango","zonesante":"Popokabaka","airesante":"Lusanga","localite":"Lusanga","localitetype":"Village","source_acronym":"ESPK","date":"2023","precision_":3.9,"grid3id":"KG_1DAD8CA6A4","territoire":"Popokabaka"}},{"type":"Feature","geometry":{"type":"Point","coordinates":[16.51151,-5.579484]},"properties":{"province":"Kwango","zonesante":"Popokabaka","airesante":"Lusanga","localite":"Itshakala","localitetype":"Village","source_acronym":"ESPK","date":"2023","precision_":4.6,"grid3id":"KG_742F2D5087","territoire":"Popokabaka"}},{"type":"Feature","geometry":{"type":"Point","coordinates":[16.500053,-5.545018]},"properties":{"province":"Kwango","zonesante":"Popokabaka","airesante":"Lusanga","localite":"Lusanga 2","localitetype":"Village","source_acronym":"ESPK","date":"2023","precision_":4.9,"grid3id":"KG_7FE2A0C620","territoire":"Popokabaka"}},{"type":"Feature","geometry":{"type":"Point","coordinates":[16.511502,-5.579502]},"properties":{"province":"Kwango","zonesante":"Popokabaka","airesante":"Lusanga","localite":"Itsakala Wandu","localitetype":"Village","source_acronym":"ESPK","date":"2023","precision_":4.7,"grid3id":"KG_8D242B2D29","territoire":"Popokabaka"}},{"type":"Feature","geometry":{"type":"Point","coordinates":[16.541083,-5.620048]},"properties":{"province":"Kwango","zonesante":"Popokabaka","airesante":"Lusanga","localite":"Ivoka","localitetype":"Village","source_acronym":"ESPK","date":"2023","precision_":4.4,"grid3id":"KG_8AD9076AD0","territoire":"Popokabaka"}},{"type":"Feature","geometry":{"type":"Point","coordinates":[16.527777,-5.621577]},"properties":{"province":"Kwango","zonesante":"Popokabaka","airesante":"Lusanga","localite":"Ivoka","localitetype":"Village","source_acronym":"ESPK","date":"2023","precision_":4.7,"grid3id":"KG_0469E21C29","territoire":"Popokabaka"}},{"type":"Feature","geometry":{"type":"Point","coordinates":[17.172593,-5.845559]},"properties":{"province":"Kwango","zonesante":"Kimbao","airesante":"Lukuni Wamba","localite":"Ingungila","localitetype":"Village","source_acronym":"ESPK","date":"2023","precision_":4,"grid3id":"KG_D2CAEC4DE0","territoire":"Kenge"}},{"type":"Feature","geometry":{"type":"Point","coordinates":[17.207493,-5.876257]},"properties":{"province":"Kwango","zonesante":"Kimbao","airesante":"Lukuni Wamba","localite":"Ilombo","localitetype":"Village","source_acronym":"ESPK","date":"2023","precision_":4.7,"grid3id":"KG_F47BF70B23","territoire":"Kenge"}},{"type":"Feature","geometry":{"type":"Point","coordinates":[17.305646,-5.878025]},"properties":{"province":"Kwango","zonesante":"Kimbao","airesante":"Lukuni Wamba","localite":"Tsakakala Mumvidia","localitetype":"Village","source_acronym":"ESPK","date":"2023","precision_":4,"grid3id":"KG_77630735DC","territoire":"Kenge"}},{"type":"Feature","geometry":{"type":"Point","coordinates":[17.232135,-5.889392]},"properties":{"province":"Kwango","zonesante":"Kimbao","airesante":"Lukuni Wamba","localite":"Gar Tsiotsio","localitetype":"Village","source_acronym":"ESPK","date":"2023","precision_":4.8,"grid3id":"KG_27B6757036","territoire":"Kenge"}},{"type":"Feature","geometry":{"type":"Point","coordinates":[17.233485,-5.890112]},"properties":{"province":"Kwango","zonesante":"Kimbao","airesante":"Lukuni Wamba","localite":"Gar Tsiotsio","localitetype":"Village","source_acronym":"ESPK","date":"2023","precision_":4.6,"grid3id":"KG_E59094B452","territoire":"Kenge"}},{"type":"Feature","geometry":{"type":"Point","coordinates":[17.157905,-5.868252]},"properties":{"province":"Kwango","zonesante":"Kimbao","airesante":"Lukuni Wamba","localite":"Mambanzia","localitetype":"Village","source_acronym":"ESPK","date":"2023","precision_":4.5,"grid3id":"KG_70AC344CD5","territoire":"Kenge"}},{"type":"Feature","geometry":{"type":"Point","coordinates":[18.118814,-7.458507]},"properties":{"province":"Kwango","zonesante":"Panzi","airesante":"Kibunda 2","localite":"Kibunda","localitetype":"Village","source_acronym":"ESPK","date":"2023","precision_":4.4,"grid3id":"KG_C00C1B2F48","territoire":"Kasongo-Lunda"}},{"type":"Feature","geometry":{"type":"Point","coordinates":[19.008678,-6.349309]},"properties":{"province":"Kwango","zonesante":"Kisanji","airesante":"Kisenda","localite":"Mayamva","localitetype":"Village","source_acronym":"ESPK","date":"2023","precision_":4.6,"grid3id":"KG_943F5A544C","territoire":"Feshi"}},{"type":"Feature","geometry":{"type":"Point","coordinates":[18.905222,-6.336009]},"properties":{"province":"Kwango","zonesante":"Kisanji","airesante":"Kisenda","localite":"Konginina 1","localitetype":"Village","source_acronym":"ESPK","date":"2023","precision_":4.9,"grid3id":"KG_3AC93D29FE","territoire":"Feshi"}},{"type":"Feature","geometry":{"type":"Point","coordinates":[19.003971,-6.350871]},"properties":{"province":"Kwango","zonesante":"Kisanji","airesante":"Kisenda","localite":"Kambundji","localitetype":"Village","source_acronym":"ESPK","date":"2023","precision_":4.5,"grid3id":"KG_42C2F7C649","territoire":"Feshi"}},{"type":"Feature","geometry":{"type":"Point","coordinates":[17.551628,-7.976039]},"properties":{"province":"Kwango","zonesante":"Tembo","airesante":"Mawangu","localite":"Kanga Mwanza","localitetype":"Village","source_acronym":"ESPK","date":"2023","precision_":4.3,"grid3id":"KG_C06CBC0F69","territoire":"Kasongo-Lunda"}},{"type":"Feature","geometry":{"type":"Point","coordinates":[17.559238,-7.995449]},"properties":{"province":"Kwango","zonesante":"Tembo","airesante":"Mawangu","localite":"Kamesi","localitetype":"Village","source_acronym":"ESPK","date":"2023","precision_":3.9,"grid3id":"KG_D704E714CE","territoire":"Kasongo-Lunda"}},{"type":"Feature","geometry":{"type":"Point","coordinates":[17.523253,-7.949009]},"properties":{"province":"Kwango","zonesante":"Tembo","airesante":"Mawangu","localite":"Kadimbula","localitetype":"Village","source_acronym":"ESPK","date":"2023","precision_":4.9,"grid3id":"KG_B1E480F15E","territoire":"Kasongo-Lunda"}},{"type":"Feature","geometry":{"type":"Point","coordinates":[17.523509,-7.948766]},"properties":{"province":"Kwango","zonesante":"Tembo","airesante":"Mawangu","localite":"Mbaya","localitetype":"Village","source_acronym":"ESPK","date":"2023","precision_":4.7,"grid3id":"KG_DA971497C0","territoire":"Kasongo-Lunda"}},{"type":"Feature","geometry":{"type":"Point","coordinates":[17.55773,-7.995911]},"properties":{"province":"Kwango","zonesante":"Tembo","airesante":"Mawangu","localite":"Mbinga","localitetype":"Village","source_acronym":"ESPK","date":"2023","precision_":4.6,"grid3id":"KG_3B5F67873B","territoire":"Kasongo-Lunda"}},{"type":"Feature","geometry":{"type":"Point","coordinates":[17.558005,-7.995522]},"properties":{"province":"Kwango","zonesante":"Tembo","airesante":"Mawangu","localite":"Kadimbula","localitetype":"Village","source_acronym":"ESPK","date":"2023","precision_":3.9,"grid3id":"KG_AF1224DDCD","territoire":"Kasongo-Lunda"}},{"type":"Feature","geometry":{"type":"Point","coordinates":[17.560548,-7.995351]},"properties":{"province":"Kwango","zonesante":"Tembo","airesante":"Mawangu","localite":"Kisadi","localitetype":"Village","source_acronym":"ESPK","date":"2023","precision_":4.3,"grid3id":"KG_A2F726F305","territoire":"Kasongo-Lunda"}},{"type":"Feature","geometry":{"type":"Point","coordinates":[17.10949,-5.393393]},"properties":{"province":"Kwango","zonesante":"Kimbao","airesante":"Kindi","localite":"Kizolele","localitetype":"Village","source_acronym":"ESPK","date":"2023","precision_":4.5,"grid3id":"KG_62A7B5E71B","territoire":"Kenge"}},{"type":"Feature","geometry":{"type":"Point","coordinates":[17.127122,-5.420271]},"properties":{"province":"Kwango","zonesante":"Kimbao","airesante":"Kindi","localite":"Kakwambi","localitetype":"Village","source_acronym":"ESPK","date":"2023","precision_":4.4,"grid3id":"KG_500D18416E","territoire":"Kenge"}},{"type":"Feature","geometry":{"type":"Point","coordinates":[17.126716,-5.420276]},"properties":{"province":"Kwango","zonesante":"Kimbao","airesante":"Kindi","localite":"Kikwambi","localitetype":"Village","source_acronym":"ESPK","date":"2023","precision_":4.9,"grid3id":"KG_04D93AD843","territoire":"Kenge"}},{"type":"Feature","geometry":{"type":"Point","coordinates":[16.85576,-6.550764]},"properties":{"province":"Kwango","zonesante":"Kasongo Lunda","airesante":"Kimbembo","localite":"Mutuzau","localitetype":"Village","source_acronym":"ESPK","date":"2023","precision_":4.6,"grid3id":"KG_45B90E683C","territoire":"Kasongo-Lunda"}},{"type":"Feature","geometry":{"type":"Point","coordinates":[16.84046,-6.590763]},"properties":{"province":"Kwango","zonesante":"Kasongo Lunda","airesante":"Kimbembo","localite":"Mutuzau","localitetype":"Village","source_acronym":"ESPK","date":"2023","precision_":4.8,"grid3id":"KG_2AAA85E01F","territoire":"Kasongo-Lunda"}},{"type":"Feature","geometry":{"type":"Point","coordinates":[17.044714,-4.819184]},"properties":{"province":"Kwango","zonesante":"Kenge","airesante":"CBCO","localite":"Epom","localitetype":"Village","source_acronym":"ESPK","date":"2023","precision_":4.6,"grid3id":"KG_00F8FBAEA9","territoire":"Kenge"}},{"type":"Feature","geometry":{"type":"Point","coordinates":[16.89708,-6.473012]},"properties":{"province":"Kwango","zonesante":"Kasongo Lunda","airesante":"Kikwati","localite":"Mukilu","localitetype":"Village","source_acronym":"ESPK","date":"2023","precision_":4.8,"grid3id":"KG_B903C98882","territoire":"Kasongo-Lunda"}},{"type":"Feature","geometry":{"type":"Point","coordinates":[17.787686,-5.95194]},"properties":{"province":"Kwango","zonesante":"Mwela Lembwa","airesante":"Katambi","localite":"Kidinda","localitetype":"Village","source_acronym":"ESPK","date":"2023","precision_":4.6,"grid3id":"KG_F7A362806E","territoire":"Feshi"}},{"type":"Feature","geometry":{"type":"Point","coordinates":[17.454442,-5.122176]},"properties":{"province":"Kwango","zonesante":"Kimbao","airesante":"Kibwila","localite":"Kindombi","localitetype":"Village","source_acronym":"ESPK","date":"2023","precision_":4.6,"grid3id":"KG_B046414190","territoire":"Kenge"}},{"type":"Feature","geometry":{"type":"Point","coordinates":[17.462228,-5.114104]},"properties":{"province":"Kwango","zonesante":"Kimbao","airesante":"Kibwila","localite":"Luzolo","localitetype":"Village","source_acronym":"ESPK","date":"2023","precision_":4.5,"grid3id":"KG_27AD36190B","territoire":"Kenge"}},{"type":"Feature","geometry":{"type":"Point","coordinates":[17.462349,-5.11425]},"properties":{"province":"Kwango","zonesante":"Kimbao","airesante":"Kibwila","localite":"Kinzala","localitetype":"Village","source_acronym":"ESPK","date":"2023","precision_":4.9,"grid3id":"KG_3E6FCDFF33","territoire":"Kenge"}},{"type":"Feature","geometry":{"type":"Point","coordinates":[17.462373,-5.114286]},"properties":{"province":"Kwango","zonesante":"Kimbao","airesante":"Kibwila","localite":"Kindombi","localitetype":"Village","source_acronym":"ESPK","date":"2023","precision_":4.1,"grid3id":"KG_17210E43DA","territoire":"Kenge"}},{"type":"Feature","geometry":{"type":"Point","coordinates":[18.137788,-7.451694]},"properties":{"province":"Kwango","zonesante":"Panzi","airesante":"Kibunda 2","localite":"Kibunda","localitetype":"Village","source_acronym":"ESPK","date":"2023","precision_":4.3,"grid3id":"KG_6EB9FEE356","territoire":"Kasongo-Lunda"}},{"type":"Feature","geometry":{"type":"Point","coordinates":[18.105688,-7.467823]},"properties":{"province":"Kwango","zonesante":"Panzi","airesante":"Kibunda 2","localite":"Mukoloto","localitetype":"Village","source_acronym":"ESPK","date":"2023","precision_":3.9,"grid3id":"KG_2CB817D567","territoire":"Kasongo-Lunda"}},{"type":"Feature","geometry":{"type":"Point","coordinates":[18.119297,-7.461871]},"properties":{"province":"Kwango","zonesante":"Panzi","airesante":"Kibunda 2","localite":"Mukoloto","localitetype":"Village","source_acronym":"ESPK","date":"2023","precision_":4.7,"grid3id":"KG_900FC41ABE","territoire":"Kasongo-Lunda"}},{"type":"Feature","geometry":{"type":"Point","coordinates":[16.717062,-5.616458]},"properties":{"province":"Kwango","zonesante":"Popokabaka","airesante":"Kenge Muniungu","localite":"Ibodi","localitetype":"Village","source_acronym":"ESPK","date":"2023","precision_":4.6,"grid3id":"KG_4C3A8A0974","territoire":"Kenge"}},{"type":"Feature","geometry":{"type":"Point","coordinates":[16.700596,-5.663106]},"properties":{"province":"Kwango","zonesante":"Popokabaka","airesante":"Kenge Muniungu","localite":"Saint Jean","localitetype":"Village","source_acronym":"ESPK","date":"2023","precision_":4.5,"grid3id":"KG_45E41B9584","territoire":"Popokabaka"}},{"type":"Feature","geometry":{"type":"Point","coordinates":[16.720912,-5.653422]},"properties":{"province":"Kwango","zonesante":"Popokabaka","airesante":"Kenge Muniungu","localite":"Saint Jean","localitetype":"Village","source_acronym":"ESPK","date":"2023","precision_":4,"grid3id":"KG_8839AFA09C","territoire":"Popokabaka"}},{"type":"Feature","geometry":{"type":"Point","coordinates":[16.70075,-5.663584]},"properties":{"province":"Kwango","zonesante":"Popokabaka","airesante":"Kenge Muniungu","localite":"St Jean","localitetype":"Village","source_acronym":"ESPK","date":"2023","precision_":4.9,"grid3id":"KG_64763C4F70","territoire":"Popokabaka"}},{"type":"Feature","geometry":{"type":"Point","coordinates":[16.753628,-5.643215]},"properties":{"province":"Kwango","zonesante":"Popokabaka","airesante":"Kenge Muniungu","localite":"Ibayila","localitetype":"Village","source_acronym":"ESPK","date":"2023","precision_":4.8,"grid3id":"KG_128B0B640E","territoire":"Kenge"}},{"type":"Feature","geometry":{"type":"Point","coordinates":[16.760281,-5.627082]},"properties":{"province":"Kwango","zonesante":"Popokabaka","airesante":"Kenge Muniungu","localite":"Kenge Muniungu","localitetype":"Village","source_acronym":"ESPK","date":"2023","precision_":4.9,"grid3id":"KG_AA3BFF7619","territoire":"Kenge"}},{"type":"Feature","geometry":{"type":"Point","coordinates":[16.718713,-5.648454]},"properties":{"province":"Kwango","zonesante":"Popokabaka","airesante":"Kenge Muniungu","localite":"St Jean","localitetype":"Village","source_acronym":"ESPK","date":"2023","precision_":4.3,"grid3id":"KG_9ADDC00C91","territoire":"Popokabaka"}},{"type":"Feature","geometry":{"type":"Point","coordinates":[16.753601,-5.643179]},"properties":{"province":"Kwango","zonesante":"Popokabaka","airesante":"Kenge Muniungu","localite":"Imbumba","localitetype":"Village","source_acronym":"ESPK","date":"2023","precision_":4.6,"grid3id":"KG_E15B79CBED","territoire":"Kenge"}},{"type":"Feature","geometry":{"type":"Point","coordinates":[16.719153,-5.648691]},"properties":{"province":"Kwango","zonesante":"Popokabaka","airesante":"Kenge Muniungu","localite":"Saint Jean","localitetype":"Village","source_acronym":"ESPK","date":"2023","precision_":5,"grid3id":"KG_2159C02A1C","territoire":"Popokabaka"}},{"type":"Feature","geometry":{"type":"Point","coordinates":[16.783621,-5.63058]},"properties":{"province":"Kwango","zonesante":"Popokabaka","airesante":"Kenge Muniungu","localite":"Ibayila","localitetype":"Village","source_acronym":"ESPK","date":"2023","precision_":4.7,"grid3id":"KG_02FC753405","territoire":"Kenge"}},{"type":"Feature","geometry":{"type":"Point","coordinates":[16.631518,-5.54059]},"properties":{"province":"Kwango","zonesante":"Popokabaka","airesante":"Kenge Muniungu","localite":"Imbumba","localitetype":"Village","source_acronym":"ESPK","date":"2023","precision_":4.4,"grid3id":"KG_5504956411","territoire":"Kenge"}},{"type":"Feature","geometry":{"type":"Point","coordinates":[16.62998,-5.552144]},"properties":{"province":"Kwango","zonesante":"Popokabaka","airesante":"Kenge Muniungu","localite":"Imbumba","localitetype":"Village","source_acronym":"ESPK","date":"2023","precision_":4.5,"grid3id":"KG_39C4D6C949","territoire":"Popokabaka"}},{"type":"Feature","geometry":{"type":"Point","coordinates":[16.717013,-5.6164]},"properties":{"province":"Kwango","zonesante":"Popokabaka","airesante":"Kenge Muniungu","localite":"Ibudi","localitetype":"Village","source_acronym":"ESPK","date":"2023","precision_":4.5,"grid3id":"KG_4E5A255ED7","territoire":"Kenge"}},{"type":"Feature","geometry":{"type":"Point","coordinates":[16.633315,-5.541642]},"properties":{"province":"Kwango","zonesante":"Popokabaka","airesante":"Kenge Muniungu","localite":"Imbumba","localitetype":"Village","source_acronym":"ESPK","date":"2023","precision_":4.9,"grid3id":"KG_FC1DE83206","territoire":"Kenge"}},{"type":"Feature","geometry":{"type":"Point","coordinates":[16.716869,-5.616937]},"properties":{"province":"Kwango","zonesante":"Popokabaka","airesante":"Kenge Muniungu","localite":"Masaka","localitetype":"Village","source_acronym":"ESPK","date":"2023","precision_":4.6,"grid3id":"KG_246E745B1D","territoire":"Kenge"}},{"type":"Feature","geometry":{"type":"Point","coordinates":[17.410142,-6.807883]},"properties":{"province":"Kwango","zonesante":"Kitenda","airesante":"Kazembe","localite":"Kabwiku","localitetype":"Village","source_acronym":"ESPK","date":"2023","precision_":4.9,"grid3id":"KG_F205C8613C","territoire":"Kasongo-Lunda"}},{"type":"Feature","geometry":{"type":"Point","coordinates":[17.425643,-6.798491]},"properties":{"province":"Kwango","zonesante":"Kitenda","airesante":"Kazembe","localite":"Mwadinzita","localitetype":"Village","source_acronym":"ESPK","date":"2023","precision_":4.7,"grid3id":"KG_6131FB8DF3","territoire":"Kasongo-Lunda"}},{"type":"Feature","geometry":{"type":"Point","coordinates":[17.461956,-6.840532]},"properties":{"province":"Kwango","zonesante":"Kitenda","airesante":"Kazembe","localite":"Kandu","localitetype":"Village","source_acronym":"ESPK","date":"2023","precision_":3.9,"grid3id":"KG_98013F1276","territoire":"Kasongo-Lunda"}},{"type":"Feature","geometry":{"type":"Point","coordinates":[17.428839,-6.79551]},"properties":{"province":"Kwango","zonesante":"Kitenda","airesante":"Kazembe","localite":"Mwadinzita","localitetype":"Village","source_acronym":"ESPK","date":"2023","precision_":4.2,"grid3id":"KG_CBDFDDFAA1","territoire":"Kasongo-Lunda"}},{"type":"Feature","geometry":{"type":"Point","coordinates":[17.457841,-6.80234]},"properties":{"province":"Kwango","zonesante":"Kitenda","airesante":"Kazembe","localite":"Kiheta","localitetype":"Village","source_acronym":"ESPK","date":"2023","precision_":4.8,"grid3id":"KG_FF26B377EF","territoire":"Kasongo-Lunda"}},{"type":"Feature","geometry":{"type":"Point","coordinates":[17.456621,-6.808737]},"properties":{"province":"Kwango","zonesante":"Kitenda","airesante":"Kazembe","localite":"Kiheta","localitetype":"Village","source_acronym":"ESPK","date":"2023","precision_":4,"grid3id":"KG_A2AF3AAEC0","territoire":"Kasongo-Lunda"}},{"type":"Feature","geometry":{"type":"Point","coordinates":[17.456936,-6.8198]},"properties":{"province":"Kwango","zonesante":"Kitenda","airesante":"Kazembe","localite":"Kazembe Et Fwatufwa","localitetype":"Village","source_acronym":"ESPK","date":"2023","precision_":4.9,"grid3id":"KG_A8869EBEAB","territoire":"Kasongo-Lunda"}},{"type":"Feature","geometry":{"type":"Point","coordinates":[18.097182,-7.168025]},"properties":{"province":"Kwango","zonesante":"Panzi","airesante":"Kawana","localite":"Malembe","localitetype":"Village","source_acronym":"ESPK","date":"2023","precision_":4.7,"grid3id":"KG_63508BE9F7","territoire":"Kasongo-Lunda"}},{"type":"Feature","geometry":{"type":"Point","coordinates":[18.10144,-7.094402]},"properties":{"province":"Kwango","zonesante":"Panzi","airesante":"Kawana","localite":"Kanungu","localitetype":"Village","source_acronym":"ESPK","date":"2023","precision_":4.7,"grid3id":"KG_6470EAD9E4","territoire":"Kasongo-Lunda"}},{"type":"Feature","geometry":{"type":"Point","coordinates":[18.110344,-7.119441]},"properties":{"province":"Kwango","zonesante":"Panzi","airesante":"Kawana","localite":"Kasongo","localitetype":"Village","source_acronym":"ESPK","date":"2023","precision_":4.1,"grid3id":"KG_BD34C08A89","territoire":"Kasongo-Lunda"}},{"type":"Feature","geometry":{"type":"Point","coordinates":[18.082459,-7.233905]},"properties":{"province":"Kwango","zonesante":"Panzi","airesante":"Kawana","localite":"Kadibala","localitetype":"Village","source_acronym":"ESPK","date":"2023","precision_":4.9,"grid3id":"KG_5F84F70715","territoire":"Kasongo-Lunda"}},{"type":"Feature","geometry":{"type":"Point","coordinates":[18.109029,-7.111341]},"properties":{"province":"Kwango","zonesante":"Panzi","airesante":"Kawana","localite":"Kasongo","localitetype":"Village","source_acronym":"ESPK","date":"2023","precision_":4.9,"grid3id":"KG_DF1993D852","territoire":"Kasongo-Lunda"}},{"type":"Feature","geometry":{"type":"Point","coordinates":[18.096601,-7.168016]},"properties":{"province":"Kwango","zonesante":"Panzi","airesante":"Kawana","localite":"Kambanzi","localitetype":"Village","source_acronym":"ESPK","date":"2023","precision_":4.3,"grid3id":"KG_FA2B2DE33A","territoire":"Kasongo-Lunda"}},{"type":"Feature","geometry":{"type":"Point","coordinates":[18.096569,-7.212827]},"properties":{"province":"Kwango","zonesante":"Panzi","airesante":"Kawana","localite":"Kisenga","localitetype":"Village","source_acronym":"ESPK","date":"2023","precision_":3.9,"grid3id":"KG_F45F0DEB6D","territoire":"Kasongo-Lunda"}},{"type":"Feature","geometry":{"type":"Point","coordinates":[17.783368,-5.945604]},"properties":{"province":"Kwango","zonesante":"Mwela Lembwa","airesante":"Katambi","localite":"Kongo Langa","localitetype":"Village","source_acronym":"ESPK","date":"2023","precision_":3.9,"grid3id":"KG_BB1F7935B0","territoire":"Feshi"}},{"type":"Feature","geometry":{"type":"Point","coordinates":[17.817694,-5.935068]},"properties":{"province":"Kwango","zonesante":"Mwela Lembwa","airesante":"Katambi","localite":"Katambi","localitetype":"Village","source_acronym":"ESPK","date":"2023","precision_":4.5,"grid3id":"KG_CA0950AB2D","territoire":"Feshi"}},{"type":"Feature","geometry":{"type":"Point","coordinates":[17.817003,-5.934374]},"properties":{"province":"Kwango","zonesante":"Mwela Lembwa","airesante":"Katambi","localite":"Kidiadia","localitetype":"Village","source_acronym":"ESPK","date":"2023","precision_":4.8,"grid3id":"KG_1BB18545B3","territoire":"Feshi"}},{"type":"Feature","geometry":{"type":"Point","coordinates":[18.884242,-7.846189]},"properties":{"province":"Kwango","zonesante":"Kahemba","airesante":"Kasasa","localite":"Tshimvunda","localitetype":"Village","source_acronym":"ESPK","date":"2023","precision_":4.9,"grid3id":"KG_26A6AFC9FD","territoire":"Kahemba"}},{"type":"Feature","geometry":{"type":"Point","coordinates":[18.963237,-7.838778]},"properties":{"province":"Kwango","zonesante":"Kahemba","airesante":"Kasasa","localite":"Kasasa","localitetype":"Village","source_acronym":"ESPK","date":"2023","precision_":4.9,"grid3id":"KG_947B3B9148","territoire":"Kahemba"}},{"type":"Feature","geometry":{"type":"Point","coordinates":[18.961082,-7.915718]},"properties":{"province":"Kwango","zonesante":"Kahemba","airesante":"Kasasa","localite":"Shakasumbi","localitetype":"Village","source_acronym":"ESPK","date":"2023","precision_":4.9,"grid3id":"KG_10C27BF2BF","territoire":"Kahemba"}},{"type":"Feature","geometry":{"type":"Point","coordinates":[18.961627,-7.834821]},"properties":{"province":"Kwango","zonesante":"Kahemba","airesante":"Kasasa","localite":"Kasa","localitetype":"Village","source_acronym":"ESPK","date":"2023","precision_":4.3,"grid3id":"KG_24EDB8D3D7","territoire":"Kahemba"}},{"type":"Feature","geometry":{"type":"Point","coordinates":[18.004339,-7.388949]},"properties":{"province":"Kwango","zonesante":"Panzi","airesante":"Kasandji","localite":"Mutungu","localitetype":"Village","source_acronym":"ESPK","date":"2023","precision_":4.6,"grid3id":"KG_E73084F5CA","territoire":"Kasongo-Lunda"}},{"type":"Feature","geometry":{"type":"Point","coordinates":[18.009405,-7.373289]},"properties":{"province":"Kwango","zonesante":"Panzi","airesante":"Kasandji","localite":"Kisebula","localitetype":"Village","source_acronym":"ESPK","date":"2023","precision_":4.5,"grid3id":"KG_B61A15DC17","territoire":"Kasongo-Lunda"}},{"type":"Feature","geometry":{"type":"Point","coordinates":[18.009497,-7.373185]},"properties":{"province":"Kwango","zonesante":"Panzi","airesante":"Kasandji","localite":"kisebula","localitetype":"Village","source_acronym":"ESPK","date":"2023","precision_":4.2,"grid3id":"KG_89A1F8A826","territoire":"Kasongo-Lunda"}},{"type":"Feature","geometry":{"type":"Point","coordinates":[18.004856,-7.386239]},"properties":{"province":"Kwango","zonesante":"Panzi","airesante":"Kasandji","localite":"Kaposa","localitetype":"Village","source_acronym":"ESPK","date":"2023","precision_":4.7,"grid3id":"KG_1E2B7D6E2A","territoire":"Kasongo-Lunda"}},{"type":"Feature","geometry":{"type":"Point","coordinates":[18.006869,-7.381793]},"properties":{"province":"Kwango","zonesante":"Panzi","airesante":"Kasandji","localite":"Kisebula 2","localitetype":"Village","source_acronym":"ESPK","date":"2023","precision_":4.3,"grid3id":"KG_66A32F95EF","territoire":"Kasongo-Lunda"}},{"type":"Feature","geometry":{"type":"Point","coordinates":[18.32734,-7.935145]},"properties":{"province":"Kwango","zonesante":"Kajiji","airesante":"Kapinipini","localite":"Shamunzanza","localitetype":"Village","source_acronym":"ESPK","date":"2023","precision_":4.6,"grid3id":"KG_BC2E75EA10","territoire":"Kahemba"}},{"type":"Feature","geometry":{"type":"Point","coordinates":[18.284835,-7.946918]},"properties":{"province":"Kwango","zonesante":"Kajiji","airesante":"Kapinipini","localite":"Kakwata","localitetype":"Village","source_acronym":"ESPK","date":"2023","precision_":3.9,"grid3id":"KG_79640103BC","territoire":"Kahemba"}},{"type":"Feature","geometry":{"type":"Point","coordinates":[18.333164,-7.936988]},"properties":{"province":"Kwango","zonesante":"Kajiji","airesante":"Kapinipini","localite":"Shamunzanza","localitetype":"Village","source_acronym":"ESPK","date":"2023","precision_":3.9,"grid3id":"KG_E5E938AB30","territoire":"Kahemba"}},{"type":"Feature","geometry":{"type":"Point","coordinates":[18.344469,-7.940882]},"properties":{"province":"Kwango","zonesante":"Kajiji","airesante":"Kapinipini","localite":"Kasombo","localitetype":"Village","source_acronym":"ESPK","date":"2023","precision_":4.6,"grid3id":"KG_965627BF0D","territoire":"Kahemba"}},{"type":"Feature","geometry":{"type":"Point","coordinates":[18.328318,-7.935367]},"properties":{"province":"Kwango","zonesante":"Kajiji","airesante":"Kapinipini","localite":"Tshilualumishi","localitetype":"Village","source_acronym":"ESPK","date":"2023","precision_":4.7,"grid3id":"KG_33F9DBBCC2","territoire":"Kahemba"}},{"type":"Feature","geometry":{"type":"Point","coordinates":[18.316978,-7.939823]},"properties":{"province":"Kwango","zonesante":"Kajiji","airesante":"Kapinipini","localite":"Tshilamwisi","localitetype":"Village","source_acronym":"ESPK","date":"2023","precision_":4.9,"grid3id":"KG_04C065D6F8","territoire":"Kahemba"}},{"type":"Feature","geometry":{"type":"Point","coordinates":[18.281487,-7.94469]},"properties":{"province":"Kwango","zonesante":"Kajiji","airesante":"Kapinipini","localite":"Kakwata","localitetype":"Village","source_acronym":"ESPK","date":"2023","precision_":4.9,"grid3id":"KG_630F747AB3","territoire":"Kahemba"}},{"type":"Feature","geometry":{"type":"Point","coordinates":[18.300558,-7.936496]},"properties":{"province":"Kwango","zonesante":"Kajiji","airesante":"Kapinipini","localite":"Tshilualumishi","localitetype":"Village","source_acronym":"ESPK","date":"2023","precision_":4.3,"grid3id":"KG_7047A36A4B","territoire":"Kahemba"}},{"type":"Feature","geometry":{"type":"Point","coordinates":[18.336996,-7.935584]},"properties":{"province":"Kwango","zonesante":"Kajiji","airesante":"Kapinipini","localite":"Kasombo","localitetype":"Village","source_acronym":"ESPK","date":"2023","precision_":3.9,"grid3id":"KG_1DDA9BDFFC","territoire":"Kahemba"}},{"type":"Feature","geometry":{"type":"Point","coordinates":[18.281413,-7.944834]},"properties":{"province":"Kwango","zonesante":"Kajiji","airesante":"Kapinipini","localite":"Tshilualumishi","localitetype":"Village","source_acronym":"ESPK","date":"2023","precision_":4.3,"grid3id":"KG_420CE2ACC7","territoire":"Kahemba"}},{"type":"Feature","geometry":{"type":"Point","coordinates":[16.985232,-5.940554]},"properties":{"province":"Kwango","zonesante":"Popokabaka","airesante":"Kangwenzi","localite":"Mukula","localitetype":"Village","source_acronym":"ESPK","date":"2023","precision_":4.3,"grid3id":"KG_759771CB8A","territoire":"Popokabaka"}},{"type":"Feature","geometry":{"type":"Point","coordinates":[16.981157,-5.983435]},"properties":{"province":"Kwango","zonesante":"Popokabaka","airesante":"Kangwenzi","localite":"Ibamba A","localitetype":"Village","source_acronym":"ESPK","date":"2023","precision_":4.3,"grid3id":"KG_74D079267E","territoire":"Popokabaka"}},{"type":"Feature","geometry":{"type":"Point","coordinates":[17.005529,-5.969794]},"properties":{"province":"Kwango","zonesante":"Popokabaka","airesante":"Kangwenzi","localite":"Ibamba 2","localitetype":"Village","source_acronym":"ESPK","date":"2023","precision_":4,"grid3id":"KG_A510A28C37","territoire":"Popokabaka"}},{"type":"Feature","geometry":{"type":"Point","coordinates":[16.907773,-5.973081]},"properties":{"province":"Kwango","zonesante":"Popokabaka","airesante":"Kangwenzi","localite":"Itsakala","localitetype":"Village","source_acronym":"ESPK","date":"2023","precision_":4.3,"grid3id":"KG_C0432D339F","territoire":"Popokabaka"}},{"type":"Feature","geometry":{"type":"Point","coordinates":[16.914397,-5.992835]},"properties":{"province":"Kwango","zonesante":"Popokabaka","airesante":"Kangwenzi","localite":"Ibamba 2","localitetype":"Village","source_acronym":"ESPK","date":"2023","precision_":4.6,"grid3id":"KG_BE2AF9C936","territoire":"Popokabaka"}},{"type":"Feature","geometry":{"type":"Point","coordinates":[16.907982,-5.972973]},"properties":{"province":"Kwango","zonesante":"Popokabaka","airesante":"Kangwenzi","localite":"Ibamba 2","localitetype":"Village","source_acronym":"ESPK","date":"2023","precision_":4.3,"grid3id":"KG_B5F5DA1A88","territoire":"Popokabaka"}},{"type":"Feature","geometry":{"type":"Point","coordinates":[16.914542,-5.992999]},"properties":{"province":"Kwango","zonesante":"Popokabaka","airesante":"Kangwenzi","localite":"Munenetseke","localitetype":"Village","source_acronym":"ESPK","date":"2023","precision_":4.6,"grid3id":"KG_5B2FA1D570","territoire":"Popokabaka"}},{"type":"Feature","geometry":{"type":"Point","coordinates":[17.005025,-5.969553]},"properties":{"province":"Kwango","zonesante":"Popokabaka","airesante":"Kangwenzi","localite":"Ibamba B","localitetype":"Village","source_acronym":"ESPK","date":"2023","precision_":3.9,"grid3id":"KG_2C293BF107","territoire":"Popokabaka"}},{"type":"Feature","geometry":{"type":"Point","coordinates":[17.465472,-5.85021]},"properties":{"province":"Kwango","zonesante":"Mwela Lembwa","airesante":"Kalenda","localite":"Kalenda","localitetype":"Village","source_acronym":"ESPK","date":"2023","precision_":5,"grid3id":"KG_1310B7D57C","territoire":"Feshi"}},{"type":"Feature","geometry":{"type":"Point","coordinates":[17.480455,-5.889951]},"properties":{"province":"Kwango","zonesante":"Mwela Lembwa","airesante":"Kalenda","localite":"Niangani","localitetype":"Village","source_acronym":"ESPK","date":"2023","precision_":4.9,"grid3id":"KG_AF272E177B","territoire":"Feshi"}},{"type":"Feature","geometry":{"type":"Point","coordinates":[17.469158,-5.865431]},"properties":{"province":"Kwango","zonesante":"Mwela Lembwa","airesante":"Kalenda","localite":"Matamba","localitetype":"Village","source_acronym":"ESPK","date":"2023","precision_":5,"grid3id":"KG_00F5154873","territoire":"Feshi"}},{"type":"Feature","geometry":{"type":"Point","coordinates":[17.427376,-7.731992]},"properties":{"province":"Kwango","zonesante":"Tembo","airesante":"Ngombetumba","localite":"Kahungula 1","localitetype":"Village","source_acronym":"ESPK","date":"2023","precision_":4.9,"grid3id":"KG_3DD14A9507","territoire":"Kasongo-Lunda"}},{"type":"Feature","geometry":{"type":"Point","coordinates":[17.710929,-8.062934]},"properties":{"province":"Kwango","zonesante":"Tembo","airesante":"Kahungula","localite":"Kahungula 1","localitetype":"Village","source_acronym":"ESPK","date":"2023","precision_":4.9,"grid3id":"KG_8F90152B8C","territoire":"Kasongo-Lunda"}},{"type":"Feature","geometry":{"type":"Point","coordinates":[17.708236,-8.062277]},"properties":{"province":"Kwango","zonesante":"Tembo","airesante":"Kahungula","localite":"Matsuku","localitetype":"Village","source_acronym":"ESPK","date":"2023","precision_":3.9,"grid3id":"KG_A2D4120801","territoire":"Kasongo-Lunda"}},{"type":"Feature","geometry":{"type":"Point","coordinates":[17.709634,-8.063757]},"properties":{"province":"Kwango","zonesante":"Tembo","airesante":"Kahungula","localite":"Mangangi","localitetype":"Village","source_acronym":"ESPK","date":"2023","precision_":4.2,"grid3id":"KG_903E597668","territoire":"Kasongo-Lunda"}},{"type":"Feature","geometry":{"type":"Point","coordinates":[18.577045,-6.234367]},"properties":{"province":"Kwango","zonesante":"Feshi","airesante":"Kahoka","localite":"Mazenga","localitetype":"Village","source_acronym":"ESPK","date":"2023","precision_":4.6,"grid3id":"KG_6F086038D5","territoire":"Feshi"}},{"type":"Feature","geometry":{"type":"Point","coordinates":[18.61017,-6.252414]},"properties":{"province":"Kwango","zonesante":"Feshi","airesante":"Kahoka","localite":"Kisupa","localitetype":"Village","source_acronym":"ESPK","date":"2023","precision_":4.9,"grid3id":"KG_BA16FD3A08","territoire":"Feshi"}},{"type":"Feature","geometry":{"type":"Point","coordinates":[16.464422,-4.594877]},"properties":{"province":"Kwango","zonesante":"Boko","airesante":"Kabuba","localite":"Kitshakala","localitetype":"Village","source_acronym":"ESPK","date":"2023","precision_":4.9,"grid3id":"KG_8C8F0EBB81","territoire":"Kenge"}},{"type":"Feature","geometry":{"type":"Point","coordinates":[16.472453,-4.75095]},"properties":{"province":"Kwango","zonesante":"Boko","airesante":"Kabuba","localite":"Kikayi","localitetype":"Village","source_acronym":"ESPK","date":"2023","precision_":4.3,"grid3id":"KG_5023F7A4B9","territoire":"Kenge"}},{"type":"Feature","geometry":{"type":"Point","coordinates":[16.473331,-4.743603]},"properties":{"province":"Kwango","zonesante":"Boko","airesante":"Kabuba","localite":"Kikayi","localitetype":"Village","source_acronym":"ESPK","date":"2023","precision_":4.9,"grid3id":"KG_4906E1C808","territoire":"Kenge"}},{"type":"Feature","geometry":{"type":"Point","coordinates":[16.464823,-4.594429]},"properties":{"province":"Kwango","zonesante":"Boko","airesante":"Kabuba","localite":"Kabuba","localitetype":"Village","source_acronym":"ESPK","date":"2023","precision_":4.9,"grid3id":"KG_126C402245","territoire":"Kenge"}},{"type":"Feature","geometry":{"type":"Point","coordinates":[19.130633,-7.340395]},"properties":{"province":"Kwango","zonesante":"Kahemba","airesante":"Kabongo","localite":"Ndjamba","localitetype":"Village","source_acronym":"ESPK","date":"2023","precision_":3.9,"grid3id":"KG_29C645EF9E","territoire":"Kahemba"}},{"type":"Feature","geometry":{"type":"Point","coordinates":[19.130316,-7.339832]},"properties":{"province":"Kwango","zonesante":"Kahemba","airesante":"Kabongo","localite":"Shakafutshi","localitetype":"Village","source_acronym":"ESPK","date":"2023","precision_":4.3,"grid3id":"KG_45EE35C814","territoire":"Kahemba"}},{"type":"Feature","geometry":{"type":"Point","coordinates":[19.129419,-7.339683]},"properties":{"province":"Kwango","zonesante":"Kahemba","airesante":"Kabongo","localite":"Shakafutshi","localitetype":"Village","source_acronym":"ESPK","date":"2023","precision_":4.3,"grid3id":"KG_489C04C969","territoire":"Kahemba"}},{"type":"Feature","geometry":{"type":"Point","coordinates":[19.191904,-7.367576]},"properties":{"province":"Kwango","zonesante":"Kahemba","airesante":"Kabongo","localite":"Shakafutshi","localitetype":"Village","source_acronym":"ESPK","date":"2023","precision_":4.9,"grid3id":"KG_AE1519FF3A","territoire":"Kahemba"}},{"type":"Feature","geometry":{"type":"Point","coordinates":[16.479985,-5.349232]},"properties":{"province":"Kwango","zonesante":"Popokabaka","airesante":"Ipongi","localite":"Imboloko","localitetype":"Village","source_acronym":"ESPK","date":"2023","precision_":4.4,"grid3id":"KG_75BCEDBCE7","territoire":"Popokabaka"}},{"type":"Feature","geometry":{"type":"Point","coordinates":[16.465046,-5.318255]},"properties":{"province":"Kwango","zonesante":"Popokabaka","airesante":"Ipongi","localite":"Indamba","localitetype":"Village","source_acronym":"ESPK","date":"2023","precision_":4.3,"grid3id":"KG_E36A8E024E","territoire":"Popokabaka"}},{"type":"Feature","geometry":{"type":"Point","coordinates":[16.595823,-5.414141]},"properties":{"province":"Kwango","zonesante":"Boko","airesante":"Inzioko","localite":"Ingangula","localitetype":"Village","source_acronym":"ESPK","date":"2023","precision_":4.7,"grid3id":"KG_CBC5E198FE","territoire":"Kenge"}},{"type":"Feature","geometry":{"type":"Point","coordinates":[16.571395,-5.39764]},"properties":{"province":"Kwango","zonesante":"Boko","airesante":"Inzioko","localite":"Imbumi","localitetype":"Village","source_acronym":"ESPK","date":"2023","precision_":3.9,"grid3id":"KG_BC2ADF96D0","territoire":"Kenge"}},{"type":"Feature","geometry":{"type":"Point","coordinates":[16.661727,-5.375948]},"properties":{"province":"Kwango","zonesante":"Boko","airesante":"Inzioko","localite":"Ikau","localitetype":"Village","source_acronym":"ESPK","date":"2023","precision_":4.3,"grid3id":"KG_7FD44AA1BB","territoire":"Kenge"}},{"type":"Feature","geometry":{"type":"Point","coordinates":[16.620138,-5.439389]},"properties":{"province":"Kwango","zonesante":"Boko","airesante":"Inzioko","localite":"Ifidi","localitetype":"Village","source_acronym":"ESPK","date":"2023","precision_":4.8,"grid3id":"KG_9FAB6B635B","territoire":"Kenge"}},{"type":"Feature","geometry":{"type":"Point","coordinates":[16.577404,-5.396696]},"properties":{"province":"Kwango","zonesante":"Boko","airesante":"Inzioko","localite":"Imbumi","localitetype":"Village","source_acronym":"ESPK","date":"2023","precision_":4.7,"grid3id":"KG_A7EBC2DD18","territoire":"Kenge"}},{"type":"Feature","geometry":{"type":"Point","coordinates":[16.605618,-5.320963]},"properties":{"province":"Kwango","zonesante":"Boko","airesante":"Dinga","localite":"Dinga","localitetype":"Village","source_acronym":"ESPK","date":"2023","precision_":4.8,"grid3id":"KG_A664F4B96E","territoire":"Kenge"}},{"type":"Feature","geometry":{"type":"Point","coordinates":[16.652576,-5.967636]},"properties":{"province":"Kwango","zonesante":"Popokabaka","airesante":"Imwela","localite":"Mazingu","localitetype":"Village","source_acronym":"ESPK","date":"2023","precision_":4,"grid3id":"KG_313B987E6C","territoire":"Popokabaka"}},{"type":"Feature","geometry":{"type":"Point","coordinates":[16.68653,-5.963689]},"properties":{"province":"Kwango","zonesante":"Popokabaka","airesante":"Imwela","localite":"Imamvu","localitetype":"Village","source_acronym":"ESPK","date":"2023","precision_":4.5,"grid3id":"KG_474AEC6B1C","territoire":"Popokabaka"}},{"type":"Feature","geometry":{"type":"Point","coordinates":[16.702479,-6.00977]},"properties":{"province":"Kwango","zonesante":"Popokabaka","airesante":"Imwela","localite":"Ingangula","localitetype":"Village","source_acronym":"ESPK","date":"2023","precision_":3.9,"grid3id":"KG_33E3C0678E","territoire":"Popokabaka"}},{"type":"Feature","geometry":{"type":"Point","coordinates":[17.6868,-6.361353]},"properties":{"province":"Kwango","zonesante":"Mwela Lembwa","airesante":"Ganaketi","localite":"Tsaku Fioti","localitetype":"Village","source_acronym":"ESPK","date":"2023","precision_":3.9,"grid3id":"KG_AA925840E2","territoire":"Feshi"}},{"type":"Feature","geometry":{"type":"Point","coordinates":[17.623476,-6.333449]},"properties":{"province":"Kwango","zonesante":"Mwela Lembwa","airesante":"Ganaketi","localite":"Tata Katoko","localitetype":"Village","source_acronym":"ESPK","date":"2023","precision_":4.9,"grid3id":"KG_14FDE48E42","territoire":"Feshi"}},{"type":"Feature","geometry":{"type":"Point","coordinates":[17.68729,-6.361544]},"properties":{"province":"Kwango","zonesante":"Mwela Lembwa","airesante":"Ganaketi","localite":"Mudongo","localitetype":"Village","source_acronym":"ESPK","date":"2023","precision_":4.9,"grid3id":"KG_6E14337888","territoire":"Feshi"}},{"type":"Feature","geometry":{"type":"Point","coordinates":[17.686934,-6.361452]},"properties":{"province":"Kwango","zonesante":"Mwela Lembwa","airesante":"Ganaketi","localite":"Kabila","localitetype":"Village","source_acronym":"ESPK","date":"2023","precision_":4.9,"grid3id":"KG_6FCB6217E0","territoire":"Feshi"}},{"type":"Feature","geometry":{"type":"Point","coordinates":[17.670104,-6.343611]},"properties":{"province":"Kwango","zonesante":"Mwela Lembwa","airesante":"Ganaketi","localite":"Kabila","localitetype":"Village","source_acronym":"ESPK","date":"2023","precision_":4,"grid3id":"KG_3C12237241","territoire":"Feshi"}},{"type":"Feature","geometry":{"type":"Point","coordinates":[17.670657,-6.344011]},"properties":{"province":"Kwango","zonesante":"Mwela Lembwa","airesante":"Ganaketi","localite":"Ganaketi","localitetype":"Village","source_acronym":"ESPK","date":"2023","precision_":4.6,"grid3id":"KG_5CE951B0DD","territoire":"Feshi"}},{"type":"Feature","geometry":{"type":"Point","coordinates":[17.682434,-6.3458]},"properties":{"province":"Kwango","zonesante":"Mwela Lembwa","airesante":"Ganaketi","localite":"Mudongo","localitetype":"Village","source_acronym":"ESPK","date":"2023","precision_":4.1,"grid3id":"KG_8725CEE520","territoire":"Feshi"}},{"type":"Feature","geometry":{"type":"Point","coordinates":[17.682253,-6.345896]},"properties":{"province":"Kwango","zonesante":"Mwela Lembwa","airesante":"Ganaketi","localite":"Mundongo","localitetype":"Village","source_acronym":"ESPK","date":"2023","precision_":4.8,"grid3id":"KG_05EF0395E5","territoire":"Feshi"}},{"type":"Feature","geometry":{"type":"Point","coordinates":[17.127658,-4.596095]},"properties":{"province":"Kwango","zonesante":"Kenge","airesante":"Gabia","localite":"Swa Yamfu","localitetype":"Village","source_acronym":"ESPK","date":"2023","precision_":4.4,"grid3id":"KG_6B2AF5AF17","territoire":"Kenge"}},{"type":"Feature","geometry":{"type":"Point","coordinates":[17.155748,-4.564971]},"properties":{"province":"Kwango","zonesante":"Kenge","airesante":"Gabia","localite":"Kitsumuna","localitetype":"Village","source_acronym":"ESPK","date":"2023","precision_":4,"grid3id":"KG_7E67792DC3"}},{"type":"Feature","geometry":{"type":"Point","coordinates":[18.161886,-6.115634]},"properties":{"province":"Kwango","zonesante":"Feshi","airesante":"Feshi 2","localite":"Residentiel 3","localitetype":"Village","source_acronym":"ESPK","date":"2023","precision_":4.5,"grid3id":"KG_C88B28E605","territoire":"Feshi"}},{"type":"Feature","geometry":{"type":"Point","coordinates":[18.162574,-6.116119]},"properties":{"province":"Kwango","zonesante":"Feshi","airesante":"Feshi 2","localite":"Musasa","localitetype":"Village","source_acronym":"ESPK","date":"2023","precision_":4.7,"grid3id":"KG_33ED3F0B4D","territoire":"Feshi"}},{"type":"Feature","geometry":{"type":"Point","coordinates":[18.157064,-6.120308]},"properties":{"province":"Kwango","zonesante":"Feshi","airesante":"Feshi 2","localite":"Baki","localitetype":"Campement","source_acronym":"ESPK","date":"2023","precision_":4.3,"grid3id":"KG_966E8105CE","territoire":"Feshi"}},{"type":"Feature","geometry":{"type":"Point","coordinates":[18.145432,-6.125966]},"properties":{"province":"Kwango","zonesante":"Feshi","airesante":"Feshi 2","localite":"Makolokoto","localitetype":"Village","source_acronym":"ESPK","date":"2023","precision_":4.3,"grid3id":"KG_E26505AAAC","territoire":"Feshi"}},{"type":"Feature","geometry":{"type":"Point","coordinates":[18.053737,-8.000427]},"properties":{"province":"Kwango","zonesante":"Kajiji","airesante":"Shamatahu","localite":"Swanamukanza","localitetype":"Village","source_acronym":"ESPK","date":"2023","precision_":4.9,"grid3id":"KG_066FC493F1","territoire":"Kahemba"}},{"type":"Feature","geometry":{"type":"Point","coordinates":[16.570214,-5.313755]},"properties":{"province":"Kwango","zonesante":"Boko","airesante":"Dinga","localite":"Saint Famille","localitetype":"Village","source_acronym":"ESPK","date":"2023","precision_":4.7,"grid3id":"KG_F4B62FE142","territoire":"Kenge"}},{"type":"Feature","geometry":{"type":"Point","coordinates":[16.577344,-5.318561]},"properties":{"province":"Kwango","zonesante":"Boko","airesante":"Dinga","localite":"Saint Paul","localitetype":"Village","source_acronym":"ESPK","date":"2023","precision_":4.8,"grid3id":"KG_F7D539F36A","territoire":"Kenge"}},{"type":"Feature","geometry":{"type":"Point","coordinates":[16.587481,-5.332486]},"properties":{"province":"Kwango","zonesante":"Boko","airesante":"Dinga","localite":"Ingoyi","localitetype":"Village","source_acronym":"ESPK","date":"2023","precision_":4.8,"grid3id":"KG_F3C30D7632","territoire":"Kenge"}},{"type":"Feature","geometry":{"type":"Point","coordinates":[16.568709,-5.312218]},"properties":{"province":"Kwango","zonesante":"Boko","airesante":"Dinga","localite":"Lupumba","localitetype":"Village","source_acronym":"ESPK","date":"2023","precision_":4.9,"grid3id":"KG_7FE2249B89","territoire":"Kenge"}},{"type":"Feature","geometry":{"type":"Point","coordinates":[17.024954,-4.832305]},"properties":{"province":"Kwango","zonesante":"Kenge","airesante":"CBCO","localite":"Bosenge","localitetype":"Village","source_acronym":"ESPK","date":"2023","precision_":4.9,"grid3id":"KG_95312B9AA4","territoire":"Kenge"}},{"type":"Feature","geometry":{"type":"Point","coordinates":[17.030673,-4.82511]},"properties":{"province":"Kwango","zonesante":"Kenge","airesante":"CBCO","localite":"Residentiel","localitetype":"Village","source_acronym":"ESPK","date":"2023","precision_":4.4,"grid3id":"KG_C5495EF2FB","territoire":"Kenge"}},{"type":"Feature","geometry":{"type":"Point","coordinates":[17.03629,-4.822714]},"properties":{"province":"Kwango","zonesante":"Kenge","airesante":"CBCO","localite":"Kasongo Lunda","localitetype":"Village","source_acronym":"ESPK","date":"2023","precision_":4.3,"grid3id":"KG_3CF983D01C","territoire":"Kenge"}},{"type":"Feature","geometry":{"type":"Point","coordinates":[17.041286,-4.816045]},"properties":{"province":"Kwango","zonesante":"Kenge","airesante":"CBCO","localite":"Boulevard","localitetype":"Village","source_acronym":"ESPK","date":"2023","precision_":4.3,"grid3id":"KG_CF1210C961","territoire":"Kenge"}},{"type":"Feature","geometry":{"type":"Point","coordinates":[17.025357,-4.831223]},"properties":{"province":"Kwango","zonesante":"Kenge","airesante":"CBCO","localite":"Mukisi","localitetype":"Village","source_acronym":"ESPK","date":"2023","precision_":4.9,"grid3id":"KG_ACE3A0E3A6","territoire":"Kenge"}},{"type":"Feature","geometry":{"type":"Point","coordinates":[17.035341,-4.822866]},"properties":{"province":"Kwango","zonesante":"Kenge","airesante":"CBCO","localite":"Manzambi","localitetype":"Village","source_acronym":"ESPK","date":"2023","precision_":4.6,"grid3id":"KG_810D215148","territoire":"Kenge"}},{"type":"Feature","geometry":{"type":"Point","coordinates":[17.035334,-4.82286]},"properties":{"province":"Kwango","zonesante":"Kenge","airesante":"CBCO","localite":"Nzimbulongo","localitetype":"Village","source_acronym":"ESPK","date":"2023","precision_":4.8,"grid3id":"KG_1214BE4590","territoire":"Kenge"}},{"type":"Feature","geometry":{"type":"Point","coordinates":[17.04224,-4.817598]},"properties":{"province":"Kwango","zonesante":"Kenge","airesante":"CBCO","localite":"Masingo","localitetype":"Village","source_acronym":"ESPK","date":"2023","precision_":4.5,"grid3id":"KG_9E3FA33292","territoire":"Kenge"}},{"type":"Feature","geometry":{"type":"Point","coordinates":[19.262938,-6.908283]},"properties":{"province":"Kwango","zonesante":"Kahemba","airesante":"Bumba","localite":"Mutomboyaav","localitetype":"Village","source_acronym":"ESPK","date":"2023","precision_":4.3,"grid3id":"KG_8D21AB0202","territoire":"Kahemba"}},{"type":"Feature","geometry":{"type":"Point","coordinates":[19.267756,-6.912019]},"properties":{"province":"Kwango","zonesante":"Kahemba","airesante":"Bumba","localite":"Kaji","localitetype":"Village","source_acronym":"ESPK","date":"2023","precision_":4.6,"grid3id":"KG_4C410C604E","territoire":"Kahemba"}},{"type":"Feature","geometry":{"type":"Point","coordinates":[19.252242,-6.900567]},"properties":{"province":"Kwango","zonesante":"Kahemba","airesante":"Bumba","localite":"Bumba","localitetype":"Village","source_acronym":"ESPK","date":"2023","precision_":4,"grid3id":"KG_78FF0144F1","territoire":"Kahemba"}},{"type":"Feature","geometry":{"type":"Point","coordinates":[19.259203,-6.905448]},"properties":{"province":"Kwango","zonesante":"Kahemba","airesante":"Bumba","localite":"Kahiji","localitetype":"Village","source_acronym":"ESPK","date":"2023","precision_":4.6,"grid3id":"KG_F7B3CE1553","territoire":"Kahemba"}},{"type":"Feature","geometry":{"type":"Point","coordinates":[19.252616,-6.89452]},"properties":{"province":"Kwango","zonesante":"Kahemba","airesante":"Bumba","localite":"Mwakapenda","localitetype":"Village","source_acronym":"ESPK","date":"2023","precision_":4.7,"grid3id":"KG_B60F82665D","territoire":"Kahemba"}},{"type":"Feature","geometry":{"type":"Point","coordinates":[19.252765,-6.898676]},"properties":{"province":"Kwango","zonesante":"Kahemba","airesante":"Bumba","localite":"Mwakapenda","localitetype":"Village","source_acronym":"ESPK","date":"2023","precision_":5,"grid3id":"KG_82CF670DAF","territoire":"Kahemba"}},{"type":"Feature","geometry":{"type":"Point","coordinates":[17.488562,-6.523279]},"properties":{"province":"Kwango","zonesante":"Panzi","airesante":"Buka Kalau","localite":"Nsele","localitetype":"Village","source_acronym":"ESPK","date":"2023","precision_":4,"grid3id":"KG_0DD8FF15DC","territoire":"Kasongo-Lunda"}},{"type":"Feature","geometry":{"type":"Point","coordinates":[17.512594,-6.491389]},"properties":{"province":"Kwango","zonesante":"Panzi","airesante":"Buka Kalau","localite":"Campscieur","localitetype":"Village","source_acronym":"ESPK","date":"2023","precision_":4.8,"grid3id":"KG_5A63598BD1","territoire":"Kasongo-Lunda"}},{"type":"Feature","geometry":{"type":"Point","coordinates":[17.544153,-6.516717]},"properties":{"province":"Kwango","zonesante":"Panzi","airesante":"Buka Kalau","localite":"Tsakala Kuku","localitetype":"Village","source_acronym":"ESPK","date":"2023","precision_":4.9,"grid3id":"KG_1E559BB41D","territoire":"Kasongo-Lunda"}},{"type":"Feature","geometry":{"type":"Point","coordinates":[17.487961,-6.523758]},"properties":{"province":"Kwango","zonesante":"Panzi","airesante":"Buka Kalau","localite":"Muntutia","localitetype":"Village","source_acronym":"ESPK","date":"2023","precision_":4.2,"grid3id":"KG_059F46A70F","territoire":"Kasongo-Lunda"}},{"type":"Feature","geometry":{"type":"Point","coordinates":[17.512641,-6.491291]},"properties":{"province":"Kwango","zonesante":"Panzi","airesante":"Buka Kalau","localite":"Sueur","localitetype":"Campement","source_acronym":"ESPK","date":"2023","precision_":4.5,"grid3id":"KG_778C719567","territoire":"Kasongo-Lunda"}},{"type":"Feature","geometry":{"type":"Point","coordinates":[17.486108,-6.525666]},"properties":{"province":"Kwango","zonesante":"Panzi","airesante":"Buka Kalau","localite":"Mabwidi","localitetype":"Village","source_acronym":"ESPK","date":"2023","precision_":4.2,"grid3id":"KG_D17AFFF8B5","territoire":"Kasongo-Lunda"}},{"type":"Feature","geometry":{"type":"Point","coordinates":[17.256325,-6.769805]},"properties":{"province":"Kwango","zonesante":"Kitenda","airesante":"Bondo Pokoso","localite":"Mukadi","localitetype":"Village","source_acronym":"ESPK","date":"2023","precision_":4.7,"grid3id":"KG_EC55C98EA6","territoire":"Kasongo-Lunda"}},{"type":"Feature","geometry":{"type":"Point","coordinates":[17.254474,-6.757659]},"properties":{"province":"Kwango","zonesante":"Kitenda","airesante":"Bondo Pokoso","localite":"Kiala","localitetype":"Village","source_acronym":"ESPK","date":"2023","precision_":4.7,"grid3id":"KG_11891931E7","territoire":"Kasongo-Lunda"}},{"type":"Feature","geometry":{"type":"Point","coordinates":[17.263805,-6.778147]},"properties":{"province":"Kwango","zonesante":"Kitenda","airesante":"Bondo Pokoso","localite":"Pokoso 2","localitetype":"Village","source_acronym":"ESPK","date":"2023","precision_":4.6,"grid3id":"KG_3AFB2AEAC4","territoire":"Kasongo-Lunda"}},{"type":"Feature","geometry":{"type":"Point","coordinates":[17.267062,-6.778371]},"properties":{"province":"Kwango","zonesante":"Kitenda","airesante":"Bondo Pokoso","localite":"Mukula","localitetype":"Village","source_acronym":"ESPK","date":"2023","precision_":4.9,"grid3id":"KG_15912339B3","territoire":"Kasongo-Lunda"}},{"type":"Feature","geometry":{"type":"Point","coordinates":[16.300324,-4.645511]},"properties":{"province":"Kwango","zonesante":"Boko","airesante":"Kabuba","localite":"Molosi","localitetype":"Village","source_acronym":"ESPK","date":"2023","precision_":5,"grid3id":"KG_6A731AA5B0"}},{"type":"Feature","geometry":{"type":"Point","coordinates":[17.03511,-4.82362]},"properties":{"province":"Kwango","zonesante":"Kenge","airesante":"CBCO","localite":"Dispensaire","localitetype":"Village","source_acronym":"ESPK","date":"2023","precision_":4.3,"grid3id":"KG_03D5E96EC3","territoire":"Kenge"}},{"type":"Feature","geometry":{"type":"Point","coordinates":[19.284311,-6.769835]},"properties":{"province":"Kwango","zonesante":"Kahemba","airesante":"Bangu","localite":"Kashinakaji","localitetype":"Village","source_acronym":"ESPK","date":"2023","precision_":4.3,"grid3id":"KG_C7AC609026","territoire":"Kahemba"}},{"type":"Feature","geometry":{"type":"Point","coordinates":[19.289388,-6.740189]},"properties":{"province":"Kwango","zonesante":"Kahemba","airesante":"Bangu","localite":"Mwadiangoya","localitetype":"Village","source_acronym":"ESPK","date":"2023","precision_":4.6,"grid3id":"KG_6BDC8238E8","territoire":"Kahemba"}},{"type":"Feature","geometry":{"type":"Point","coordinates":[19.285343,-6.723558]},"properties":{"province":"Kwango","zonesante":"Kahemba","airesante":"Bangu","localite":"Nganasamba","localitetype":"Village","source_acronym":"ESPK","date":"2023","precision_":4.3,"grid3id":"KG_19CEC51AD1","territoire":"Kahemba"}},{"type":"Feature","geometry":{"type":"Point","coordinates":[19.290833,-6.721483]},"properties":{"province":"Kwango","zonesante":"Kahemba","airesante":"Bangu","localite":"Khula","localitetype":"Village","source_acronym":"ESPK","date":"2023","precision_":4.6,"grid3id":"KG_60FCE1A6C5","territoire":"Kahemba"}},{"type":"Feature","geometry":{"type":"Point","coordinates":[19.347037,-6.679512]},"properties":{"province":"Kwango","zonesante":"Kahemba","airesante":"Bangu","localite":"Bumba","localitetype":"Village","source_acronym":"ESPK","date":"2023","precision_":5,"grid3id":"KG_3CDD8AE4DC","territoire":"Kahemba"}},{"type":"Feature","geometry":{"type":"Point","coordinates":[17.084972,-6.196746]},"properties":{"province":"Kwango","zonesante":"Kasongo Lunda","airesante":"Bangi","localite":"Kazekele","localitetype":"Village","source_acronym":"ESPK","date":"2023","precision_":4.1,"grid3id":"KG_A689E7DC92","territoire":"Kasongo-Lunda"}},{"type":"Feature","geometry":{"type":"Point","coordinates":[17.126543,-6.200965]},"properties":{"province":"Kwango","zonesante":"Kasongo Lunda","airesante":"Bangi","localite":"Sumba","localitetype":"Village","source_acronym":"ESPK","date":"2023","precision_":4.3,"grid3id":"KG_9605B344E6","territoire":"Kasongo-Lunda"}},{"type":"Feature","geometry":{"type":"Point","coordinates":[17.12719,-6.2341]},"properties":{"province":"Kwango","zonesante":"Kasongo Lunda","airesante":"Bangi","localite":"Mbangi Mayamba","localitetype":"Village","source_acronym":"ESPK","date":"2023","precision_":4.6,"grid3id":"KG_FA0E88B8EE","territoire":"Kasongo-Lunda"}},{"type":"Feature","geometry":{"type":"Point","coordinates":[17.105723,-6.137885]},"properties":{"province":"Kwango","zonesante":"Kasongo Lunda","airesante":"Bangi","localite":"Mombo","localitetype":"Village","source_acronym":"ESPK","date":"2023","precision_":4.1,"grid3id":"KG_4953D567F7","territoire":"Kasongo-Lunda"}},{"type":"Feature","geometry":{"type":"Point","coordinates":[17.126902,-6.234999]},"properties":{"province":"Kwango","zonesante":"Kasongo Lunda","airesante":"Bangi","localite":"Mbangimayamba","localitetype":"Village","source_acronym":"ESPK","date":"2023","precision_":4.6,"grid3id":"KG_B7B7C8073A","territoire":"Kasongo-Lunda"}},{"type":"Feature","geometry":{"type":"Point","coordinates":[18.873912,-6.366018]},"properties":{"province":"Kwango","zonesante":"Kisanji","airesante":"Kisenda","localite":"Fadine","localitetype":"Village","source_acronym":"ESPK","date":"2023","precision_":4.9,"grid3id":"KG_908DFD0CDB","territoire":"Feshi"}},{"type":"Feature","geometry":{"type":"Point","coordinates":[17.210982,-6.988141]},"properties":{"province":"Kwango","zonesante":"Kitenda","airesante":"Mukondo","localite":"Bilo","localitetype":"Village","source_acronym":"ESPK","date":"2023","precision_":4.9,"grid3id":"KG_479551988B","territoire":"Kasongo-Lunda"}},{"type":"Feature","geometry":{"type":"Point","coordinates":[16.401843,-5.32168]},"properties":{"province":"Kwango","zonesante":"Popokabaka","airesante":"Ipongi","localite":"Inzambi","localitetype":"Village","source_acronym":"ESPK","date":"2023","precision_":4.4,"grid3id":"KG_66051B85F1","territoire":"Popokabaka"}},{"type":"Feature","geometry":{"type":"Point","coordinates":[16.53902,-5.311381]},"properties":{"province":"Kwango","zonesante":"Boko","airesante":"Dinga","localite":"Ingubu","localitetype":"Village","source_acronym":"ESPK","date":"2023","precision_":4.9,"grid3id":"KG_C769486736","territoire":"Kenge"}},{"type":"Feature","geometry":{"type":"Point","coordinates":[16.438364,-5.357573]},"properties":{"province":"Kwango","zonesante":"Popokabaka","airesante":"Ipongi","localite":"Makaya Mbongo","localitetype":"Village","source_acronym":"ESPK","date":"2023","precision_":4.5,"grid3id":"KG_CFEE577225","territoire":"Popokabaka"}},{"type":"Feature","geometry":{"type":"Point","coordinates":[18.317058,-7.939762]},"properties":{"province":"Kwango","zonesante":"Kajiji","airesante":"Kapinipini","localite":"Tshiluluamwisi","localitetype":"Village","source_acronym":"ESPK","date":"2023","precision_":4.9,"grid3id":"KG_776BAF9E63","territoire":"Kahemba"}},{"type":"Feature","geometry":{"type":"Point","coordinates":[16.47891,-4.780292]},"properties":{"province":"Kwango","zonesante":"Boko","airesante":"Kabuba","localite":"Kabamba","localitetype":"Village","source_acronym":"ESPK","date":"2023","precision_":4.5,"grid3id":"KG_2D2909C40C","territoire":"Kenge"}},{"type":"Feature","geometry":{"type":"Point","coordinates":[16.541204,-5.619838]},"properties":{"province":"Kwango","zonesante":"Popokabaka","airesante":"Lusanga","localite":"Bivoka","localitetype":"Village","source_acronym":"ESPK","date":"2023","precision_":4.8,"grid3id":"KG_D7924FB06B","territoire":"Popokabaka"}},{"type":"Feature","geometry":{"type":"Point","coordinates":[16.564409,-5.313482]},"properties":{"province":"Kwango","zonesante":"Boko","airesante":"Dinga","localite":"Lupumba","localitetype":"Village","source_acronym":"ESPK","date":"2023","precision_":4,"grid3id":"KG_A5137ED139","territoire":"Kenge"}},{"type":"Feature","geometry":{"type":"Point","coordinates":[16.539292,-5.67118]},"properties":{"province":"Kwango","zonesante":"Popokabaka","airesante":"Lusanga","localite":"Ipasa","localitetype":"Village","source_acronym":"ESPK","date":"2023","precision_":4.4,"grid3id":"KG_ABC9565417","territoire":"Popokabaka"}},{"type":"Feature","geometry":{"type":"Point","coordinates":[16.828495,-6.808869]},"properties":{"province":"Kwango","zonesante":"Kasongo Lunda","airesante":"Mulundu","localite":"Mukumbi Etkimbangala","localitetype":"Village","source_acronym":"ESPK","date":"2023","precision_":4.9,"grid3id":"KG_300F0A3C70"}},{"type":"Feature","geometry":{"type":"Point","coordinates":[16.438775,-5.357672]},"properties":{"province":"Kwango","zonesante":"Popokabaka","airesante":"Ipongi","localite":"Makaya Mbomgu","localitetype":"Village","source_acronym":"ESPK","date":"2023","precision_":4.9,"grid3id":"KG_F6782010F4","territoire":"Popokabaka"}},{"type":"Feature","geometry":{"type":"Point","coordinates":[18.199272,-6.481931]},"properties":{"province":"Kwango","zonesante":"Feshi","airesante":"Mabaya","localite":"Mahumbu","localitetype":"Village","source_acronym":"ESPK","date":"2023","precision_":4.3,"grid3id":"KG_26244BB692","territoire":"Feshi"}},{"type":"Feature","geometry":{"type":"Point","coordinates":[17.459611,-6.817176]},"properties":{"province":"Kwango","zonesante":"Kitenda","airesante":"Kazembe","localite":"Mukondo","localitetype":"Village","source_acronym":"ESPK","date":"2023","precision_":3.9,"grid3id":"KG_FE9B122AEE","territoire":"Kasongo-Lunda"}},{"type":"Feature","geometry":{"type":"Point","coordinates":[16.851334,-6.842708]},"properties":{"province":"Kwango","zonesante":"Kasongo Lunda","airesante":"Mulundu","localite":"Mukumbi Et Kimbangala","localitetype":"Village","source_acronym":"ESPK","date":"2023","precision_":4.9,"grid3id":"KG_EFABAF67B1"}},{"type":"Feature","geometry":{"type":"Point","coordinates":[18.458783,-7.701179]},"properties":{"province":"Kwango","zonesante":"Kajiji","airesante":"Kajiji","localite":"Kambakahungu","localitetype":"Village","source_acronym":"ESPK","date":"2023","precision_":3.9,"grid3id":"KG_62DF5F6428","territoire":"Kahemba"}},{"type":"Feature","geometry":{"type":"Point","coordinates":[16.46895,-5.319395]},"properties":{"province":"Kwango","zonesante":"Popokabaka","airesante":"Ipongi","localite":"Indamba","localitetype":"Village","source_acronym":"ESPK","date":"2023","precision_":4.2,"grid3id":"KG_18344FC09C","territoire":"Popokabaka"}},{"type":"Feature","geometry":{"type":"Point","coordinates":[18.043815,-7.97223]},"properties":{"province":"Kwango","zonesante":"Kajiji","airesante":"Shamatahu","localite":"Kapela","localitetype":"Village","source_acronym":"ESPK","date":"2023","precision_":4.7,"grid3id":"KG_D8D55A4CAA","territoire":"Kahemba"}},{"type":"Feature","geometry":{"type":"Point","coordinates":[18.118471,-6.547128]},"properties":{"province":"Kwango","zonesante":"Feshi","airesante":"Mabaya","localite":"Kikukila","localitetype":"Village","source_acronym":"ESPK","date":"2023","precision_":4.5,"grid3id":"KG_6AC493EF0E","territoire":"Feshi"}},{"type":"Feature","geometry":{"type":"Point","coordinates":[17.261926,-6.943942]},"properties":{"province":"Kwango","zonesante":"Kitenda","airesante":"Mukondo","localite":"Kisenda","localitetype":"Village","source_acronym":"ESPK","date":"2023","precision_":4.8,"grid3id":"KG_C35198409F","territoire":"Kasongo-Lunda"}},{"type":"Feature","geometry":{"type":"Point","coordinates":[16.828897,-6.809176]},"properties":{"province":"Kwango","zonesante":"Kasongo Lunda","airesante":"Mulundu","localite":"Mukumbi Et Kimangala","localitetype":"Village","source_acronym":"ESPK","date":"2023","precision_":4.7,"grid3id":"KG_C6613D9C53"}},{"type":"Feature","geometry":{"type":"Point","coordinates":[18.898861,-6.474788]},"properties":{"province":"Kwango","zonesante":"Kisanji","airesante":"Kisenda","localite":"Konginina","localitetype":"Village","source_acronym":"ESPK","date":"2023","precision_":4.5,"grid3id":"KG_C88563AA9A","territoire":"Feshi"}},{"type":"Feature","geometry":{"type":"Point","coordinates":[18.282869,-6.641369]},"properties":{"province":"Kwango","zonesante":"Feshi","airesante":"Mabaya","localite":"Mutondo Wume","localitetype":"Village","source_acronym":"ESPK","date":"2023","precision_":4.6,"grid3id":"KG_F5395B32D9","territoire":"Feshi"}},{"type":"Feature","geometry":{"type":"Point","coordinates":[17.212763,-4.78163]},"properties":{"province":"Kwango","zonesante":"Kenge","airesante":"Bangombe","localite":"12 Femmes","localitetype":"Village","source_acronym":"DSNIS","date":"2019","grid3id":"KG_BD0BC2EF23","territoire":"Kenge"}},{"type":"Feature","geometry":{"type":"Point","coordinates":[18.194644,-6.335176]},"properties":{"province":"Kwango","zonesante":"Feshi","airesante":"Tonu","localite":"Ag Kindambi","localitetype":"Village","source_acronym":"DSNIS","date":"2019","grid3id":"KG_0ECF918AFA","territoire":"Feshi"}},{"type":"Feature","geometry":{"type":"Point","coordinates":[18.176706,-6.342297]},"properties":{"province":"Kwango","zonesante":"Feshi","airesante":"Tonu","localite":"Ag Kipaka","localitetype":"Village","source_acronym":"DSNIS","date":"2019","grid3id":"KG_24DE97C445","territoire":"Feshi"}},{"type":"Feature","geometry":{"type":"Point","coordinates":[18.276195,-6.203051]},"properties":{"province":"Kwango","zonesante":"Feshi","airesante":"Maziamo","localite":"Agillage Katendae","localitetype":"Village","source_acronym":"DSNIS","date":"2019","grid3id":"KG_D074237691","territoire":"Feshi"}},{"type":"Feature","geometry":{"type":"Point","coordinates":[16.495071,-4.579156]},"properties":{"province":"Kwango","zonesante":"Boko","airesante":"Kabuba","localite":"Aurevoir Bandundu","localitetype":"Village","source_acronym":"DSNIS","date":"2019","grid3id":"KG_D5C8F02F8F","territoire":"Kenge"}},{"type":"Feature","geometry":{"type":"Point","coordinates":[17.659131,-7.194053]},"properties":{"province":"Kwango","zonesante":"Panzi","airesante":"Kiama","localite":"Bac Kiama","localitetype":"Village","source_acronym":"DSNIS","date":"2019","grid3id":"KG_44BFE39897","territoire":"Kasongo-Lunda"}},{"type":"Feature","geometry":{"type":"Point","coordinates":[18.114064,-5.907929]},"properties":{"province":"Kwango","zonesante":"Feshi","airesante":"Kikombo","localite":"Badi","localitetype":"Hameau","source_acronym":"DSNIS","date":"2019","grid3id":"KG_4FC0ADD1E8","territoire":"Feshi"}},{"type":"Feature","geometry":{"type":"Point","coordinates":[16.496568,-5.000944]},"properties":{"province":"Kwango","zonesante":"Popokabaka","localite":"Baheka","localitetype":"Village","source_acronym":"DSNIS","date":"2019","grid3id":"KG_5E505F33C9","territoire":"Popokabaka"}},{"type":"Feature","geometry":{"type":"Point","coordinates":[17.877872,-7.531046]},"properties":{"province":"Kwango","zonesante":"Panzi","airesante":"Kasandji","localite":"Bakangindu","localitetype":"Hameau","source_acronym":"DSNIS","date":"2019","grid3id":"KG_46FCCEE0C8","territoire":"Kasongo-Lunda"}},{"type":"Feature","geometry":{"type":"Point","coordinates":[17.479569,-6.1144]},"properties":{"province":"Kwango","zonesante":"Mwela Lembwa","airesante":"Ngudikama","localite":"Bakata","localitetype":"Village","source_acronym":"DSNIS","date":"2019","grid3id":"KG_170F7A1918","territoire":"Feshi"}},{"type":"Feature","geometry":{"type":"Point","coordinates":[17.55793,-7.995789]},"properties":{"province":"Kwango","zonesante":"Tembo","airesante":"Mawangu","localite":"Bakoko","localitetype":"Village","source_acronym":"DSNIS","date":"2019","grid3id":"KG_892EBDBC28","territoire":"Kasongo-Lunda"}},{"type":"Feature","geometry":{"type":"Point","coordinates":[17.088045,-5.05054]},"properties":{"province":"Kwango","zonesante":"Kenge","airesante":"Masingi","localite":"Bakombo","localitetype":"Village","source_acronym":"DSNIS","date":"2019","grid3id":"KG_EA1F927193","territoire":"Kenge"}},{"type":"Feature","geometry":{"type":"Point","coordinates":[16.502801,-4.634734]},"properties":{"province":"Kwango","zonesante":"Boko","airesante":"Pont Kwango","localite":"Bakorintho","localitetype":"Village","source_acronym":"DSNIS","date":"2019","grid3id":"KG_8247C037C3","territoire":"Kenge"}},{"type":"Feature","geometry":{"type":"Point","coordinates":[18.384924,-6.235161]},"properties":{"province":"Kwango","zonesante":"Feshi","airesante":"Maziamo","localite":"Balangala","localitetype":"Village","source_acronym":"DSNIS","date":"2019","grid3id":"KG_AEC7112941","territoire":"Feshi"}},{"type":"Feature","geometry":{"type":"Point","coordinates":[17.624577,-6.725942]},"properties":{"province":"Kwango","zonesante":"Panzi","airesante":"Kibunda 1","localite":"Balengemi","localitetype":"Village","source_acronym":"DSNIS","date":"2019","grid3id":"KG_084595B88A","territoire":"Kasongo-Lunda"}},{"type":"Feature","geometry":{"type":"Point","coordinates":[17.403054,-6.955224]},"properties":{"province":"Kwango","zonesante":"Kitenda","airesante":"Mihala","localite":"Baluba","localitetype":"Village","source_acronym":"DSNIS","date":"2019","grid3id":"KG_5BBC01E8B3","territoire":"Kasongo-Lunda"}},{"type":"Feature","geometry":{"type":"Point","coordinates":[18.068368,-5.768161]},"properties":{"province":"Kwango","zonesante":"Feshi","airesante":"Mbumba","localite":"Bana Congo","localitetype":"Hameau","source_acronym":"DSNIS","date":"2019","grid3id":"KG_E31EB6009D","territoire":"Feshi"}},{"type":"Feature","geometry":{"type":"Point","coordinates":[16.837633,-4.917307]},"properties":{"province":"Kwango","zonesante":"Boko","airesante":"Mutombo","localite":"Bana Na Bana","localitetype":"Hameau","source_acronym":"DSNIS","date":"2019","grid3id":"KG_25EDECE69F","territoire":"Kenge"}},{"type":"Feature","geometry":{"type":"Point","coordinates":[17.692737,-6.546538]},"properties":{"province":"Kwango","zonesante":"Mwela Lembwa","airesante":"Tsaku Malafu","localite":"Banabanzambi","localitetype":"Village","source_acronym":"DSNIS","date":"2019","grid3id":"KG_A7EDC358B2","territoire":"Kasongo-Lunda"}},{"type":"Feature","geometry":{"type":"Point","coordinates":[17.416771,-6.986089]},"properties":{"province":"Kwango","zonesante":"Kitenda","airesante":"Mayala","localite":"Bandala","localitetype":"Village","source_acronym":"DSNIS","date":"2019","grid3id":"KG_9FEA398A2D","territoire":"Kasongo-Lunda"}},{"type":"Feature","geometry":{"type":"Point","coordinates":[17.362726,-6.846764]},"properties":{"province":"Kwango","zonesante":"Kitenda","airesante":"Kitenda","localite":"Bandila","localitetype":"Village","source_acronym":"DSNIS","date":"2019","grid3id":"KG_EC2F5D9803","territoire":"Kasongo-Lunda"}},{"type":"Feature","geometry":{"type":"Point","coordinates":[17.113311,-5.115984]},"properties":{"province":"Kwango","zonesante":"Kenge","airesante":"Mukumbi","localite":"Bangembo","localitetype":"Village","source_acronym":"DSNIS","date":"2019","grid3id":"KG_850A7650ED","territoire":"Kenge"}},{"type":"Feature","geometry":{"type":"Point","coordinates":[16.564665,-5.313784]},"properties":{"province":"Kwango","zonesante":"Boko","airesante":"Dinga","localite":"Bangembo","localitetype":"Hameau","source_acronym":"DSNIS","date":"2019","grid3id":"KG_F13127A389","territoire":"Kenge"}},{"type":"Feature","geometry":{"type":"Point","coordinates":[16.774551,-4.821167]},"properties":{"province":"Kwango","zonesante":"Boko","airesante":"Mutombo","localite":"Bangoy","localitetype":"Village","source_acronym":"DSNIS","date":"2019","grid3id":"KG_FF15DBDF5B","territoire":"Kenge"}},{"type":"Feature","geometry":{"type":"Point","coordinates":[18.155965,-6.120196]},"properties":{"province":"Kwango","zonesante":"Feshi","airesante":"Feshi 2","localite":"Baque","localitetype":"Hameau","source_acronym":"DSNIS","date":"2019","grid3id":"KG_916D427830","territoire":"Feshi"}},{"type":"Feature","geometry":{"type":"Point","coordinates":[16.761798,-6.25813]},"properties":{"province":"Kwango","zonesante":"Kasongo Lunda","airesante":"Zhinabunkete","localite":"Baringa","localitetype":"Village","source_acronym":"DSNIS","date":"2019","grid3id":"KG_75082B352F","territoire":"Kasongo-Lunda"}},{"type":"Feature","geometry":{"type":"Point","coordinates":[16.789714,-4.712204]},"properties":{"province":"Kwango","zonesante":"Boko","airesante":"Lonzo","localite":"Baringa","localitetype":"Village","source_acronym":"DSNIS","date":"2019","grid3id":"KG_77556D3FA4","territoire":"Kenge"}},{"type":"Feature","geometry":{"type":"Point","coordinates":[17.482259,-6.755463]},"properties":{"province":"Kwango","zonesante":"Kitenda","airesante":"Baringa","localite":"Baringa","localitetype":"Village","source_acronym":"DSNIS","date":"2019","grid3id":"KG_1F6122F2A4","territoire":"Kasongo-Lunda"}},{"type":"Feature","geometry":{"type":"Point","coordinates":[16.929258,-6.270201]},"properties":{"province":"Kwango","zonesante":"Kasongo Lunda","airesante":"Kishiama","localite":"Baringa Tuana","localitetype":"Village","source_acronym":"DSNIS","date":"2019","grid3id":"KG_F0FD6653E1","territoire":"Kasongo-Lunda"}},{"type":"Feature","geometry":{"type":"Point","coordinates":[16.816378,-4.516692]},"properties":{"province":"Kwango","zonesante":"Boko","airesante":"Bitadiluasa","localite":"Baringa Zumbu","localitetype":"Hameau","source_acronym":"DSNIS","date":"2019","grid3id":"KG_FE5097999A","territoire":"Kenge"}},{"type":"Feature","geometry":{"type":"Point","coordinates":[16.84744,-4.731846]},"properties":{"province":"Kwango","zonesante":"Boko","airesante":"Lonzo","localite":"Basala","localitetype":"Village","source_acronym":"DSNIS","date":"2019","grid3id":"KG_66752972D7","territoire":"Kenge"}},{"type":"Feature","geometry":{"type":"Point","coordinates":[18.818472,-7.912099]},"properties":{"province":"Kwango","zonesante":"Kajiji","localite":"Basantu Nionso","localitetype":"Village","source_acronym":"DSNIS","date":"2019","grid3id":"KG_B31EB234E7","territoire":"Kahemba"}},{"type":"Feature","geometry":{"type":"Point","coordinates":[17.995992,-6.373782]},"properties":{"province":"Kwango","zonesante":"Feshi","airesante":"Mutangu","localite":"Base Kanga Ntima","localitetype":"Hameau","source_acronym":"DSNIS","date":"2019","grid3id":"KG_1801D2E5C5","territoire":"Feshi"}},{"type":"Feature","geometry":{"type":"Point","coordinates":[18.043388,-6.405009]},"properties":{"province":"Kwango","zonesante":"Feshi","airesante":"Mutsunda","localite":"Base Luasenga","localitetype":"Hameau","source_acronym":"DSNIS","date":"2019","grid3id":"KG_EA06DA922D","territoire":"Feshi"}},{"type":"Feature","geometry":{"type":"Point","coordinates":[18.003045,-6.232412]},"properties":{"province":"Kwango","zonesante":"Feshi","airesante":"Mutangu","localite":"Base Mukata","localitetype":"Hameau","source_acronym":"DSNIS","date":"2019","grid3id":"KG_2C92D7EDEB","territoire":"Feshi"}},{"type":"Feature","geometry":{"type":"Point","coordinates":[17.93193,-6.383943]},"properties":{"province":"Kwango","zonesante":"Mwela Lembwa","airesante":"Mafuti","localite":"Base Musulu","localitetype":"Village","source_acronym":"DSNIS","date":"2019","grid3id":"KG_4365553B0F","territoire":"Feshi"}},{"type":"Feature","geometry":{"type":"Point","coordinates":[16.298897,-5.079551]},"properties":{"province":"Kwango","zonesante":"Popokabaka","airesante":"Iyimbi Mbingila","localite":"Basingika","localitetype":"Village","source_acronym":"DSNIS","date":"2019","grid3id":"KG_CA7CA4A7A1","territoire":"Kenge"}},{"type":"Feature","geometry":{"type":"Point","coordinates":[17.01507,-4.768789]},"properties":{"province":"Kwango","zonesante":"Kenge","airesante":"Pont Wamba","localite":"Basuku","localitetype":"Village","source_acronym":"DSNIS","date":"2019","grid3id":"KG_BFBB42314F","territoire":"Kenge"}},{"type":"Feature","geometry":{"type":"Point","coordinates":[17.634351,-6.528246]},"properties":{"province":"Kwango","zonesante":"Mwela Lembwa","airesante":"Tsaku Malafu","localite":"Batangebwa","localitetype":"Village","source_acronym":"DSNIS","date":"2019","grid3id":"KG_610B90F4E9","territoire":"Kasongo-Lunda"}},{"type":"Feature","geometry":{"type":"Point","coordinates":[16.437786,-4.66096]},"properties":{"province":"Kwango","zonesante":"Boko","airesante":"Kabuba","localite":"Batsetsimunzo","localitetype":"Village","source_acronym":"DSNIS","date":"2019","grid3id":"KG_A034B36E1F","territoire":"Kenge"}},{"type":"Feature","geometry":{"type":"Point","coordinates":[16.479752,-4.565967]},"properties":{"province":"Kwango","zonesante":"Boko","airesante":"Kabuba","localite":"Batshiongo","localitetype":"Village","source_acronym":"DSNIS","date":"2019","grid3id":"KG_300458FA2D","territoire":"Kenge"}},{"type":"Feature","geometry":{"type":"Point","coordinates":[17.234834,-6.588283]},"properties":{"province":"Kwango","zonesante":"Wamba Lwadi","airesante":"Mukumbi","localite":"Bawamba","localitetype":"Village","source_acronym":"DSNIS","date":"2019","grid3id":"KG_8A5AF9EE9A","territoire":"Kasongo-Lunda"}},{"type":"Feature","geometry":{"type":"Point","coordinates":[17.188749,-6.711315]},"properties":{"province":"Kwango","zonesante":"Kitenda","airesante":"Kimbwasa","localite":"Bawamba","localitetype":"Village","source_acronym":"DSNIS","date":"2019","grid3id":"KG_132AD48D87","territoire":"Kasongo-Lunda"}},{"type":"Feature","geometry":{"type":"Point","coordinates":[17.172356,-6.3366]},"properties":{"province":"Kwango","zonesante":"Kasongo Lunda","airesante":"Kifuka","localite":"Bayila","localitetype":"Village","source_acronym":"DSNIS","date":"2019","grid3id":"KG_15B23823FA","territoire":"Kasongo-Lunda"}},{"type":"Feature","geometry":{"type":"Point","coordinates":[16.845912,-4.8122]},"properties":{"province":"Kwango","zonesante":"Boko","airesante":"Mbindanseke","localite":"Benda Nzoto","localitetype":"Hameau","source_acronym":"DSNIS","date":"2019","grid3id":"KG_2183C93ED6","territoire":"Kenge"}},{"type":"Feature","geometry":{"type":"Point","coordinates":[17.348576,-6.34432]},"properties":{"province":"Kwango","zonesante":"Wamba Lwadi","airesante":"Mayimba Ngonda","localite":"Bethel","localitetype":"Village","source_acronym":"DSNIS","date":"2019","grid3id":"KG_7832DECF0F","territoire":"Kasongo-Lunda"}},{"type":"Feature","geometry":{"type":"Point","coordinates":[16.826736,-6.486861]},"properties":{"province":"Kwango","zonesante":"Kasongo Lunda","airesante":"Ntemo","localite":"Bethel Pungi","localitetype":"Village","source_acronym":"DSNIS","date":"2019","grid3id":"KG_65535140C1","territoire":"Kasongo-Lunda"}},{"type":"Feature","geometry":{"type":"Point","coordinates":[17.648145,-7.273644]},"properties":{"province":"Kwango","zonesante":"Tembo","airesante":"Kinkole","localite":"Bethele","localitetype":"Village","source_acronym":"DSNIS","date":"2019","grid3id":"KG_FB91EBA463","territoire":"Kasongo-Lunda"}},{"type":"Feature","geometry":{"type":"Point","coordinates":[17.903057,-5.719563]},"properties":{"province":"Kwango","zonesante":"Feshi","airesante":"Mumbanda","localite":"Bibwa","localitetype":"Village","source_acronym":"DSNIS","date":"2019","grid3id":"KG_569F45DA5E","territoire":"Feshi"}},{"type":"Feature","geometry":{"type":"Point","coordinates":[17.83484,-6.529877]},"properties":{"province":"Kwango","zonesante":"Mwela Lembwa","airesante":"Kabolo","localite":"Bidimuzingi","localitetype":"Village","source_acronym":"DSNIS","date":"2019","grid3id":"KG_4B76D162EC","territoire":"Feshi"}},{"type":"Feature","geometry":{"type":"Point","coordinates":[17.08338,-5.085613]},"properties":{"province":"Kwango","zonesante":"Kenge","airesante":"Mukumbi","localite":"Bifire","localitetype":"Hameau","source_acronym":"DSNIS","date":"2019","grid3id":"KG_4545DE1DFD","territoire":"Kenge"}},{"type":"Feature","geometry":{"type":"Point","coordinates":[17.333157,-6.222032]},"properties":{"province":"Kwango","zonesante":"Wamba Lwadi","airesante":"Manenga","localite":"Bilala","localitetype":"Village","source_acronym":"DSNIS","date":"2019","grid3id":"KG_CEC3D9D6C6","territoire":"Kasongo-Lunda"}},{"type":"Feature","geometry":{"type":"Point","coordinates":[17.586412,-5.7271]},"properties":{"province":"Kwango","zonesante":"Mwela Lembwa","airesante":"Muboso","localite":"Bilasi","localitetype":"Village","source_acronym":"DSNIS","date":"2019","grid3id":"KG_6AEE659A1C","territoire":"Feshi"}},{"type":"Feature","geometry":{"type":"Point","coordinates":[17.662814,-5.855458]},"properties":{"province":"Kwango","zonesante":"Mwela Lembwa","airesante":"Kingungu","localite":"Bilembo","localitetype":"Village","source_acronym":"DSNIS","date":"2019","grid3id":"KG_AB4F87C6A3","territoire":"Feshi"}},{"type":"Feature","geometry":{"type":"Point","coordinates":[17.047958,-5.768876]},"properties":{"province":"Kwango","zonesante":"Kimbao","airesante":"Ibumbu","localite":"Bilungu","localitetype":"Village","source_acronym":"DSNIS","date":"2019","grid3id":"KG_5FFF234331","territoire":"Kenge"}},{"type":"Feature","geometry":{"type":"Point","coordinates":[17.547168,-6.258499]},"properties":{"province":"Kwango","zonesante":"Mwela Lembwa","airesante":"Kimfusa","localite":"Bintoti","localitetype":"Village","source_acronym":"DSNIS","date":"2019","grid3id":"KG_D15E39D0E7","territoire":"Feshi"}},{"type":"Feature","geometry":{"type":"Point","coordinates":[17.613517,-6.021607]},"properties":{"province":"Kwango","zonesante":"Mwela Lembwa","airesante":"Mahungu","localite":"Bitekwa","localitetype":"Village","source_acronym":"DSNIS","date":"2019","grid3id":"KG_97FE540876","territoire":"Feshi"}},{"type":"Feature","geometry":{"type":"Point","coordinates":[16.537125,-5.670656]},"properties":{"province":"Kwango","zonesante":"Popokabaka","airesante":"Lusanga","localite":"Bitongo","localitetype":"Village","source_acronym":"DSNIS","date":"2019","grid3id":"KG_9E3107319D","territoire":"Popokabaka"}},{"type":"Feature","geometry":{"type":"Point","coordinates":[17.155733,-6.223454]},"properties":{"province":"Kwango","zonesante":"Kasongo Lunda","airesante":"Bangi","localite":"Bitsaku","localitetype":"Village","source_acronym":"DSNIS","date":"2019","grid3id":"KG_2BE3583BDD","territoire":"Kasongo-Lunda"}},{"type":"Feature","geometry":{"type":"Point","coordinates":[16.452698,-4.54292]},"properties":{"province":"Kwango","zonesante":"Boko","airesante":"Kabuba","localite":"Bituka","localitetype":"Village","source_acronym":"DSNIS","date":"2019","grid3id":"KG_BBEC2DAE02","territoire":"Kenge"}},{"type":"Feature","geometry":{"type":"Point","coordinates":[17.583974,-6.003132]},"properties":{"province":"Kwango","zonesante":"Mwela Lembwa","airesante":"Mahungu","localite":"Bitundia","localitetype":"Village","source_acronym":"DSNIS","date":"2019","grid3id":"KG_0217E946C6","territoire":"Feshi"}},{"type":"Feature","geometry":{"type":"Point","coordinates":[18.32398,-7.427615]},"properties":{"province":"Kwango","zonesante":"Panzi","airesante":"Kambanzi","localite":"Blaise","localitetype":"Hameau","source_acronym":"DSNIS","date":"2019","grid3id":"KG_41414B22C8","territoire":"Kasongo-Lunda"}},{"type":"Feature","geometry":{"type":"Point","coordinates":[16.756503,-5.450686]},"properties":{"province":"Kwango","zonesante":"Boko","airesante":"Duri Mpangi","localite":"Bodi Batu","localitetype":"Hameau","source_acronym":"DSNIS","date":"2019","grid3id":"KG_88F7F37DD6","territoire":"Kenge"}},{"type":"Feature","geometry":{"type":"Point","coordinates":[18.181468,-6.181948]},"properties":{"province":"Kwango","zonesante":"Feshi","airesante":"Feshi 1","localite":"Bois Fleurie","localitetype":"Village","source_acronym":"DSNIS","date":"2019","grid3id":"KG_91AF13F8D4","territoire":"Feshi"}},{"type":"Feature","geometry":{"type":"Point","coordinates":[16.894137,-4.768435]},"properties":{"province":"Kwango","zonesante":"Boko","airesante":"Mbindanseke","localite":"Bolingo","localitetype":"Hameau","source_acronym":"DSNIS","date":"2019","grid3id":"KG_C9F66EC689","territoire":"Kenge"}},{"type":"Feature","geometry":{"type":"Point","coordinates":[17.865632,-5.673979]},"properties":{"province":"Kwango","zonesante":"Feshi","airesante":"Mumbanda","localite":"Bolo","localitetype":"Hameau","source_acronym":"DSNIS","date":"2019","grid3id":"KG_324A5B919E","territoire":"Feshi"}},{"type":"Feature","geometry":{"type":"Point","coordinates":[17.473757,-7.031699]},"properties":{"province":"Kwango","zonesante":"Kitenda","airesante":"Mazembe","localite":"Bon Coin","localitetype":"Village","source_acronym":"DSNIS","date":"2019","grid3id":"KG_6ACD506363","territoire":"Kasongo-Lunda"}},{"type":"Feature","geometry":{"type":"Point","coordinates":[17.456423,-6.970488]},"properties":{"province":"Kwango","zonesante":"Kitenda","airesante":"Mwela Kassa","localite":"Bonga Bonga","localitetype":"Village","source_acronym":"DSNIS","date":"2019","grid3id":"KG_590A6F4E19","territoire":"Kasongo-Lunda"}},{"type":"Feature","geometry":{"type":"Point","coordinates":[17.228095,-6.958258]},"properties":{"province":"Kwango","zonesante":"Kitenda","airesante":"Mukondo","localite":"Brazza","localitetype":"Village","source_acronym":"DSNIS","date":"2019","grid3id":"KG_66CDBDBAC1","territoire":"Kasongo-Lunda"}},{"type":"Feature","geometry":{"type":"Point","coordinates":[16.801894,-4.416557]},"properties":{"province":"Kwango","zonesante":"Boko","airesante":"Bitadiluasa","localite":"Brousse Kambulu","localitetype":"Village","source_acronym":"DSNIS","date":"2019","grid3id":"KG_30CEFDF124","territoire":"Kenge"}},{"type":"Feature","geometry":{"type":"Point","coordinates":[16.794977,-4.704481]},"properties":{"province":"Kwango","zonesante":"Boko","airesante":"Lonzo","localite":"Brousse Kivubu","localitetype":"Village","source_acronym":"DSNIS","date":"2019","grid3id":"KG_78C31F6787","territoire":"Kenge"}},{"type":"Feature","geometry":{"type":"Point","coordinates":[16.530114,-4.656071]},"properties":{"province":"Kwango","zonesante":"Boko","airesante":"Pont Kwango","localite":"Brousse Lundalu","localitetype":"Village","source_acronym":"DSNIS","date":"2019","grid3id":"KG_B40AB03756","territoire":"Kenge"}},{"type":"Feature","geometry":{"type":"Point","coordinates":[16.774112,-4.786058]},"properties":{"province":"Kwango","zonesante":"Boko","airesante":"Lonzo","localite":"Brousse Mihala","localitetype":"Village","source_acronym":"DSNIS","date":"2019","grid3id":"KG_B38D1740F7","territoire":"Kenge"}},{"type":"Feature","geometry":{"type":"Point","coordinates":[16.859008,-4.789525]},"properties":{"province":"Kwango","zonesante":"Boko","airesante":"Mbindanseke","localite":"Brousse Mukefu","localitetype":"Village","source_acronym":"DSNIS","date":"2019","grid3id":"KG_DE731178B8","territoire":"Kenge"}},{"type":"Feature","geometry":{"type":"Point","coordinates":[16.804967,-4.658673]},"properties":{"province":"Kwango","zonesante":"Boko","localite":"Brousse Pakasa","localitetype":"Village","source_acronym":"DSNIS","date":"2019","grid3id":"KG_5528855F23","territoire":"Kenge"}},{"type":"Feature","geometry":{"type":"Point","coordinates":[18.064409,-6.459661]},"properties":{"province":"Kwango","zonesante":"Feshi","airesante":"Mabaya","localite":"Buhika","localitetype":"Village","source_acronym":"DSNIS","date":"2019","grid3id":"KG_77C74E928C","territoire":"Feshi"}},{"type":"Feature","geometry":{"type":"Point","coordinates":[16.515114,-5.586]},"properties":{"province":"Kwango","zonesante":"Popokabaka","airesante":"Lusanga","localite":"Buisa Mbundu","localitetype":"Village","source_acronym":"DSNIS","date":"2019","grid3id":"KG_5A1ED9D55E","territoire":"Popokabaka"}},{"type":"Feature","geometry":{"type":"Point","coordinates":[16.757703,-6.306558]},"properties":{"province":"Kwango","zonesante":"Kasongo Lunda","airesante":"Zhinabunkete","localite":"Buka Ipangu","localitetype":"Village","source_acronym":"DSNIS","date":"2019","grid3id":"KG_58CB04DFE7","territoire":"Kasongo-Lunda"}},{"type":"Feature","geometry":{"type":"Point","coordinates":[17.872772,-6.130349]},"properties":{"province":"Kwango","zonesante":"Feshi","airesante":"Kimbongo","localite":"Buka Luie","localitetype":"Village","source_acronym":"DSNIS","date":"2019","grid3id":"KG_2C4C55ABC6","territoire":"Feshi"}},{"type":"Feature","geometry":{"type":"Point","coordinates":[17.056064,-4.658117]},"properties":{"province":"Kwango","zonesante":"Kenge","airesante":"Pont Wamba","localite":"Bukaka","localitetype":"Village","source_acronym":"DSNIS","date":"2019","grid3id":"KG_1A44E2302B","territoire":"Kenge"}},{"type":"Feature","geometry":{"type":"Point","coordinates":[17.632434,-6.107705]},"properties":{"province":"Kwango","zonesante":"Mwela Lembwa","airesante":"Matari","localite":"Bukanga","localitetype":"Village","source_acronym":"DSNIS","date":"2019","grid3id":"KG_78664E5EF9","territoire":"Feshi"}},{"type":"Feature","geometry":{"type":"Point","coordinates":[17.41566,-6.000572]},"properties":{"province":"Kwango","zonesante":"Mwela Lembwa","airesante":"Ngudikama","localite":"Bukantegwa","localitetype":"Village","source_acronym":"DSNIS","date":"2019","grid3id":"KG_793336C3EC","territoire":"Feshi"}},{"type":"Feature","geometry":{"type":"Point","coordinates":[16.836234,-4.857946]},"properties":{"province":"Kwango","zonesante":"Boko","airesante":"Mbindanseke","localite":"Bukondi","localitetype":"Village","source_acronym":"DSNIS","date":"2019","grid3id":"KG_9E583E8232","territoire":"Kenge"}},{"type":"Feature","geometry":{"type":"Point","coordinates":[17.95641,-5.778532]},"properties":{"province":"Kwango","zonesante":"Feshi","airesante":"Lobo","localite":"Bulungu","localitetype":"Village","source_acronym":"DSNIS","date":"2019","grid3id":"KG_07A08386C1","territoire":"Feshi"}},{"type":"Feature","geometry":{"type":"Point","coordinates":[17.05917,-5.824626]},"properties":{"province":"Kwango","zonesante":"Popokabaka","airesante":"Imbela","localite":"Bumbi","localitetype":"Village","source_acronym":"DSNIS","date":"2019","grid3id":"KG_3D19F86BB5","territoire":"Kenge"}},{"type":"Feature","geometry":{"type":"Point","coordinates":[17.304204,-7.054212]},"properties":{"province":"Kwango","zonesante":"Kitenda","airesante":"Yenga Lusundji","localite":"Bundamalonda","localitetype":"Village","source_acronym":"DSNIS","date":"2019","grid3id":"KG_FD88052145","territoire":"Kasongo-Lunda"}},{"type":"Feature","geometry":{"type":"Point","coordinates":[17.007618,-5.483649]},"properties":{"province":"Kwango","zonesante":"Kimbao","airesante":"Kipabu","localite":"Bundembi","localitetype":"Village","source_acronym":"DSNIS","date":"2019","grid3id":"KG_18E98B3410","territoire":"Kenge"}},{"type":"Feature","geometry":{"type":"Point","coordinates":[17.527236,-4.288469]},"properties":{"province":"Kwango","zonesante":"Kenge","airesante":"Fasamba","localite":"Bungalwasa","localitetype":"Village","source_acronym":"DSNIS","date":"2019","grid3id":"KG_896FAC1565","territoire":"Kenge"}},{"type":"Feature","geometry":{"type":"Point","coordinates":[17.574997,-4.262566]},"properties":{"province":"Kwango","zonesante":"Kenge","airesante":"Fasamba","localite":"Bunganga Kimpaka","localitetype":"Village","source_acronym":"DSNIS","date":"2019","grid3id":"KG_4655B3FEF0","territoire":"Kenge"}},{"type":"Feature","geometry":{"type":"Point","coordinates":[18.271297,-6.761453]},"properties":{"province":"Kwango","zonesante":"Feshi","airesante":"Shatungushi","localite":"Bungulu","localitetype":"Hameau","source_acronym":"DSNIS","date":"2019","grid3id":"KG_4601168103","territoire":"Feshi"}},{"type":"Feature","geometry":{"type":"Point","coordinates":[18.796027,-6.475879]},"properties":{"province":"Kwango","zonesante":"Kisanji","airesante":"Kabanga Mukeu","localite":"Bungulu","localitetype":"Hameau","source_acronym":"DSNIS","date":"2019","grid3id":"KG_464DE2B9F2","territoire":"Feshi"}},{"type":"Feature","geometry":{"type":"Point","coordinates":[18.088466,-7.904675]},"properties":{"province":"Kwango","zonesante":"Kajiji","airesante":"Nzofu","localite":"Butshi","localitetype":"Village","source_acronym":"DSNIS","date":"2019","grid3id":"KG_CA00868D6F","territoire":"Kahemba"}},{"type":"Feature","geometry":{"type":"Point","coordinates":[17.579356,-5.928223]},"properties":{"province":"Kwango","zonesante":"Mwela Lembwa","airesante":"Mahungu","localite":"Buyukani","localitetype":"Village","source_acronym":"DSNIS","date":"2019","grid3id":"KG_0349C07DB1","territoire":"Feshi"}},{"type":"Feature","geometry":{"type":"Point","coordinates":[17.246389,-6.04875]},"properties":{"province":"Kwango","zonesante":"Wamba Lwadi","airesante":"Nzamba Fuangi","localite":"Buyukani","localitetype":"Village","source_acronym":"DSNIS","date":"2019","grid3id":"KG_04753B4A7D","territoire":"Kasongo-Lunda"}},{"type":"Feature","geometry":{"type":"Point","coordinates":[17.661274,-4.407491]},"properties":{"province":"Kwango","zonesante":"Kenge","airesante":"Bangongo","localite":"Bwatunda","localitetype":"Village","source_acronym":"DSNIS","date":"2019","grid3id":"KG_7E1A7D0E28","territoire":"Kenge"}},{"type":"Feature","geometry":{"type":"Point","coordinates":[17.02757,-4.840076]},"properties":{"province":"Kwango","zonesante":"Kenge","localite":"Cantonnier","localitetype":"Campement","source_acronym":"DSNIS","date":"2019","grid3id":"KG_F806D561EB","territoire":"Kenge"}},{"type":"Feature","geometry":{"type":"Point","coordinates":[16.814656,-6.477126]},"properties":{"province":"Kwango","zonesante":"Kasongo Lunda","airesante":"Nzakimwena","localite":"Militaire","localitetype":"Campement","source_acronym":"DSNIS","date":"2019","grid3id":"KG_CB15B8ADBA","territoire":"Kasongo-Lunda"}},{"type":"Feature","geometry":{"type":"Point","coordinates":[17.511934,-6.490368]},"properties":{"province":"Kwango","zonesante":"Panzi","airesante":"Buka Kalau","localite":"Scieur","localitetype":"Campement","source_acronym":"DSNIS","date":"2019","grid3id":"KG_58A92EFF4B","territoire":"Kasongo-Lunda"}},{"type":"Feature","geometry":{"type":"Point","coordinates":[17.5084,-4.753248]},"properties":{"province":"Kwango","zonesante":"Kenge","airesante":"Musaka","localite":"Scieur Kipalanga","localitetype":"Campement","source_acronym":"DSNIS","date":"2019","grid3id":"KG_9D85C24B00","territoire":"Kenge"}},{"type":"Feature","geometry":{"type":"Point","coordinates":[16.805502,-6.47917]},"properties":{"province":"Kwango","zonesante":"Kasongo Lunda","airesante":"Nzakimwena","localite":"Vert","localitetype":"Campement","source_acronym":"DSNIS","date":"2019","grid3id":"KG_97D92793FF","territoire":"Kasongo-Lunda"}},{"type":"Feature","geometry":{"type":"Point","coordinates":[16.823652,-6.477933]},"properties":{"province":"Kwango","zonesante":"Kasongo Lunda","airesante":"Ntemo","localite":"Camps Prof College N'Temo","localitetype":"Village","source_acronym":"DSNIS","date":"2019","grid3id":"KG_5BE42F93AA","territoire":"Kasongo-Lunda"}},{"type":"Feature","geometry":{"type":"Point","coordinates":[17.443884,-4.394769]},"properties":{"province":"Kwango","zonesante":"Kenge","airesante":"Kapay Lono","localite":"Campus","localitetype":"Hameau","source_acronym":"DSNIS","date":"2019","grid3id":"KG_6809907DAA","territoire":"Kenge"}},{"type":"Feature","geometry":{"type":"Point","coordinates":[19.220561,-6.213752]},"properties":{"province":"Kwango","zonesante":"Kisanji","airesante":"Ngunda","localite":"Cap Kianza","localitetype":"Hameau","source_acronym":"DSNIS","date":"2019","grid3id":"KG_C61B973855","territoire":"Feshi"}},{"type":"Feature","geometry":{"type":"Point","coordinates":[17.297255,-6.121735]},"properties":{"province":"Kwango","zonesante":"Wamba Lwadi","airesante":"Kabaka Mbangi","localite":"Cefa","localitetype":"Village","source_acronym":"DSNIS","date":"2019","grid3id":"KG_C4231C8321","territoire":"Kasongo-Lunda"}},{"type":"Feature","geometry":{"type":"Point","coordinates":[16.879799,-4.757058]},"properties":{"province":"Kwango","zonesante":"Boko","airesante":"Mbindanseke","localite":"Cercle","localitetype":"Village","source_acronym":"DSNIS","date":"2019","grid3id":"KG_4D7D9BCABB","territoire":"Kenge"}},{"type":"Feature","geometry":{"type":"Point","coordinates":[16.832139,-4.788287]},"properties":{"province":"Kwango","zonesante":"Boko","airesante":"Mbindanseke","localite":"Cfa","localitetype":"Village","source_acronym":"DSNIS","date":"2019","grid3id":"KG_421ED0AAFC","territoire":"Kenge"}},{"type":"Feature","geometry":{"type":"Point","coordinates":[16.742393,-5.345066]},"properties":{"province":"Kwango","zonesante":"Boko","airesante":"Boko","localite":"Cha Ngola","localitetype":"Village","source_acronym":"DSNIS","date":"2019","grid3id":"KG_EFA81E4ECF","territoire":"Kenge"}},{"type":"Feature","geometry":{"type":"Point","coordinates":[16.742425,-5.347487]},"properties":{"province":"Kwango","zonesante":"Boko","airesante":"Boko","localite":"Changola","localitetype":"Village","source_acronym":"DSNIS","date":"2019","grid3id":"KG_915D60CBA0","territoire":"Kenge"}},{"type":"Feature","geometry":{"type":"Point","coordinates":[16.622094,-5.210094]},"properties":{"province":"Kwango","zonesante":"Boko","airesante":"Iniangi","localite":"D 1 Hemuna","localitetype":"Groupment","source_acronym":"DSNIS","date":"2019","grid3id":"KG_E758F6F784","territoire":"Kenge"}},{"type":"Feature","geometry":{"type":"Point","coordinates":[16.909671,-4.985124]},"properties":{"province":"Kwango","zonesante":"Boko","airesante":"Kitati","localite":"D 3 Kasongo Dinga","localitetype":"Groupment","source_acronym":"DSNIS","date":"2019","grid3id":"KG_AA148C7EBD","territoire":"Kenge"}},{"type":"Feature","geometry":{"type":"Point","coordinates":[16.841763,-5.360405]},"properties":{"province":"Kwango","zonesante":"Boko","airesante":"Mukukulu Tseke","localite":"D 4 Mobikisi","localitetype":"Groupment","source_acronym":"DSNIS","date":"2019","grid3id":"KG_32080AB508","territoire":"Kenge"}},{"type":"Feature","geometry":{"type":"Point","coordinates":[16.63475,-5.416322]},"properties":{"province":"Kwango","zonesante":"Boko","airesante":"Inzioko","localite":"Ikahu","localitetype":"Groupment","source_acronym":"DSNIS","date":"2019","grid3id":"KG_37262C558D","territoire":"Kenge"}},{"type":"Feature","geometry":{"type":"Point","coordinates":[16.72654,-5.465182]},"properties":{"province":"Kwango","zonesante":"Boko","airesante":"Duri Mpangi","localite":"Itoma","localitetype":"Groupment","source_acronym":"DSNIS","date":"2019","grid3id":"KG_B62BA741D8","territoire":"Kenge"}},{"type":"Feature","geometry":{"type":"Point","coordinates":[16.644497,-5.35213]},"properties":{"province":"Kwango","zonesante":"Boko","airesante":"Dinga","localite":"Iyimbi","localitetype":"Groupment","source_acronym":"DSNIS","date":"2019","grid3id":"KG_23E4169E0C","territoire":"Kenge"}},{"type":"Feature","geometry":{"type":"Point","coordinates":[16.837771,-5.059071]},"properties":{"province":"Kwango","zonesante":"Boko","airesante":"Tsakala Mbewu","localite":"Tsakala Mbewa","localitetype":"Groupment","source_acronym":"DSNIS","date":"2019","grid3id":"KG_C5AF8B907C","territoire":"Kenge"}},{"type":"Feature","geometry":{"type":"Point","coordinates":[16.916827,-4.875771]},"properties":{"province":"Kwango","zonesante":"Boko","airesante":"Kenge 2","localite":"Kizolele","localitetype":"Village","source_acronym":"DSNIS","date":"2019","grid3id":"KG_4B340DEED0","territoire":"Kenge"}},{"type":"Feature","geometry":{"type":"Point","coordinates":[16.563322,-5.013781]},"properties":{"province":"Kwango","zonesante":"Boko","airesante":"Muyalala","localite":"Lufulu","localitetype":"Groupment","source_acronym":"DSNIS","date":"2019","grid3id":"KG_E5C087408C","territoire":"Kenge"}},{"type":"Feature","geometry":{"type":"Point","coordinates":[16.870237,-5.141649]},"properties":{"province":"Kwango","zonesante":"Boko","airesante":"Kasinsi","localite":"Mbalaka","localitetype":"Groupment","source_acronym":"DSNIS","date":"2019","grid3id":"KG_2569ECF05E","territoire":"Kenge"}},{"type":"Feature","geometry":{"type":"Point","coordinates":[16.640385,-5.333946]},"properties":{"province":"Kwango","zonesante":"Boko","airesante":"Dinga","localite":"Dinga Secteur","localitetype":"Groupment","source_acronym":"DSNIS","date":"2019","grid3id":"KG_A4C34CAF0F","territoire":"Kenge"}},{"type":"Feature","geometry":{"type":"Point","coordinates":[16.765975,-5.53611]},"properties":{"province":"Kwango","zonesante":"Boko","airesante":"Duri Mpangi","localite":"Duri Pangi","localitetype":"Groupment","source_acronym":"DSNIS","date":"2019","grid3id":"KG_212CF8591B","territoire":"Kenge"}},{"type":"Feature","geometry":{"type":"Point","coordinates":[16.768916,-5.515998]},"properties":{"province":"Kwango","zonesante":"Boko","airesante":"Duri Mpangi","localite":"Ibita","localitetype":"Groupment","source_acronym":"DSNIS","date":"2019","grid3id":"KG_7452B48EE7","territoire":"Kenge"}},{"type":"Feature","geometry":{"type":"Point","coordinates":[16.797496,-5.382246]},"properties":{"province":"Kwango","zonesante":"Boko","airesante":"Boko","localite":"Ikialala","localitetype":"Groupment","source_acronym":"DSNIS","date":"2019","grid3id":"KG_5215F856F1","territoire":"Kenge"}},{"type":"Feature","geometry":{"type":"Point","coordinates":[16.622465,-5.247978]},"properties":{"province":"Kwango","zonesante":"Boko","airesante":"Iniangi","localite":"Ikosa","localitetype":"Groupment","source_acronym":"DSNIS","date":"2019","grid3id":"KG_43915AEF4B","territoire":"Kenge"}},{"type":"Feature","geometry":{"type":"Point","coordinates":[16.693176,-5.531473]},"properties":{"province":"Kwango","zonesante":"Boko","airesante":"Duri Mpangi","localite":"Ilanga","localitetype":"Groupment","source_acronym":"DSNIS","date":"2019","grid3id":"KG_5938B88376","territoire":"Kenge"}},{"type":"Feature","geometry":{"type":"Point","coordinates":[16.606523,-5.320947]},"properties":{"province":"Kwango","zonesante":"Boko","airesante":"Dinga","localite":"Imbinda","localitetype":"Groupment","source_acronym":"DSNIS","date":"2019","grid3id":"KG_4209A5EFA4","territoire":"Kenge"}},{"type":"Feature","geometry":{"type":"Point","coordinates":[16.922165,-5.468367]},"properties":{"province":"Kwango","zonesante":"Boko","airesante":"Mukukulu Tseke","localite":"Imboso","localitetype":"Groupment","source_acronym":"DSNIS","date":"2019","grid3id":"KG_A2A64C4A14","territoire":"Kenge"}},{"type":"Feature","geometry":{"type":"Point","coordinates":[16.800889,-5.013146]},"properties":{"province":"Kwango","zonesante":"Boko","airesante":"Tsakala Mbewu","localite":"Imwadi","localitetype":"Groupment","source_acronym":"DSNIS","date":"2019","grid3id":"KG_48E2E69D8D","territoire":"Kenge"}},{"type":"Feature","geometry":{"type":"Point","coordinates":[16.647749,-5.212068]},"properties":{"province":"Kwango","zonesante":"Boko","airesante":"Iniangi","localite":"Iniangi","localitetype":"Groupment","source_acronym":"DSNIS","date":"2019","grid3id":"KG_2B32D9A9A4","territoire":"Kenge"}},{"type":"Feature","geometry":{"type":"Point","coordinates":[16.59409,-5.412116]},"properties":{"province":"Kwango","zonesante":"Boko","airesante":"Inzioko","localite":"Inzioko","localitetype":"Groupment","source_acronym":"DSNIS","date":"2019","grid3id":"KG_60EB403C31","territoire":"Kenge"}},{"type":"Feature","geometry":{"type":"Point","coordinates":[16.850599,-5.185737]},"properties":{"province":"Kwango","zonesante":"Boko","airesante":"Kasinsi","localite":"Isomo","localitetype":"Groupment","source_acronym":"DSNIS","date":"2019","grid3id":"KG_B5C3A062C7","territoire":"Kenge"}},{"type":"Feature","geometry":{"type":"Point","coordinates":[16.899018,-4.974262]},"properties":{"province":"Kwango","zonesante":"Boko","airesante":"Kitati","localite":"Itabika","localitetype":"Groupment","source_acronym":"DSNIS","date":"2019","grid3id":"KG_0622714FAE","territoire":"Kenge"}},{"type":"Feature","geometry":{"type":"Point","coordinates":[16.884086,-5.260401]},"properties":{"province":"Kwango","zonesante":"Boko","airesante":"Kasinsi","localite":"Itswadi","localitetype":"Groupment","source_acronym":"DSNIS","date":"2019","grid3id":"KG_C9E7A9EB73","territoire":"Kenge"}},{"type":"Feature","geometry":{"type":"Point","coordinates":[16.882759,-4.977955]},"properties":{"province":"Kwango","zonesante":"Boko","airesante":"Tsakala Mbewu","localite":"Kipesi","localitetype":"Groupment","source_acronym":"DSNIS","date":"2019","grid3id":"KG_AEA7BB59EA","territoire":"Kenge"}},{"type":"Feature","geometry":{"type":"Point","coordinates":[16.838996,-5.433127]},"properties":{"province":"Kwango","zonesante":"Boko","airesante":"Mukukulu Tseke","localite":"Kiseyedi","localitetype":"Groupment","source_acronym":"DSNIS","date":"2019","grid3id":"KG_86804BD223","territoire":"Kenge"}},{"type":"Feature","geometry":{"type":"Point","coordinates":[16.926493,-4.964992]},"properties":{"province":"Kwango","zonesante":"Boko","airesante":"Kitati","localite":"Kitati","localitetype":"Groupment","source_acronym":"DSNIS","date":"2019","grid3id":"KG_D73EBFA934","territoire":"Kenge"}},{"type":"Feature","geometry":{"type":"Point","coordinates":[16.810279,-5.298446]},"properties":{"province":"Kwango","zonesante":"Boko","airesante":"Boko","localite":"Luhaku","localitetype":"Groupment","source_acronym":"DSNIS","date":"2019","grid3id":"KG_970971B5D3","territoire":"Kenge"}},{"type":"Feature","geometry":{"type":"Point","coordinates":[16.919626,-4.899064]},"properties":{"province":"Kwango","zonesante":"Boko","airesante":"Kitati","localite":"Mahana","localitetype":"Groupment","source_acronym":"DSNIS","date":"2019","grid3id":"KG_EF86141546","territoire":"Kenge"}},{"type":"Feature","geometry":{"type":"Point","coordinates":[16.72419,-5.484568]},"properties":{"province":"Kwango","zonesante":"Boko","airesante":"Duri Mpangi","localite":"Mahinzi","localitetype":"Groupment","source_acronym":"DSNIS","date":"2019","grid3id":"KG_E820716190","territoire":"Kenge"}},{"type":"Feature","geometry":{"type":"Point","coordinates":[16.900784,-5.008058]},"properties":{"province":"Kwango","zonesante":"Boko","airesante":"Kitati","localite":"Makiku","localitetype":"Groupment","source_acronym":"DSNIS","date":"2019","grid3id":"KG_CB47B536AA","territoire":"Kenge"}},{"type":"Feature","geometry":{"type":"Point","coordinates":[16.624748,-5.326537]},"properties":{"province":"Kwango","zonesante":"Boko","airesante":"Dinga","localite":"Malaba","localitetype":"Groupment","source_acronym":"DSNIS","date":"2019","grid3id":"KG_900D6C63EE","territoire":"Kenge"}},{"type":"Feature","geometry":{"type":"Point","coordinates":[16.52348,-5.115373]},"properties":{"province":"Kwango","zonesante":"Boko","airesante":"Muyalala","localite":"Malambu","localitetype":"Groupment","source_acronym":"DSNIS","date":"2019","grid3id":"KG_097457DDED","territoire":"Kenge"}},{"type":"Feature","geometry":{"type":"Point","coordinates":[16.881717,-5.533099]},"properties":{"province":"Kwango","zonesante":"Boko","airesante":"Malungu","localite":"Malungu","localitetype":"Groupment","source_acronym":"DSNIS","date":"2019","grid3id":"KG_E46311CD45","territoire":"Kenge"}},{"type":"Feature","geometry":{"type":"Point","coordinates":[16.585778,-5.137704]},"properties":{"province":"Kwango","zonesante":"Boko","airesante":"Muyalala","localite":"Mambanda","localitetype":"Groupment","source_acronym":"DSNIS","date":"2019","grid3id":"KG_A4ABB65A6E","territoire":"Kenge"}},{"type":"Feature","geometry":{"type":"Point","coordinates":[16.626299,-5.253073]},"properties":{"province":"Kwango","zonesante":"Boko","airesante":"Iniangi","localite":"Masala","localitetype":"Groupment","source_acronym":"DSNIS","date":"2019","grid3id":"KG_FE518EE684","territoire":"Kenge"}},{"type":"Feature","geometry":{"type":"Point","coordinates":[16.9193,-4.846425]},"properties":{"province":"Kwango","zonesante":"Boko","airesante":"Kenge 2","localite":"Matadi Mayo","localitetype":"Groupment","source_acronym":"DSNIS","date":"2019","grid3id":"KG_21FC03E586","territoire":"Kenge"}},{"type":"Feature","geometry":{"type":"Point","coordinates":[16.650939,-5.240233]},"properties":{"province":"Kwango","zonesante":"Boko","airesante":"Iniangi","localite":"Mukanza","localitetype":"Groupment","source_acronym":"DSNIS","date":"2019","grid3id":"KG_9109F6AD7C","territoire":"Kenge"}},{"type":"Feature","geometry":{"type":"Point","coordinates":[16.544347,-5.001039]},"properties":{"province":"Kwango","zonesante":"Boko","airesante":"Muyalala","localite":"Muyalala","localitetype":"Groupment","source_acronym":"DSNIS","date":"2019","grid3id":"KG_A5BF6F6DDF","territoire":"Kenge"}},{"type":"Feature","geometry":{"type":"Point","coordinates":[16.841924,-5.126809]},"properties":{"province":"Kwango","zonesante":"Boko","airesante":"Tsakala Mbewu","localite":"Tsakala Kenia","localitetype":"Groupment","source_acronym":"DSNIS","date":"2019","grid3id":"KG_7490A5B471","territoire":"Kenge"}},{"type":"Feature","geometry":{"type":"Point","coordinates":[16.706741,-5.395557]},"properties":{"province":"Kwango","zonesante":"Boko","airesante":"Inzioko","localite":"Ihadi Kumba","localitetype":"Groupment","source_acronym":"DSNIS","date":"2019","grid3id":"KG_78097889C8","territoire":"Kenge"}},{"type":"Feature","geometry":{"type":"Point","coordinates":[16.853754,-5.493296]},"properties":{"province":"Kwango","zonesante":"Boko","airesante":"Malungu","localite":"Imbolo","localitetype":"Groupment","source_acronym":"DSNIS","date":"2019","grid3id":"KG_A3573A7677","territoire":"Kenge"}},{"type":"Feature","geometry":{"type":"Point","coordinates":[17.838936,-5.658381]},"properties":{"province":"Kwango","zonesante":"Feshi","airesante":"Mumbanda","localite":"Dibaya","localitetype":"Hameau","source_acronym":"DSNIS","date":"2019","grid3id":"KG_F6291432F2","territoire":"Feshi"}},{"type":"Feature","geometry":{"type":"Point","coordinates":[17.193924,-6.556783]},"properties":{"province":"Kwango","zonesante":"Wamba Lwadi","airesante":"Mukumbi","localite":"Dibaya","localitetype":"Village","source_acronym":"DSNIS","date":"2019","grid3id":"KG_2D50950932","territoire":"Kasongo-Lunda"}},{"type":"Feature","geometry":{"type":"Point","coordinates":[16.758048,-6.268974]},"properties":{"province":"Kwango","zonesante":"Kasongo Lunda","airesante":"Zhinabunkete","localite":"Dimbula","localitetype":"Village","source_acronym":"DSNIS","date":"2019","grid3id":"KG_3647A7D34E","territoire":"Kasongo-Lunda"}},{"type":"Feature","geometry":{"type":"Point","coordinates":[17.861771,-6.193565]},"properties":{"province":"Kwango","zonesante":"Mwela Lembwa","airesante":"Kandi Lukeni","localite":"Dingu","localitetype":"Village","source_acronym":"DSNIS","date":"2019","grid3id":"KG_C34F7D8BFD","territoire":"Feshi"}},{"type":"Feature","geometry":{"type":"Point","coordinates":[16.968832,-4.757983]},"properties":{"province":"Kwango","zonesante":"Kenge","airesante":"Pont Wamba","localite":"Dipanda","localitetype":"Village","source_acronym":"DSNIS","date":"2019","grid3id":"KG_072996A612","territoire":"Kenge"}},{"type":"Feature","geometry":{"type":"Point","coordinates":[18.151462,-6.130175]},"properties":{"province":"Kwango","zonesante":"Feshi","airesante":"Feshi 1","localite":"Direction De L'Hgr","localitetype":"Village","source_acronym":"DSNIS","date":"2019","grid3id":"KG_DD92A74A81","territoire":"Feshi"}},{"type":"Feature","geometry":{"type":"Point","coordinates":[18.580723,-6.562862]},"properties":{"province":"Kwango","zonesante":"Feshi","airesante":"Utadi","localite":"Djamba","localitetype":"Village","source_acronym":"DSNIS","date":"2019","grid3id":"KG_9246858C0F","territoire":"Feshi"}},{"type":"Feature","geometry":{"type":"Point","coordinates":[16.915183,-4.787298]},"properties":{"province":"Kwango","zonesante":"Boko","airesante":"Mbindanseke","localite":"Djili","localitetype":"Village","source_acronym":"DSNIS","date":"2019","grid3id":"KG_7ED9BFB12A","territoire":"Kenge"}},{"type":"Feature","geometry":{"type":"Point","coordinates":[17.031383,-6.299066]},"properties":{"province":"Kwango","zonesante":"Kasongo Lunda","airesante":"Kishiama","localite":"Ekofe","localitetype":"Village","source_acronym":"DSNIS","date":"2019","grid3id":"KG_418E091409","territoire":"Kasongo-Lunda"}},{"type":"Feature","geometry":{"type":"Point","coordinates":[18.998845,-7.862805]},"properties":{"province":"Kwango","zonesante":"Kahemba","localite":"Elois","localitetype":"Hameau","source_acronym":"DSNIS","date":"2019","grid3id":"KG_530EF1AF03","territoire":"Kahemba"}},{"type":"Feature","geometry":{"type":"Point","coordinates":[18.081118,-7.44123]},"properties":{"province":"Kwango","zonesante":"Panzi","airesante":"Kambandambi","localite":"Enock","localitetype":"Village","source_acronym":"DSNIS","date":"2019","grid3id":"KG_D4D09D1A7E","territoire":"Kasongo-Lunda"}},{"type":"Feature","geometry":{"type":"Point","coordinates":[18.221606,-7.538525]},"properties":{"province":"Kwango","zonesante":"Panzi","airesante":"Kambundi","localite":"Entre Kambundi Et Mukalakata","localitetype":"Village","source_acronym":"DSNIS","date":"2019","grid3id":"KG_8DFC634A24","territoire":"Kasongo-Lunda"}},{"type":"Feature","geometry":{"type":"Point","coordinates":[17.570404,-4.26069]},"properties":{"province":"Kwango","zonesante":"Kenge","airesante":"Fasamba","localite":"Equateur","localitetype":"Village","source_acronym":"DSNIS","date":"2019","grid3id":"KG_CA92E69CCA","territoire":"Kenge"}},{"type":"Feature","geometry":{"type":"Point","coordinates":[16.462875,-4.882599]},"properties":{"province":"Kwango","zonesante":"Boko","airesante":"Takundi","localite":"Etats Unis","localitetype":"Village","source_acronym":"DSNIS","date":"2019","grid3id":"KG_2E859D3AD7","territoire":"Kenge"}},{"type":"Feature","geometry":{"type":"Point","coordinates":[16.780402,-4.478818]},"properties":{"province":"Kwango","zonesante":"Boko","airesante":"Bitadiluasa","localite":"Fangulu 1","localitetype":"Village","source_acronym":"DSNIS","date":"2019","grid3id":"KG_FF8AB86C88","territoire":"Kenge"}},{"type":"Feature","geometry":{"type":"Point","coordinates":[17.580993,-4.297644]},"properties":{"province":"Kwango","zonesante":"Kenge","airesante":"Fasamba","localite":"Fasamba","localitetype":"Village","source_acronym":"DSNIS","date":"2019","grid3id":"KG_68262B861B","territoire":"Kenge"}},{"type":"Feature","geometry":{"type":"Point","coordinates":[16.464644,-4.595408]},"properties":{"province":"Kwango","zonesante":"Boko","airesante":"Kabuba","localite":"Bosque","localitetype":"Ferme","source_acronym":"DSNIS","date":"2019","grid3id":"KG_2BB500D26F","territoire":"Kenge"}},{"type":"Feature","geometry":{"type":"Point","coordinates":[18.026666,-6.382874]},"properties":{"province":"Kwango","zonesante":"Feshi","airesante":"Mutangu","localite":"Ca Viens","localitetype":"Ferme","source_acronym":"DSNIS","date":"2019","grid3id":"KG_DA703693D6","territoire":"Feshi"}},{"type":"Feature","geometry":{"type":"Point","coordinates":[17.287651,-6.564172]},"properties":{"province":"Kwango","zonesante":"Wamba Lwadi","airesante":"Mukumbi","localite":"Cafe","localitetype":"Ferme","source_acronym":"DSNIS","date":"2019","grid3id":"KG_BF0AB99730","territoire":"Kasongo-Lunda"}},{"type":"Feature","geometry":{"type":"Point","coordinates":[18.728369,-7.276272]},"properties":{"province":"Kwango","zonesante":"Kajiji","airesante":"Lwakonda","localite":"Kamisombo","localitetype":"Ferme","source_acronym":"DSNIS","date":"2019","grid3id":"KG_180F8926FD","territoire":"Kahemba"}},{"type":"Feature","geometry":{"type":"Point","coordinates":[18.482455,-6.186684]},"properties":{"province":"Kwango","zonesante":"Feshi","airesante":"Mafishi","localite":"Kiganzi","localitetype":"Ferme","source_acronym":"DSNIS","date":"2019","grid3id":"KG_67FF3BD2BB","territoire":"Feshi"}},{"type":"Feature","geometry":{"type":"Point","coordinates":[17.328214,-7.649568]},"properties":{"province":"Kwango","zonesante":"Tembo","airesante":"Nzasi Mwadi","localite":"Fidele","localitetype":"Village","source_acronym":"DSNIS","date":"2019","grid3id":"KG_B743ACD667","territoire":"Kasongo-Lunda"}},{"type":"Feature","geometry":{"type":"Point","coordinates":[16.767747,-5.541291]},"properties":{"province":"Kwango","zonesante":"Boko","airesante":"Duri Mpangi","localite":"Duri Pangi","localitetype":"Groupment","source_acronym":"DSNIS","date":"2019","grid3id":"KG_DC5D646F58","territoire":"Kenge"}},{"type":"Feature","geometry":{"type":"Point","coordinates":[16.880967,-5.1942]},"properties":{"province":"Kwango","zonesante":"Boko","airesante":"Kasinsi","localite":"Ingoma","localitetype":"Groupment","source_acronym":"DSNIS","date":"2019","grid3id":"KG_80E324C158","territoire":"Kenge"}},{"type":"Feature","geometry":{"type":"Point","coordinates":[16.897061,-4.944465]},"properties":{"province":"Kwango","zonesante":"Boko","airesante":"Kitati","localite":"Kitati","localitetype":"Groupment","source_acronym":"DSNIS","date":"2019","grid3id":"KG_BA375148DB","territoire":"Kenge"}},{"type":"Feature","geometry":{"type":"Point","coordinates":[16.624172,-5.210669]},"properties":{"province":"Kwango","zonesante":"Boko","airesante":"Iniangi","localite":"Hemuna","localitetype":"Groupment","source_acronym":"DSNIS","date":"2019","grid3id":"KG_33919381B8","territoire":"Kenge"}},{"type":"Feature","geometry":{"type":"Point","coordinates":[16.76794,-5.518854]},"properties":{"province":"Kwango","zonesante":"Boko","airesante":"Duri Mpangi","localite":"Ibita","localitetype":"Groupment","source_acronym":"DSNIS","date":"2019","grid3id":"KG_47602E2008","territoire":"Kenge"}},{"type":"Feature","geometry":{"type":"Point","coordinates":[16.82832,-5.372665]},"properties":{"province":"Kwango","zonesante":"Boko","airesante":"Mukukulu Tseke","localite":"Ibumbu","localitetype":"Groupment","source_acronym":"DSNIS","date":"2019","grid3id":"KG_8E4938EC9C","territoire":"Kenge"}},{"type":"Feature","geometry":{"type":"Point","coordinates":[16.621412,-5.246724]},"properties":{"province":"Kwango","zonesante":"Boko","airesante":"Iniangi","localite":"Ikosa","localitetype":"Groupment","source_acronym":"DSNIS","date":"2019","grid3id":"KG_354FA4A9A7","territoire":"Kenge"}},{"type":"Feature","geometry":{"type":"Point","coordinates":[16.602477,-5.315829]},"properties":{"province":"Kwango","zonesante":"Boko","airesante":"Dinga","localite":"Imbinda","localitetype":"Groupment","source_acronym":"DSNIS","date":"2019","grid3id":"KG_751A6642FB","territoire":"Kenge"}},{"type":"Feature","geometry":{"type":"Point","coordinates":[16.54878,-5.315877]},"properties":{"province":"Kwango","zonesante":"Boko","airesante":"Dinga","localite":"Ingubu","localitetype":"Groupment","source_acronym":"DSNIS","date":"2019","grid3id":"KG_046DFCFE41","territoire":"Kenge"}},{"type":"Feature","geometry":{"type":"Point","coordinates":[16.638009,-5.20976]},"properties":{"province":"Kwango","zonesante":"Boko","airesante":"Iniangi","localite":"Iniangi","localitetype":"Groupment","source_acronym":"DSNIS","date":"2019","grid3id":"KG_6F26DB7A1B","territoire":"Kenge"}},{"type":"Feature","geometry":{"type":"Point","coordinates":[16.84695,-5.335325]},"properties":{"province":"Kwango","zonesante":"Boko","airesante":"Mukukulu Tseke","localite":"Inkutu Beti","localitetype":"Groupment","source_acronym":"DSNIS","date":"2019","grid3id":"KG_DCC2EF9E70","territoire":"Kenge"}},{"type":"Feature","geometry":{"type":"Point","coordinates":[16.781698,-4.959389]},"properties":{"province":"Kwango","zonesante":"Boko","airesante":"Tsakala Mbewu","localite":"Ipolongo","localitetype":"Groupment","source_acronym":"DSNIS","date":"2019","grid3id":"KG_719EE135AF","territoire":"Kenge"}},{"type":"Feature","geometry":{"type":"Point","coordinates":[16.838509,-5.434383]},"properties":{"province":"Kwango","zonesante":"Boko","airesante":"Mukukulu Tseke","localite":"Kiseyedi","localitetype":"Village","source_acronym":"DSNIS","date":"2019","grid3id":"KG_BBC632EF69","territoire":"Kenge"}},{"type":"Feature","geometry":{"type":"Point","coordinates":[16.905547,-4.926193]},"properties":{"province":"Kwango","zonesante":"Boko","airesante":"Kitati","localite":"Kiyamfu","localitetype":"Groupment","source_acronym":"DSNIS","date":"2019","grid3id":"KG_D6FC6BF397","territoire":"Kenge"}},{"type":"Feature","geometry":{"type":"Point","coordinates":[16.916991,-4.86871]},"properties":{"province":"Kwango","zonesante":"Boko","airesante":"Kenge 2","localite":"Kizole","localitetype":"Groupment","source_acronym":"DSNIS","date":"2019","grid3id":"KG_AFDD0FD848","territoire":"Kenge"}},{"type":"Feature","geometry":{"type":"Point","coordinates":[16.895463,-5.392507]},"properties":{"province":"Kwango","zonesante":"Boko","airesante":"Mukukulu Tseke","localite":"Luzolo","localitetype":"Groupment","source_acronym":"DSNIS","date":"2019","grid3id":"KG_E38CB1867F","territoire":"Kenge"}},{"type":"Feature","geometry":{"type":"Point","coordinates":[16.919505,-4.894034]},"properties":{"province":"Kwango","zonesante":"Boko","airesante":"Kitati","localite":"Mahana","localitetype":"Groupment","source_acronym":"DSNIS","date":"2019","grid3id":"KG_19B1470D7B","territoire":"Kenge"}},{"type":"Feature","geometry":{"type":"Point","coordinates":[16.624411,-5.254172]},"properties":{"province":"Kwango","zonesante":"Boko","airesante":"Iniangi","localite":"Makasi","localitetype":"Groupment","source_acronym":"DSNIS","date":"2019","grid3id":"KG_7330F4A66E","territoire":"Kenge"}},{"type":"Feature","geometry":{"type":"Point","coordinates":[16.900964,-5.013789]},"properties":{"province":"Kwango","zonesante":"Boko","airesante":"Kitati","localite":"Makiku","localitetype":"Groupment","source_acronym":"DSNIS","date":"2019","grid3id":"KG_68B7A67294","territoire":"Kenge"}},{"type":"Feature","geometry":{"type":"Point","coordinates":[16.585135,-5.134416]},"properties":{"province":"Kwango","zonesante":"Boko","airesante":"Muyalala","localite":"Mambanda","localitetype":"Groupment","source_acronym":"DSNIS","date":"2019","grid3id":"KG_FF134213EF","territoire":"Kenge"}},{"type":"Feature","geometry":{"type":"Point","coordinates":[16.920533,-4.841798]},"properties":{"province":"Kwango","zonesante":"Boko","airesante":"Kenge 2","localite":"Matadi Mayo","localitetype":"Groupment","source_acronym":"DSNIS","date":"2019","grid3id":"KG_65458F3085","territoire":"Kenge"}},{"type":"Feature","geometry":{"type":"Point","coordinates":[16.853754,-5.494701]},"properties":{"province":"Kwango","zonesante":"Boko","airesante":"Malungu","localite":"Matuka Imbolo","localitetype":"Groupment","source_acronym":"DSNIS","date":"2019","grid3id":"KG_12D134C6CA","territoire":"Kenge"}},{"type":"Feature","geometry":{"type":"Point","coordinates":[16.871241,-5.139808]},"properties":{"province":"Kwango","zonesante":"Boko","airesante":"Kasinsi","localite":"Mbalaka","localitetype":"Village","source_acronym":"DSNIS","date":"2019","grid3id":"KG_0D3D12A9E2","territoire":"Kenge"}},{"type":"Feature","geometry":{"type":"Point","coordinates":[16.929605,-4.816585]},"properties":{"province":"Kwango","zonesante":"Boko","airesante":"Kenge 2","localite":"Mbalaka","localitetype":"Groupment","source_acronym":"DSNIS","date":"2019","grid3id":"KG_29F529C132","territoire":"Kenge"}},{"type":"Feature","geometry":{"type":"Point","coordinates":[16.866065,-5.332152]},"properties":{"province":"Kwango","zonesante":"Boko","airesante":"Mukukulu Tseke","localite":"Mbanza","localitetype":"Groupment","source_acronym":"DSNIS","date":"2019","grid3id":"KG_85B4F819B9","territoire":"Kenge"}},{"type":"Feature","geometry":{"type":"Point","coordinates":[16.87817,-5.403302]},"properties":{"province":"Kwango","zonesante":"Boko","airesante":"Mukukulu Tseke","localite":"Mukukulu","localitetype":"Groupment","source_acronym":"DSNIS","date":"2019","grid3id":"KG_1A48D8CA86","territoire":"Kenge"}},{"type":"Feature","geometry":{"type":"Point","coordinates":[16.661275,-5.376099]},"properties":{"province":"Kwango","zonesante":"Boko","airesante":"Inzioko","localite":"Ngala Ngonzi","localitetype":"Groupment","source_acronym":"DSNIS","date":"2019","grid3id":"KG_0744316E52","territoire":"Kenge"}},{"type":"Feature","geometry":{"type":"Point","coordinates":[16.88782,-5.398917]},"properties":{"province":"Kwango","zonesante":"Boko","airesante":"Mukukulu Tseke","localite":"Nkanzi","localitetype":"Groupment","source_acronym":"DSNIS","date":"2019","grid3id":"KG_752E7BFC46","territoire":"Kenge"}},{"type":"Feature","geometry":{"type":"Point","coordinates":[16.855817,-5.199636]},"properties":{"province":"Kwango","zonesante":"Boko","airesante":"Kasinsi","localite":"Pekalelo","localitetype":"Groupment","source_acronym":"DSNIS","date":"2019","grid3id":"KG_E40D88A81B","territoire":"Kenge"}},{"type":"Feature","geometry":{"type":"Point","coordinates":[17.13621,-7.393637]},"properties":{"province":"Kwango","zonesante":"Tembo","airesante":"Swamasangu","localite":"Swamasangu","localitetype":"Groupment","source_acronym":"DSNIS","date":"2019","grid3id":"KG_3BA41004FF","territoire":"Kasongo-Lunda"}},{"type":"Feature","geometry":{"type":"Point","coordinates":[17.71502,-6.449718]},"properties":{"province":"Kwango","zonesante":"Mwela Lembwa","airesante":"Kabolo","localite":"Folo","localitetype":"Village","source_acronym":"DSNIS","date":"2019","grid3id":"KG_51BBB43481","territoire":"Feshi"}},{"type":"Feature","geometry":{"type":"Point","coordinates":[17.628942,-6.143155]},"properties":{"province":"Kwango","zonesante":"Mwela Lembwa","airesante":"Matari","localite":"Foriami Lusengi","localitetype":"Village","source_acronym":"DSNIS","date":"2019","grid3id":"KG_3C5AF0AB03","territoire":"Feshi"}},{"type":"Feature","geometry":{"type":"Point","coordinates":[19.748413,-6.903831]},"properties":{"province":"Kwango","zonesante":"Kahemba","airesante":"Mwasenge","localite":"Fundji","localitetype":"Village","source_acronym":"DSNIS","date":"2019","grid3id":"KG_BEE7D2D453","territoire":"Kahemba"}},{"type":"Feature","geometry":{"type":"Point","coordinates":[17.002296,-5.468395]},"properties":{"province":"Kwango","zonesante":"Kimbao","airesante":"Kipabu","localite":"Fwalemba","localitetype":"Village","source_acronym":"DSNIS","date":"2019","grid3id":"KG_38F7C87EDA","territoire":"Kenge"}},{"type":"Feature","geometry":{"type":"Point","coordinates":[16.280812,-5.281521]},"properties":{"province":"Kwango","zonesante":"Popokabaka","airesante":"Mukila Ndondo","localite":"Fwama Kalongo","localitetype":"Village","source_acronym":"DSNIS","date":"2019","grid3id":"KG_6A9EC229F8","territoire":"Popokabaka"}},{"type":"Feature","geometry":{"type":"Point","coordinates":[18.880229,-6.405965]},"properties":{"province":"Kwango","zonesante":"Kisanji","airesante":"Kisenda","localite":"Gakuma","localitetype":"Hameau","source_acronym":"DSNIS","date":"2019","grid3id":"KG_B075DA458D","territoire":"Feshi"}},{"type":"Feature","geometry":{"type":"Point","coordinates":[18.588628,-6.6432]},"properties":{"province":"Kwango","zonesante":"Feshi","airesante":"Utadi","localite":"Gana","localitetype":"Hameau","source_acronym":"DSNIS","date":"2019","grid3id":"KG_410968A0BB","territoire":"Feshi"}},{"type":"Feature","geometry":{"type":"Point","coordinates":[17.965243,-6.322455]},"properties":{"province":"Kwango","zonesante":"Feshi","airesante":"Mutangu","localite":"Ganatundu","localitetype":"Village","source_acronym":"DSNIS","date":"2019","grid3id":"KG_C411F774E9","territoire":"Feshi"}},{"type":"Feature","geometry":{"type":"Point","coordinates":[17.129283,-5.533826]},"properties":{"province":"Kwango","zonesante":"Kimbao","localite":"Gard Pemba","localitetype":"Village","source_acronym":"DSNIS","date":"2019","grid3id":"KG_E6F847A48A","territoire":"Kenge"}},{"type":"Feature","geometry":{"type":"Point","coordinates":[19.139044,-6.336655]},"properties":{"province":"Kwango","zonesante":"Kisanji","airesante":"Mukoso","localite":"Gashinji","localitetype":"Village","source_acronym":"DSNIS","date":"2019","grid3id":"KG_3C93AA62D9","territoire":"Feshi"}},{"type":"Feature","geometry":{"type":"Point","coordinates":[18.306932,-7.736833]},"properties":{"province":"Kwango","zonesante":"Kajiji","airesante":"Kajiji","localite":"George","localitetype":"Hameau","source_acronym":"DSNIS","date":"2019","grid3id":"KG_C3225CC8C7","territoire":"Kahemba"}},{"type":"Feature","geometry":{"type":"Point","coordinates":[19.266929,-6.235218]},"properties":{"province":"Kwango","zonesante":"Kisanji","airesante":"Ngunda","localite":"Ginguvu","localitetype":"Hameau","source_acronym":"DSNIS","date":"2019","grid3id":"KG_68E13F0AD6","territoire":"Feshi"}},{"type":"Feature","geometry":{"type":"Point","coordinates":[16.819896,-6.471306]},"properties":{"province":"Kwango","zonesante":"Kasongo Lunda","airesante":"Sacre Coeur","localite":"Gr Libulu 2","localitetype":"Village","source_acronym":"DSNIS","date":"2019","grid3id":"KG_B1D010F8A9","territoire":"Kasongo-Lunda"}},{"type":"Feature","geometry":{"type":"Point","coordinates":[16.81604,-6.472858]},"properties":{"province":"Kwango","zonesante":"Kasongo Lunda","airesante":"Sacre Coeur","localite":"Gr Libulu 3","localitetype":"Village","source_acronym":"DSNIS","date":"2019","grid3id":"KG_610012B9B0","territoire":"Kasongo-Lunda"}},{"type":"Feature","geometry":{"type":"Point","coordinates":[16.823161,-6.473663]},"properties":{"province":"Kwango","zonesante":"Kasongo Lunda","airesante":"Sacre Coeur","localite":"Gr Libulu 1","localitetype":"Village","source_acronym":"DSNIS","date":"2019","grid3id":"KG_67F2487566","territoire":"Kasongo-Lunda"}},{"type":"Feature","geometry":{"type":"Point","coordinates":[17.63784,-7.27985]},"properties":{"province":"Kwango","zonesante":"Tembo","airesante":"Kinkole","localite":"Talamaku","localitetype":"Hameau","source_acronym":"DSNIS","date":"2019","grid3id":"KG_19508DD854","territoire":"Kasongo-Lunda"}},{"type":"Feature","geometry":{"type":"Point","coordinates":[17.344785,-5.959264]},"properties":{"province":"Kwango","zonesante":"Wamba Lwadi","airesante":"Nzamba Fuangi","localite":"Ibaba","localitetype":"Village","source_acronym":"DSNIS","date":"2019","grid3id":"KG_924CA60E38","territoire":"Kasongo-Lunda"}},{"type":"Feature","geometry":{"type":"Point","coordinates":[16.325059,-5.648096]},"properties":{"province":"Kwango","zonesante":"Popokabaka","airesante":"Kabama","localite":"Ibabulu","localitetype":"Village","source_acronym":"DSNIS","date":"2019","grid3id":"KG_64282D2BFC","territoire":"Popokabaka"}},{"type":"Feature","geometry":{"type":"Point","coordinates":[16.406117,-5.59603]},"properties":{"province":"Kwango","zonesante":"Popokabaka","airesante":"Kalala","localite":"Ibakidi","localitetype":"Village","source_acronym":"DSNIS","date":"2019","grid3id":"KG_F12F7A5B57","territoire":"Popokabaka"}},{"type":"Feature","geometry":{"type":"Point","coordinates":[16.248591,-5.130853]},"properties":{"province":"Kwango","zonesante":"Popokabaka","airesante":"Mukila Ndondo","localite":"Ibanda Ngoy","localitetype":"Village","source_acronym":"DSNIS","date":"2019","grid3id":"KG_890F1DE171","territoire":"Popokabaka"}},{"type":"Feature","geometry":{"type":"Point","coordinates":[16.291194,-5.646218]},"properties":{"province":"Kwango","zonesante":"Popokabaka","airesante":"Kabama","localite":"Ibedi","localitetype":"Village","source_acronym":"DSNIS","date":"2019","grid3id":"KG_8887890607","territoire":"Popokabaka"}},{"type":"Feature","geometry":{"type":"Point","coordinates":[16.306287,-4.891089]},"properties":{"province":"Kwango","zonesante":"Boko","airesante":"Takundi","localite":"Ibenga","localitetype":"Hameau","source_acronym":"DSNIS","date":"2019","grid3id":"KG_CAA73CAF77","territoire":"Kenge"}},{"type":"Feature","geometry":{"type":"Point","coordinates":[16.477494,-5.159792]},"properties":{"province":"Kwango","zonesante":"Popokabaka","airesante":"Iyimbi Mbingila","localite":"Iboko Nkidi","localitetype":"Village","source_acronym":"DSNIS","date":"2019","grid3id":"KG_B96DDA5419","territoire":"Popokabaka"}},{"type":"Feature","geometry":{"type":"Point","coordinates":[17.20815,-5.830331]},"properties":{"province":"Kwango","zonesante":"Kimbao","airesante":"Lukuni Wamba","localite":"Ibondo","localitetype":"Village","source_acronym":"DSNIS","date":"2019","grid3id":"KG_C14EA3CE6E","territoire":"Kenge"}},{"type":"Feature","geometry":{"type":"Point","coordinates":[16.99178,-7.257691]},"properties":{"province":"Kwango","zonesante":"Kitenda","airesante":"Swakibula","localite":"Ibuka","localitetype":"Village","source_acronym":"DSNIS","date":"2019","grid3id":"KG_35BDD3D689"}},{"type":"Feature","geometry":{"type":"Point","coordinates":[16.280866,-5.58885]},"properties":{"province":"Kwango","zonesante":"Popokabaka","airesante":"Mutayi","localite":"Ibuka","localitetype":"Village","source_acronym":"DSNIS","date":"2019","grid3id":"KG_AA1C6FCC28","territoire":"Popokabaka"}},{"type":"Feature","geometry":{"type":"Point","coordinates":[17.411229,-6.597161]},"properties":{"province":"Kwango","zonesante":"Wamba Lwadi","airesante":"Kibinda","localite":"Ibukulu","localitetype":"Village","source_acronym":"DSNIS","date":"2019","grid3id":"KG_93697C4E48","territoire":"Kasongo-Lunda"}},{"type":"Feature","geometry":{"type":"Point","coordinates":[16.262185,-5.5237]},"properties":{"province":"Kwango","zonesante":"Popokabaka","airesante":"Mutayi","localite":"Ibulungu","localitetype":"Village","source_acronym":"DSNIS","date":"2019","grid3id":"KG_11B97A9A68","territoire":"Popokabaka"}},{"type":"Feature","geometry":{"type":"Point","coordinates":[16.274895,-5.654838]},"properties":{"province":"Kwango","zonesante":"Popokabaka","airesante":"Kabama","localite":"Ibulungu","localitetype":"Village","source_acronym":"DSNIS","date":"2019","grid3id":"KG_F9C9BEA143","territoire":"Popokabaka"}},{"type":"Feature","geometry":{"type":"Point","coordinates":[17.323064,-5.364966]},"properties":{"province":"Kwango","zonesante":"Kimbao","localite":"Ibuziela","localitetype":"Hameau","source_acronym":"DSNIS","date":"2019","grid3id":"KG_E2130761FF","territoire":"Kenge"}},{"type":"Feature","geometry":{"type":"Point","coordinates":[16.810476,-6.337953]},"properties":{"province":"Kwango","zonesante":"Kasongo Lunda","airesante":"Muela Mbwandu","localite":"Ibwekete","localitetype":"Village","source_acronym":"DSNIS","date":"2019","grid3id":"KG_81F58B2BF3","territoire":"Kasongo-Lunda"}},{"type":"Feature","geometry":{"type":"Point","coordinates":[16.336036,-5.782302]},"properties":{"province":"Kwango","zonesante":"Popokabaka","airesante":"Ngasa","localite":"Idiengadienga","localitetype":"Village","source_acronym":"DSNIS","date":"2019","grid3id":"KG_DBD11D0D9A","territoire":"Popokabaka"}},{"type":"Feature","geometry":{"type":"Point","coordinates":[16.839566,-5.254863]},"properties":{"province":"Kwango","zonesante":"Boko","airesante":"Kasinsi","localite":"Ifidi","localitetype":"Hameau","source_acronym":"DSNIS","date":"2019","grid3id":"KG_D280178044","territoire":"Kenge"}},{"type":"Feature","geometry":{"type":"Point","coordinates":[16.33564,-5.777862]},"properties":{"province":"Kwango","zonesante":"Popokabaka","airesante":"Ngasa","localite":"Ifoto","localitetype":"Village","source_acronym":"DSNIS","date":"2019","grid3id":"KG_39195FA789","territoire":"Popokabaka"}},{"type":"Feature","geometry":{"type":"Point","coordinates":[16.844799,-4.813493]},"properties":{"province":"Kwango","zonesante":"Boko","airesante":"Mbindanseke","localite":"Ifwangi","localitetype":"Hameau","source_acronym":"DSNIS","date":"2019","grid3id":"KG_E969248ACD","territoire":"Kenge"}},{"type":"Feature","geometry":{"type":"Point","coordinates":[17.212416,-5.800571]},"properties":{"province":"Kwango","zonesante":"Kimbao","airesante":"Mukulutu","localite":"Ihadi","localitetype":"Village","source_acronym":"DSNIS","date":"2019","grid3id":"KG_2565906B56","territoire":"Kenge"}},{"type":"Feature","geometry":{"type":"Point","coordinates":[16.865484,-5.409638]},"properties":{"province":"Kwango","zonesante":"Boko","airesante":"Mukukulu Tseke","localite":"Ihadi","localitetype":"Hameau","source_acronym":"DSNIS","date":"2019","grid3id":"KG_60F70DDDC7","territoire":"Kenge"}},{"type":"Feature","geometry":{"type":"Point","coordinates":[17.032411,-5.721346]},"properties":{"province":"Kwango","zonesante":"Kimbao","airesante":"Ibumbu","localite":"Iheti","localitetype":"Village","source_acronym":"DSNIS","date":"2019","grid3id":"KG_623879C8DC","territoire":"Kenge"}},{"type":"Feature","geometry":{"type":"Point","coordinates":[16.525696,-5.021754]},"properties":{"province":"Kwango","zonesante":"Popokabaka","airesante":"Kingunzi","localite":"Ihombo","localitetype":"Village","source_acronym":"DSNIS","date":"2019","grid3id":"KG_22623A56D4","territoire":"Kenge"}},{"type":"Feature","geometry":{"type":"Point","coordinates":[16.801393,-6.477777]},"properties":{"province":"Kwango","zonesante":"Kasongo Lunda","airesante":"Nzakimwena","localite":"Ijp","localitetype":"Village","source_acronym":"DSNIS","date":"2019","grid3id":"KG_709052F8A4","territoire":"Kasongo-Lunda"}},{"type":"Feature","geometry":{"type":"Point","coordinates":[16.464455,-5.654275]},"properties":{"province":"Kwango","zonesante":"Popokabaka","airesante":"Kalala","localite":"Ikana","localitetype":"Village","source_acronym":"DSNIS","date":"2019","grid3id":"KG_E8BA85190F","territoire":"Popokabaka"}},{"type":"Feature","geometry":{"type":"Point","coordinates":[16.295812,-5.669282]},"properties":{"province":"Kwango","zonesante":"Popokabaka","airesante":"Kabama","localite":"Ikawa 2","localitetype":"Village","source_acronym":"DSNIS","date":"2019","grid3id":"KG_21C2C20752","territoire":"Popokabaka"}},{"type":"Feature","geometry":{"type":"Point","coordinates":[16.469039,-5.037327]},"properties":{"province":"Kwango","zonesante":"Popokabaka","localite":"Ikawu","localitetype":"Village","source_acronym":"DSNIS","date":"2019","grid3id":"KG_CC70C61B5E","territoire":"Popokabaka"}},{"type":"Feature","geometry":{"type":"Point","coordinates":[16.556088,-5.670069]},"properties":{"province":"Kwango","zonesante":"Popokabaka","airesante":"Lusanga","localite":"Ikengedi","localitetype":"Village","source_acronym":"DSNIS","date":"2019","grid3id":"KG_35D8D30BE6","territoire":"Popokabaka"}},{"type":"Feature","geometry":{"type":"Point","coordinates":[16.403937,-4.996314]},"properties":{"province":"Kwango","zonesante":"Popokabaka","localite":"Ikiala","localitetype":"Village","source_acronym":"DSNIS","date":"2019","grid3id":"KG_85D6EC14A4","territoire":"Popokabaka"}},{"type":"Feature","geometry":{"type":"Point","coordinates":[16.469168,-5.370178]},"properties":{"province":"Kwango","zonesante":"Popokabaka","airesante":"Ipongi","localite":"Ikiala Baka","localitetype":"Village","source_acronym":"DSNIS","date":"2019","grid3id":"KG_94BCFDEF9F","territoire":"Popokabaka"}},{"type":"Feature","geometry":{"type":"Point","coordinates":[16.291394,-5.655917]},"properties":{"province":"Kwango","zonesante":"Popokabaka","airesante":"Kabama","localite":"Ikiamvu","localitetype":"Village","source_acronym":"DSNIS","date":"2019","grid3id":"KG_2FB5FA3F18","territoire":"Popokabaka"}},{"type":"Feature","geometry":{"type":"Point","coordinates":[16.387487,-5.553174]},"properties":{"province":"Kwango","zonesante":"Popokabaka","airesante":"Kalala","localite":"Ikianu","localitetype":"Village","source_acronym":"DSNIS","date":"2019","grid3id":"KG_E90A082E1C","territoire":"Popokabaka"}},{"type":"Feature","geometry":{"type":"Point","coordinates":[16.293874,-5.740343]},"properties":{"province":"Kwango","zonesante":"Popokabaka","airesante":"Ngasa","localite":"Ikienda","localitetype":"Village","source_acronym":"DSNIS","date":"2019","grid3id":"KG_C6C568E8A2","territoire":"Popokabaka"}},{"type":"Feature","geometry":{"type":"Point","coordinates":[16.262771,-5.725299]},"properties":{"province":"Kwango","zonesante":"Popokabaka","airesante":"Ngasa","localite":"Ikienda 2","localitetype":"Village","source_acronym":"DSNIS","date":"2019","grid3id":"KG_9D65CA4646","territoire":"Popokabaka"}},{"type":"Feature","geometry":{"type":"Point","coordinates":[16.32073,-5.656563]},"properties":{"province":"Kwango","zonesante":"Popokabaka","airesante":"Kabama","localite":"Ikobala","localitetype":"Village","source_acronym":"DSNIS","date":"2019","grid3id":"KG_E08790A0AA","territoire":"Popokabaka"}},{"type":"Feature","geometry":{"type":"Point","coordinates":[16.48079,-5.776902]},"properties":{"province":"Kwango","zonesante":"Popokabaka","airesante":"Tsunza","localite":"Ikomba","localitetype":"Village","source_acronym":"DSNIS","date":"2019","grid3id":"KG_494B2FC6F8","territoire":"Popokabaka"}},{"type":"Feature","geometry":{"type":"Point","coordinates":[16.271167,-5.336083]},"properties":{"province":"Kwango","zonesante":"Popokabaka","airesante":"Mukila Ndondo","localite":"Ikomba Nzungu","localitetype":"Village","source_acronym":"DSNIS","date":"2019","grid3id":"KG_9B86AB3D81","territoire":"Popokabaka"}},{"type":"Feature","geometry":{"type":"Point","coordinates":[17.332146,-6.585028]},"properties":{"province":"Kwango","zonesante":"Wamba Lwadi","airesante":"Kapanga","localite":"Ikongo","localitetype":"Village","source_acronym":"DSNIS","date":"2019","grid3id":"KG_3104B53D93","territoire":"Kasongo-Lunda"}},{"type":"Feature","geometry":{"type":"Point","coordinates":[16.779522,-6.324163]},"properties":{"province":"Kwango","zonesante":"Kasongo Lunda","airesante":"Zhinabunkete","localite":"Ikubi","localitetype":"Village","source_acronym":"DSNIS","date":"2019","grid3id":"KG_0B591F5EF4","territoire":"Kasongo-Lunda"}},{"type":"Feature","geometry":{"type":"Point","coordinates":[16.520291,-5.034214]},"properties":{"province":"Kwango","zonesante":"Popokabaka","airesante":"Kingunzi","localite":"Ikubulu","localitetype":"Village","source_acronym":"DSNIS","date":"2019","grid3id":"KG_1974A4CF1C","territoire":"Popokabaka"}},{"type":"Feature","geometry":{"type":"Point","coordinates":[16.260876,-5.419636]},"properties":{"province":"Kwango","zonesante":"Popokabaka","airesante":"Mukila Ndondo","localite":"Ikudika","localitetype":"Village","source_acronym":"DSNIS","date":"2019","grid3id":"KG_33559EE1F0","territoire":"Popokabaka"}},{"type":"Feature","geometry":{"type":"Point","coordinates":[16.723227,-5.510492]},"properties":{"province":"Kwango","zonesante":"Boko","airesante":"Duri Mpangi","localite":"Ikwanga","localitetype":"Hameau","source_acronym":"DSNIS","date":"2019","grid3id":"KG_D1A8715B63","territoire":"Kenge"}},{"type":"Feature","geometry":{"type":"Point","coordinates":[16.276859,-5.712684]},"properties":{"province":"Kwango","zonesante":"Popokabaka","airesante":"Ngasa","localite":"Ikwanga","localitetype":"Village","source_acronym":"DSNIS","date":"2019","grid3id":"KG_F5B84C6BBE","territoire":"Popokabaka"}},{"type":"Feature","geometry":{"type":"Point","coordinates":[16.859039,-5.196054]},"properties":{"province":"Kwango","zonesante":"Boko","airesante":"Kasinsi","localite":"Ilanga","localitetype":"Hameau","source_acronym":"DSNIS","date":"2019","grid3id":"KG_41524AA307","territoire":"Kenge"}},{"type":"Feature","geometry":{"type":"Point","coordinates":[16.319096,-5.688713]},"properties":{"province":"Kwango","zonesante":"Popokabaka","airesante":"Kabama","localite":"Ilengua","localitetype":"Village","source_acronym":"DSNIS","date":"2019","grid3id":"KG_05022BE64C","territoire":"Popokabaka"}},{"type":"Feature","geometry":{"type":"Point","coordinates":[16.280745,-5.710776]},"properties":{"province":"Kwango","zonesante":"Popokabaka","airesante":"Ngasa","localite":"Ilesi","localitetype":"Village","source_acronym":"DSNIS","date":"2019","grid3id":"KG_F64543B90C","territoire":"Popokabaka"}},{"type":"Feature","geometry":{"type":"Point","coordinates":[16.548716,-5.747865]},"properties":{"province":"Kwango","zonesante":"Popokabaka","airesante":"Tsunza","localite":"Ilokuta","localitetype":"Village","source_acronym":"DSNIS","date":"2019","grid3id":"KG_1CE339072A","territoire":"Popokabaka"}},{"type":"Feature","geometry":{"type":"Point","coordinates":[16.474521,-5.64972]},"properties":{"province":"Kwango","zonesante":"Popokabaka","airesante":"Kalala","localite":"Iludika","localitetype":"Village","source_acronym":"DSNIS","date":"2019","grid3id":"KG_069B620F7E","territoire":"Popokabaka"}},{"type":"Feature","geometry":{"type":"Point","coordinates":[16.263122,-5.530172]},"properties":{"province":"Kwango","zonesante":"Popokabaka","airesante":"Mutayi","localite":"Imaku","localitetype":"Village","source_acronym":"DSNIS","date":"2019","grid3id":"KG_99AB53DE1F","territoire":"Popokabaka"}},{"type":"Feature","geometry":{"type":"Point","coordinates":[17.437128,-6.703983]},"properties":{"province":"Kwango","zonesante":"Kitenda","airesante":"Makenzi","localite":"Imamba","localitetype":"Village","source_acronym":"DSNIS","date":"2019","grid3id":"KG_FF80175B88","territoire":"Kasongo-Lunda"}},{"type":"Feature","geometry":{"type":"Point","coordinates":[16.78717,-5.25288]},"properties":{"province":"Kwango","zonesante":"Boko","airesante":"Kasinsi","localite":"Imamvu","localitetype":"Hameau","source_acronym":"DSNIS","date":"2019","grid3id":"KG_1429B29578","territoire":"Kenge"}},{"type":"Feature","geometry":{"type":"Point","coordinates":[16.262151,-5.637598]},"properties":{"province":"Kwango","zonesante":"Popokabaka","airesante":"Kabama","localite":"Imanza","localitetype":"Village","source_acronym":"DSNIS","date":"2019","grid3id":"KG_83D7D390C9","territoire":"Popokabaka"}},{"type":"Feature","geometry":{"type":"Point","coordinates":[16.289516,-5.56306]},"properties":{"province":"Kwango","zonesante":"Popokabaka","airesante":"Mutayi","localite":"Imanza 2","localitetype":"Village","source_acronym":"DSNIS","date":"2019","grid3id":"KG_EDBF21DD3F","territoire":"Popokabaka"}},{"type":"Feature","geometry":{"type":"Point","coordinates":[16.552748,-5.750886]},"properties":{"province":"Kwango","zonesante":"Popokabaka","airesante":"Tsunza","localite":"Imbaluma","localitetype":"Village","source_acronym":"DSNIS","date":"2019","grid3id":"KG_3F71435C58","territoire":"Popokabaka"}},{"type":"Feature","geometry":{"type":"Point","coordinates":[16.264333,-5.476927]},"properties":{"province":"Kwango","zonesante":"Popokabaka","airesante":"Mbakata Ilanga","localite":"Imbati","localitetype":"Village","source_acronym":"DSNIS","date":"2019","grid3id":"KG_F40F8D75D9","territoire":"Popokabaka"}},{"type":"Feature","geometry":{"type":"Point","coordinates":[16.316396,-5.65899]},"properties":{"province":"Kwango","zonesante":"Popokabaka","airesante":"Kabama","localite":"Imbati","localitetype":"Village","source_acronym":"DSNIS","date":"2019","grid3id":"KG_235B1D07A7","territoire":"Popokabaka"}},{"type":"Feature","geometry":{"type":"Point","coordinates":[16.84866,-5.345869]},"properties":{"province":"Kwango","zonesante":"Boko","airesante":"Mukukulu Tseke","localite":"Imbela","localitetype":"Village","source_acronym":"DSNIS","date":"2019","grid3id":"KG_FD79A3AFD8","territoire":"Kenge"}},{"type":"Feature","geometry":{"type":"Point","coordinates":[16.243997,-5.387448]},"properties":{"province":"Kwango","zonesante":"Popokabaka","airesante":"Mukila Ndondo","localite":"Imbela Mbandu","localitetype":"Village","source_acronym":"DSNIS","date":"2019","grid3id":"KG_DBA1019D50","territoire":"Popokabaka"}},{"type":"Feature","geometry":{"type":"Point","coordinates":[16.251911,-5.105862]},"properties":{"province":"Kwango","zonesante":"Popokabaka","airesante":"Mukila Ndondo","localite":"Imbinda","localitetype":"Village","source_acronym":"DSNIS","date":"2019","grid3id":"KG_7D9F4E9798","territoire":"Popokabaka"}},{"type":"Feature","geometry":{"type":"Point","coordinates":[16.285885,-5.250414]},"properties":{"province":"Kwango","zonesante":"Popokabaka","airesante":"Mukila Ndondo","localite":"Imbola","localitetype":"Village","source_acronym":"DSNIS","date":"2019","grid3id":"KG_E67257323A","territoire":"Popokabaka"}},{"type":"Feature","geometry":{"type":"Point","coordinates":[16.43596,-5.27734]},"properties":{"province":"Kwango","zonesante":"Popokabaka","airesante":"Ipongi","localite":"Imboloko","localitetype":"Village","source_acronym":"DSNIS","date":"2019","grid3id":"KG_8C462F5621","territoire":"Popokabaka"}},{"type":"Feature","geometry":{"type":"Point","coordinates":[17.248452,-6.754456]},"properties":{"province":"Kwango","zonesante":"Kitenda","airesante":"Bondo Pokoso","localite":"Imbondo","localitetype":"Village","source_acronym":"DSNIS","date":"2019","grid3id":"KG_410CBDA583","territoire":"Kasongo-Lunda"}},{"type":"Feature","geometry":{"type":"Point","coordinates":[17.186749,-6.7143]},"properties":{"province":"Kwango","zonesante":"Kitenda","airesante":"Kimbwasa","localite":"Imbondo Cantonnier","localitetype":"Village","source_acronym":"DSNIS","date":"2019","grid3id":"KG_B8C462926E","territoire":"Kasongo-Lunda"}},{"type":"Feature","geometry":{"type":"Point","coordinates":[16.238013,-5.735398]},"properties":{"province":"Kwango","zonesante":"Popokabaka","airesante":"Ngasa","localite":"Imbudi","localitetype":"Village","source_acronym":"DSNIS","date":"2019","grid3id":"KG_E10F32A1A8","territoire":"Popokabaka"}},{"type":"Feature","geometry":{"type":"Point","coordinates":[16.253757,-5.647945]},"properties":{"province":"Kwango","zonesante":"Popokabaka","airesante":"Kabama","localite":"Imbuku","localitetype":"Village","source_acronym":"DSNIS","date":"2019","grid3id":"KG_0EA1A25B2C","territoire":"Popokabaka"}},{"type":"Feature","geometry":{"type":"Point","coordinates":[17.141042,-5.885676]},"properties":{"province":"Kwango","zonesante":"Kimbao","airesante":"Lukuni Wamba","localite":"Imbumba","localitetype":"Village","source_acronym":"DSNIS","date":"2019","grid3id":"KG_431BE2B246","territoire":"Kenge"}},{"type":"Feature","geometry":{"type":"Point","coordinates":[16.754317,-5.564788]},"properties":{"province":"Kwango","zonesante":"Boko","airesante":"Duri Mpangi","localite":"Imbumi Tsamba","localitetype":"Hameau","source_acronym":"DSNIS","date":"2019","grid3id":"KG_3DB2D9291D","territoire":"Kenge"}},{"type":"Feature","geometry":{"type":"Point","coordinates":[16.272918,-5.474071]},"properties":{"province":"Kwango","zonesante":"Popokabaka","airesante":"Mbakata Ilanga","localite":"Imbuya","localitetype":"Village","source_acronym":"DSNIS","date":"2019","grid3id":"KG_300BB222B1","territoire":"Popokabaka"}},{"type":"Feature","geometry":{"type":"Point","coordinates":[16.46074,-5.213468]},"properties":{"province":"Kwango","zonesante":"Popokabaka","airesante":"Iyimbi Mbingila","localite":"Imfululudio","localitetype":"Village","source_acronym":"DSNIS","date":"2019","grid3id":"KG_8A3410CF5C","territoire":"Popokabaka"}},{"type":"Feature","geometry":{"type":"Point","coordinates":[16.45941,-5.790214]},"properties":{"province":"Kwango","zonesante":"Popokabaka","airesante":"Tsunza","localite":"Imiesi","localitetype":"Village","source_acronym":"DSNIS","date":"2019","grid3id":"KG_9A7E011270","territoire":"Popokabaka"}},{"type":"Feature","geometry":{"type":"Point","coordinates":[16.289662,-5.560661]},"properties":{"province":"Kwango","zonesante":"Popokabaka","airesante":"Mutayi","localite":"Imonda","localitetype":"Village","source_acronym":"DSNIS","date":"2019","grid3id":"KG_B26D96C885","territoire":"Popokabaka"}},{"type":"Feature","geometry":{"type":"Point","coordinates":[16.763922,-5.321214]},"properties":{"province":"Kwango","zonesante":"Boko","airesante":"Boko","localite":"Impandi","localitetype":"Village","source_acronym":"DSNIS","date":"2019","grid3id":"KG_0433BCAECC","territoire":"Kenge"}},{"type":"Feature","geometry":{"type":"Point","coordinates":[17.078869,-5.393636]},"properties":{"province":"Kwango","zonesante":"Kimbao","airesante":"Kindi","localite":"Impesi","localitetype":"Village","source_acronym":"DSNIS","date":"2019","grid3id":"KG_6EC7079D5D","territoire":"Kenge"}},{"type":"Feature","geometry":{"type":"Point","coordinates":[16.284057,-5.666858]},"properties":{"province":"Kwango","zonesante":"Popokabaka","airesante":"Kabama","localite":"Impindi","localitetype":"Village","source_acronym":"DSNIS","date":"2019","grid3id":"KG_741B1DDCB7","territoire":"Popokabaka"}},{"type":"Feature","geometry":{"type":"Point","coordinates":[16.923234,-4.861729]},"properties":{"province":"Kwango","zonesante":"Boko","airesante":"Kenge 2","localite":"Impindi Ngombe","localitetype":"Hameau","source_acronym":"DSNIS","date":"2019","grid3id":"KG_EBAD7440E6","territoire":"Kenge"}},{"type":"Feature","geometry":{"type":"Point","coordinates":[16.442976,-5.283564]},"properties":{"province":"Kwango","zonesante":"Popokabaka","airesante":"Ipongi","localite":"Impngu","localitetype":"Village","source_acronym":"DSNIS","date":"2019","grid3id":"KG_4632342B56","territoire":"Popokabaka"}},{"type":"Feature","geometry":{"type":"Point","coordinates":[16.467433,-5.318835]},"properties":{"province":"Kwango","zonesante":"Popokabaka","airesante":"Ipongi","localite":"Impungu","localitetype":"Village","source_acronym":"DSNIS","date":"2019","grid3id":"KG_C6915D31A1","territoire":"Popokabaka"}},{"type":"Feature","geometry":{"type":"Point","coordinates":[16.292556,-5.639763]},"properties":{"province":"Kwango","zonesante":"Popokabaka","airesante":"Kabama","localite":"Inanga","localitetype":"Village","source_acronym":"DSNIS","date":"2019","grid3id":"KG_0EC260D467","territoire":"Popokabaka"}},{"type":"Feature","geometry":{"type":"Point","coordinates":[17.055213,-5.75887]},"properties":{"province":"Kwango","zonesante":"Kimbao","airesante":"Ibumbu","localite":"Indaba","localitetype":"Village","source_acronym":"DSNIS","date":"2019","grid3id":"KG_77FE67357F","territoire":"Kenge"}},{"type":"Feature","geometry":{"type":"Point","coordinates":[16.874757,-5.272534]},"properties":{"province":"Kwango","zonesante":"Boko","airesante":"Kasinsi","localite":"Ingandu","localitetype":"Hameau","source_acronym":"DSNIS","date":"2019","grid3id":"KG_D7E4B0F785","territoire":"Kenge"}},{"type":"Feature","geometry":{"type":"Point","coordinates":[16.323824,-5.595421]},"properties":{"province":"Kwango","zonesante":"Popokabaka","airesante":"Mutayi","localite":"Ingangula","localitetype":"Village","source_acronym":"DSNIS","date":"2019","grid3id":"KG_E0169C4598","territoire":"Popokabaka"}},{"type":"Feature","geometry":{"type":"Point","coordinates":[16.255812,-5.662444]},"properties":{"province":"Kwango","zonesante":"Popokabaka","airesante":"Kabama","localite":"Ingondi","localitetype":"Village","source_acronym":"DSNIS","date":"2019","grid3id":"KG_6C4929DB84","territoire":"Popokabaka"}},{"type":"Feature","geometry":{"type":"Point","coordinates":[16.794971,-6.097922]},"properties":{"province":"Kwango","zonesante":"Kasongo Lunda","airesante":"Kimbeko","localite":"Inkabi","localitetype":"Village","source_acronym":"DSNIS","date":"2019","grid3id":"KG_51EC842457","territoire":"Kasongo-Lunda"}},{"type":"Feature","geometry":{"type":"Point","coordinates":[16.422577,-5.511422]},"properties":{"province":"Kwango","zonesante":"Popokabaka","airesante":"Kalala","localite":"Inkangala","localitetype":"Village","source_acronym":"DSNIS","date":"2019","grid3id":"KG_A64399548E","territoire":"Popokabaka"}},{"type":"Feature","geometry":{"type":"Point","coordinates":[17.417564,-6.930249]},"properties":{"province":"Kwango","zonesante":"Kitenda","airesante":"Mihala","localite":"Inkengila","localitetype":"Village","source_acronym":"DSNIS","date":"2019","grid3id":"KG_365F26C9AC","territoire":"Kasongo-Lunda"}},{"type":"Feature","geometry":{"type":"Point","coordinates":[17.255807,-6.822148]},"properties":{"province":"Kwango","zonesante":"Kitenda","airesante":"Kikuti","localite":"Inkombo","localitetype":"Village","source_acronym":"DSNIS","date":"2019","grid3id":"KG_035C05983C","territoire":"Kasongo-Lunda"}},{"type":"Feature","geometry":{"type":"Point","coordinates":[16.257007,-5.664032]},"properties":{"province":"Kwango","zonesante":"Popokabaka","airesante":"Kabama","localite":"Inkula Malembe","localitetype":"Village","source_acronym":"DSNIS","date":"2019","grid3id":"KG_5B2B82D512","territoire":"Popokabaka"}},{"type":"Feature","geometry":{"type":"Point","coordinates":[16.272445,-5.547322]},"properties":{"province":"Kwango","zonesante":"Popokabaka","airesante":"Mutayi","localite":"Inkulunkusu","localitetype":"Village","source_acronym":"DSNIS","date":"2019","grid3id":"KG_31F291918C","territoire":"Popokabaka"}},{"type":"Feature","geometry":{"type":"Point","coordinates":[16.514174,-5.054738]},"properties":{"province":"Kwango","zonesante":"Popokabaka","airesante":"Kingunzi","localite":"Inkundu","localitetype":"Village","source_acronym":"DSNIS","date":"2019","grid3id":"KG_9CE147C6E0","territoire":"Popokabaka"}},{"type":"Feature","geometry":{"type":"Point","coordinates":[16.738834,-6.163105]},"properties":{"province":"Kwango","zonesante":"Kasongo Lunda","airesante":"Kimbeko","localite":"Inkunga","localitetype":"Village","source_acronym":"DSNIS","date":"2019","grid3id":"KG_C5B7C0991E","territoire":"Kasongo-Lunda"}},{"type":"Feature","geometry":{"type":"Point","coordinates":[16.844559,-5.333842]},"properties":{"province":"Kwango","zonesante":"Boko","airesante":"Mukukulu Tseke","localite":"Inkutu Beti","localitetype":"Village","source_acronym":"DSNIS","date":"2019","grid3id":"KG_9795D402B7","territoire":"Kenge"}},{"type":"Feature","geometry":{"type":"Point","coordinates":[16.512409,-5.108333]},"properties":{"province":"Kwango","zonesante":"Popokabaka","airesante":"Kingunzi","localite":"Inkwasa","localitetype":"Village","source_acronym":"DSNIS","date":"2019","grid3id":"KG_AD2BAC8830","territoire":"Kenge"}},{"type":"Feature","geometry":{"type":"Point","coordinates":[16.29129,-5.659097]},"properties":{"province":"Kwango","zonesante":"Popokabaka","airesante":"Kabama","localite":"Inonga","localitetype":"Village","source_acronym":"DSNIS","date":"2019","grid3id":"KG_566B00C3C9","territoire":"Popokabaka"}},{"type":"Feature","geometry":{"type":"Point","coordinates":[16.831581,-6.144635]},"properties":{"province":"Kwango","zonesante":"Kasongo Lunda","airesante":"Kimbeko","localite":"Intobo","localitetype":"Village","source_acronym":"DSNIS","date":"2019","grid3id":"KG_3FC06E4D1C","territoire":"Kasongo-Lunda"}},{"type":"Feature","geometry":{"type":"Point","coordinates":[16.262282,-5.15533]},"properties":{"province":"Kwango","zonesante":"Popokabaka","airesante":"Mukila Ndondo","localite":"Intungu","localitetype":"Village","source_acronym":"DSNIS","date":"2019","grid3id":"KG_DA84AC7887","territoire":"Popokabaka"}},{"type":"Feature","geometry":{"type":"Point","coordinates":[16.462323,-5.317495]},"properties":{"province":"Kwango","zonesante":"Popokabaka","airesante":"Ipongi","localite":"Inzambi","localitetype":"Village","source_acronym":"DSNIS","date":"2019","grid3id":"KG_8B5EC2C61D","territoire":"Popokabaka"}},{"type":"Feature","geometry":{"type":"Point","coordinates":[16.286949,-5.548556]},"properties":{"province":"Kwango","zonesante":"Popokabaka","airesante":"Mutayi","localite":"Inzawu","localitetype":"Village","source_acronym":"DSNIS","date":"2019","grid3id":"KG_51634C1251","territoire":"Popokabaka"}},{"type":"Feature","geometry":{"type":"Point","coordinates":[16.30514,-5.426757]},"properties":{"province":"Kwango","zonesante":"Popokabaka","airesante":"Mukila Ndondo","localite":"Inzawu","localitetype":"Village","source_acronym":"DSNIS","date":"2019","grid3id":"KG_43A5682775","territoire":"Popokabaka"}},{"type":"Feature","geometry":{"type":"Point","coordinates":[16.51257,-5.116885]},"properties":{"province":"Kwango","zonesante":"Popokabaka","airesante":"Kingunzi","localite":"Inzawu","localitetype":"Village","source_acronym":"DSNIS","date":"2019","grid3id":"KG_0F8F9BA1B1","territoire":"Kenge"}},{"type":"Feature","geometry":{"type":"Point","coordinates":[16.767532,-6.118556]},"properties":{"province":"Kwango","zonesante":"Kasongo Lunda","airesante":"Kimbeko","localite":"Inzundu","localitetype":"Village","source_acronym":"DSNIS","date":"2019","grid3id":"KG_84F30C9E8F","territoire":"Kasongo-Lunda"}},{"type":"Feature","geometry":{"type":"Point","coordinates":[16.477917,-5.35178]},"properties":{"province":"Kwango","zonesante":"Popokabaka","airesante":"Ipongi","localite":"Inzungu","localitetype":"Village","source_acronym":"DSNIS","date":"2019","grid3id":"KG_6FEC8F95D4","territoire":"Popokabaka"}},{"type":"Feature","geometry":{"type":"Point","coordinates":[16.485073,-5.77402]},"properties":{"province":"Kwango","zonesante":"Popokabaka","airesante":"Tsunza","localite":"Ipama","localitetype":"Village","source_acronym":"DSNIS","date":"2019","grid3id":"KG_BB1B9B46D5","territoire":"Popokabaka"}},{"type":"Feature","geometry":{"type":"Point","coordinates":[16.289843,-5.551905]},"properties":{"province":"Kwango","zonesante":"Popokabaka","airesante":"Mutayi","localite":"Ipandi","localitetype":"Village","source_acronym":"DSNIS","date":"2019","grid3id":"KG_A1F86D8BB3","territoire":"Popokabaka"}},{"type":"Feature","geometry":{"type":"Point","coordinates":[16.512653,-5.119366]},"properties":{"province":"Kwango","zonesante":"Popokabaka","airesante":"Kingunzi","localite":"Ipanga","localitetype":"Village","source_acronym":"DSNIS","date":"2019","grid3id":"KG_AEB912BF1B","territoire":"Kenge"}},{"type":"Feature","geometry":{"type":"Point","coordinates":[16.264298,-5.532037]},"properties":{"province":"Kwango","zonesante":"Popokabaka","airesante":"Mutayi","localite":"Ipangu","localitetype":"Village","source_acronym":"DSNIS","date":"2019","grid3id":"KG_3F636AF92C","territoire":"Popokabaka"}},{"type":"Feature","geometry":{"type":"Point","coordinates":[16.947233,-6.320433]},"properties":{"province":"Kwango","zonesante":"Kasongo Lunda","airesante":"Kishiama","localite":"Ipolongo","localitetype":"Village","source_acronym":"DSNIS","date":"2019","grid3id":"KG_90857D4752","territoire":"Kasongo-Lunda"}},{"type":"Feature","geometry":{"type":"Point","coordinates":[17.446251,-6.710329]},"properties":{"province":"Kwango","zonesante":"Kitenda","airesante":"Makenzi","localite":"Ipuna","localitetype":"Village","source_acronym":"DSNIS","date":"2019","grid3id":"KG_4C9EFF0FCA","territoire":"Kasongo-Lunda"}},{"type":"Feature","geometry":{"type":"Point","coordinates":[16.287922,-5.567089]},"properties":{"province":"Kwango","zonesante":"Popokabaka","airesante":"Mutayi","localite":"Ipungi","localitetype":"Village","source_acronym":"DSNIS","date":"2019","grid3id":"KG_00F5812513","territoire":"Popokabaka"}},{"type":"Feature","geometry":{"type":"Point","coordinates":[16.379062,-5.55825]},"properties":{"province":"Kwango","zonesante":"Popokabaka","airesante":"Kalala","localite":"Ipungu","localitetype":"Village","source_acronym":"DSNIS","date":"2019","grid3id":"KG_C968F846B0","territoire":"Popokabaka"}},{"type":"Feature","geometry":{"type":"Point","coordinates":[16.321292,-5.687825]},"properties":{"province":"Kwango","zonesante":"Popokabaka","airesante":"Kabama","localite":"Iran","localitetype":"Village","source_acronym":"DSNIS","date":"2019","grid3id":"KG_B5616FEF00","territoire":"Popokabaka"}},{"type":"Feature","geometry":{"type":"Point","coordinates":[16.281971,-5.709499]},"properties":{"province":"Kwango","zonesante":"Popokabaka","airesante":"Ngasa","localite":"Isaka","localitetype":"Village","source_acronym":"DSNIS","date":"2019","grid3id":"KG_6AE43A6478","territoire":"Popokabaka"}},{"type":"Feature","geometry":{"type":"Point","coordinates":[16.549547,-5.753901]},"properties":{"province":"Kwango","zonesante":"Popokabaka","airesante":"Tsunza","localite":"Isakasaka","localitetype":"Village","source_acronym":"DSNIS","date":"2019","grid3id":"KG_1C320C3C07","territoire":"Popokabaka"}},{"type":"Feature","geometry":{"type":"Point","coordinates":[17.257527,-6.582642]},"properties":{"province":"Kwango","zonesante":"Wamba Lwadi","airesante":"Mukumbi","localite":"Isenga","localitetype":"Village","source_acronym":"DSNIS","date":"2019","grid3id":"KG_82E30078B5","territoire":"Kasongo-Lunda"}},{"type":"Feature","geometry":{"type":"Point","coordinates":[16.511442,-5.118642]},"properties":{"province":"Kwango","zonesante":"Popokabaka","airesante":"Kingunzi","localite":"Isindika","localitetype":"Village","source_acronym":"DSNIS","date":"2019","grid3id":"KG_0B939718FA","territoire":"Kenge"}},{"type":"Feature","geometry":{"type":"Point","coordinates":[16.560027,-5.676092]},"properties":{"province":"Kwango","zonesante":"Popokabaka","airesante":"Lusanga","localite":"Isita","localitetype":"Village","source_acronym":"DSNIS","date":"2019","grid3id":"KG_9D37621A63","territoire":"Popokabaka"}},{"type":"Feature","geometry":{"type":"Point","coordinates":[16.830255,-6.661666]},"properties":{"province":"Kwango","zonesante":"Kasongo Lunda","airesante":"Manzengele","localite":"Isosa","localitetype":"Village","source_acronym":"DSNIS","date":"2019","grid3id":"KG_C4AFB00FC8","territoire":"Kasongo-Lunda"}},{"type":"Feature","geometry":{"type":"Point","coordinates":[16.283435,-5.427447]},"properties":{"province":"Kwango","zonesante":"Popokabaka","airesante":"Mukila Ndondo","localite":"Isoyo","localitetype":"Village","source_acronym":"DSNIS","date":"2019","grid3id":"KG_CB6DA90532","territoire":"Popokabaka"}},{"type":"Feature","geometry":{"type":"Point","coordinates":[16.777766,-4.938883]},"properties":{"province":"Kwango","zonesante":"Boko","airesante":"Mutombo","localite":"Itatana","localitetype":"Village","source_acronym":"DSNIS","date":"2019","grid3id":"KG_109EFC1F74","territoire":"Kenge"}},{"type":"Feature","geometry":{"type":"Point","coordinates":[16.833365,-6.669837]},"properties":{"province":"Kwango","zonesante":"Kasongo Lunda","airesante":"Manzengele","localite":"Itaya","localitetype":"Village","source_acronym":"DSNIS","date":"2019","grid3id":"KG_AF2289DF6A","territoire":"Kasongo-Lunda"}},{"type":"Feature","geometry":{"type":"Point","coordinates":[18.280987,-6.039541]},"properties":{"province":"Kwango","zonesante":"Feshi","airesante":"Kabunda","localite":"Itaza","localitetype":"Hameau","source_acronym":"DSNIS","date":"2019","grid3id":"KG_4D85AEE583","territoire":"Feshi"}},{"type":"Feature","geometry":{"type":"Point","coordinates":[16.778815,-6.151722]},"properties":{"province":"Kwango","zonesante":"Kasongo Lunda","airesante":"Kimbeko","localite":"Itsakala","localitetype":"Village","source_acronym":"DSNIS","date":"2019","grid3id":"KG_CDB4CE2DC5","territoire":"Kasongo-Lunda"}},{"type":"Feature","geometry":{"type":"Point","coordinates":[17.216673,-6.623907]},"properties":{"province":"Kwango","zonesante":"Wamba Lwadi","airesante":"Kingulu","localite":"Itsakala","localitetype":"Village","source_acronym":"DSNIS","date":"2019","grid3id":"KG_3F7EA5E7F1","territoire":"Kasongo-Lunda"}},{"type":"Feature","geometry":{"type":"Point","coordinates":[16.901221,-6.224833]},"properties":{"province":"Kwango","zonesante":"Kasongo Lunda","airesante":"Kishiama","localite":"Itsala","localitetype":"Village","source_acronym":"DSNIS","date":"2019","grid3id":"KG_93EED6F5E8","territoire":"Kasongo-Lunda"}},{"type":"Feature","geometry":{"type":"Point","coordinates":[17.313215,-7.028867]},"properties":{"province":"Kwango","zonesante":"Kitenda","airesante":"Yenga Lusundji","localite":"Itsiona","localitetype":"Village","source_acronym":"DSNIS","date":"2019","grid3id":"KG_317434ECB9","territoire":"Kasongo-Lunda"}},{"type":"Feature","geometry":{"type":"Point","coordinates":[17.239343,-5.647098]},"properties":{"province":"Kwango","zonesante":"Kimbao","airesante":"Mosamba","localite":"Itsusu","localitetype":"Village","source_acronym":"DSNIS","date":"2019","grid3id":"KG_FA43FF5E5E","territoire":"Kenge"}},{"type":"Feature","geometry":{"type":"Point","coordinates":[17.081401,-5.073188]},"properties":{"province":"Kwango","zonesante":"Kenge","airesante":"Masingi","localite":"Itungadiako","localitetype":"Village","source_acronym":"DSNIS","date":"2019","grid3id":"KG_0178277E54","territoire":"Kenge"}},{"type":"Feature","geometry":{"type":"Point","coordinates":[17.330787,-6.679846]},"properties":{"province":"Kwango","zonesante":"Wamba Lwadi","airesante":"Tsakala Bayila","localite":"Ivua Maalu","localitetype":"Village","source_acronym":"DSNIS","date":"2019","grid3id":"KG_7D85808237","territoire":"Kasongo-Lunda"}},{"type":"Feature","geometry":{"type":"Point","coordinates":[16.249408,-5.390546]},"properties":{"province":"Kwango","zonesante":"Popokabaka","airesante":"Mukila Ndondo","localite":"Ivudi","localitetype":"Village","source_acronym":"DSNIS","date":"2019","grid3id":"KG_0BFE33E0BA","territoire":"Popokabaka"}},{"type":"Feature","geometry":{"type":"Point","coordinates":[17.388159,-6.67885]},"properties":{"province":"Kwango","zonesante":"Wamba Lwadi","airesante":"Kibinda","localite":"Ivunda","localitetype":"Village","source_acronym":"DSNIS","date":"2019","grid3id":"KG_FAB821F0B6","territoire":"Kasongo-Lunda"}},{"type":"Feature","geometry":{"type":"Point","coordinates":[16.814046,-5.289839]},"properties":{"province":"Kwango","zonesante":"Boko","airesante":"Kasinsi","localite":"Iyambi","localitetype":"Village","source_acronym":"DSNIS","date":"2019","grid3id":"KG_7AD88F8E87","territoire":"Kenge"}},{"type":"Feature","geometry":{"type":"Point","coordinates":[17.281252,-5.339178]},"properties":{"province":"Kwango","zonesante":"Kimbao","airesante":"Kiyenga","localite":"Iyombi","localitetype":"Village","source_acronym":"DSNIS","date":"2019","grid3id":"KG_F326319074","territoire":"Kenge"}},{"type":"Feature","geometry":{"type":"Point","coordinates":[16.254845,-5.650431]},"properties":{"province":"Kwango","zonesante":"Popokabaka","airesante":"Kabama","localite":"Izoledi","localitetype":"Village","source_acronym":"DSNIS","date":"2019","grid3id":"KG_AC174244D8","territoire":"Popokabaka"}},{"type":"Feature","geometry":{"type":"Point","coordinates":[18.352351,-7.691679]},"properties":{"province":"Kwango","zonesante":"Kajiji","airesante":"Kajiji","localite":"Jakangane","localitetype":"Hameau","source_acronym":"DSNIS","date":"2019","grid3id":"KG_25BB7C8854","territoire":"Kahemba"}},{"type":"Feature","geometry":{"type":"Point","coordinates":[17.502773,-6.439404]},"properties":{"province":"Kwango","zonesante":"Wamba Lwadi","airesante":"Kapata","localite":"Jardin","localitetype":"Village","source_acronym":"DSNIS","date":"2019","grid3id":"KG_ECDE4A876F","territoire":"Kasongo-Lunda"}},{"type":"Feature","geometry":{"type":"Point","coordinates":[16.858003,-4.889399]},"properties":{"province":"Kwango","zonesante":"Boko","airesante":"Mutombo","localite":"Jude","localitetype":"Hameau","source_acronym":"DSNIS","date":"2019","grid3id":"KG_216D237078","territoire":"Kenge"}},{"type":"Feature","geometry":{"type":"Point","coordinates":[17.993747,-7.431986]},"properties":{"province":"Kwango","zonesante":"Panzi","airesante":"Kasandji","localite":"K","localitetype":"Village","source_acronym":"DSNIS","date":"2019","grid3id":"KG_E6E39AEF6C","territoire":"Kasongo-Lunda"}},{"type":"Feature","geometry":{"type":"Point","coordinates":[16.962004,-4.62289]},"properties":{"province":"Kwango","zonesante":"Boko","airesante":"Kasandji","localite":"Kabaka","localitetype":"Hameau","source_acronym":"DSNIS","date":"2019","grid3id":"KG_F380DAA55B","territoire":"Kenge"}},{"type":"Feature","geometry":{"type":"Point","coordinates":[17.184802,-6.773121]},"properties":{"province":"Kwango","zonesante":"Kitenda","airesante":"Mwana Uta","localite":"Kabaka","localitetype":"Village","source_acronym":"DSNIS","date":"2019","grid3id":"KG_8282EBAD44","territoire":"Kasongo-Lunda"}},{"type":"Feature","geometry":{"type":"Point","coordinates":[17.333126,-5.981655]},"properties":{"province":"Kwango","zonesante":"Wamba Lwadi","airesante":"Nzamba Fuangi","localite":"Kabaka Tombi","localitetype":"Village","source_acronym":"DSNIS","date":"2019","grid3id":"KG_2A8D3C96CE","territoire":"Kasongo-Lunda"}},{"type":"Feature","geometry":{"type":"Point","coordinates":[17.868169,-6.115872]},"properties":{"province":"Kwango","zonesante":"Feshi","airesante":"Kimbongo","localite":"Kabalu","localitetype":"Hameau","source_acronym":"DSNIS","date":"2019","grid3id":"KG_64AA395AFD","territoire":"Feshi"}},{"type":"Feature","geometry":{"type":"Point","coordinates":[18.553092,-7.899168]},"properties":{"province":"Kwango","zonesante":"Kajiji","airesante":"Mutetami","localite":"Kabama","localitetype":"Hameau","source_acronym":"DSNIS","date":"2019","grid3id":"KG_5E3E914DB2","territoire":"Kahemba"}},{"type":"Feature","geometry":{"type":"Point","coordinates":[16.296263,-5.664584]},"properties":{"province":"Kwango","zonesante":"Popokabaka","airesante":"Kabama","localite":"Kabama","localitetype":"Village","source_acronym":"DSNIS","date":"2019","grid3id":"KG_BAE2BCB879","territoire":"Popokabaka"}},{"type":"Feature","geometry":{"type":"Point","coordinates":[18.237739,-7.56313]},"properties":{"province":"Kwango","zonesante":"Panzi","airesante":"Mukalakata","localite":"Kabamba","localitetype":"Village","source_acronym":"DSNIS","date":"2019","grid3id":"KG_41D5E49492","territoire":"Kasongo-Lunda"}},{"type":"Feature","geometry":{"type":"Point","coordinates":[16.820935,-6.480947]},"properties":{"province":"Kwango","zonesante":"Kasongo Lunda","airesante":"Ntemo","localite":"Kabamba 1","localitetype":"Village","source_acronym":"DSNIS","date":"2019","grid3id":"KG_53D6702B94","territoire":"Kasongo-Lunda"}},{"type":"Feature","geometry":{"type":"Point","coordinates":[16.811279,-6.483193]},"properties":{"province":"Kwango","zonesante":"Kasongo Lunda","airesante":"Nzakimwena","localite":"Kabamba Idiofa","localitetype":"Village","source_acronym":"DSNIS","date":"2019","grid3id":"KG_E86D0AFFBF","territoire":"Kasongo-Lunda"}},{"type":"Feature","geometry":{"type":"Point","coordinates":[16.819571,-6.48339]},"properties":{"province":"Kwango","zonesante":"Kasongo Lunda","airesante":"Ntemo","localite":"Kabamba Kobo","localitetype":"Village","source_acronym":"DSNIS","date":"2019","grid3id":"KG_864F671D97","territoire":"Kasongo-Lunda"}},{"type":"Feature","geometry":{"type":"Point","coordinates":[19.216137,-6.644796]},"properties":{"province":"Kwango","zonesante":"Kisanji","airesante":"Mukundu","localite":"Kabande","localitetype":"Village","source_acronym":"DSNIS","date":"2019","grid3id":"KG_A379D40A43","territoire":"Feshi"}},{"type":"Feature","geometry":{"type":"Point","coordinates":[19.143411,-6.393537]},"properties":{"province":"Kwango","zonesante":"Kisanji","airesante":"Ngoma","localite":"Kabangi","localitetype":"Hameau","source_acronym":"DSNIS","date":"2019","grid3id":"KG_5167960645","territoire":"Feshi"}},{"type":"Feature","geometry":{"type":"Point","coordinates":[18.365125,-6.30067]},"properties":{"province":"Kwango","zonesante":"Feshi","airesante":"Maziamo","localite":"Kabangu","localitetype":"Hameau","source_acronym":"DSNIS","date":"2019","grid3id":"KG_0730750D7D","territoire":"Feshi"}},{"type":"Feature","geometry":{"type":"Point","coordinates":[17.701016,-5.771595]},"properties":{"province":"Kwango","zonesante":"Mwela Lembwa","airesante":"Kingungu","localite":"Kabeba","localitetype":"Village","source_acronym":"DSNIS","date":"2019","grid3id":"KG_B45AF5E0B6","territoire":"Feshi"}},{"type":"Feature","geometry":{"type":"Point","coordinates":[18.476109,-6.246583]},"properties":{"province":"Kwango","zonesante":"Feshi","airesante":"Kahoka","localite":"Kabedi","localitetype":"Village","source_acronym":"DSNIS","date":"2019","grid3id":"KG_6EEAF9E09F","territoire":"Feshi"}},{"type":"Feature","geometry":{"type":"Point","coordinates":[17.595322,-4.304934]},"properties":{"province":"Kwango","zonesante":"Kenge","airesante":"Fasamba","localite":"Kabela","localitetype":"Village","source_acronym":"DSNIS","date":"2019","grid3id":"KG_E9AE1EEB36","territoire":"Kenge"}},{"type":"Feature","geometry":{"type":"Point","coordinates":[18.385868,-6.530035]},"properties":{"province":"Kwango","zonesante":"Feshi","airesante":"Maziamo","localite":"Kabemba","localitetype":"Village","source_acronym":"DSNIS","date":"2019","grid3id":"KG_08AA1E15B3","territoire":"Feshi"}},{"type":"Feature","geometry":{"type":"Point","coordinates":[19.745449,-6.90729]},"properties":{"province":"Kwango","zonesante":"Kahemba","airesante":"Mwasenge","localite":"Kabemba","localitetype":"Village","source_acronym":"DSNIS","date":"2019","grid3id":"KG_0CEEF49E61","territoire":"Kahemba"}},{"type":"Feature","geometry":{"type":"Point","coordinates":[19.002061,-7.864536]},"properties":{"province":"Kwango","zonesante":"Kahemba","localite":"Kabemba","localitetype":"Village","source_acronym":"DSNIS","date":"2019","grid3id":"KG_99736A0ABB","territoire":"Kahemba"}},{"type":"Feature","geometry":{"type":"Point","coordinates":[18.28393,-7.435907]},"properties":{"province":"Kwango","zonesante":"Panzi","airesante":"Kambanzi","localite":"Kabemba","localitetype":"Hameau","source_acronym":"DSNIS","date":"2019","grid3id":"KG_3386EB6DE9","territoire":"Kasongo-Lunda"}},{"type":"Feature","geometry":{"type":"Point","coordinates":[18.294663,-7.43794]},"properties":{"province":"Kwango","zonesante":"Panzi","airesante":"Kambanzi","localite":"Kabemba","localitetype":"Village","source_acronym":"DSNIS","date":"2019","grid3id":"KG_6C33A70B3F","territoire":"Kasongo-Lunda"}},{"type":"Feature","geometry":{"type":"Point","coordinates":[18.238032,-7.549709]},"properties":{"province":"Kwango","zonesante":"Panzi","airesante":"Mukalakata","localite":"Kabemba","localitetype":"Village","source_acronym":"DSNIS","date":"2019","grid3id":"KG_B143F7A5F0","territoire":"Kasongo-Lunda"}},{"type":"Feature","geometry":{"type":"Point","coordinates":[18.104489,-7.954971]},"properties":{"province":"Kwango","zonesante":"Kajiji","airesante":"Nzofu","localite":"Kabengo","localitetype":"Village","source_acronym":"DSNIS","date":"2019","grid3id":"KG_5C6E08B09B","territoire":"Kahemba"}},{"type":"Feature","geometry":{"type":"Point","coordinates":[18.456722,-7.696017]},"properties":{"province":"Kwango","zonesante":"Kajiji","airesante":"Kajiji","localite":"Kabeya","localitetype":"Hameau","source_acronym":"DSNIS","date":"2019","grid3id":"KG_7ED4F57740","territoire":"Kahemba"}},{"type":"Feature","geometry":{"type":"Point","coordinates":[16.491805,-5.142573]},"properties":{"province":"Kwango","zonesante":"Popokabaka","airesante":"Kingunzi","localite":"Kabeya","localitetype":"Village","source_acronym":"DSNIS","date":"2019","grid3id":"KG_B63391F4EF","territoire":"Popokabaka"}},{"type":"Feature","geometry":{"type":"Point","coordinates":[16.961886,-6.733995]},"properties":{"province":"Kwango","zonesante":"Kasongo Lunda","airesante":"Kipanzu","localite":"Kabianga","localitetype":"Village","source_acronym":"DSNIS","date":"2019","grid3id":"KG_AAC13BF2AD","territoire":"Kasongo-Lunda"}},{"type":"Feature","geometry":{"type":"Point","coordinates":[18.164539,-7.903548]},"properties":{"province":"Kwango","zonesante":"Kajiji","airesante":"Nzofu","localite":"Kabiji","localitetype":"Village","source_acronym":"DSNIS","date":"2019","grid3id":"KG_2676DEC2B0","territoire":"Kahemba"}},{"type":"Feature","geometry":{"type":"Point","coordinates":[18.572004,-6.146297]},"properties":{"province":"Kwango","zonesante":"Feshi","airesante":"Mafishi","localite":"Kabinga","localitetype":"Village","source_acronym":"DSNIS","date":"2019","grid3id":"KG_4B694E7B1F","territoire":"Feshi"}},{"type":"Feature","geometry":{"type":"Point","coordinates":[16.848464,-6.486843]},"properties":{"province":"Kwango","zonesante":"Kasongo Lunda","airesante":"Ntemo","localite":"Kabisa","localitetype":"Village","source_acronym":"DSNIS","date":"2019","grid3id":"KG_11A03B5FDA","territoire":"Kasongo-Lunda"}},{"type":"Feature","geometry":{"type":"Point","coordinates":[18.289298,-6.635057]},"properties":{"province":"Kwango","zonesante":"Feshi","airesante":"Mabaya","localite":"Kaboka","localitetype":"Hameau","source_acronym":"DSNIS","date":"2019","grid3id":"KG_267DCD09D5","territoire":"Feshi"}},{"type":"Feature","geometry":{"type":"Point","coordinates":[18.449447,-7.833584]},"properties":{"province":"Kwango","zonesante":"Kajiji","airesante":"Shauyanga","localite":"Kaboko","localitetype":"Village","source_acronym":"DSNIS","date":"2019","grid3id":"KG_CD90D85861","territoire":"Kahemba"}},{"type":"Feature","geometry":{"type":"Point","coordinates":[17.773272,-6.519346]},"properties":{"province":"Kwango","zonesante":"Mwela Lembwa","airesante":"Kabolo","localite":"Kabolo","localitetype":"Village","source_acronym":"DSNIS","date":"2019","grid3id":"KG_567CBA5FE9","territoire":"Feshi"}},{"type":"Feature","geometry":{"type":"Point","coordinates":[19.011784,-7.877506]},"properties":{"province":"Kwango","zonesante":"Kahemba","localite":"Kabongo","localitetype":"Village","source_acronym":"DSNIS","date":"2019","grid3id":"KG_6B0A4D4E72","territoire":"Kahemba"}},{"type":"Feature","geometry":{"type":"Point","coordinates":[19.153507,-6.508567]},"properties":{"province":"Kwango","zonesante":"Kisanji","airesante":"Kingonzi","localite":"Kabongo","localitetype":"Village","source_acronym":"DSNIS","date":"2019","grid3id":"KG_70F22DE435","territoire":"Feshi"}},{"type":"Feature","geometry":{"type":"Point","coordinates":[17.418646,-6.412774]},"properties":{"province":"Kwango","zonesante":"Wamba Lwadi","airesante":"Kankuluba","localite":"Kabongo","localitetype":"Village","source_acronym":"DSNIS","date":"2019","grid3id":"KG_E2D9DD7491","territoire":"Kasongo-Lunda"}},{"type":"Feature","geometry":{"type":"Point","coordinates":[16.534489,-4.705522]},"properties":{"province":"Kwango","zonesante":"Boko","localite":"Kabuba","localitetype":"Village","source_acronym":"DSNIS","date":"2019","grid3id":"KG_6C18513F03","territoire":"Kenge"}},{"type":"Feature","geometry":{"type":"Point","coordinates":[19.762197,-6.931202]},"properties":{"province":"Kwango","zonesante":"Kahemba","airesante":"Kambuela","localite":"Kabuji","localitetype":"Village","source_acronym":"DSNIS","date":"2019","grid3id":"KG_F5D40F2469","territoire":"Kahemba"}},{"type":"Feature","geometry":{"type":"Point","coordinates":[18.261503,-5.980883]},"properties":{"province":"Kwango","zonesante":"Feshi","airesante":"Kabunda","localite":"Kabunda","localitetype":"Village","source_acronym":"DSNIS","date":"2019","grid3id":"KG_46A378F7D7","territoire":"Feshi"}},{"type":"Feature","geometry":{"type":"Point","coordinates":[17.81394,-6.464574]},"properties":{"province":"Kwango","zonesante":"Mwela Lembwa","airesante":"Kabolo","localite":"Kabundi","localitetype":"Village","source_acronym":"DSNIS","date":"2019","grid3id":"KG_26A107141C","territoire":"Feshi"}},{"type":"Feature","geometry":{"type":"Point","coordinates":[17.217442,-7.51199]},"properties":{"province":"Kwango","zonesante":"Tembo","airesante":"Nzasi Mwadi","localite":"Kabwanga","localitetype":"Village","source_acronym":"DSNIS","date":"2019","grid3id":"KG_B6D3646818","territoire":"Kasongo-Lunda"}},{"type":"Feature","geometry":{"type":"Point","coordinates":[16.783465,-4.769578]},"properties":{"province":"Kwango","zonesante":"Boko","airesante":"Lonzo","localite":"Kabwanga","localitetype":"Village","source_acronym":"DSNIS","date":"2019","grid3id":"KG_DA66588915","territoire":"Kenge"}},{"type":"Feature","geometry":{"type":"Point","coordinates":[17.422446,-6.800219]},"properties":{"province":"Kwango","zonesante":"Kitenda","airesante":"Kazembe","localite":"Kabwiku","localitetype":"Village","source_acronym":"DSNIS","date":"2019","grid3id":"KG_DEE83BD60D","territoire":"Kasongo-Lunda"}},{"type":"Feature","geometry":{"type":"Point","coordinates":[19.768177,-6.930022]},"properties":{"province":"Kwango","zonesante":"Kahemba","airesante":"Kambuela","localite":"Kabwita","localitetype":"Village","source_acronym":"DSNIS","date":"2019","grid3id":"KG_67CE877E98","territoire":"Kahemba"}},{"type":"Feature","geometry":{"type":"Point","coordinates":[18.098165,-7.382527]},"properties":{"province":"Kwango","zonesante":"Panzi","airesante":"Kambandambi","localite":"Kabwita","localitetype":"Hameau","source_acronym":"DSNIS","date":"2019","grid3id":"KG_6BA98446AF","territoire":"Kasongo-Lunda"}},{"type":"Feature","geometry":{"type":"Point","coordinates":[18.427317,-6.637493]},"properties":{"province":"Kwango","zonesante":"Feshi","airesante":"Utadi","localite":"Kadiata","localitetype":"Hameau","source_acronym":"DSNIS","date":"2019","grid3id":"KG_8E664A0D43","territoire":"Feshi"}},{"type":"Feature","geometry":{"type":"Point","coordinates":[18.557767,-6.504524]},"properties":{"province":"Kwango","zonesante":"Feshi","airesante":"Utadi","localite":"Kadiata","localitetype":"Hameau","source_acronym":"DSNIS","date":"2019","grid3id":"KG_9A43F5C94A","territoire":"Feshi"}},{"type":"Feature","geometry":{"type":"Point","coordinates":[18.560634,-6.257543]},"properties":{"province":"Kwango","zonesante":"Feshi","airesante":"Kahoka","localite":"Kadiata","localitetype":"Village","source_acronym":"DSNIS","date":"2019","grid3id":"KG_45E2DA4C05","territoire":"Feshi"}},{"type":"Feature","geometry":{"type":"Point","coordinates":[18.399336,-6.550376]},"properties":{"province":"Kwango","zonesante":"Feshi","airesante":"Maziamo","localite":"Kadiata","localitetype":"Village","source_acronym":"DSNIS","date":"2019","grid3id":"KG_042EAABB91","territoire":"Feshi"}},{"type":"Feature","geometry":{"type":"Point","coordinates":[18.068398,-7.219481]},"properties":{"province":"Kwango","zonesante":"Panzi","airesante":"Mbanza Kipungu","localite":"Kadibala","localitetype":"Village","source_acronym":"DSNIS","date":"2019","grid3id":"KG_DBD47786A3","territoire":"Kasongo-Lunda"}},{"type":"Feature","geometry":{"type":"Point","coordinates":[19.064707,-6.738176]},"properties":{"province":"Kwango","zonesante":"Kisanji","airesante":"Pombo","localite":"Kadiendela","localitetype":"Village","source_acronym":"DSNIS","date":"2019","grid3id":"KG_E69C526B4E","territoire":"Feshi"}},{"type":"Feature","geometry":{"type":"Point","coordinates":[16.523846,-4.655921]},"properties":{"province":"Kwango","zonesante":"Boko","airesante":"Pont Kwango","localite":"Kafulu","localitetype":"Village","source_acronym":"DSNIS","date":"2019","grid3id":"KG_63D53D7528","territoire":"Kenge"}},{"type":"Feature","geometry":{"type":"Point","coordinates":[16.480118,-5.327307]},"properties":{"province":"Kwango","zonesante":"Popokabaka","airesante":"Ipongi","localite":"Kafuludio","localitetype":"Village","source_acronym":"DSNIS","date":"2019","grid3id":"KG_7B15D702E5","territoire":"Popokabaka"}},{"type":"Feature","geometry":{"type":"Point","coordinates":[18.137391,-6.087834]},"properties":{"province":"Kwango","zonesante":"Feshi","airesante":"Kikombo","localite":"Kafumfu","localitetype":"Hameau","source_acronym":"DSNIS","date":"2019","grid3id":"KG_8B8658B527","territoire":"Feshi"}},{"type":"Feature","geometry":{"type":"Point","coordinates":[16.8173,-6.109765]},"properties":{"province":"Kwango","zonesante":"Kasongo Lunda","airesante":"Kimbeko","localite":"Kafuti","localitetype":"Village","source_acronym":"DSNIS","date":"2019","grid3id":"KG_55FDD65069","territoire":"Kasongo-Lunda"}},{"type":"Feature","geometry":{"type":"Point","coordinates":[18.285441,-6.198051]},"properties":{"province":"Kwango","zonesante":"Feshi","airesante":"Maziamo","localite":"Kahalanganga","localitetype":"Village","source_acronym":"DSNIS","date":"2019","grid3id":"KG_0FECCD635A","territoire":"Feshi"}},{"type":"Feature","geometry":{"type":"Point","coordinates":[18.786457,-7.505289]},"properties":{"province":"Kwango","zonesante":"Kajiji","airesante":"Tshitoyo","localite":"Kahapa","localitetype":"Village","source_acronym":"DSNIS","date":"2019","grid3id":"KG_230F8EE474","territoire":"Kahemba"}},{"type":"Feature","geometry":{"type":"Point","coordinates":[17.365408,-6.507507]},"properties":{"province":"Kwango","zonesante":"Wamba Lwadi","airesante":"Wamba Luadi","localite":"Kahenda","localitetype":"Village","source_acronym":"DSNIS","date":"2019","grid3id":"KG_F876253A9D","territoire":"Kasongo-Lunda"}},{"type":"Feature","geometry":{"type":"Point","coordinates":[19.801515,-6.906251]},"properties":{"province":"Kwango","zonesante":"Kahemba","airesante":"Kambuela","localite":"Kahenzo","localitetype":"Village","source_acronym":"DSNIS","date":"2019","grid3id":"KG_036C46EF96","territoire":"Kahemba"}},{"type":"Feature","geometry":{"type":"Point","coordinates":[17.728726,-6.710275]},"properties":{"province":"Kwango","zonesante":"Panzi","localite":"Kahinga","localitetype":"Village","source_acronym":"DSNIS","date":"2019","grid3id":"KG_613201FFDE","territoire":"Kasongo-Lunda"}},{"type":"Feature","geometry":{"type":"Point","coordinates":[18.558544,-6.260551]},"properties":{"province":"Kwango","zonesante":"Feshi","airesante":"Kahoka","localite":"Kahombo","localitetype":"Village","source_acronym":"DSNIS","date":"2019","grid3id":"KG_77075F0523","territoire":"Feshi"}},{"type":"Feature","geometry":{"type":"Point","coordinates":[18.22669,-6.359884]},"properties":{"province":"Kwango","zonesante":"Feshi","airesante":"Tonu","localite":"Kahombu","localitetype":"Hameau","source_acronym":"DSNIS","date":"2019","grid3id":"KG_C2669D097F","territoire":"Feshi"}},{"type":"Feature","geometry":{"type":"Point","coordinates":[18.180705,-6.231482]},"properties":{"province":"Kwango","zonesante":"Feshi","airesante":"Tonu","localite":"Kahumba","localitetype":"Village","source_acronym":"DSNIS","date":"2019","grid3id":"KG_07BEFF849B","territoire":"Feshi"}},{"type":"Feature","geometry":{"type":"Point","coordinates":[18.180306,-6.242936]},"properties":{"province":"Kwango","zonesante":"Feshi","airesante":"Tonu","localite":"Kahumba 2","localitetype":"Hameau","source_acronym":"DSNIS","date":"2019","grid3id":"KG_2B0A396078","territoire":"Feshi"}},{"type":"Feature","geometry":{"type":"Point","coordinates":[18.163193,-6.507238]},"properties":{"province":"Kwango","zonesante":"Feshi","airesante":"Mabaya","localite":"Kahungu","localitetype":"Village","source_acronym":"DSNIS","date":"2019","grid3id":"KG_C797E499F1","territoire":"Feshi"}},{"type":"Feature","geometry":{"type":"Point","coordinates":[17.33297,-6.573647]},"properties":{"province":"Kwango","zonesante":"Wamba Lwadi","airesante":"Kapanga","localite":"Kahungu","localitetype":"Village","source_acronym":"DSNIS","date":"2019","grid3id":"KG_A595E68F99","territoire":"Kasongo-Lunda"}},{"type":"Feature","geometry":{"type":"Point","coordinates":[17.924455,-7.904093]},"properties":{"province":"Kwango","zonesante":"Kajiji","airesante":"Shamatahu","localite":"Kahungula 2","localitetype":"Village","source_acronym":"DSNIS","date":"2019","grid3id":"KG_D0D8F17038","territoire":"Kahemba"}},{"type":"Feature","geometry":{"type":"Point","coordinates":[18.447177,-7.496392]},"properties":{"province":"Kwango","zonesante":"Panzi","airesante":"Kambanzi","localite":"Kaji","localitetype":"Village","source_acronym":"DSNIS","date":"2019","grid3id":"KG_59BC5036C5","territoire":"Kasongo-Lunda"}},{"type":"Feature","geometry":{"type":"Point","coordinates":[18.242915,-7.510883]},"properties":{"province":"Kwango","zonesante":"Panzi","airesante":"Kambundi","localite":"Kajimba","localitetype":"Village","source_acronym":"DSNIS","date":"2019","grid3id":"KG_55DF3246F5","territoire":"Kasongo-Lunda"}},{"type":"Feature","geometry":{"type":"Point","coordinates":[18.232101,-7.56538]},"properties":{"province":"Kwango","zonesante":"Panzi","airesante":"Mukalakata","localite":"Kakadihola","localitetype":"Village","source_acronym":"DSNIS","date":"2019","grid3id":"KG_140614FE80","territoire":"Kasongo-Lunda"}},{"type":"Feature","geometry":{"type":"Point","coordinates":[17.04782,-4.558263]},"properties":{"province":"Kwango","zonesante":"Boko","airesante":"Tangombe","localite":"Kakana","localitetype":"Village","source_acronym":"DSNIS","date":"2019","grid3id":"KG_9CE798855E","territoire":"Kenge"}},{"type":"Feature","geometry":{"type":"Point","coordinates":[19.759092,-6.882125]},"properties":{"province":"Kwango","zonesante":"Kahemba","airesante":"Mwasenge","localite":"Kakasa","localitetype":"Village","source_acronym":"DSNIS","date":"2019","grid3id":"KG_1E08835633","territoire":"Kahemba"}},{"type":"Feature","geometry":{"type":"Point","coordinates":[18.297551,-7.72225]},"properties":{"province":"Kwango","zonesante":"Kajiji","airesante":"Kajiji","localite":"Kakasa","localitetype":"Hameau","source_acronym":"DSNIS","date":"2019","grid3id":"KG_1275884C3D","territoire":"Kahemba"}},{"type":"Feature","geometry":{"type":"Point","coordinates":[19.801806,-6.899876]},"properties":{"province":"Kwango","zonesante":"Kahemba","airesante":"Kambuela","localite":"Kakishi","localitetype":"Village","source_acronym":"DSNIS","date":"2019","grid3id":"KG_415F145D96","territoire":"Kahemba"}},{"type":"Feature","geometry":{"type":"Point","coordinates":[17.619941,-6.092757]},"properties":{"province":"Kwango","zonesante":"Mwela Lembwa","airesante":"Matari","localite":"Kakombi 1","localitetype":"Village","source_acronym":"DSNIS","date":"2019","grid3id":"KG_3EE58AB28C","territoire":"Feshi"}},{"type":"Feature","geometry":{"type":"Point","coordinates":[17.617296,-6.052863]},"properties":{"province":"Kwango","zonesante":"Mwela Lembwa","airesante":"Matari","localite":"Kakombi 2","localitetype":"Village","source_acronym":"DSNIS","date":"2019","grid3id":"KG_259DDAA716","territoire":"Feshi"}},{"type":"Feature","geometry":{"type":"Point","coordinates":[17.427599,-7.730625]},"properties":{"province":"Kwango","zonesante":"Tembo","airesante":"Ngombetumba","localite":"Kakondo","localitetype":"Village","source_acronym":"DSNIS","date":"2019","grid3id":"KG_B5214D14D7","territoire":"Kasongo-Lunda"}},{"type":"Feature","geometry":{"type":"Point","coordinates":[16.881462,-6.332275]},"properties":{"province":"Kwango","zonesante":"Kasongo Lunda","airesante":"Muela Mbwandu","localite":"Kakungu","localitetype":"Village","source_acronym":"DSNIS","date":"2019","grid3id":"KG_159FC593AE","territoire":"Kasongo-Lunda"}},{"type":"Feature","geometry":{"type":"Point","coordinates":[18.614935,-7.873965]},"properties":{"province":"Kwango","zonesante":"Kajiji","airesante":"Mutetami","localite":"Kakwata","localitetype":"Village","source_acronym":"DSNIS","date":"2019","grid3id":"KG_A22DB06E5C","territoire":"Kahemba"}},{"type":"Feature","geometry":{"type":"Point","coordinates":[18.319876,-7.795055]},"properties":{"province":"Kwango","zonesante":"Kajiji","airesante":"Kapinipini","localite":"Kakwata","localitetype":"Hameau","source_acronym":"DSNIS","date":"2019","grid3id":"KG_95465B2260","territoire":"Kahemba"}},{"type":"Feature","geometry":{"type":"Point","coordinates":[18.178707,-7.963226]},"properties":{"province":"Kwango","zonesante":"Kajiji","airesante":"Nzofu","localite":"Kalala","localitetype":"Village","source_acronym":"DSNIS","date":"2019","grid3id":"KG_548BE33A90","territoire":"Kahemba"}},{"type":"Feature","geometry":{"type":"Point","coordinates":[16.453944,-4.542934]},"properties":{"province":"Kwango","zonesante":"Boko","airesante":"Kabuba","localite":"Kalala","localitetype":"Village","source_acronym":"DSNIS","date":"2019","grid3id":"KG_A5C0CB7BE4","territoire":"Kenge"}},{"type":"Feature","geometry":{"type":"Point","coordinates":[16.265798,-5.403544]},"properties":{"province":"Kwango","zonesante":"Popokabaka","airesante":"Mukila Ndondo","localite":"Kalala","localitetype":"Village","source_acronym":"DSNIS","date":"2019","grid3id":"KG_AF87E40473","territoire":"Popokabaka"}},{"type":"Feature","geometry":{"type":"Point","coordinates":[16.267949,-5.522549]},"properties":{"province":"Kwango","zonesante":"Popokabaka","airesante":"Mutayi","localite":"Kalala","localitetype":"Village","source_acronym":"DSNIS","date":"2019","grid3id":"KG_BC89FBA01F","territoire":"Popokabaka"}},{"type":"Feature","geometry":{"type":"Point","coordinates":[17.447935,-5.066408]},"properties":{"province":"Kwango","zonesante":"Kimbao","localite":"Kalamba","localitetype":"Village","source_acronym":"DSNIS","date":"2019","grid3id":"KG_AAD8E6B13C","territoire":"Kenge"}},{"type":"Feature","geometry":{"type":"Point","coordinates":[19.801536,-6.899237]},"properties":{"province":"Kwango","zonesante":"Kahemba","airesante":"Kambuela","localite":"Kalamba Kasauji","localitetype":"Village","source_acronym":"DSNIS","date":"2019","grid3id":"KG_1E050768F7","territoire":"Kahemba"}},{"type":"Feature","geometry":{"type":"Point","coordinates":[16.986358,-6.510771]},"properties":{"province":"Kwango","zonesante":"Kasongo Lunda","airesante":"Kingunda","localite":"Kalamba Ngete","localitetype":"Village","source_acronym":"DSNIS","date":"2019","grid3id":"KG_B94FD37DE7","territoire":"Kasongo-Lunda"}},{"type":"Feature","geometry":{"type":"Point","coordinates":[17.966619,-7.833453]},"properties":{"province":"Kwango","zonesante":"Kajiji","airesante":"Shamatahu","localite":"Kalandula","localitetype":"Hameau","source_acronym":"DSNIS","date":"2019","grid3id":"KG_21FC2BB140","territoire":"Kahemba"}},{"type":"Feature","geometry":{"type":"Point","coordinates":[19.800573,-6.898857]},"properties":{"province":"Kwango","zonesante":"Kahemba","airesante":"Kambuela","localite":"Kalela","localitetype":"Village","source_acronym":"DSNIS","date":"2019","grid3id":"KG_4D45F32689","territoire":"Kahemba"}},{"type":"Feature","geometry":{"type":"Point","coordinates":[18.375917,-6.337767]},"properties":{"province":"Kwango","zonesante":"Feshi","airesante":"Maziamo","localite":"Kalemba","localitetype":"Village","source_acronym":"DSNIS","date":"2019","grid3id":"KG_A9327FDEBA","territoire":"Feshi"}},{"type":"Feature","geometry":{"type":"Point","coordinates":[17.914881,-6.514706]},"properties":{"province":"Kwango","zonesante":"Mwela Lembwa","airesante":"Mafuti","localite":"Kalemba","localitetype":"Village","source_acronym":"DSNIS","date":"2019","grid3id":"KG_ED7809B00C","territoire":"Feshi"}},{"type":"Feature","geometry":{"type":"Point","coordinates":[17.251081,-6.045035]},"properties":{"province":"Kwango","zonesante":"Wamba Lwadi","airesante":"Nzamba Fuangi","localite":"Kalemba","localitetype":"Village","source_acronym":"DSNIS","date":"2019","grid3id":"KG_0E98D9C74D","territoire":"Kasongo-Lunda"}},{"type":"Feature","geometry":{"type":"Point","coordinates":[16.998216,-6.948084]},"properties":{"province":"Kwango","zonesante":"Kitenda","airesante":"Fwangongo","localite":"Kalemba","localitetype":"Village","source_acronym":"DSNIS","date":"2019","grid3id":"KG_0CB6376752","territoire":"Kasongo-Lunda"}},{"type":"Feature","geometry":{"type":"Point","coordinates":[16.926629,-6.205974]},"properties":{"province":"Kwango","zonesante":"Kasongo Lunda","airesante":"Kishiama","localite":"Kalenga","localitetype":"Village","source_acronym":"DSNIS","date":"2019","grid3id":"KG_317C83BFB5","territoire":"Kasongo-Lunda"}},{"type":"Feature","geometry":{"type":"Point","coordinates":[18.31207,-6.963339]},"properties":{"province":"Kwango","zonesante":"Panzi","airesante":"Mazinda","localite":"Kalenga","localitetype":"Village","source_acronym":"DSNIS","date":"2019","grid3id":"KG_2EA4683608","territoire":"Kasongo-Lunda"}},{"type":"Feature","geometry":{"type":"Point","coordinates":[18.226362,-7.543939]},"properties":{"province":"Kwango","zonesante":"Panzi","airesante":"Mukalakata","localite":"Kalenga","localitetype":"Village","source_acronym":"DSNIS","date":"2019","grid3id":"KG_64FB1C0780","territoire":"Kasongo-Lunda"}},{"type":"Feature","geometry":{"type":"Point","coordinates":[17.412654,-4.89004]},"properties":{"province":"Kwango","zonesante":"Kenge","airesante":"Kalenge","localite":"Kalenge","localitetype":"Village","source_acronym":"DSNIS","date":"2019","grid3id":"KG_D7AC2F7374","territoire":"Kenge"}},{"type":"Feature","geometry":{"type":"Point","coordinates":[16.87561,-4.413405]},"properties":{"province":"Kwango","zonesante":"Boko","airesante":"Bitadiluasa","localite":"Kalenge 2","localitetype":"Village","source_acronym":"DSNIS","date":"2019","grid3id":"KG_DEEA73B5C4","territoire":"Kenge"}},{"type":"Feature","geometry":{"type":"Point","coordinates":[16.872719,-4.410698]},"properties":{"province":"Kwango","zonesante":"Boko","airesante":"Bitadiluasa","localite":"Kalenge 1","localitetype":"Village","source_acronym":"DSNIS","date":"2019","grid3id":"KG_37A31BF64E","territoire":"Kenge"}},{"type":"Feature","geometry":{"type":"Point","coordinates":[16.869372,-5.393024]},"properties":{"province":"Kwango","zonesante":"Boko","airesante":"Mukukulu Tseke","localite":"Kalengi","localitetype":"Village","source_acronym":"DSNIS","date":"2019","grid3id":"KG_B63A11ACDB","territoire":"Kenge"}},{"type":"Feature","geometry":{"type":"Point","coordinates":[16.28419,-5.386719]},"properties":{"province":"Kwango","zonesante":"Popokabaka","airesante":"Mukila Ndondo","localite":"Kaloka","localitetype":"Village","source_acronym":"DSNIS","date":"2019","grid3id":"KG_D9CE0B7906","territoire":"Popokabaka"}},{"type":"Feature","geometry":{"type":"Point","coordinates":[18.186047,-5.95527]},"properties":{"province":"Kwango","zonesante":"Feshi","airesante":"Kabunda","localite":"Kalolo","localitetype":"Village","source_acronym":"DSNIS","date":"2019","grid3id":"KG_A67F639992","territoire":"Feshi"}},{"type":"Feature","geometry":{"type":"Point","coordinates":[18.138106,-6.406523]},"properties":{"province":"Kwango","zonesante":"Feshi","airesante":"Tonu","localite":"Kalombo","localitetype":"Village","source_acronym":"DSNIS","date":"2019","grid3id":"KG_98BC8DDE90","territoire":"Feshi"}},{"type":"Feature","geometry":{"type":"Point","coordinates":[17.900672,-5.855031]},"properties":{"province":"Kwango","zonesante":"Feshi","airesante":"Lobo","localite":"Kalonda","localitetype":"Hameau","source_acronym":"DSNIS","date":"2019","grid3id":"KG_B1B9AC4219","territoire":"Feshi"}},{"type":"Feature","geometry":{"type":"Point","coordinates":[19.757141,-6.889737]},"properties":{"province":"Kwango","zonesante":"Kahemba","airesante":"Mwasenge","localite":"Kalunga","localitetype":"Village","source_acronym":"DSNIS","date":"2019","grid3id":"KG_845A6EE6D2","territoire":"Kahemba"}},{"type":"Feature","geometry":{"type":"Point","coordinates":[17.144347,-4.7761]},"properties":{"province":"Kwango","zonesante":"Kenge","airesante":"Kasombo","localite":"Kalunga","localitetype":"Village","source_acronym":"DSNIS","date":"2019","grid3id":"KG_B7A77F35D9","territoire":"Kenge"}},{"type":"Feature","geometry":{"type":"Point","coordinates":[17.264423,-5.282691]},"properties":{"province":"Kwango","zonesante":"Kimbao","airesante":"Kiyenga","localite":"Kalunga Mfutila","localitetype":"Village","source_acronym":"DSNIS","date":"2019","grid3id":"KG_8CBA85DCFF","territoire":"Kenge"}},{"type":"Feature","geometry":{"type":"Point","coordinates":[18.004482,-7.360824]},"properties":{"province":"Kwango","zonesante":"Panzi","airesante":"Kasandji","localite":"Kalwenia","localitetype":"Village","source_acronym":"DSNIS","date":"2019","grid3id":"KG_CA3BEF4615","territoire":"Kasongo-Lunda"}},{"type":"Feature","geometry":{"type":"Point","coordinates":[19.049603,-7.930376]},"properties":{"province":"Kwango","zonesante":"Kahemba","localite":"Kamanda","localitetype":"Village","source_acronym":"DSNIS","date":"2019","grid3id":"KG_6811BEB81F","territoire":"Kahemba"}},{"type":"Feature","geometry":{"type":"Point","coordinates":[16.757583,-6.268169]},"properties":{"province":"Kwango","zonesante":"Kasongo Lunda","airesante":"Zhinabunkete","localite":"Kamasi","localitetype":"Village","source_acronym":"DSNIS","date":"2019","grid3id":"KG_2DA3F5EF3D","territoire":"Kasongo-Lunda"}},{"type":"Feature","geometry":{"type":"Point","coordinates":[18.122144,-7.284985]},"properties":{"province":"Kwango","zonesante":"Panzi","airesante":"Mbanza Kipungu","localite":"Kamba Lwanzo","localitetype":"Village","source_acronym":"DSNIS","date":"2019","grid3id":"KG_B2AB29E03E","territoire":"Kasongo-Lunda"}},{"type":"Feature","geometry":{"type":"Point","coordinates":[18.101355,-7.404679]},"properties":{"province":"Kwango","zonesante":"Panzi","airesante":"Kambandambi","localite":"Kamba Musanda","localitetype":"Village","source_acronym":"DSNIS","date":"2019","grid3id":"KG_49C4321DB4","territoire":"Kasongo-Lunda"}},{"type":"Feature","geometry":{"type":"Point","coordinates":[18.202217,-7.019009]},"properties":{"province":"Kwango","zonesante":"Panzi","airesante":"Mazinda","localite":"Kamba Ngunzi","localitetype":"Village","source_acronym":"DSNIS","date":"2019","grid3id":"KG_366DE19943","territoire":"Kasongo-Lunda"}},{"type":"Feature","geometry":{"type":"Point","coordinates":[18.236669,-7.559028]},"properties":{"province":"Kwango","zonesante":"Panzi","airesante":"Mukalakata","localite":"Kamba Ntanda","localitetype":"Village","source_acronym":"DSNIS","date":"2019","grid3id":"KG_D2E0021CE0","territoire":"Kasongo-Lunda"}},{"type":"Feature","geometry":{"type":"Point","coordinates":[18.045519,-7.345537]},"properties":{"province":"Kwango","zonesante":"Panzi","localite":"Kamba Sengo","localitetype":"Village","source_acronym":"DSNIS","date":"2019","grid3id":"KG_6950B73038","territoire":"Kasongo-Lunda"}},{"type":"Feature","geometry":{"type":"Point","coordinates":[18.155468,-7.324671]},"properties":{"province":"Kwango","zonesante":"Panzi","airesante":"Mbanza Kipungu","localite":"Kamba Sengo","localitetype":"Village","source_acronym":"DSNIS","date":"2019","grid3id":"KG_AACA22A865","territoire":"Kasongo-Lunda"}},{"type":"Feature","geometry":{"type":"Point","coordinates":[18.014716,-7.259251]},"properties":{"province":"Kwango","zonesante":"Panzi","airesante":"Mwini Ngulu","localite":"Kamba Tshiwulu","localitetype":"Village","source_acronym":"DSNIS","date":"2019","grid3id":"KG_7051468369","territoire":"Kasongo-Lunda"}},{"type":"Feature","geometry":{"type":"Point","coordinates":[16.418274,-5.400089]},"properties":{"province":"Kwango","zonesante":"Popokabaka","airesante":"Mutombo Yamfu","localite":"Kambaangu","localitetype":"Village","source_acronym":"DSNIS","date":"2019","grid3id":"KG_7768A0FC6A","territoire":"Popokabaka"}},{"type":"Feature","geometry":{"type":"Point","coordinates":[18.340337,-7.595847]},"properties":{"province":"Kwango","zonesante":"Kajiji","airesante":"Kambangu","localite":"Kambakwanga","localitetype":"Hameau","source_acronym":"DSNIS","date":"2019","grid3id":"KG_182D2DA3EB","territoire":"Kahemba"}},{"type":"Feature","geometry":{"type":"Point","coordinates":[18.017232,-7.994926]},"properties":{"province":"Kwango","zonesante":"Kajiji","airesante":"Shamatahu","localite":"Kambakwani","localitetype":"Village","source_acronym":"DSNIS","date":"2019","grid3id":"KG_AC51450D45","territoire":"Kahemba"}},{"type":"Feature","geometry":{"type":"Point","coordinates":[19.807878,-6.939431]},"properties":{"province":"Kwango","zonesante":"Kahemba","airesante":"Kambuela","localite":"Kambalwanzo","localitetype":"Village","source_acronym":"DSNIS","date":"2019","grid3id":"KG_7DF6000899","territoire":"Kahemba"}},{"type":"Feature","geometry":{"type":"Point","coordinates":[19.81262,-6.948891]},"properties":{"province":"Kwango","zonesante":"Kahemba","airesante":"Kambuela","localite":"Kambalwanzo","localitetype":"Village","source_acronym":"DSNIS","date":"2019","grid3id":"KG_DAB72993E8","territoire":"Kahemba"}},{"type":"Feature","geometry":{"type":"Point","coordinates":[18.663754,-6.329869]},"properties":{"province":"Kwango","zonesante":"Kisanji","airesante":"Kimbulu","localite":"Kambamba","localitetype":"Village","source_acronym":"DSNIS","date":"2019","grid3id":"KG_2E0FE47543","territoire":"Feshi"}},{"type":"Feature","geometry":{"type":"Point","coordinates":[17.417873,-6.927143]},"properties":{"province":"Kwango","zonesante":"Kitenda","airesante":"Mihala","localite":"Kambamba","localitetype":"Village","source_acronym":"DSNIS","date":"2019","grid3id":"KG_F33F2AB215","territoire":"Kasongo-Lunda"}},{"type":"Feature","geometry":{"type":"Point","coordinates":[17.906335,-6.608305]},"properties":{"province":"Kwango","zonesante":"Panzi","airesante":"Kiala Kamba","localite":"Kambambi","localitetype":"Village","source_acronym":"DSNIS","date":"2019","grid3id":"KG_65CE6A6C95","territoire":"Kasongo-Lunda"}},{"type":"Feature","geometry":{"type":"Point","coordinates":[19.241663,-6.426376]},"properties":{"province":"Kwango","zonesante":"Kisanji","airesante":"Ngoma","localite":"Kambamuka","localitetype":"Village","source_acronym":"DSNIS","date":"2019","grid3id":"KG_78BEE0F6F1","territoire":"Feshi"}},{"type":"Feature","geometry":{"type":"Point","coordinates":[18.444483,-7.671413]},"properties":{"province":"Kwango","zonesante":"Kajiji","airesante":"Kajiji","localite":"Kambamungu","localitetype":"Village","source_acronym":"DSNIS","date":"2019","grid3id":"KG_720A2BBC98","territoire":"Kahemba"}},{"type":"Feature","geometry":{"type":"Point","coordinates":[18.861083,-6.914028]},"properties":{"province":"Kwango","zonesante":"Kajiji","airesante":"Kadima","localite":"Kambangombo","localitetype":"Village","source_acronym":"DSNIS","date":"2019","grid3id":"KG_C6500300F2","territoire":"Kahemba"}},{"type":"Feature","geometry":{"type":"Point","coordinates":[19.812615,-6.948881]},"properties":{"province":"Kwango","zonesante":"Kahemba","airesante":"Kambuela","localite":"Kambangundji","localitetype":"Village","source_acronym":"DSNIS","date":"2019","grid3id":"KG_CD3A81A9AD","territoire":"Kahemba"}},{"type":"Feature","geometry":{"type":"Point","coordinates":[19.818529,-6.981803]},"properties":{"province":"Kwango","zonesante":"Kahemba","airesante":"Kambuela","localite":"Kambangunza","localitetype":"Village","source_acronym":"DSNIS","date":"2019","grid3id":"KG_E680EC005B","territoire":"Kahemba"}},{"type":"Feature","geometry":{"type":"Point","coordinates":[19.598478,-6.450025]},"properties":{"province":"Kwango","zonesante":"Kahemba","airesante":"Kunganene","localite":"Kambanguya","localitetype":"Village","source_acronym":"DSNIS","date":"2019","grid3id":"KG_2C497E2352","territoire":"Kahemba"}},{"type":"Feature","geometry":{"type":"Point","coordinates":[18.712753,-7.877764]},"properties":{"province":"Kwango","zonesante":"Kajiji","airesante":"Mutetami","localite":"Kambanzadi","localitetype":"Hameau","source_acronym":"DSNIS","date":"2019","grid3id":"KG_2B1A721B5A","territoire":"Kahemba"}},{"type":"Feature","geometry":{"type":"Point","coordinates":[18.281342,-7.46901]},"properties":{"province":"Kwango","zonesante":"Panzi","airesante":"Kambanzi","localite":"Kambanzi","localitetype":"Hameau","source_acronym":"DSNIS","date":"2019","grid3id":"KG_F83AD780B7","territoire":"Kasongo-Lunda"}},{"type":"Feature","geometry":{"type":"Point","coordinates":[17.467828,-5.800847]},"properties":{"province":"Kwango","zonesante":"Mwela Lembwa","airesante":"Kasombo","localite":"Kambanzia","localitetype":"Village","source_acronym":"DSNIS","date":"2019","grid3id":"KG_5E940C48BA","territoire":"Feshi"}},{"type":"Feature","geometry":{"type":"Point","coordinates":[17.591543,-5.77426]},"properties":{"province":"Kwango","zonesante":"Mwela Lembwa","airesante":"Muboso","localite":"Kambati","localitetype":"Village","source_acronym":"DSNIS","date":"2019","grid3id":"KG_628617E75A","territoire":"Feshi"}},{"type":"Feature","geometry":{"type":"Point","coordinates":[18.45052,-7.639011]},"properties":{"province":"Kwango","zonesante":"Kajiji","airesante":"Kajiji","localite":"Kambatshamba","localitetype":"Village","source_acronym":"DSNIS","date":"2019","grid3id":"KG_24251B9149","territoire":"Kahemba"}},{"type":"Feature","geometry":{"type":"Point","coordinates":[19.348054,-6.147324]},"properties":{"province":"Kwango","zonesante":"Kisanji","airesante":"Kitanda","localite":"Kambenze","localitetype":"Village","source_acronym":"DSNIS","date":"2019","grid3id":"KG_14F9CA2E69","territoire":"Feshi"}},{"type":"Feature","geometry":{"type":"Point","coordinates":[16.288006,-5.23701]},"properties":{"province":"Kwango","zonesante":"Popokabaka","airesante":"Mukila Ndondo","localite":"Kambulumbulu","localitetype":"Village","source_acronym":"DSNIS","date":"2019","grid3id":"KG_406DA4B662","territoire":"Popokabaka"}},{"type":"Feature","geometry":{"type":"Point","coordinates":[17.803483,-7.232524]},"properties":{"province":"Kwango","zonesante":"Panzi","airesante":"Kiama","localite":"Kambundi","localitetype":"Village","source_acronym":"DSNIS","date":"2019","grid3id":"KG_525A72786C","territoire":"Kasongo-Lunda"}},{"type":"Feature","geometry":{"type":"Point","coordinates":[18.011501,-6.051361]},"properties":{"province":"Kwango","zonesante":"Feshi","localite":"Kambundi Lukula","localitetype":"Village","source_acronym":"DSNIS","date":"2019","grid3id":"KG_F46FCA42E8","territoire":"Feshi"}},{"type":"Feature","geometry":{"type":"Point","coordinates":[17.63897,-6.16795]},"properties":{"province":"Kwango","zonesante":"Mwela Lembwa","airesante":"Matari","localite":"Kambundi Nganga","localitetype":"Village","source_acronym":"DSNIS","date":"2019","grid3id":"KG_FA1A70127C","territoire":"Feshi"}},{"type":"Feature","geometry":{"type":"Point","coordinates":[17.55672,-6.359857]},"properties":{"province":"Kwango","zonesante":"Mwela Lembwa","airesante":"Ganaketi","localite":"Kambundi Tumbi","localitetype":"Village","source_acronym":"DSNIS","date":"2019","grid3id":"KG_25548B0C8E","territoire":"Feshi"}},{"type":"Feature","geometry":{"type":"Point","coordinates":[19.048308,-7.934517]},"properties":{"province":"Kwango","zonesante":"Kahemba","localite":"Kambundji","localitetype":"Village","source_acronym":"DSNIS","date":"2019","grid3id":"KG_952E2E2EF2","territoire":"Kahemba"}},{"type":"Feature","geometry":{"type":"Point","coordinates":[16.925075,-4.666447]},"properties":{"province":"Kwango","zonesante":"Boko","localite":"Kamina","localitetype":"Village","source_acronym":"DSNIS","date":"2019","grid3id":"KG_8D0E4D66B4","territoire":"Kenge"}},{"type":"Feature","geometry":{"type":"Point","coordinates":[18.857776,-7.563311]},"properties":{"province":"Kwango","zonesante":"Kajiji","airesante":"Tshangata","localite":"Kamisombo","localitetype":"Village","source_acronym":"DSNIS","date":"2019","grid3id":"KG_A6334AC722","territoire":"Kahemba"}},{"type":"Feature","geometry":{"type":"Point","coordinates":[17.883312,-7.507354]},"properties":{"province":"Kwango","zonesante":"Panzi","airesante":"Kasandji","localite":"Kamutetedi","localitetype":"Village","source_acronym":"DSNIS","date":"2019","grid3id":"KG_A6823AD7BB","territoire":"Kasongo-Lunda"}},{"type":"Feature","geometry":{"type":"Point","coordinates":[19.845765,-6.988902]},"properties":{"province":"Kwango","zonesante":"Kahemba","airesante":"Kambuela","localite":"Kamwandju","localitetype":"Village","source_acronym":"DSNIS","date":"2019","grid3id":"KG_A18B953A5C","territoire":"Kahemba"}},{"type":"Feature","geometry":{"type":"Point","coordinates":[18.457376,-6.660971]},"properties":{"province":"Kwango","zonesante":"Feshi","airesante":"Utadi","localite":"Kamwanga","localitetype":"Village","source_acronym":"DSNIS","date":"2019","grid3id":"KG_ACC778E6FE","territoire":"Feshi"}},{"type":"Feature","geometry":{"type":"Point","coordinates":[17.305923,-4.449533]},"properties":{"province":"Kwango","zonesante":"Kenge","airesante":"Kolokoso","localite":"Kamweni","localitetype":"Village","source_acronym":"DSNIS","date":"2019","grid3id":"KG_1646A2F6E5","territoire":"Kenge"}},{"type":"Feature","geometry":{"type":"Point","coordinates":[18.073889,-7.503654]},"properties":{"province":"Kwango","zonesante":"Panzi","airesante":"Kibunda 2","localite":"Kamwimba","localitetype":"Village","source_acronym":"DSNIS","date":"2019","grid3id":"KG_05C744B0CB","territoire":"Kasongo-Lunda"}},{"type":"Feature","geometry":{"type":"Point","coordinates":[17.996513,-7.882536]},"properties":{"province":"Kwango","zonesante":"Kajiji","airesante":"Shamatahu","localite":"Kanama","localitetype":"Hameau","source_acronym":"DSNIS","date":"2019","grid3id":"KG_759BD7F845","territoire":"Kahemba"}},{"type":"Feature","geometry":{"type":"Point","coordinates":[17.44823,-6.720094]},"properties":{"province":"Kwango","zonesante":"Kitenda","airesante":"Makenzi","localite":"Kanampumba","localitetype":"Village","source_acronym":"DSNIS","date":"2019","grid3id":"KG_9A4FDE4F6A","territoire":"Kasongo-Lunda"}},{"type":"Feature","geometry":{"type":"Point","coordinates":[17.115843,-6.980266]},"properties":{"province":"Kwango","zonesante":"Kitenda","airesante":"Fwangongo","localite":"Kanapumba","localitetype":"Village","source_acronym":"DSNIS","date":"2019","grid3id":"KG_D9381616DD","territoire":"Kasongo-Lunda"}},{"type":"Feature","geometry":{"type":"Point","coordinates":[17.807905,-6.090818]},"properties":{"province":"Kwango","zonesante":"Mwela Lembwa","airesante":"Kandi Lukeni","localite":"Kandi Lukeni","localitetype":"Village","source_acronym":"DSNIS","date":"2019","grid3id":"KG_62B811F434","territoire":"Feshi"}},{"type":"Feature","geometry":{"type":"Point","coordinates":[19.049087,-7.935546]},"properties":{"province":"Kwango","zonesante":"Kahemba","localite":"Kandjimba","localitetype":"Village","source_acronym":"DSNIS","date":"2019","grid3id":"KG_990C901577","territoire":"Kahemba"}},{"type":"Feature","geometry":{"type":"Point","coordinates":[17.637566,-6.535322]},"properties":{"province":"Kwango","zonesante":"Mwela Lembwa","airesante":"Tsaku Malafu","localite":"Kandongo","localitetype":"Village","source_acronym":"DSNIS","date":"2019","grid3id":"KG_2071B8BFEB","territoire":"Kasongo-Lunda"}},{"type":"Feature","geometry":{"type":"Point","coordinates":[18.516293,-7.395279]},"properties":{"province":"Kwango","zonesante":"Panzi","airesante":"Shabenge","localite":"Kandongo","localitetype":"Village","source_acronym":"DSNIS","date":"2019","grid3id":"KG_B2149041E2","territoire":"Kasongo-Lunda"}},{"type":"Feature","geometry":{"type":"Point","coordinates":[18.035962,-5.756558]},"properties":{"province":"Kwango","zonesante":"Feshi","airesante":"Mbumba","localite":"Kandundu","localitetype":"Village","source_acronym":"DSNIS","date":"2019","grid3id":"KG_5AF557E33B","territoire":"Feshi"}},{"type":"Feature","geometry":{"type":"Point","coordinates":[19.300454,-6.179679]},"properties":{"province":"Kwango","zonesante":"Kisanji","airesante":"Kitanda","localite":"Kanga","localitetype":"Village","source_acronym":"DSNIS","date":"2019","grid3id":"KG_1303C8CAC9","territoire":"Feshi"}},{"type":"Feature","geometry":{"type":"Point","coordinates":[19.846559,-6.987536]},"properties":{"province":"Kwango","zonesante":"Kahemba","airesante":"Kambuela","localite":"Kangaji","localitetype":"Village","source_acronym":"DSNIS","date":"2019","grid3id":"KG_B3E176A700","territoire":"Kahemba"}},{"type":"Feature","geometry":{"type":"Point","coordinates":[19.001631,-6.847138]},"properties":{"province":"Kwango","zonesante":"Kisanji","airesante":"Pombo","localite":"Kangaluku","localitetype":"Village","source_acronym":"DSNIS","date":"2019","grid3id":"KG_B45AFCE0DD","territoire":"Feshi"}},{"type":"Feature","geometry":{"type":"Point","coordinates":[18.788094,-6.615887]},"properties":{"province":"Kwango","zonesante":"Kisanji","airesante":"Kabanga Mukeu","localite":"Kangandu 1","localitetype":"Village","source_acronym":"DSNIS","date":"2019","grid3id":"KG_F61E1CDB17","territoire":"Feshi"}},{"type":"Feature","geometry":{"type":"Point","coordinates":[18.778687,-6.593639]},"properties":{"province":"Kwango","zonesante":"Kisanji","airesante":"Kabanga Mukeu","localite":"Kangandu 2","localitetype":"Village","source_acronym":"DSNIS","date":"2019","grid3id":"KG_375BEFE2DB","territoire":"Feshi"}},{"type":"Feature","geometry":{"type":"Point","coordinates":[17.647101,-6.962481]},"properties":{"province":"Kwango","zonesante":"Panzi","airesante":"Kabeya Mbamba","localite":"Kangu","localitetype":"Village","source_acronym":"DSNIS","date":"2019","grid3id":"KG_B86BE3BCD2","territoire":"Kasongo-Lunda"}},{"type":"Feature","geometry":{"type":"Point","coordinates":[18.617523,-6.323719]},"properties":{"province":"Kwango","zonesante":"Feshi","airesante":"Kahoka","localite":"Kanguvu","localitetype":"Village","source_acronym":"DSNIS","date":"2019","grid3id":"KG_60397320F4","territoire":"Feshi"}},{"type":"Feature","geometry":{"type":"Point","coordinates":[18.422009,-7.856071]},"properties":{"province":"Kwango","zonesante":"Kajiji","airesante":"Shauyanga","localite":"Kaniamina","localitetype":"Hameau","source_acronym":"DSNIS","date":"2019","grid3id":"KG_B186018F84","territoire":"Kahemba"}},{"type":"Feature","geometry":{"type":"Point","coordinates":[16.770136,-6.661084]},"properties":{"province":"Kwango","zonesante":"Kasongo Lunda","airesante":"Manzengele","localite":"Kanimbu","localitetype":"Village","source_acronym":"DSNIS","date":"2019","grid3id":"KG_939DD37628"}},{"type":"Feature","geometry":{"type":"Point","coordinates":[18.389678,-7.284723]},"properties":{"province":"Kwango","zonesante":"Panzi","airesante":"Shabenge","localite":"Kanimbu","localitetype":"Village","source_acronym":"DSNIS","date":"2019","grid3id":"KG_72D06DA99B","territoire":"Kasongo-Lunda"}},{"type":"Feature","geometry":{"type":"Point","coordinates":[17.255032,-6.63311]},"properties":{"province":"Kwango","zonesante":"Wamba Lwadi","airesante":"Kingulu","localite":"Kanimbu N'Teba","localitetype":"Village","source_acronym":"DSNIS","date":"2019","grid3id":"KG_1DE75C262F","territoire":"Kasongo-Lunda"}},{"type":"Feature","geometry":{"type":"Point","coordinates":[17.831256,-5.742328]},"properties":{"province":"Kwango","zonesante":"Feshi","airesante":"Mumbanda","localite":"Kankaku","localitetype":"Hameau","source_acronym":"DSNIS","date":"2019","grid3id":"KG_E54B791A38","territoire":"Feshi"}},{"type":"Feature","geometry":{"type":"Point","coordinates":[16.974938,-6.49602]},"properties":{"province":"Kwango","zonesante":"Kasongo Lunda","airesante":"Muana Muyombo","localite":"Kankenda","localitetype":"Village","source_acronym":"DSNIS","date":"2019","grid3id":"KG_471DFD11F9","territoire":"Kasongo-Lunda"}},{"type":"Feature","geometry":{"type":"Point","coordinates":[16.780767,-6.701439]},"properties":{"province":"Kwango","zonesante":"Kasongo Lunda","airesante":"Manzengele","localite":"Kankeni","localitetype":"Village","source_acronym":"DSNIS","date":"2019","grid3id":"KG_CCCDC8F5E2"}},{"type":"Feature","geometry":{"type":"Point","coordinates":[17.407455,-6.414809]},"properties":{"province":"Kwango","zonesante":"Wamba Lwadi","airesante":"Kankuluba","localite":"Kankuluba","localitetype":"Village","source_acronym":"DSNIS","date":"2019","grid3id":"KG_50E3B8503F","territoire":"Kasongo-Lunda"}},{"type":"Feature","geometry":{"type":"Point","coordinates":[16.967945,-7.105136]},"properties":{"province":"Kwango","zonesante":"Kitenda","airesante":"Kimwambu","localite":"Kankwala","localitetype":"Village","source_acronym":"DSNIS","date":"2019","grid3id":"KG_315EE83A45","territoire":"Kasongo-Lunda"}},{"type":"Feature","geometry":{"type":"Point","coordinates":[17.13211,-5.452235]},"properties":{"province":"Kwango","zonesante":"Kimbao","airesante":"Kindi","localite":"Kankwambi","localitetype":"Village","source_acronym":"DSNIS","date":"2019","grid3id":"KG_C490188236","territoire":"Kenge"}},{"type":"Feature","geometry":{"type":"Point","coordinates":[17.336357,-6.331211]},"properties":{"province":"Kwango","zonesante":"Wamba Lwadi","airesante":"Mayimba Ngonda","localite":"Kantanga","localitetype":"Village","source_acronym":"DSNIS","date":"2019","grid3id":"KG_65761DA57C","territoire":"Kasongo-Lunda"}},{"type":"Feature","geometry":{"type":"Point","coordinates":[17.689157,-5.917514]},"properties":{"province":"Kwango","zonesante":"Mwela Lembwa","airesante":"Katambi","localite":"Kantuya","localitetype":"Village","source_acronym":"DSNIS","date":"2019","grid3id":"KG_07D66EFD26","territoire":"Feshi"}},{"type":"Feature","geometry":{"type":"Point","coordinates":[18.232614,-6.082945]},"properties":{"province":"Kwango","zonesante":"Feshi","airesante":"Feshi 2","localite":"Kanungu","localitetype":"Village","source_acronym":"DSNIS","date":"2019","grid3id":"KG_50BCEB6F7B","territoire":"Feshi"}},{"type":"Feature","geometry":{"type":"Point","coordinates":[18.067447,-6.462117]},"properties":{"province":"Kwango","zonesante":"Feshi","airesante":"Mabaya","localite":"Kanungu","localitetype":"Village","source_acronym":"DSNIS","date":"2019","grid3id":"KG_3593A44A3D","territoire":"Feshi"}},{"type":"Feature","geometry":{"type":"Point","coordinates":[19.846927,-6.988151]},"properties":{"province":"Kwango","zonesante":"Kahemba","airesante":"Kambuela","localite":"Kanungu","localitetype":"Village","source_acronym":"DSNIS","date":"2019","grid3id":"KG_1AB32AA1B2","territoire":"Kahemba"}},{"type":"Feature","geometry":{"type":"Point","coordinates":[18.44631,-7.026572]},"properties":{"province":"Kwango","zonesante":"Panzi","airesante":"Mazinda","localite":"Kanungu","localitetype":"Hameau","source_acronym":"DSNIS","date":"2019","grid3id":"KG_6395A8F29F","territoire":"Kasongo-Lunda"}},{"type":"Feature","geometry":{"type":"Point","coordinates":[18.401138,-6.62876]},"properties":{"province":"Kwango","zonesante":"Feshi","airesante":"Utadi","localite":"Kanungubatshioko","localitetype":"Village","source_acronym":"DSNIS","date":"2019","grid3id":"KG_61D18CBDD5","territoire":"Feshi"}},{"type":"Feature","geometry":{"type":"Point","coordinates":[18.224591,-6.644023]},"properties":{"province":"Kwango","zonesante":"Feshi","airesante":"Mabaya","localite":"Kanzabalala","localitetype":"Village","source_acronym":"DSNIS","date":"2019","grid3id":"KG_5D30754552","territoire":"Feshi"}},{"type":"Feature","geometry":{"type":"Point","coordinates":[19.847263,-6.987153]},"properties":{"province":"Kwango","zonesante":"Kahemba","airesante":"Kambuela","localite":"Kanzanga","localitetype":"Village","source_acronym":"DSNIS","date":"2019","grid3id":"KG_4600D46CA6","territoire":"Kahemba"}},{"type":"Feature","geometry":{"type":"Point","coordinates":[18.08118,-7.343581]},"properties":{"province":"Kwango","zonesante":"Panzi","localite":"Kanzangi","localitetype":"Village","source_acronym":"DSNIS","date":"2019","grid3id":"KG_D5D9F10ED6","territoire":"Kasongo-Lunda"}},{"type":"Feature","geometry":{"type":"Point","coordinates":[19.238988,-6.438275]},"properties":{"province":"Kwango","zonesante":"Kisanji","airesante":"Ngoma","localite":"Kanzioto","localitetype":"Village","source_acronym":"DSNIS","date":"2019","grid3id":"KG_0586A3ACA4","territoire":"Feshi"}},{"type":"Feature","geometry":{"type":"Point","coordinates":[16.983868,-5.014137]},"properties":{"province":"Kwango","zonesante":"Kenge","airesante":"Mukila","localite":"Kapanga 1","localitetype":"Village","source_acronym":"DSNIS","date":"2019","grid3id":"KG_3DFDC93E07","territoire":"Kenge"}},{"type":"Feature","geometry":{"type":"Point","coordinates":[16.976364,-5.023929]},"properties":{"province":"Kwango","zonesante":"Kenge","airesante":"Mukila","localite":"Kapanga 2","localitetype":"Village","source_acronym":"DSNIS","date":"2019","grid3id":"KG_E14920CE9D","territoire":"Kenge"}},{"type":"Feature","geometry":{"type":"Point","coordinates":[18.588427,-6.636404]},"properties":{"province":"Kwango","zonesante":"Feshi","airesante":"Utadi","localite":"Kapanianga","localitetype":"Village","source_acronym":"DSNIS","date":"2019","grid3id":"KG_A10BC157D2","territoire":"Feshi"}},{"type":"Feature","geometry":{"type":"Point","coordinates":[18.382737,-7.545762]},"properties":{"province":"Kwango","zonesante":"Kajiji","airesante":"Kambangu","localite":"Kapata","localitetype":"Village","source_acronym":"DSNIS","date":"2019","grid3id":"KG_4EC344D75A","territoire":"Kahemba"}},{"type":"Feature","geometry":{"type":"Point","coordinates":[17.655537,-4.439567]},"properties":{"province":"Kwango","zonesante":"Kenge","airesante":"Ngondi Mutombo","localite":"Kapay","localitetype":"Village","source_acronym":"DSNIS","date":"2019","grid3id":"KG_7A8553499B","territoire":"Kenge"}},{"type":"Feature","geometry":{"type":"Point","coordinates":[17.435632,-4.383238]},"properties":{"province":"Kwango","zonesante":"Kenge","airesante":"Kapay Lono","localite":"Kapay","localitetype":"Village","source_acronym":"DSNIS","date":"2019","grid3id":"KG_766A352470","territoire":"Kenge"}},{"type":"Feature","geometry":{"type":"Point","coordinates":[18.219721,-6.793439]},"properties":{"province":"Kwango","zonesante":"Feshi","airesante":"Shatungushi","localite":"Kapele","localitetype":"Village","source_acronym":"DSNIS","date":"2019","grid3id":"KG_F6BE7797FC","territoire":"Feshi"}},{"type":"Feature","geometry":{"type":"Point","coordinates":[18.46356,-7.546052]},"properties":{"province":"Kwango","zonesante":"Kajiji","airesante":"Kambangu","localite":"Kapema","localitetype":"Hameau","source_acronym":"DSNIS","date":"2019","grid3id":"KG_A7EE9E22AC","territoire":"Kahemba"}},{"type":"Feature","geometry":{"type":"Point","coordinates":[18.463539,-6.031812]},"properties":{"province":"Kwango","zonesante":"Feshi","airesante":"Mafishi","localite":"Kapemba","localitetype":"Village","source_acronym":"DSNIS","date":"2019","grid3id":"KG_4148FA81FD","territoire":"Feshi"}},{"type":"Feature","geometry":{"type":"Point","coordinates":[18.234777,-7.325802]},"properties":{"province":"Kwango","zonesante":"Panzi","airesante":"Kingwangala","localite":"Kapemba","localitetype":"Village","source_acronym":"DSNIS","date":"2019","grid3id":"KG_CF0816489D","territoire":"Kasongo-Lunda"}},{"type":"Feature","geometry":{"type":"Point","coordinates":[17.720411,-6.475423]},"properties":{"province":"Kwango","zonesante":"Mwela Lembwa","airesante":"Kabolo","localite":"Kapemeya","localitetype":"Village","source_acronym":"DSNIS","date":"2019","grid3id":"KG_1B20F1AC13","territoire":"Feshi"}},{"type":"Feature","geometry":{"type":"Point","coordinates":[16.962643,-7.168871]},"properties":{"province":"Kwango","zonesante":"Kitenda","airesante":"Kimwambu","localite":"Kapenda","localitetype":"Village","source_acronym":"DSNIS","date":"2019","grid3id":"KG_8A8E8E5164"}},{"type":"Feature","geometry":{"type":"Point","coordinates":[18.241728,-7.517495]},"properties":{"province":"Kwango","zonesante":"Panzi","airesante":"Kambundi","localite":"Kapenda Kashib","localitetype":"Village","source_acronym":"DSNIS","date":"2019","grid3id":"KG_E337661DF2","territoire":"Kasongo-Lunda"}},{"type":"Feature","geometry":{"type":"Point","coordinates":[19.048115,-7.936876]},"properties":{"province":"Kwango","zonesante":"Kahemba","localite":"Kapepe","localitetype":"Village","source_acronym":"DSNIS","date":"2019","grid3id":"KG_78C1DCAE81","territoire":"Kahemba"}},{"type":"Feature","geometry":{"type":"Point","coordinates":[17.111365,-4.583401]},"properties":{"province":"Kwango","zonesante":"Kenge","localite":"Kapita Nzadi","localitetype":"Village","source_acronym":"DSNIS","date":"2019","grid3id":"KG_22882D65EB","territoire":"Kenge"}},{"type":"Feature","geometry":{"type":"Point","coordinates":[17.121548,-4.573878]},"properties":{"province":"Kwango","zonesante":"Kenge","airesante":"Gabia","localite":"Kapita Nzadi","localitetype":"Village","source_acronym":"DSNIS","date":"2019","grid3id":"KG_FF585B1194","territoire":"Kenge"}},{"type":"Feature","geometry":{"type":"Point","coordinates":[18.585793,-6.600817]},"properties":{"province":"Kwango","zonesante":"Feshi","airesante":"Utadi","localite":"Kapmba","localitetype":"Village","source_acronym":"DSNIS","date":"2019","grid3id":"KG_55283C6D54","territoire":"Feshi"}},{"type":"Feature","geometry":{"type":"Point","coordinates":[19.64436,-6.938103]},"properties":{"province":"Kwango","zonesante":"Kahemba","localite":"Kapombo","localitetype":"Village","source_acronym":"DSNIS","date":"2019","grid3id":"KG_F31AA14C91","territoire":"Kahemba"}},{"type":"Feature","geometry":{"type":"Point","coordinates":[17.578375,-8.065985]},"properties":{"province":"Kwango","zonesante":"Tembo","airesante":"Kahungula","localite":"Kapondo","localitetype":"Village","source_acronym":"DSNIS","date":"2019","grid3id":"KG_3F0D90BEBE","territoire":"Kasongo-Lunda"}},{"type":"Feature","geometry":{"type":"Point","coordinates":[17.991555,-7.408871]},"properties":{"province":"Kwango","zonesante":"Panzi","airesante":"Kasandji","localite":"Kaposa","localitetype":"Village","source_acronym":"DSNIS","date":"2019","grid3id":"KG_0C41890E1B","territoire":"Kasongo-Lunda"}},{"type":"Feature","geometry":{"type":"Point","coordinates":[18.062365,-6.148827]},"properties":{"province":"Kwango","zonesante":"Feshi","airesante":"Mutsunda","localite":"Kapumba","localitetype":"Village","source_acronym":"DSNIS","date":"2019","grid3id":"KG_019BA0FD8C","territoire":"Feshi"}},{"type":"Feature","geometry":{"type":"Point","coordinates":[18.340285,-7.715278]},"properties":{"province":"Kwango","zonesante":"Kajiji","airesante":"Kajiji","localite":"Kapungu","localitetype":"Hameau","source_acronym":"DSNIS","date":"2019","grid3id":"KG_55CCBF89EC","territoire":"Kahemba"}},{"type":"Feature","geometry":{"type":"Point","coordinates":[16.782133,-6.154584]},"properties":{"province":"Kwango","zonesante":"Kasongo Lunda","airesante":"Kimbeko","localite":"Kapungu","localitetype":"Hameau","source_acronym":"DSNIS","date":"2019","grid3id":"KG_F6AC7ACDDC","territoire":"Kasongo-Lunda"}},{"type":"Feature","geometry":{"type":"Point","coordinates":[16.480794,-5.776895]},"properties":{"province":"Kwango","zonesante":"Popokabaka","airesante":"Tsunza","localite":"Kapungu","localitetype":"Village","source_acronym":"DSNIS","date":"2019","grid3id":"KG_E70BD529D6","territoire":"Popokabaka"}},{"type":"Feature","geometry":{"type":"Point","coordinates":[17.482366,-4.295096]},"properties":{"province":"Kwango","zonesante":"Kenge","airesante":"Fasamba","localite":"Karibu","localitetype":"Hameau","source_acronym":"DSNIS","date":"2019","grid3id":"KG_319B755B8A","territoire":"Kenge"}},{"type":"Feature","geometry":{"type":"Point","coordinates":[18.14387,-5.986986]},"properties":{"province":"Kwango","zonesante":"Feshi","airesante":"Kikombo","localite":"Kasaka","localitetype":"Village","source_acronym":"DSNIS","date":"2019","grid3id":"KG_820F4B22A2","territoire":"Feshi"}},{"type":"Feature","geometry":{"type":"Point","coordinates":[18.300907,-7.936396]},"properties":{"province":"Kwango","zonesante":"Kajiji","airesante":"Kapinipini","localite":"Kasakata","localitetype":"Hameau","source_acronym":"DSNIS","date":"2019","grid3id":"KG_D2BE986C3D","territoire":"Kahemba"}},{"type":"Feature","geometry":{"type":"Point","coordinates":[19.049003,-7.937793]},"properties":{"province":"Kwango","zonesante":"Kahemba","localite":"Kasalumuna","localitetype":"Village","source_acronym":"DSNIS","date":"2019","grid3id":"KG_2B0D1FA87B","territoire":"Kahemba"}},{"type":"Feature","geometry":{"type":"Point","coordinates":[16.302571,-5.727653]},"properties":{"province":"Kwango","zonesante":"Popokabaka","airesante":"Ngasa","localite":"Kasanda","localitetype":"Village","source_acronym":"DSNIS","date":"2019","grid3id":"KG_608A18DA64","territoire":"Popokabaka"}},{"type":"Feature","geometry":{"type":"Point","coordinates":[16.997976,-4.641386]},"properties":{"province":"Kwango","zonesante":"Boko","airesante":"Kasandji","localite":"Kasandji 1","localitetype":"Village","source_acronym":"DSNIS","date":"2019","grid3id":"KG_789512112D","territoire":"Kenge"}},{"type":"Feature","geometry":{"type":"Point","coordinates":[16.971087,-4.652573]},"properties":{"province":"Kwango","zonesante":"Boko","airesante":"Kasandji","localite":"Kasandji 2","localitetype":"Village","source_acronym":"DSNIS","date":"2019","grid3id":"KG_5F5A4DBAAB","territoire":"Kenge"}},{"type":"Feature","geometry":{"type":"Point","coordinates":[16.814252,-6.474999]},"properties":{"province":"Kwango","zonesante":"Kasongo Lunda","airesante":"Sacre Coeur","localite":"Kasanga 1","localitetype":"Village","source_acronym":"DSNIS","date":"2019","grid3id":"KG_E111D5527B","territoire":"Kasongo-Lunda"}},{"type":"Feature","geometry":{"type":"Point","coordinates":[16.812939,-6.474989]},"properties":{"province":"Kwango","zonesante":"Kasongo Lunda","airesante":"Nzakimwena","localite":"Kasanga 2","localitetype":"Village","source_acronym":"DSNIS","date":"2019","grid3id":"KG_8D3BF58741","territoire":"Kasongo-Lunda"}},{"type":"Feature","geometry":{"type":"Point","coordinates":[17.421748,-7.819802]},"properties":{"province":"Kwango","zonesante":"Tembo","airesante":"Ngombetumba","localite":"Kasanzi","localitetype":"Village","source_acronym":"DSNIS","date":"2019","grid3id":"KG_E9D8C22388","territoire":"Kasongo-Lunda"}},{"type":"Feature","geometry":{"type":"Point","coordinates":[18.238429,-6.194676]},"properties":{"province":"Kwango","zonesante":"Feshi","airesante":"Maziamo","localite":"Kasapula","localitetype":"Village","source_acronym":"DSNIS","date":"2019","grid3id":"KG_089C9F7539","territoire":"Feshi"}},{"type":"Feature","geometry":{"type":"Point","coordinates":[18.479026,-7.94328]},"properties":{"province":"Kwango","zonesante":"Kajiji","airesante":"Shauyanga","localite":"Kasasa","localitetype":"Hameau","source_acronym":"DSNIS","date":"2019","grid3id":"KG_4F4C18FE40","territoire":"Kahemba"}},{"type":"Feature","geometry":{"type":"Point","coordinates":[18.274347,-7.948144]},"properties":{"province":"Kwango","zonesante":"Kajiji","airesante":"Kapinipini","localite":"Kasasa","localitetype":"Hameau","source_acronym":"DSNIS","date":"2019","grid3id":"KG_91F3264A71","territoire":"Kahemba"}},{"type":"Feature","geometry":{"type":"Point","coordinates":[17.717914,-7.615475]},"properties":{"province":"Kwango","zonesante":"Tembo","airesante":"Yamfukilunga","localite":"Kasasa","localitetype":"Village","source_acronym":"DSNIS","date":"2019","grid3id":"KG_946A916B19","territoire":"Kasongo-Lunda"}},{"type":"Feature","geometry":{"type":"Point","coordinates":[18.442038,-7.389893]},"properties":{"province":"Kwango","zonesante":"Panzi","airesante":"Shabenge","localite":"Kasau","localitetype":"Hameau","source_acronym":"DSNIS","date":"2019","grid3id":"KG_2D5995005E","territoire":"Kasongo-Lunda"}},{"type":"Feature","geometry":{"type":"Point","coordinates":[17.117955,-4.783911]},"properties":{"province":"Kwango","zonesante":"Kenge","airesante":"Kasombo","localite":"Kasawu Nzadi","localitetype":"Village","source_acronym":"DSNIS","date":"2019","grid3id":"KG_C062A0A70C","territoire":"Kenge"}},{"type":"Feature","geometry":{"type":"Point","coordinates":[17.813263,-5.672368]},"properties":{"province":"Kwango","zonesante":"Feshi","airesante":"Mumbanda","localite":"Kaseka","localitetype":"Village","source_acronym":"DSNIS","date":"2019","grid3id":"KG_D35505E959"}},{"type":"Feature","geometry":{"type":"Point","coordinates":[17.316377,-5.457619]},"properties":{"province":"Kwango","zonesante":"Kimbao","airesante":"Kabuita","localite":"Kasesi","localitetype":"Village","source_acronym":"DSNIS","date":"2019","grid3id":"KG_12403CE613","territoire":"Kenge"}},{"type":"Feature","geometry":{"type":"Point","coordinates":[18.390608,-7.922075]},"properties":{"province":"Kwango","zonesante":"Kajiji","airesante":"Shauyanga","localite":"Kashakulu","localitetype":"Hameau","source_acronym":"DSNIS","date":"2019","grid3id":"KG_A2E263EC77","territoire":"Kahemba"}},{"type":"Feature","geometry":{"type":"Point","coordinates":[18.77393,-6.580745]},"properties":{"province":"Kwango","zonesante":"Kisanji","airesante":"Kabanga Mukeu","localite":"Kasheta","localitetype":"Village","source_acronym":"DSNIS","date":"2019","grid3id":"KG_1238C3C4F1","territoire":"Feshi"}},{"type":"Feature","geometry":{"type":"Point","coordinates":[18.195012,-7.572032]},"properties":{"province":"Kwango","zonesante":"Panzi","airesante":"Mukalakata","localite":"Kashindji","localitetype":"Village","source_acronym":"DSNIS","date":"2019","grid3id":"KG_A30F638A37","territoire":"Kasongo-Lunda"}},{"type":"Feature","geometry":{"type":"Point","coordinates":[18.609662,-7.352046]},"properties":{"province":"Kwango","zonesante":"Panzi","airesante":"Shabenge","localite":"Kashita","localitetype":"Hameau","source_acronym":"DSNIS","date":"2019","grid3id":"KG_259BEB777A","territoire":"Kahemba"}},{"type":"Feature","geometry":{"type":"Point","coordinates":[16.470181,-5.319538]},"properties":{"province":"Kwango","zonesante":"Popokabaka","airesante":"Ipongi","localite":"Kasinzi Mutete","localitetype":"Village","source_acronym":"DSNIS","date":"2019","grid3id":"KG_74E2AC8718","territoire":"Popokabaka"}},{"type":"Feature","geometry":{"type":"Point","coordinates":[16.334818,-5.780497]},"properties":{"province":"Kwango","zonesante":"Popokabaka","airesante":"Ngasa","localite":"Kasitu","localitetype":"Village","source_acronym":"DSNIS","date":"2019","grid3id":"KG_CB529EBADA","territoire":"Popokabaka"}},{"type":"Feature","geometry":{"type":"Point","coordinates":[18.188373,-5.957545]},"properties":{"province":"Kwango","zonesante":"Feshi","airesante":"Kabunda","localite":"Kasoma 1","localitetype":"Village","source_acronym":"DSNIS","date":"2019","grid3id":"KG_DFB89F4EE5","territoire":"Feshi"}},{"type":"Feature","geometry":{"type":"Point","coordinates":[17.981294,-6.366806]},"properties":{"province":"Kwango","zonesante":"Feshi","airesante":"Mutangu","localite":"Kasombo","localitetype":"Hameau","source_acronym":"DSNIS","date":"2019","grid3id":"KG_2EDDC0BC29","territoire":"Feshi"}},{"type":"Feature","geometry":{"type":"Point","coordinates":[18.009199,-7.811247]},"properties":{"province":"Kwango","zonesante":"Kajiji","airesante":"Shamatahu","localite":"Kasombo","localitetype":"Village","source_acronym":"DSNIS","date":"2019","grid3id":"KG_A32AD24F10","territoire":"Kahemba"}},{"type":"Feature","geometry":{"type":"Point","coordinates":[16.846966,-6.333191]},"properties":{"province":"Kwango","zonesante":"Kasongo Lunda","airesante":"Muela Mbwandu","localite":"Kasombo","localitetype":"Village","source_acronym":"DSNIS","date":"2019","grid3id":"KG_471C69A569","territoire":"Kasongo-Lunda"}},{"type":"Feature","geometry":{"type":"Point","coordinates":[17.416888,-5.793234]},"properties":{"province":"Kwango","zonesante":"Mwela Lembwa","airesante":"Kasombo","localite":"Kasombo","localitetype":"Village","source_acronym":"DSNIS","date":"2019","grid3id":"KG_F82941008C","territoire":"Feshi"}},{"type":"Feature","geometry":{"type":"Point","coordinates":[17.953822,-6.37429]},"properties":{"province":"Kwango","zonesante":"Mwela Lembwa","airesante":"Mafuti","localite":"Kasombo Polo","localitetype":"Village","source_acronym":"DSNIS","date":"2019","grid3id":"KG_AAE6F583E6","territoire":"Feshi"}},{"type":"Feature","geometry":{"type":"Point","coordinates":[18.325818,-7.723758]},"properties":{"province":"Kwango","zonesante":"Kajiji","airesante":"Kajiji","localite":"Kasongo","localitetype":"Village","source_acronym":"DSNIS","date":"2019","grid3id":"KG_8BA0333F09","territoire":"Kahemba"}},{"type":"Feature","geometry":{"type":"Point","coordinates":[17.325618,-6.587761]},"properties":{"province":"Kwango","zonesante":"Wamba Lwadi","airesante":"Kapanga","localite":"Kasongo","localitetype":"Village","source_acronym":"DSNIS","date":"2019","grid3id":"KG_97747E5000","territoire":"Kasongo-Lunda"}},{"type":"Feature","geometry":{"type":"Point","coordinates":[17.677642,-6.802133]},"properties":{"province":"Kwango","zonesante":"Panzi","airesante":"Manzengele","localite":"Kasongo Bulumbu","localitetype":"Village","source_acronym":"DSNIS","date":"2019","grid3id":"KG_6DC405D84C","territoire":"Kasongo-Lunda"}},{"type":"Feature","geometry":{"type":"Point","coordinates":[17.465833,-6.932006]},"properties":{"province":"Kwango","zonesante":"Kitenda","airesante":"Mwela Kassa","localite":"Kasongo Kasa","localitetype":"Village","source_acronym":"DSNIS","date":"2019","grid3id":"KG_5A8AF96081","territoire":"Kasongo-Lunda"}},{"type":"Feature","geometry":{"type":"Point","coordinates":[17.950922,-6.711231]},"properties":{"province":"Kwango","zonesante":"Panzi","airesante":"Kiala Kamba","localite":"Kasongo Kasesi","localitetype":"Village","source_acronym":"DSNIS","date":"2019","grid3id":"KG_91E9D94BEB","territoire":"Kasongo-Lunda"}},{"type":"Feature","geometry":{"type":"Point","coordinates":[17.901563,-6.800757]},"properties":{"province":"Kwango","zonesante":"Panzi","airesante":"Kiala Kamba","localite":"Kasongo Lulembu","localitetype":"Village","source_acronym":"DSNIS","date":"2019","grid3id":"KG_C81CF1045D","territoire":"Kasongo-Lunda"}},{"type":"Feature","geometry":{"type":"Point","coordinates":[17.595709,-6.884672]},"properties":{"province":"Kwango","zonesante":"Panzi","airesante":"Nzamba","localite":"Kasongo Mwemba","localitetype":"Village","source_acronym":"DSNIS","date":"2019","grid3id":"KG_964C5347B6","territoire":"Kasongo-Lunda"}},{"type":"Feature","geometry":{"type":"Point","coordinates":[19.049733,-7.937429]},"properties":{"province":"Kwango","zonesante":"Kahemba","localite":"Kasulu","localitetype":"Village","source_acronym":"DSNIS","date":"2019","grid3id":"KG_CEE0A2F8EC","territoire":"Kahemba"}},{"type":"Feature","geometry":{"type":"Point","coordinates":[18.070197,-7.931402]},"properties":{"province":"Kwango","zonesante":"Kajiji","airesante":"Nzofu","localite":"Kaswangi","localitetype":"Village","source_acronym":"DSNIS","date":"2019","grid3id":"KG_A187C3FB1B","territoire":"Kahemba"}},{"type":"Feature","geometry":{"type":"Point","coordinates":[17.350472,-5.360306]},"properties":{"province":"Kwango","zonesante":"Kimbao","localite":"Katala","localitetype":"Village","source_acronym":"DSNIS","date":"2019","grid3id":"KG_5763408530","territoire":"Kenge"}},{"type":"Feature","geometry":{"type":"Point","coordinates":[17.751772,-7.242963]},"properties":{"province":"Kwango","zonesante":"Panzi","airesante":"Kiama","localite":"Katala","localitetype":"Village","source_acronym":"DSNIS","date":"2019","grid3id":"KG_82A2F83897","territoire":"Kasongo-Lunda"}},{"type":"Feature","geometry":{"type":"Point","coordinates":[17.523741,-7.949367]},"properties":{"province":"Kwango","zonesante":"Tembo","airesante":"Mawangu","localite":"Katala","localitetype":"Village","source_acronym":"DSNIS","date":"2019","grid3id":"KG_D2B737D155","territoire":"Kasongo-Lunda"}},{"type":"Feature","geometry":{"type":"Point","coordinates":[18.298391,-6.596129]},"properties":{"province":"Kwango","zonesante":"Feshi","airesante":"Mabaya","localite":"Katamba","localitetype":"Village","source_acronym":"DSNIS","date":"2019","grid3id":"KG_C62B698441","territoire":"Feshi"}},{"type":"Feature","geometry":{"type":"Point","coordinates":[18.058369,-7.518841]},"properties":{"province":"Kwango","zonesante":"Panzi","airesante":"Kibunda 2","localite":"Katambi","localitetype":"Village","source_acronym":"DSNIS","date":"2019","grid3id":"KG_1ED40216A8","territoire":"Kasongo-Lunda"}},{"type":"Feature","geometry":{"type":"Point","coordinates":[17.772765,-7.701063]},"properties":{"province":"Kwango","zonesante":"Tembo","localite":"Katanda","localitetype":"Village","source_acronym":"DSNIS","date":"2019","grid3id":"KG_212046526D","territoire":"Kasongo-Lunda"}},{"type":"Feature","geometry":{"type":"Point","coordinates":[19.210649,-6.412084]},"properties":{"province":"Kwango","zonesante":"Kisanji","airesante":"Ngoma","localite":"Katanga","localitetype":"Village","source_acronym":"DSNIS","date":"2019","grid3id":"KG_1D71732927","territoire":"Feshi"}},{"type":"Feature","geometry":{"type":"Point","coordinates":[18.343151,-6.139663]},"properties":{"province":"Kwango","zonesante":"Feshi","airesante":"Maziamo","localite":"Kataya","localitetype":"Village","source_acronym":"DSNIS","date":"2019","grid3id":"KG_5476F9E231","territoire":"Feshi"}},{"type":"Feature","geometry":{"type":"Point","coordinates":[17.942958,-6.769771]},"properties":{"province":"Kwango","zonesante":"Panzi","airesante":"Kiala Kamba","localite":"Katewe","localitetype":"Village","source_acronym":"DSNIS","date":"2019","grid3id":"KG_6BB97CBF2B","territoire":"Kasongo-Lunda"}},{"type":"Feature","geometry":{"type":"Point","coordinates":[17.835159,-6.042435]},"properties":{"province":"Kwango","zonesante":"Mwela Lembwa","airesante":"Kandi Lukeni","localite":"Katima","localitetype":"Village","source_acronym":"DSNIS","date":"2019","grid3id":"KG_830914A41E","territoire":"Feshi"}},{"type":"Feature","geometry":{"type":"Point","coordinates":[18.010388,-7.372651]},"properties":{"province":"Kwango","zonesante":"Panzi","airesante":"Kasandji","localite":"Katini","localitetype":"Village","source_acronym":"DSNIS","date":"2019","grid3id":"KG_3F170A3DCC","territoire":"Kasongo-Lunda"}},{"type":"Feature","geometry":{"type":"Point","coordinates":[18.075418,-7.443713]},"properties":{"province":"Kwango","zonesante":"Panzi","airesante":"Kambandambi","localite":"Katini","localitetype":"Village","source_acronym":"DSNIS","date":"2019","grid3id":"KG_27959DEDE9","territoire":"Kasongo-Lunda"}},{"type":"Feature","geometry":{"type":"Point","coordinates":[19.016582,-6.818162]},"properties":{"province":"Kwango","zonesante":"Kisanji","airesante":"Pombo","localite":"Katomba","localitetype":"Village","source_acronym":"DSNIS","date":"2019","grid3id":"KG_7C5F0AC454","territoire":"Feshi"}},{"type":"Feature","geometry":{"type":"Point","coordinates":[17.582665,-7.347199]},"properties":{"province":"Kwango","zonesante":"Tembo","airesante":"Kinkole","localite":"Katondi","localitetype":"Village","source_acronym":"DSNIS","date":"2019","grid3id":"KG_F6AA21D090","territoire":"Kasongo-Lunda"}},{"type":"Feature","geometry":{"type":"Point","coordinates":[16.358183,-5.573322]},"properties":{"province":"Kwango","zonesante":"Popokabaka","airesante":"Kalala","localite":"Katongo","localitetype":"Village","source_acronym":"DSNIS","date":"2019","grid3id":"KG_084E1B8AFA","territoire":"Popokabaka"}},{"type":"Feature","geometry":{"type":"Point","coordinates":[18.159298,-6.628203]},"properties":{"province":"Kwango","zonesante":"Feshi","airesante":"Mabaya","localite":"Katshini","localitetype":"Village","source_acronym":"DSNIS","date":"2019","grid3id":"KG_AE711CEF0B","territoire":"Feshi"}},{"type":"Feature","geometry":{"type":"Point","coordinates":[18.043528,-7.272716]},"properties":{"province":"Kwango","zonesante":"Panzi","airesante":"Mwini Ngulu","localite":"Katuma","localitetype":"Hameau","source_acronym":"DSNIS","date":"2019","grid3id":"KG_987CF48278","territoire":"Kasongo-Lunda"}},{"type":"Feature","geometry":{"type":"Point","coordinates":[16.808139,-6.663724]},"properties":{"province":"Kwango","zonesante":"Kasongo Lunda","airesante":"Manzengele","localite":"Katumba","localitetype":"Village","source_acronym":"DSNIS","date":"2019","grid3id":"KG_DE2E9B2F31","territoire":"Kasongo-Lunda"}},{"type":"Feature","geometry":{"type":"Point","coordinates":[17.034473,-5.356236]},"properties":{"province":"Kwango","zonesante":"Kimbao","airesante":"Kinzau Putu Kanda","localite":"Katungi","localitetype":"Village","source_acronym":"DSNIS","date":"2019","grid3id":"KG_CB02CE64F5","territoire":"Kenge"}},{"type":"Feature","geometry":{"type":"Point","coordinates":[19.515103,-6.840716]},"properties":{"province":"Kwango","zonesante":"Kahemba","airesante":"Tshiweka","localite":"Katuta","localitetype":"Village","source_acronym":"DSNIS","date":"2019","grid3id":"KG_89AD895EDF","territoire":"Kahemba"}},{"type":"Feature","geometry":{"type":"Point","coordinates":[19.318546,-6.141576]},"properties":{"province":"Kwango","zonesante":"Kisanji","airesante":"Kitanda","localite":"Kaviya","localitetype":"Village","source_acronym":"DSNIS","date":"2019","grid3id":"KG_EC77452D2F","territoire":"Feshi"}},{"type":"Feature","geometry":{"type":"Point","coordinates":[16.764005,-6.251723]},"properties":{"province":"Kwango","zonesante":"Kasongo Lunda","airesante":"Zhinabunkete","localite":"Kavula","localitetype":"Village","source_acronym":"DSNIS","date":"2019","grid3id":"KG_B1AF9339FA","territoire":"Kasongo-Lunda"}},{"type":"Feature","geometry":{"type":"Point","coordinates":[18.101826,-7.476717]},"properties":{"province":"Kwango","zonesante":"Panzi","airesante":"Kibunda 2","localite":"Kavunia","localitetype":"Village","source_acronym":"DSNIS","date":"2019","grid3id":"KG_9DEFD9622E","territoire":"Kasongo-Lunda"}},{"type":"Feature","geometry":{"type":"Point","coordinates":[17.310319,-6.19483]},"properties":{"province":"Kwango","zonesante":"Wamba Lwadi","airesante":"Manenga","localite":"Kavuya","localitetype":"Village","source_acronym":"DSNIS","date":"2019","grid3id":"KG_BF7C2A4EE9","territoire":"Kasongo-Lunda"}},{"type":"Feature","geometry":{"type":"Point","coordinates":[19.516884,-6.842217]},"properties":{"province":"Kwango","zonesante":"Kahemba","airesante":"Tshiweka","localite":"Kawana","localitetype":"Village","source_acronym":"DSNIS","date":"2019","grid3id":"KG_08183180FE","territoire":"Kahemba"}},{"type":"Feature","geometry":{"type":"Point","coordinates":[18.557785,-6.504694]},"properties":{"province":"Kwango","zonesante":"Feshi","airesante":"Utadi","localite":"Kawanda","localitetype":"Hameau","source_acronym":"DSNIS","date":"2019","grid3id":"KG_2DB04CFE15","territoire":"Feshi"}},{"type":"Feature","geometry":{"type":"Point","coordinates":[18.196613,-5.884323]},"properties":{"province":"Kwango","zonesante":"Feshi","airesante":"Kabunda","localite":"Kawaya","localitetype":"Village","source_acronym":"DSNIS","date":"2019","grid3id":"KG_51BC3878F6","territoire":"Feshi"}},{"type":"Feature","geometry":{"type":"Point","coordinates":[18.371363,-7.529083]},"properties":{"province":"Kwango","zonesante":"Kajiji","airesante":"Kambangu","localite":"Kawoko","localitetype":"Village","source_acronym":"DSNIS","date":"2019","grid3id":"KG_165B1BBA96","territoire":"Kahemba"}},{"type":"Feature","geometry":{"type":"Point","coordinates":[17.808436,-5.909912]},"properties":{"province":"Kwango","zonesante":"Mwela Lembwa","airesante":"Katambi","localite":"Kawulu","localitetype":"Village","source_acronym":"DSNIS","date":"2019","grid3id":"KG_1D549D2C14","territoire":"Feshi"}},{"type":"Feature","geometry":{"type":"Point","coordinates":[19.464729,-6.840987]},"properties":{"province":"Kwango","zonesante":"Kahemba","airesante":"Tshiweka","localite":"Kawumba","localitetype":"Village","source_acronym":"DSNIS","date":"2019","grid3id":"KG_2CFBFF2C47","territoire":"Kahemba"}},{"type":"Feature","geometry":{"type":"Point","coordinates":[18.408864,-6.995332]},"properties":{"province":"Kwango","zonesante":"Panzi","airesante":"Mazinda","localite":"Kawumba","localitetype":"Village","source_acronym":"DSNIS","date":"2019","grid3id":"KG_84DA8DB8DF","territoire":"Kasongo-Lunda"}},{"type":"Feature","geometry":{"type":"Point","coordinates":[18.197282,-7.469532]},"properties":{"province":"Kwango","zonesante":"Panzi","airesante":"Kambundi","localite":"Kawumba","localitetype":"Village","source_acronym":"DSNIS","date":"2019","grid3id":"KG_7A5DCE06F1","territoire":"Kasongo-Lunda"}},{"type":"Feature","geometry":{"type":"Point","coordinates":[18.177742,-7.457178]},"properties":{"province":"Kwango","zonesante":"Panzi","airesante":"Kambundi","localite":"Kawumba 1","localitetype":"Village","source_acronym":"DSNIS","date":"2019","grid3id":"KG_C0AE8CD1D6","territoire":"Kasongo-Lunda"}},{"type":"Feature","geometry":{"type":"Point","coordinates":[17.657073,-4.352836]},"properties":{"province":"Kwango","zonesante":"Kenge","airesante":"Bangongo","localite":"Kayata","localitetype":"Village","source_acronym":"DSNIS","date":"2019","grid3id":"KG_32C35A1ACB","territoire":"Kenge"}},{"type":"Feature","geometry":{"type":"Point","coordinates":[18.764748,-6.278452]},"properties":{"province":"Kwango","zonesante":"Kisanji","airesante":"Shamwana","localite":"Kayenge","localitetype":"Village","source_acronym":"DSNIS","date":"2019","grid3id":"KG_643F8F4165","territoire":"Feshi"}},{"type":"Feature","geometry":{"type":"Point","coordinates":[18.673761,-7.860934]},"properties":{"province":"Kwango","zonesante":"Kajiji","airesante":"Mutetami","localite":"Kayeza","localitetype":"Village","source_acronym":"DSNIS","date":"2019","grid3id":"KG_CDACFF9648","territoire":"Kahemba"}},{"type":"Feature","geometry":{"type":"Point","coordinates":[19.465051,-6.839276]},"properties":{"province":"Kwango","zonesante":"Kahemba","airesante":"Tshiweka","localite":"Kayihoke","localitetype":"Village","source_acronym":"DSNIS","date":"2019","grid3id":"KG_AAD4C40805","territoire":"Kahemba"}},{"type":"Feature","geometry":{"type":"Point","coordinates":[19.443571,-6.844463]},"properties":{"province":"Kwango","zonesante":"Kahemba","airesante":"Tshiweka","localite":"Kayiji","localitetype":"Village","source_acronym":"DSNIS","date":"2019","grid3id":"KG_1947F11D6B","territoire":"Kahemba"}},{"type":"Feature","geometry":{"type":"Point","coordinates":[17.98441,-7.817731]},"properties":{"province":"Kwango","zonesante":"Kajiji","airesante":"Shamatahu","localite":"Kayinda","localitetype":"Hameau","source_acronym":"DSNIS","date":"2019","grid3id":"KG_FB3859BF3D","territoire":"Kahemba"}},{"type":"Feature","geometry":{"type":"Point","coordinates":[18.669682,-7.577013]},"properties":{"province":"Kwango","zonesante":"Kajiji","airesante":"Shakalongo","localite":"Kayita","localitetype":"Village","source_acronym":"DSNIS","date":"2019","grid3id":"KG_D10F7C63C9","territoire":"Kahemba"}},{"type":"Feature","geometry":{"type":"Point","coordinates":[19.055958,-7.879365]},"properties":{"province":"Kwango","zonesante":"Kahemba","localite":"Kayita 3","localitetype":"Village","source_acronym":"DSNIS","date":"2019","grid3id":"KG_1CA19D2FD5","territoire":"Kahemba"}},{"type":"Feature","geometry":{"type":"Point","coordinates":[16.282299,-5.608736]},"properties":{"province":"Kwango","zonesante":"Popokabaka","airesante":"Mutayi","localite":"Kayombo","localitetype":"Village","source_acronym":"DSNIS","date":"2019","grid3id":"KG_309B012D5B","territoire":"Popokabaka"}},{"type":"Feature","geometry":{"type":"Point","coordinates":[16.298454,-5.728428]},"properties":{"province":"Kwango","zonesante":"Popokabaka","airesante":"Ngasa","localite":"Kayombo","localitetype":"Village","source_acronym":"DSNIS","date":"2019","grid3id":"KG_D51ACEB6C4","territoire":"Popokabaka"}},{"type":"Feature","geometry":{"type":"Point","coordinates":[18.362487,-6.429715]},"properties":{"province":"Kwango","zonesante":"Feshi","airesante":"Maziamo","localite":"Kazanga","localitetype":"Village","source_acronym":"DSNIS","date":"2019","grid3id":"KG_3D05262AA1","territoire":"Feshi"}},{"type":"Feature","geometry":{"type":"Point","coordinates":[17.222937,-5.447113]},"properties":{"province":"Kwango","zonesante":"Kimbao","airesante":"Kabuita","localite":"Kazanga","localitetype":"Village","source_acronym":"DSNIS","date":"2019","grid3id":"KG_B1C52ABECF","territoire":"Kenge"}},{"type":"Feature","geometry":{"type":"Point","coordinates":[17.324818,-6.606943]},"properties":{"province":"Kwango","zonesante":"Wamba Lwadi","airesante":"Kapanga","localite":"Kazanga","localitetype":"Village","source_acronym":"DSNIS","date":"2019","grid3id":"KG_1DC114491A","territoire":"Kasongo-Lunda"}},{"type":"Feature","geometry":{"type":"Point","coordinates":[17.386559,-6.954467]},"properties":{"province":"Kwango","zonesante":"Kitenda","airesante":"Mihala","localite":"Kazanga","localitetype":"Village","source_acronym":"DSNIS","date":"2019","grid3id":"KG_C91D5F65FE","territoire":"Kasongo-Lunda"}},{"type":"Feature","geometry":{"type":"Point","coordinates":[16.301323,-4.646128]},"properties":{"province":"Kwango","zonesante":"Boko","airesante":"Kabuba","localite":"Kazangumu","localitetype":"Village","source_acronym":"DSNIS","date":"2019","grid3id":"KG_39711F61F3"}},{"type":"Feature","geometry":{"type":"Point","coordinates":[16.844148,-6.449305]},"properties":{"province":"Kwango","zonesante":"Kasongo Lunda","airesante":"Sacre Coeur","localite":"Kazekele","localitetype":"Village","source_acronym":"DSNIS","date":"2019","grid3id":"KG_438A5DD1AD","territoire":"Kasongo-Lunda"}},{"type":"Feature","geometry":{"type":"Point","coordinates":[18.315628,-6.704649]},"properties":{"province":"Kwango","zonesante":"Feshi","airesante":"Shatungushi","localite":"Kazembe","localitetype":"Village","source_acronym":"DSNIS","date":"2019","grid3id":"KG_584AC451C3","territoire":"Feshi"}},{"type":"Feature","geometry":{"type":"Point","coordinates":[18.775715,-6.556461]},"properties":{"province":"Kwango","zonesante":"Kisanji","airesante":"Kabanga Mukeu","localite":"Kazembe 2","localitetype":"Village","source_acronym":"DSNIS","date":"2019","grid3id":"KG_F8833ACD8E","territoire":"Feshi"}},{"type":"Feature","geometry":{"type":"Point","coordinates":[16.261505,-5.752118]},"properties":{"province":"Kwango","zonesante":"Popokabaka","airesante":"Ngasa","localite":"Kazika","localitetype":"Village","source_acronym":"DSNIS","date":"2019","grid3id":"KG_8ADB5ADB6B","territoire":"Popokabaka"}},{"type":"Feature","geometry":{"type":"Point","coordinates":[19.101256,-6.641956]},"properties":{"province":"Kwango","zonesante":"Kisanji","airesante":"Kazimba","localite":"Kazimba","localitetype":"Village","source_acronym":"DSNIS","date":"2019","grid3id":"KG_C795D7FC7C","territoire":"Feshi"}},{"type":"Feature","geometry":{"type":"Point","coordinates":[19.098466,-6.637344]},"properties":{"province":"Kwango","zonesante":"Kisanji","airesante":"Kazimba","localite":"Kazimba 2","localitetype":"Village","source_acronym":"DSNIS","date":"2019","grid3id":"KG_88864D7868","territoire":"Feshi"}},{"type":"Feature","geometry":{"type":"Point","coordinates":[18.402199,-6.586872]},"properties":{"province":"Kwango","zonesante":"Feshi","airesante":"Utadi","localite":"Kazonga","localitetype":"Village","source_acronym":"DSNIS","date":"2019","grid3id":"KG_1782B32E58","territoire":"Feshi"}},{"type":"Feature","geometry":{"type":"Point","coordinates":[17.988764,-6.437506]},"properties":{"province":"Kwango","zonesante":"Mwela Lembwa","airesante":"Mafuti","localite":"Kazunga","localitetype":"Village","source_acronym":"DSNIS","date":"2019","grid3id":"KG_B4ECE991BE","territoire":"Feshi"}},{"type":"Feature","geometry":{"type":"Point","coordinates":[17.89544,-7.506703]},"properties":{"province":"Kwango","zonesante":"Panzi","airesante":"Kasandji","localite":"Kazungu","localitetype":"Village","source_acronym":"DSNIS","date":"2019","grid3id":"KG_2A7E87AB7E","territoire":"Kasongo-Lunda"}},{"type":"Feature","geometry":{"type":"Point","coordinates":[18.347566,-6.933469]},"properties":{"province":"Kwango","zonesante":"Panzi","airesante":"Mazinda","localite":"Kazwanda","localitetype":"Village","source_acronym":"DSNIS","date":"2019","grid3id":"KG_CC24CC35FE","territoire":"Kasongo-Lunda"}},{"type":"Feature","geometry":{"type":"Point","coordinates":[19.056386,-7.879183]},"properties":{"province":"Kwango","zonesante":"Kahemba","localite":"Kela","localitetype":"Village","source_acronym":"DSNIS","date":"2019","grid3id":"KG_E8139E003F","territoire":"Kahemba"}},{"type":"Feature","geometry":{"type":"Point","coordinates":[17.980562,-7.978557]},"properties":{"province":"Kwango","zonesante":"Kajiji","airesante":"Shamatahu","localite":"Kelenge","localitetype":"Village","source_acronym":"DSNIS","date":"2019","grid3id":"KG_C80762B73A","territoire":"Kahemba"}},{"type":"Feature","geometry":{"type":"Point","coordinates":[16.310514,-5.685833]},"properties":{"province":"Kwango","zonesante":"Popokabaka","airesante":"Kabama","localite":"Kembo","localitetype":"Village","source_acronym":"DSNIS","date":"2019","grid3id":"KG_B67E08A4BA","territoire":"Popokabaka"}},{"type":"Feature","geometry":{"type":"Point","coordinates":[17.766301,-5.761563]},"properties":{"province":"Kwango","zonesante":"Feshi","airesante":"Mumbanda","localite":"Kengi Lundu","localitetype":"Village","source_acronym":"DSNIS","date":"2019","grid3id":"KG_9D3A1908EB","territoire":"Feshi"}},{"type":"Feature","geometry":{"type":"Point","coordinates":[19.05679,-7.879848]},"properties":{"province":"Kwango","zonesante":"Kahemba","localite":"Khembo","localitetype":"Hameau","source_acronym":"DSNIS","date":"2019","grid3id":"KG_0E9B52EA7D","territoire":"Kahemba"}},{"type":"Feature","geometry":{"type":"Point","coordinates":[19.406934,-6.923011]},"properties":{"province":"Kwango","zonesante":"Kahemba","airesante":"Tshiweka","localite":"Khukulu","localitetype":"Village","source_acronym":"DSNIS","date":"2019","grid3id":"KG_518D024B3F","territoire":"Kahemba"}},{"type":"Feature","geometry":{"type":"Point","coordinates":[18.354174,-6.657329]},"properties":{"province":"Kwango","zonesante":"Feshi","airesante":"Utadi","localite":"Kiala","localitetype":"Hameau","source_acronym":"DSNIS","date":"2019","grid3id":"KG_F0E8314231","territoire":"Feshi"}},{"type":"Feature","geometry":{"type":"Point","coordinates":[17.476733,-6.437547]},"properties":{"province":"Kwango","zonesante":"Wamba Lwadi","airesante":"Kapata","localite":"Kiala Kapata","localitetype":"Village","source_acronym":"DSNIS","date":"2019","grid3id":"KG_B7668D53CD","territoire":"Kasongo-Lunda"}},{"type":"Feature","geometry":{"type":"Point","coordinates":[17.481011,-7.020613]},"properties":{"province":"Kwango","zonesante":"Kitenda","airesante":"Mazembe","localite":"Kiala Kasa","localitetype":"Village","source_acronym":"DSNIS","date":"2019","grid3id":"KG_86D65EF609","territoire":"Kasongo-Lunda"}},{"type":"Feature","geometry":{"type":"Point","coordinates":[16.943757,-6.147661]},"properties":{"province":"Kwango","zonesante":"Kasongo Lunda","airesante":"Kishiama","localite":"Kiala Longo","localitetype":"Village","source_acronym":"DSNIS","date":"2019","grid3id":"KG_4D97E2F95A","territoire":"Kasongo-Lunda"}},{"type":"Feature","geometry":{"type":"Point","coordinates":[17.335049,-6.717626]},"properties":{"province":"Kwango","zonesante":"Wamba Lwadi","localite":"Kiala Mabaka","localitetype":"Village","source_acronym":"DSNIS","date":"2019","grid3id":"KG_00238BE4C7","territoire":"Kasongo-Lunda"}},{"type":"Feature","geometry":{"type":"Point","coordinates":[17.966693,-6.748937]},"properties":{"province":"Kwango","zonesante":"Panzi","airesante":"Kiala Kamba","localite":"Kialakhamba","localitetype":"Village","source_acronym":"DSNIS","date":"2019","grid3id":"KG_96B1AE0E02","territoire":"Kasongo-Lunda"}},{"type":"Feature","geometry":{"type":"Point","coordinates":[17.80677,-8.041333]},"properties":{"province":"Kwango","zonesante":"Tembo","airesante":"Kahungula","localite":"Kiambamba","localitetype":"Village","source_acronym":"DSNIS","date":"2019","grid3id":"KG_500574A28A","territoire":"Kasongo-Lunda"}},{"type":"Feature","geometry":{"type":"Point","coordinates":[17.576391,-6.790168]},"properties":{"province":"Kwango","zonesante":"Panzi","airesante":"Manzengele","localite":"Kianga","localitetype":"Village","source_acronym":"DSNIS","date":"2019","grid3id":"KG_1D35382DFB","territoire":"Kasongo-Lunda"}},{"type":"Feature","geometry":{"type":"Point","coordinates":[19.26741,-6.540719]},"properties":{"province":"Kwango","zonesante":"Kisanji","airesante":"Mukundu","localite":"Kiangata","localitetype":"Village","source_acronym":"DSNIS","date":"2019","grid3id":"KG_B99C70A208","territoire":"Feshi"}},{"type":"Feature","geometry":{"type":"Point","coordinates":[19.103946,-6.456772]},"properties":{"province":"Kwango","zonesante":"Kisanji","airesante":"Kingonzi","localite":"Kiangata","localitetype":"Village","source_acronym":"DSNIS","date":"2019","grid3id":"KG_29815E1861","territoire":"Feshi"}},{"type":"Feature","geometry":{"type":"Point","coordinates":[19.224769,-6.236379]},"properties":{"province":"Kwango","zonesante":"Kisanji","airesante":"Ngunda","localite":"Kianza","localitetype":"Village","source_acronym":"DSNIS","date":"2019","grid3id":"KG_8B388E6E7F","territoire":"Feshi"}},{"type":"Feature","geometry":{"type":"Point","coordinates":[17.472679,-6.766852]},"properties":{"province":"Kwango","zonesante":"Kitenda","airesante":"Baringa","localite":"Kibaki","localitetype":"Village","source_acronym":"DSNIS","date":"2019","grid3id":"KG_BB98D24028","territoire":"Kasongo-Lunda"}},{"type":"Feature","geometry":{"type":"Point","coordinates":[16.953364,-7.12698]},"properties":{"province":"Kwango","zonesante":"Kitenda","airesante":"Kimwambu","localite":"Kibala","localitetype":"Village","source_acronym":"DSNIS","date":"2019","grid3id":"KG_EE4E2D92F1","territoire":"Kasongo-Lunda"}},{"type":"Feature","geometry":{"type":"Point","coordinates":[17.662437,-5.845923]},"properties":{"province":"Kwango","zonesante":"Mwela Lembwa","airesante":"Kingungu","localite":"Kibalamba","localitetype":"Village","source_acronym":"DSNIS","date":"2019","grid3id":"KG_07B7E61ECD","territoire":"Feshi"}},{"type":"Feature","geometry":{"type":"Point","coordinates":[17.547554,-6.282817]},"properties":{"province":"Kwango","zonesante":"Mwela Lembwa","airesante":"Kimfusa","localite":"Kibangu","localitetype":"Village","source_acronym":"DSNIS","date":"2019","grid3id":"KG_7B68B8BC9B","territoire":"Feshi"}},{"type":"Feature","geometry":{"type":"Point","coordinates":[18.316597,-5.867246]},"properties":{"province":"Kwango","zonesante":"Feshi","airesante":"Kabunda","localite":"Kibansala","localitetype":"Village","source_acronym":"DSNIS","date":"2019","grid3id":"KG_685E2F17F7","territoire":"Feshi"}},{"type":"Feature","geometry":{"type":"Point","coordinates":[18.584934,-6.614179]},"properties":{"province":"Kwango","zonesante":"Feshi","airesante":"Utadi","localite":"Kibatshi","localitetype":"Village","source_acronym":"DSNIS","date":"2019","grid3id":"KG_5195AD9B7C","territoire":"Feshi"}},{"type":"Feature","geometry":{"type":"Point","coordinates":[16.128138,-5.840127]},"properties":{"province":"Kwango","zonesante":"Popokabaka","airesante":"Kisoma","localite":"Kibaya","localitetype":"Village","source_acronym":"DSNIS","date":"2019","grid3id":"KG_A33FCFFADE"}},{"type":"Feature","geometry":{"type":"Point","coordinates":[17.972382,-5.95721]},"properties":{"province":"Kwango","zonesante":"Feshi","airesante":"Kibwika","localite":"Kibenga","localitetype":"Village","source_acronym":"DSNIS","date":"2019","grid3id":"KG_78D3E46B30","territoire":"Feshi"}},{"type":"Feature","geometry":{"type":"Point","coordinates":[18.224974,-6.351932]},"properties":{"province":"Kwango","zonesante":"Feshi","airesante":"Tonu","localite":"Kibenga","localitetype":"Village","source_acronym":"DSNIS","date":"2019","grid3id":"KG_C34A45D1E4","territoire":"Feshi"}},{"type":"Feature","geometry":{"type":"Point","coordinates":[17.700664,-6.37804]},"properties":{"province":"Kwango","zonesante":"Mwela Lembwa","airesante":"Ganaketi","localite":"Kibeti","localitetype":"Village","source_acronym":"DSNIS","date":"2019","grid3id":"KG_A5F20ECF3F","territoire":"Feshi"}},{"type":"Feature","geometry":{"type":"Point","coordinates":[17.819089,-7.830001]},"properties":{"province":"Kwango","zonesante":"Tembo","localite":"Kibinda","localitetype":"Village","source_acronym":"DSNIS","date":"2019","grid3id":"KG_E7A327D835","territoire":"Kasongo-Lunda"}},{"type":"Feature","geometry":{"type":"Point","coordinates":[19.314233,-6.16906]},"properties":{"province":"Kwango","zonesante":"Kisanji","airesante":"Kitanda","localite":"Kiboba Matadi","localitetype":"Village","source_acronym":"DSNIS","date":"2019","grid3id":"KG_852D45C934","territoire":"Feshi"}},{"type":"Feature","geometry":{"type":"Point","coordinates":[17.03584,-5.38681]},"properties":{"province":"Kwango","zonesante":"Kimbao","airesante":"Kinzau Putu Kanda","localite":"Kiboki","localitetype":"Village","source_acronym":"DSNIS","date":"2019","grid3id":"KG_6FD2D46DE8","territoire":"Kenge"}},{"type":"Feature","geometry":{"type":"Point","coordinates":[16.437735,-4.656487]},"properties":{"province":"Kwango","zonesante":"Boko","airesante":"Kabuba","localite":"Kibombo","localitetype":"Village","source_acronym":"DSNIS","date":"2019","grid3id":"KG_869E3B0942","territoire":"Kenge"}},{"type":"Feature","geometry":{"type":"Point","coordinates":[17.24612,-6.85353]},"properties":{"province":"Kwango","zonesante":"Kitenda","airesante":"Kikuti","localite":"Kibondi","localitetype":"Village","source_acronym":"DSNIS","date":"2019","grid3id":"KG_A0A4D36A5D","territoire":"Kasongo-Lunda"}},{"type":"Feature","geometry":{"type":"Point","coordinates":[17.414336,-6.369075]},"properties":{"province":"Kwango","zonesante":"Wamba Lwadi","airesante":"Kankuluba","localite":"Kibubu","localitetype":"Village","source_acronym":"DSNIS","date":"2019","grid3id":"KG_6AFB4C298A","territoire":"Kasongo-Lunda"}},{"type":"Feature","geometry":{"type":"Point","coordinates":[16.155861,-5.849905]},"properties":{"province":"Kwango","zonesante":"Popokabaka","airesante":"Kisoma","localite":"Kibuki","localitetype":"Village","source_acronym":"DSNIS","date":"2019","grid3id":"KG_6680EEA53F","territoire":"Popokabaka"}},{"type":"Feature","geometry":{"type":"Point","coordinates":[18.587408,-6.012307]},"properties":{"province":"Kwango","zonesante":"Feshi","airesante":"Mafishi","localite":"Kibunda","localitetype":"Village","source_acronym":"DSNIS","date":"2019","grid3id":"KG_3F991B4775","territoire":"Feshi"}},{"type":"Feature","geometry":{"type":"Point","coordinates":[17.608048,-6.701586]},"properties":{"province":"Kwango","zonesante":"Panzi","airesante":"Kibunda 1","localite":"Kibunda","localitetype":"Village","source_acronym":"DSNIS","date":"2019","grid3id":"KG_0DC443DCD8","territoire":"Kasongo-Lunda"}},{"type":"Feature","geometry":{"type":"Point","coordinates":[18.167145,-6.63695]},"properties":{"province":"Kwango","zonesante":"Feshi","airesante":"Mabaya","localite":"Kibunga","localitetype":"Village","source_acronym":"DSNIS","date":"2019","grid3id":"KG_E9172FA7A5","territoire":"Feshi"}},{"type":"Feature","geometry":{"type":"Point","coordinates":[17.610092,-4.440655]},"properties":{"province":"Kwango","zonesante":"Kenge","airesante":"Ngondi Mutombo","localite":"Kibwadi","localitetype":"Village","source_acronym":"DSNIS","date":"2019","grid3id":"KG_667AA67552","territoire":"Kenge"}},{"type":"Feature","geometry":{"type":"Point","coordinates":[17.356194,-4.465693]},"properties":{"province":"Kwango","zonesante":"Kenge","airesante":"Kolokoso","localite":"Kibwanga","localitetype":"Village","source_acronym":"DSNIS","date":"2019","grid3id":"KG_7849B3F869","territoire":"Kenge"}},{"type":"Feature","geometry":{"type":"Point","coordinates":[18.261897,-5.928342]},"properties":{"province":"Kwango","zonesante":"Feshi","airesante":"Kabunda","localite":"Kibweta","localitetype":"Village","source_acronym":"DSNIS","date":"2019","grid3id":"KG_AD80F05EAC","territoire":"Feshi"}},{"type":"Feature","geometry":{"type":"Point","coordinates":[17.967861,-5.943615]},"properties":{"province":"Kwango","zonesante":"Feshi","airesante":"Kibwika","localite":"Kibwika","localitetype":"Village","source_acronym":"DSNIS","date":"2019","grid3id":"KG_5370288939","territoire":"Feshi"}},{"type":"Feature","geometry":{"type":"Point","coordinates":[18.158966,-5.94115]},"properties":{"province":"Kwango","zonesante":"Feshi","airesante":"Kikombo","localite":"Kibwika","localitetype":"Village","source_acronym":"DSNIS","date":"2019","grid3id":"KG_04235F6A97","territoire":"Feshi"}},{"type":"Feature","geometry":{"type":"Point","coordinates":[17.816381,-5.924032]},"properties":{"province":"Kwango","zonesante":"Mwela Lembwa","airesante":"Katambi","localite":"Kidiadia","localitetype":"Village","source_acronym":"DSNIS","date":"2019","grid3id":"KG_C0D9C7F306","territoire":"Feshi"}},{"type":"Feature","geometry":{"type":"Point","coordinates":[17.746897,-6.128326]},"properties":{"province":"Kwango","zonesante":"Mwela Lembwa","airesante":"Mwana Basila","localite":"Kidiladila","localitetype":"Village","source_acronym":"DSNIS","date":"2019","grid3id":"KG_6C3D18199A","territoire":"Feshi"}},{"type":"Feature","geometry":{"type":"Point","coordinates":[17.658108,-6.86171]},"properties":{"province":"Kwango","zonesante":"Panzi","airesante":"Nzamba","localite":"Kidima","localitetype":"Village","source_acronym":"DSNIS","date":"2019","grid3id":"KG_338AB520EB","territoire":"Kasongo-Lunda"}},{"type":"Feature","geometry":{"type":"Point","coordinates":[17.137853,-4.908474]},"properties":{"province":"Kwango","zonesante":"Kenge","airesante":"Kobo","localite":"Kidimbu","localitetype":"Village","source_acronym":"DSNIS","date":"2019","grid3id":"KG_045C095F6A","territoire":"Kenge"}},{"type":"Feature","geometry":{"type":"Point","coordinates":[17.867526,-6.460283]},"properties":{"province":"Kwango","zonesante":"Mwela Lembwa","airesante":"Mafuti","localite":"Kidinda","localitetype":"Village","source_acronym":"DSNIS","date":"2019","grid3id":"KG_6B47A245A6","territoire":"Feshi"}},{"type":"Feature","geometry":{"type":"Point","coordinates":[17.48014,-6.995028]},"properties":{"province":"Kwango","zonesante":"Kitenda","airesante":"Mwela Kassa","localite":"Kidinda","localitetype":"Village","source_acronym":"DSNIS","date":"2019","grid3id":"KG_4A523387EB","territoire":"Kasongo-Lunda"}},{"type":"Feature","geometry":{"type":"Point","coordinates":[16.503687,-4.635165]},"properties":{"province":"Kwango","zonesante":"Boko","airesante":"Pont Kwango","localite":"Kidjeph","localitetype":"Hameau","source_acronym":"DSNIS","date":"2019","grid3id":"KG_16129709BA","territoire":"Kenge"}},{"type":"Feature","geometry":{"type":"Point","coordinates":[17.586321,-6.017787]},"properties":{"province":"Kwango","zonesante":"Mwela Lembwa","airesante":"Mahungu","localite":"Kifilu Mbunda","localitetype":"Village","source_acronym":"DSNIS","date":"2019","grid3id":"KG_E88BB13972","territoire":"Feshi"}},{"type":"Feature","geometry":{"type":"Point","coordinates":[17.759284,-6.298637]},"properties":{"province":"Kwango","zonesante":"Mwela Lembwa","airesante":"Mwana Basila","localite":"Kifilusulu","localitetype":"Village","source_acronym":"DSNIS","date":"2019","grid3id":"KG_7909AB1419","territoire":"Feshi"}},{"type":"Feature","geometry":{"type":"Point","coordinates":[17.216264,-6.344601]},"properties":{"province":"Kwango","zonesante":"Kasongo Lunda","airesante":"Kifuka","localite":"Kifuka","localitetype":"Village","source_acronym":"DSNIS","date":"2019","grid3id":"KG_0B355E1E05","territoire":"Kasongo-Lunda"}},{"type":"Feature","geometry":{"type":"Point","coordinates":[17.090731,-4.955483]},"properties":{"province":"Kwango","zonesante":"Kenge","airesante":"Saint Pierre","localite":"Kifulu","localitetype":"Village","source_acronym":"DSNIS","date":"2019","grid3id":"KG_0E087AF23C","territoire":"Kenge"}},{"type":"Feature","geometry":{"type":"Point","coordinates":[18.178301,-7.444568]},"properties":{"province":"Kwango","zonesante":"Panzi","airesante":"Kambundi","localite":"Kifundji","localitetype":"Village","source_acronym":"DSNIS","date":"2019","grid3id":"KG_F1250A70BD","territoire":"Kasongo-Lunda"}},{"type":"Feature","geometry":{"type":"Point","coordinates":[16.960496,-6.551164]},"properties":{"province":"Kwango","zonesante":"Kasongo Lunda","airesante":"Kingunda","localite":"Kifungu","localitetype":"Village","source_acronym":"DSNIS","date":"2019","grid3id":"KG_182E3CCAAF","territoire":"Kasongo-Lunda"}},{"type":"Feature","geometry":{"type":"Point","coordinates":[18.403074,-6.989627]},"properties":{"province":"Kwango","zonesante":"Panzi","airesante":"Mazinda","localite":"Kifwanekina","localitetype":"Village","source_acronym":"DSNIS","date":"2019","grid3id":"KG_6BAB8BF391","territoire":"Kasongo-Lunda"}},{"type":"Feature","geometry":{"type":"Point","coordinates":[17.358443,-5.838917]},"properties":{"province":"Kwango","zonesante":"Mwela Lembwa","airesante":"Tsakala Kuku","localite":"Kihada","localitetype":"Village","source_acronym":"DSNIS","date":"2019","grid3id":"KG_A52860B2CE","territoire":"Feshi"}},{"type":"Feature","geometry":{"type":"Point","coordinates":[17.502617,-6.43946]},"properties":{"province":"Kwango","zonesante":"Wamba Lwadi","airesante":"Kapata","localite":"Kihadi","localitetype":"Village","source_acronym":"DSNIS","date":"2019","grid3id":"KG_8C2C436C3E","territoire":"Kasongo-Lunda"}},{"type":"Feature","geometry":{"type":"Point","coordinates":[17.032177,-6.486156]},"properties":{"province":"Kwango","zonesante":"Kasongo Lunda","airesante":"Muana Muyombo","localite":"Kihombo","localitetype":"Village","source_acronym":"DSNIS","date":"2019","grid3id":"KG_E463EE0039","territoire":"Kasongo-Lunda"}},{"type":"Feature","geometry":{"type":"Point","coordinates":[17.772156,-6.521588]},"properties":{"province":"Kwango","zonesante":"Mwela Lembwa","airesante":"Kabolo","localite":"Kihungi","localitetype":"Village","source_acronym":"DSNIS","date":"2019","grid3id":"KG_E56AA46F5E","territoire":"Feshi"}},{"type":"Feature","geometry":{"type":"Point","coordinates":[18.352725,-6.247566]},"properties":{"province":"Kwango","zonesante":"Feshi","airesante":"Maziamo","localite":"Kijinga","localitetype":"Village","source_acronym":"DSNIS","date":"2019","grid3id":"KG_3766AC76AC","territoire":"Feshi"}},{"type":"Feature","geometry":{"type":"Point","coordinates":[18.022463,-7.569923]},"properties":{"province":"Kwango","zonesante":"Panzi","airesante":"Kibunda 2","localite":"Kikalakasa","localitetype":"Village","source_acronym":"DSNIS","date":"2019","grid3id":"KG_071CBC862A","territoire":"Kasongo-Lunda"}},{"type":"Feature","geometry":{"type":"Point","coordinates":[16.269033,-5.770578]},"properties":{"province":"Kwango","zonesante":"Popokabaka","airesante":"Ngasa","localite":"Kikalala","localitetype":"Village","source_acronym":"DSNIS","date":"2019","grid3id":"KG_ABB4C2A8EF","territoire":"Popokabaka"}},{"type":"Feature","geometry":{"type":"Point","coordinates":[17.463859,-5.852013]},"properties":{"province":"Kwango","zonesante":"Mwela Lembwa","airesante":"Kalenda","localite":"Kikamba","localitetype":"Village","source_acronym":"DSNIS","date":"2019","grid3id":"KG_C47A85F292","territoire":"Feshi"}},{"type":"Feature","geometry":{"type":"Point","coordinates":[17.658447,-7.356757]},"properties":{"province":"Kwango","zonesante":"Tembo","airesante":"Kisadi","localite":"Kikangala","localitetype":"Village","source_acronym":"DSNIS","date":"2019","grid3id":"KG_9CB5D42575","territoire":"Kasongo-Lunda"}},{"type":"Feature","geometry":{"type":"Point","coordinates":[17.40103,-6.359398]},"properties":{"province":"Kwango","zonesante":"Wamba Lwadi","airesante":"Kankuluba","localite":"Kikangu","localitetype":"Village","source_acronym":"DSNIS","date":"2019","grid3id":"KG_80447B6F58","territoire":"Kasongo-Lunda"}},{"type":"Feature","geometry":{"type":"Point","coordinates":[17.173405,-6.99047]},"properties":{"province":"Kwango","zonesante":"Kitenda","airesante":"Fwangongo","localite":"Kikasu","localitetype":"Village","source_acronym":"DSNIS","date":"2019","grid3id":"KG_3ED016876C","territoire":"Kasongo-Lunda"}},{"type":"Feature","geometry":{"type":"Point","coordinates":[18.346527,-6.068081]},"properties":{"province":"Kwango","zonesante":"Feshi","airesante":"Kabunda","localite":"Kikawa","localitetype":"Village","source_acronym":"DSNIS","date":"2019","grid3id":"KG_914FAAF967","territoire":"Feshi"}},{"type":"Feature","geometry":{"type":"Point","coordinates":[19.322263,-6.163678]},"properties":{"province":"Kwango","zonesante":"Kisanji","airesante":"Kitanda","localite":"Kikhombo","localitetype":"Village","source_acronym":"DSNIS","date":"2019","grid3id":"KG_2832AA19A3","territoire":"Feshi"}},{"type":"Feature","geometry":{"type":"Point","coordinates":[18.417308,-5.957276]},"properties":{"province":"Kwango","zonesante":"Feshi","airesante":"Mafishi","localite":"Kikiala","localitetype":"Village","source_acronym":"DSNIS","date":"2019","grid3id":"KG_1ACCFFA139","territoire":"Feshi"}},{"type":"Feature","geometry":{"type":"Point","coordinates":[16.774569,-6.651085]},"properties":{"province":"Kwango","zonesante":"Kasongo Lunda","airesante":"Manzengele","localite":"Kikiala","localitetype":"Village","source_acronym":"DSNIS","date":"2019","grid3id":"KG_EAED7144F2"}},{"type":"Feature","geometry":{"type":"Point","coordinates":[17.253735,-6.759714]},"properties":{"province":"Kwango","zonesante":"Kitenda","airesante":"Bondo Pokoso","localite":"Kikiala","localitetype":"Village","source_acronym":"DSNIS","date":"2019","grid3id":"KG_489CE552BE","territoire":"Kasongo-Lunda"}},{"type":"Feature","geometry":{"type":"Point","coordinates":[16.518581,-5.036164]},"properties":{"province":"Kwango","zonesante":"Popokabaka","airesante":"Kingunzi","localite":"Kikiama","localitetype":"Village","source_acronym":"DSNIS","date":"2019","grid3id":"KG_1237642FDE","territoire":"Popokabaka"}},{"type":"Feature","geometry":{"type":"Point","coordinates":[17.404898,-5.655572]},"properties":{"province":"Kwango","zonesante":"Kimbao","airesante":"Kambundi Bobila","localite":"Kikianga","localitetype":"Hameau","source_acronym":"DSNIS","date":"2019","grid3id":"KG_61D15DCCCB","territoire":"Kenge"}},{"type":"Feature","geometry":{"type":"Point","coordinates":[17.657006,-5.837407]},"properties":{"province":"Kwango","zonesante":"Mwela Lembwa","airesante":"Kingungu","localite":"Kikianika","localitetype":"Village","source_acronym":"DSNIS","date":"2019","grid3id":"KG_26330E543A","territoire":"Feshi"}},{"type":"Feature","geometry":{"type":"Point","coordinates":[16.85874,-4.788171]},"properties":{"province":"Kwango","zonesante":"Boko","airesante":"Mbindanseke","localite":"Kikidikidi Inst Tuvukana","localitetype":"Village","source_acronym":"DSNIS","date":"2019","grid3id":"KG_EC7F5340AA","territoire":"Kenge"}},{"type":"Feature","geometry":{"type":"Point","coordinates":[16.777752,-6.595866]},"properties":{"province":"Kwango","zonesante":"Kasongo Lunda","airesante":"Munganda","localite":"Kikienda 1","localitetype":"Village","source_acronym":"DSNIS","date":"2019","grid3id":"KG_29AAD70AFC","territoire":"Kasongo-Lunda"}},{"type":"Feature","geometry":{"type":"Point","coordinates":[16.773601,-6.59933]},"properties":{"province":"Kwango","zonesante":"Kasongo Lunda","airesante":"Munganda","localite":"Kikienda 2","localitetype":"Village","source_acronym":"DSNIS","date":"2019","grid3id":"KG_FB39C14156"}},{"type":"Feature","geometry":{"type":"Point","coordinates":[17.373842,-6.751981]},"properties":{"province":"Kwango","zonesante":"Kitenda","airesante":"Makenzi","localite":"Kikobo","localitetype":"Village","source_acronym":"DSNIS","date":"2019","grid3id":"KG_660428B91A","territoire":"Kasongo-Lunda"}},{"type":"Feature","geometry":{"type":"Point","coordinates":[17.141981,-7.243828]},"properties":{"province":"Kwango","zonesante":"Kitenda","airesante":"Sefu","localite":"Kikobo","localitetype":"Village","source_acronym":"DSNIS","date":"2019","grid3id":"KG_4206C3D969","territoire":"Kasongo-Lunda"}},{"type":"Feature","geometry":{"type":"Point","coordinates":[18.304568,-6.61334]},"properties":{"province":"Kwango","zonesante":"Feshi","airesante":"Mabaya","localite":"Kikolasoni","localitetype":"Hameau","source_acronym":"DSNIS","date":"2019","grid3id":"KG_4630EE78E4","territoire":"Feshi"}},{"type":"Feature","geometry":{"type":"Point","coordinates":[16.788218,-6.718355]},"properties":{"province":"Kwango","zonesante":"Kasongo Lunda","airesante":"Manzengele","localite":"Kikomba","localitetype":"Village","source_acronym":"DSNIS","date":"2019","grid3id":"KG_E4B539A3DD"}},{"type":"Feature","geometry":{"type":"Point","coordinates":[17.497199,-6.746468]},"properties":{"province":"Kwango","zonesante":"Kitenda","airesante":"Baringa","localite":"Kikomba","localitetype":"Village","source_acronym":"DSNIS","date":"2019","grid3id":"KG_28D19E0527","territoire":"Kasongo-Lunda"}},{"type":"Feature","geometry":{"type":"Point","coordinates":[17.445035,-4.438354]},"properties":{"province":"Kwango","zonesante":"Kenge","airesante":"Kolokoso","localite":"Kikombi","localitetype":"Hameau","source_acronym":"DSNIS","date":"2019","grid3id":"KG_5B2D7767E7","territoire":"Kenge"}},{"type":"Feature","geometry":{"type":"Point","coordinates":[18.150289,-5.968431]},"properties":{"province":"Kwango","zonesante":"Feshi","airesante":"Kikombo","localite":"Kikombo","localitetype":"Village","source_acronym":"DSNIS","date":"2019","grid3id":"KG_6CF38ED860","territoire":"Feshi"}},{"type":"Feature","geometry":{"type":"Point","coordinates":[17.462627,-6.815065]},"properties":{"province":"Kwango","zonesante":"Kitenda","airesante":"Kazembe","localite":"Kikombo","localitetype":"Village","source_acronym":"DSNIS","date":"2019","grid3id":"KG_7CF0D6D1B0","territoire":"Kasongo-Lunda"}},{"type":"Feature","geometry":{"type":"Point","coordinates":[17.732946,-5.823838]},"properties":{"province":"Kwango","zonesante":"Mwela Lembwa","airesante":"Kingungu","localite":"Kikombo 1","localitetype":"Village","source_acronym":"DSNIS","date":"2019","grid3id":"KG_C8EB4DBDF6","territoire":"Feshi"}},{"type":"Feature","geometry":{"type":"Point","coordinates":[17.730877,-5.821191]},"properties":{"province":"Kwango","zonesante":"Mwela Lembwa","airesante":"Kingungu","localite":"Kikombo 2","localitetype":"Village","source_acronym":"DSNIS","date":"2019","grid3id":"KG_766648FD24","territoire":"Feshi"}},{"type":"Feature","geometry":{"type":"Point","coordinates":[17.814369,-7.22661]},"properties":{"province":"Kwango","zonesante":"Panzi","airesante":"Kiama","localite":"Kikombo Kayala","localitetype":"Village","source_acronym":"DSNIS","date":"2019","grid3id":"KG_F9591B4E46","territoire":"Kasongo-Lunda"}},{"type":"Feature","geometry":{"type":"Point","coordinates":[17.543894,-4.469747]},"properties":{"province":"Kwango","zonesante":"Kenge","airesante":"Kikongo Lwasa","localite":"Kikonzi 1","localitetype":"Village","source_acronym":"DSNIS","date":"2019","grid3id":"KG_9ABCB02EB7","territoire":"Kenge"}},{"type":"Feature","geometry":{"type":"Point","coordinates":[17.558554,-4.470866]},"properties":{"province":"Kwango","zonesante":"Kenge","airesante":"Kikongo Lwasa","localite":"Kikonzi 2","localitetype":"Village","source_acronym":"DSNIS","date":"2019","grid3id":"KG_58762E20EE","territoire":"Kenge"}},{"type":"Feature","geometry":{"type":"Point","coordinates":[17.264701,-5.466802]},"properties":{"province":"Kwango","zonesante":"Kimbao","airesante":"Kabuita","localite":"Kikula","localitetype":"Village","source_acronym":"DSNIS","date":"2019","grid3id":"KG_353C2B34BC","territoire":"Kenge"}},{"type":"Feature","geometry":{"type":"Point","coordinates":[17.684696,-4.359822]},"properties":{"province":"Kwango","zonesante":"Kenge","airesante":"Bangongo","localite":"Kikumba","localitetype":"Hameau","source_acronym":"DSNIS","date":"2019","grid3id":"KG_E79B97C007","territoire":"Kenge"}},{"type":"Feature","geometry":{"type":"Point","coordinates":[17.448976,-6.644029]},"properties":{"province":"Kwango","zonesante":"Wamba Lwadi","airesante":"Kibinda","localite":"Kikundula","localitetype":"Village","source_acronym":"DSNIS","date":"2019","grid3id":"KG_78AAA905B9","territoire":"Kasongo-Lunda"}},{"type":"Feature","geometry":{"type":"Point","coordinates":[17.504497,-4.490375]},"properties":{"province":"Kwango","zonesante":"Kenge","airesante":"Kikongo Lwasa","localite":"Kikunzu","localitetype":"Village","source_acronym":"DSNIS","date":"2019","grid3id":"KG_2B077C566C","territoire":"Kenge"}},{"type":"Feature","geometry":{"type":"Point","coordinates":[16.783781,-4.736633]},"properties":{"province":"Kwango","zonesante":"Boko","airesante":"Lonzo","localite":"Kikusu","localitetype":"Village","source_acronym":"DSNIS","date":"2019","grid3id":"KG_5D5DFB9C45","territoire":"Kenge"}},{"type":"Feature","geometry":{"type":"Point","coordinates":[17.253904,-6.825304]},"properties":{"province":"Kwango","zonesante":"Kitenda","airesante":"Kikuti","localite":"Kikuti","localitetype":"Village","source_acronym":"DSNIS","date":"2019","grid3id":"KG_14E3E14A26","territoire":"Kasongo-Lunda"}},{"type":"Feature","geometry":{"type":"Point","coordinates":[17.58487,-6.141016]},"properties":{"province":"Kwango","zonesante":"Mwela Lembwa","airesante":"Matari","localite":"Kikwafu","localitetype":"Village","source_acronym":"DSNIS","date":"2019","grid3id":"KG_CA77DF6013","territoire":"Feshi"}},{"type":"Feature","geometry":{"type":"Point","coordinates":[16.743599,-6.209713]},"properties":{"province":"Kwango","zonesante":"Kasongo Lunda","airesante":"Mahuangi","localite":"Kikwamba","localitetype":"Village","source_acronym":"DSNIS","date":"2019","grid3id":"KG_1C97482EBF","territoire":"Kasongo-Lunda"}},{"type":"Feature","geometry":{"type":"Point","coordinates":[17.386967,-5.348966]},"properties":{"province":"Kwango","zonesante":"Kimbao","localite":"Kikwanga","localitetype":"Village","source_acronym":"DSNIS","date":"2019","grid3id":"KG_83AF2E45F2","territoire":"Kenge"}},{"type":"Feature","geometry":{"type":"Point","coordinates":[17.358627,-5.258455]},"properties":{"province":"Kwango","zonesante":"Kimbao","airesante":"Mutoni Toy","localite":"Kikwangu","localitetype":"Village","source_acronym":"DSNIS","date":"2019","grid3id":"KG_248633351E","territoire":"Kenge"}},{"type":"Feature","geometry":{"type":"Point","coordinates":[17.455599,-6.482978]},"properties":{"province":"Kwango","zonesante":"Wamba Lwadi","airesante":"Kapata","localite":"Kikwangu","localitetype":"Village","source_acronym":"DSNIS","date":"2019","grid3id":"KG_2E9C3610FF","territoire":"Kasongo-Lunda"}},{"type":"Feature","geometry":{"type":"Point","coordinates":[17.252266,-5.306915]},"properties":{"province":"Kwango","zonesante":"Kimbao","airesante":"Kiyenga","localite":"Kikwasi","localitetype":"Village","source_acronym":"DSNIS","date":"2019","grid3id":"KG_E6EFF9E5CB","territoire":"Kenge"}},{"type":"Feature","geometry":{"type":"Point","coordinates":[17.368553,-5.851768]},"properties":{"province":"Kwango","zonesante":"Mwela Lembwa","airesante":"Tsakala Kuku","localite":"Kikwati","localitetype":"Village","source_acronym":"DSNIS","date":"2019","grid3id":"KG_ABAFCB9D82","territoire":"Feshi"}},{"type":"Feature","geometry":{"type":"Point","coordinates":[17.592405,-4.42748]},"properties":{"province":"Kwango","zonesante":"Kenge","airesante":"Ngondi Mutombo","localite":"Kikwe Kalunga","localitetype":"Village","source_acronym":"DSNIS","date":"2019","grid3id":"KG_89151E9770","territoire":"Kenge"}},{"type":"Feature","geometry":{"type":"Point","coordinates":[17.718873,-5.763334]},"properties":{"province":"Kwango","zonesante":"Feshi","airesante":"Mumbanda","localite":"Kikwengo","localitetype":"Village","source_acronym":"DSNIS","date":"2019","grid3id":"KG_83A8F42F51","territoire":"Feshi"}},{"type":"Feature","geometry":{"type":"Point","coordinates":[18.572306,-6.509003]},"properties":{"province":"Kwango","zonesante":"Feshi","airesante":"Utadi","localite":"Kikwengwe","localitetype":"Hameau","source_acronym":"DSNIS","date":"2019","grid3id":"KG_F1B64D8D20","territoire":"Feshi"}},{"type":"Feature","geometry":{"type":"Point","coordinates":[16.781797,-6.582129]},"properties":{"province":"Kwango","zonesante":"Kasongo Lunda","airesante":"Munganda","localite":"Kilefo","localitetype":"Village","source_acronym":"DSNIS","date":"2019","grid3id":"KG_AAE4A5A18D","territoire":"Kasongo-Lunda"}},{"type":"Feature","geometry":{"type":"Point","coordinates":[17.428192,-6.800757]},"properties":{"province":"Kwango","zonesante":"Kitenda","airesante":"Kazembe","localite":"Kilenga","localitetype":"Village","source_acronym":"DSNIS","date":"2019","grid3id":"KG_A10C79C22B","territoire":"Kasongo-Lunda"}},{"type":"Feature","geometry":{"type":"Point","coordinates":[17.154398,-6.225437]},"properties":{"province":"Kwango","zonesante":"Kasongo Lunda","airesante":"Bangi","localite":"Kilengala","localitetype":"Village","source_acronym":"DSNIS","date":"2019","grid3id":"KG_6C0A73C682","territoire":"Kasongo-Lunda"}},{"type":"Feature","geometry":{"type":"Point","coordinates":[17.753955,-5.836195]},"properties":{"province":"Kwango","zonesante":"Mwela Lembwa","airesante":"Kingungu","localite":"Kilengwa","localitetype":"Village","source_acronym":"DSNIS","date":"2019","grid3id":"KG_ACCDD71656","territoire":"Feshi"}},{"type":"Feature","geometry":{"type":"Point","coordinates":[19.20688,-6.328834]},"properties":{"province":"Kwango","zonesante":"Kisanji","airesante":"Ngungi","localite":"Kilombo","localitetype":"Village","source_acronym":"DSNIS","date":"2019","grid3id":"KG_0FC8DA6BBE","territoire":"Feshi"}},{"type":"Feature","geometry":{"type":"Point","coordinates":[17.403681,-4.543551]},"properties":{"province":"Kwango","zonesante":"Kenge","airesante":"Kikongo Lwasa","localite":"Kilunda","localitetype":"Village","source_acronym":"DSNIS","date":"2019","grid3id":"KG_204D22D8EA","territoire":"Kenge"}},{"type":"Feature","geometry":{"type":"Point","coordinates":[17.610095,-5.706815]},"properties":{"province":"Kwango","zonesante":"Mwela Lembwa","airesante":"Muboso","localite":"Kilundu","localitetype":"Village","source_acronym":"DSNIS","date":"2019","grid3id":"KG_67EA7A5397","territoire":"Feshi"}},{"type":"Feature","geometry":{"type":"Point","coordinates":[16.844483,-4.953799]},"properties":{"province":"Kwango","zonesante":"Boko","airesante":"Mutombo","localite":"Kilundu","localitetype":"Village","source_acronym":"DSNIS","date":"2019","grid3id":"KG_534079C8F7","territoire":"Kenge"}},{"type":"Feature","geometry":{"type":"Point","coordinates":[16.869024,-4.784528]},"properties":{"province":"Kwango","zonesante":"Boko","airesante":"Mbindanseke","localite":"Kilutu","localitetype":"Village","source_acronym":"DSNIS","date":"2019","grid3id":"KG_B0AE200F86","territoire":"Kenge"}},{"type":"Feature","geometry":{"type":"Point","coordinates":[17.347732,-7.366768]},"properties":{"province":"Kwango","zonesante":"Tembo","airesante":"Ngundu Mayala","localite":"Kilwami","localitetype":"Village","source_acronym":"DSNIS","date":"2019","grid3id":"KG_F45DDC7A6D","territoire":"Kasongo-Lunda"}},{"type":"Feature","geometry":{"type":"Point","coordinates":[16.154698,-5.851117]},"properties":{"province":"Kwango","zonesante":"Popokabaka","airesante":"Kisoma","localite":"Kimaadiangu","localitetype":"Village","source_acronym":"DSNIS","date":"2019","grid3id":"KG_2D3519E6B8","territoire":"Popokabaka"}},{"type":"Feature","geometry":{"type":"Point","coordinates":[18.206727,-6.314121]},"properties":{"province":"Kwango","zonesante":"Feshi","airesante":"Tonu","localite":"Kimafu","localitetype":"Village","source_acronym":"DSNIS","date":"2019","grid3id":"KG_5AEBAFA453","territoire":"Feshi"}},{"type":"Feature","geometry":{"type":"Point","coordinates":[17.363327,-5.294426]},"properties":{"province":"Kwango","zonesante":"Kimbao","airesante":"Mutoni Toy","localite":"Kimafu","localitetype":"Village","source_acronym":"DSNIS","date":"2019","grid3id":"KG_A181385988","territoire":"Kenge"}},{"type":"Feature","geometry":{"type":"Point","coordinates":[17.458206,-6.972988]},"properties":{"province":"Kwango","zonesante":"Kitenda","airesante":"Mwela Kassa","localite":"Kimafu","localitetype":"Village","source_acronym":"DSNIS","date":"2019","grid3id":"KG_FDDD668D76","territoire":"Kasongo-Lunda"}},{"type":"Feature","geometry":{"type":"Point","coordinates":[18.015344,-6.083937]},"properties":{"province":"Kwango","zonesante":"Feshi","localite":"Kimambu","localitetype":"Village","source_acronym":"DSNIS","date":"2019","grid3id":"KG_BD9A006A5D","territoire":"Feshi"}},{"type":"Feature","geometry":{"type":"Point","coordinates":[17.700402,-5.769743]},"properties":{"province":"Kwango","zonesante":"Mwela Lembwa","airesante":"Kingungu","localite":"Kimandu","localitetype":"Village","source_acronym":"DSNIS","date":"2019","grid3id":"KG_31FBDB4D37","territoire":"Feshi"}},{"type":"Feature","geometry":{"type":"Point","coordinates":[16.15371,-5.815706]},"properties":{"province":"Kwango","zonesante":"Popokabaka","airesante":"Kisoma","localite":"Kimasa","localitetype":"Village","source_acronym":"DSNIS","date":"2019","grid3id":"KG_B7D284C663"}},{"type":"Feature","geometry":{"type":"Point","coordinates":[17.336149,-6.334548]},"properties":{"province":"Kwango","zonesante":"Wamba Lwadi","airesante":"Mayimba Ngonda","localite":"Kimbadinga","localitetype":"Village","source_acronym":"DSNIS","date":"2019","grid3id":"KG_54F7F1A1EB","territoire":"Kasongo-Lunda"}},{"type":"Feature","geometry":{"type":"Point","coordinates":[17.192315,-5.355231]},"properties":{"province":"Kwango","zonesante":"Kimbao","airesante":"Kiyenga","localite":"Kimbaka","localitetype":"Village","source_acronym":"DSNIS","date":"2019","grid3id":"KG_EABCE2D51A","territoire":"Kenge"}},{"type":"Feature","geometry":{"type":"Point","coordinates":[17.422254,-6.800701]},"properties":{"province":"Kwango","zonesante":"Kitenda","airesante":"Kazembe","localite":"Kimbaka","localitetype":"Village","source_acronym":"DSNIS","date":"2019","grid3id":"KG_C39DE76A08","territoire":"Kasongo-Lunda"}},{"type":"Feature","geometry":{"type":"Point","coordinates":[17.360955,-4.707509]},"properties":{"province":"Kwango","zonesante":"Kenge","airesante":"Makiala","localite":"Kimbakata","localitetype":"Village","source_acronym":"DSNIS","date":"2019","grid3id":"KG_4224141349","territoire":"Kenge"}},{"type":"Feature","geometry":{"type":"Point","coordinates":[17.752606,-8.047422]},"properties":{"province":"Kwango","zonesante":"Tembo","airesante":"Kahungula","localite":"Kimbaku","localitetype":"Village","source_acronym":"DSNIS","date":"2019","grid3id":"KG_82987B0030","territoire":"Kasongo-Lunda"}},{"type":"Feature","geometry":{"type":"Point","coordinates":[16.826554,-6.537965]},"properties":{"province":"Kwango","zonesante":"Kasongo Lunda","airesante":"Munganda","localite":"Kimbala","localitetype":"Village","source_acronym":"DSNIS","date":"2019","grid3id":"KG_01F8294C06","territoire":"Kasongo-Lunda"}},{"type":"Feature","geometry":{"type":"Point","coordinates":[16.806561,-6.737492]},"properties":{"province":"Kwango","zonesante":"Kasongo Lunda","airesante":"Manzengele","localite":"Kimbala","localitetype":"Village","source_acronym":"DSNIS","date":"2019","grid3id":"KG_AE312039C2"}},{"type":"Feature","geometry":{"type":"Point","coordinates":[17.631619,-5.753667]},"properties":{"province":"Kwango","zonesante":"Mwela Lembwa","airesante":"Muboso","localite":"Kimbala","localitetype":"Village","source_acronym":"DSNIS","date":"2019","grid3id":"KG_13B9EF2CB0","territoire":"Feshi"}},{"type":"Feature","geometry":{"type":"Point","coordinates":[17.248441,-6.561352]},"properties":{"province":"Kwango","zonesante":"Wamba Lwadi","airesante":"Mukumbi","localite":"Kimbala","localitetype":"Village","source_acronym":"DSNIS","date":"2019","grid3id":"KG_8753B37BF2","territoire":"Kasongo-Lunda"}},{"type":"Feature","geometry":{"type":"Point","coordinates":[17.264832,-6.821186]},"properties":{"province":"Kwango","zonesante":"Kitenda","airesante":"Kikuti","localite":"Kimbala","localitetype":"Village","source_acronym":"DSNIS","date":"2019","grid3id":"KG_6022B9A7AC","territoire":"Kasongo-Lunda"}},{"type":"Feature","geometry":{"type":"Point","coordinates":[17.922184,-7.215892]},"properties":{"province":"Kwango","zonesante":"Panzi","airesante":"Panzi Makita","localite":"Kimbalu","localitetype":"Village","source_acronym":"DSNIS","date":"2019","grid3id":"KG_A6E5D13EA2","territoire":"Kasongo-Lunda"}},{"type":"Feature","geometry":{"type":"Point","coordinates":[18.149398,-6.168616]},"properties":{"province":"Kwango","zonesante":"Feshi","airesante":"Feshi 1","localite":"Kimbamba","localitetype":"Village","source_acronym":"DSNIS","date":"2019","grid3id":"KG_F5B509B268","territoire":"Feshi"}},{"type":"Feature","geometry":{"type":"Point","coordinates":[17.765346,-5.854341]},"properties":{"province":"Kwango","zonesante":"Mwela Lembwa","airesante":"Kingungu","localite":"Kimbamba","localitetype":"Village","source_acronym":"DSNIS","date":"2019","grid3id":"KG_93B72C95B4","territoire":"Feshi"}},{"type":"Feature","geometry":{"type":"Point","coordinates":[16.850751,-6.844806]},"properties":{"province":"Kwango","zonesante":"Kasongo Lunda","airesante":"Mulundu","localite":"Kimbangala","localitetype":"Village","source_acronym":"DSNIS","date":"2019","grid3id":"KG_8AF521C9A2"}},{"type":"Feature","geometry":{"type":"Point","coordinates":[17.382809,-6.732396]},"properties":{"province":"Kwango","zonesante":"Kitenda","airesante":"Makenzi","localite":"Kimbangu","localitetype":"Village","source_acronym":"DSNIS","date":"2019","grid3id":"KG_35E8D79B71","territoire":"Kasongo-Lunda"}},{"type":"Feature","geometry":{"type":"Point","coordinates":[17.485284,-4.776028]},"properties":{"province":"Kwango","zonesante":"Kenge","airesante":"Misele","localite":"Kimbanza","localitetype":"Village","source_acronym":"DSNIS","date":"2019","grid3id":"KG_B0536AC53E","territoire":"Kenge"}},{"type":"Feature","geometry":{"type":"Point","coordinates":[16.798394,-4.818604]},"properties":{"province":"Kwango","zonesante":"Boko","airesante":"Mutombo","localite":"Kimbanza","localitetype":"Village","source_acronym":"DSNIS","date":"2019","grid3id":"KG_8F6D0A7D5B","territoire":"Kenge"}},{"type":"Feature","geometry":{"type":"Point","coordinates":[17.592793,-4.55839]},"properties":{"province":"Kwango","zonesante":"Kenge","airesante":"Musangu Tsay","localite":"Kimbanzi","localitetype":"Village","source_acronym":"DSNIS","date":"2019","grid3id":"KG_8702416EB6","territoire":"Kenge"}},{"type":"Feature","geometry":{"type":"Point","coordinates":[17.310835,-6.813237]},"properties":{"province":"Kwango","zonesante":"Kitenda","airesante":"Bamba","localite":"Kimbatseke","localitetype":"Village","source_acronym":"DSNIS","date":"2019","grid3id":"KG_88A55980E1","territoire":"Kasongo-Lunda"}},{"type":"Feature","geometry":{"type":"Point","coordinates":[16.782128,-4.481128]},"properties":{"province":"Kwango","zonesante":"Boko","airesante":"Bitadiluasa","localite":"Kimbe","localitetype":"Village","source_acronym":"DSNIS","date":"2019","grid3id":"KG_EAAC044A4E","territoire":"Kenge"}},{"type":"Feature","geometry":{"type":"Point","coordinates":[17.582748,-6.613815]},"properties":{"province":"Kwango","zonesante":"Panzi","airesante":"Kibunda 1","localite":"Kimbeka","localitetype":"Village","source_acronym":"DSNIS","date":"2019","grid3id":"KG_AE008373E6","territoire":"Kasongo-Lunda"}},{"type":"Feature","geometry":{"type":"Point","coordinates":[16.733073,-6.149684]},"properties":{"province":"Kwango","zonesante":"Kasongo Lunda","airesante":"Kimbeko","localite":"Kimbeko","localitetype":"Village","source_acronym":"DSNIS","date":"2019","grid3id":"KG_56C85943A9","territoire":"Kasongo-Lunda"}},{"type":"Feature","geometry":{"type":"Point","coordinates":[17.735598,-5.758469]},"properties":{"province":"Kwango","zonesante":"Feshi","airesante":"Mumbanda","localite":"Kimbenga","localitetype":"Village","source_acronym":"DSNIS","date":"2019","grid3id":"KG_0290E0472B","territoire":"Feshi"}},{"type":"Feature","geometry":{"type":"Point","coordinates":[16.530349,-4.850729]},"properties":{"province":"Kwango","zonesante":"Boko","airesante":"Takundi","localite":"Kimbengani","localitetype":"Village","source_acronym":"DSNIS","date":"2019","grid3id":"KG_6956ECEF46","territoire":"Kenge"}},{"type":"Feature","geometry":{"type":"Point","coordinates":[16.86814,-4.817636]},"properties":{"province":"Kwango","zonesante":"Boko","airesante":"Mbindanseke","localite":"Kimbinda 2","localitetype":"Village","source_acronym":"DSNIS","date":"2019","grid3id":"KG_501209AE3B","territoire":"Kenge"}},{"type":"Feature","geometry":{"type":"Point","coordinates":[17.661509,-4.420187]},"properties":{"province":"Kwango","zonesante":"Kenge","airesante":"Ngondi Mutombo","localite":"Kimbinga","localitetype":"Village","source_acronym":"DSNIS","date":"2019","grid3id":"KG_CE930845E2","territoire":"Kenge"}},{"type":"Feature","geometry":{"type":"Point","coordinates":[17.595418,-4.437032]},"properties":{"province":"Kwango","zonesante":"Kenge","airesante":"Ngondi Mutombo","localite":"Kimbolo","localitetype":"Village","source_acronym":"DSNIS","date":"2019","grid3id":"KG_F5D9F995F2","territoire":"Kenge"}},{"type":"Feature","geometry":{"type":"Point","coordinates":[17.606636,-5.778742]},"properties":{"province":"Kwango","zonesante":"Mwela Lembwa","airesante":"Muboso","localite":"Kimbolo","localitetype":"Village","source_acronym":"DSNIS","date":"2019","grid3id":"KG_5B6E6F70FD","territoire":"Feshi"}},{"type":"Feature","geometry":{"type":"Point","coordinates":[17.152612,-6.733807]},"properties":{"province":"Kwango","zonesante":"Kitenda","airesante":"Kimbwasa","localite":"Kimbondo","localitetype":"Village","source_acronym":"DSNIS","date":"2019","grid3id":"KG_0D485EAD2E","territoire":"Kasongo-Lunda"}},{"type":"Feature","geometry":{"type":"Point","coordinates":[16.775921,-4.819842]},"properties":{"province":"Kwango","zonesante":"Boko","airesante":"Mutombo","localite":"Kimbongila","localitetype":"Village","source_acronym":"DSNIS","date":"2019","grid3id":"KG_3A59ADC2CC","territoire":"Kenge"}},{"type":"Feature","geometry":{"type":"Point","coordinates":[16.997683,-5.261887]},"properties":{"province":"Kwango","zonesante":"Kimbao","airesante":"Kikongo","localite":"Kimbongo","localitetype":"Village","source_acronym":"DSNIS","date":"2019","grid3id":"KG_F6D9204FD5","territoire":"Kenge"}},{"type":"Feature","geometry":{"type":"Point","coordinates":[16.868636,-4.410179]},"properties":{"province":"Kwango","zonesante":"Boko","airesante":"Bitadiluasa","localite":"Kimbongo","localitetype":"Hameau","source_acronym":"DSNIS","date":"2019","grid3id":"KG_0163485320","territoire":"Kenge"}},{"type":"Feature","geometry":{"type":"Point","coordinates":[16.80015,-6.490032]},"properties":{"province":"Kwango","zonesante":"Kasongo Lunda","airesante":"Nzakimwena","localite":"Kimbulu","localitetype":"Village","source_acronym":"DSNIS","date":"2019","grid3id":"KG_8F1CED6995","territoire":"Kasongo-Lunda"}},{"type":"Feature","geometry":{"type":"Point","coordinates":[17.385321,-5.835634]},"properties":{"province":"Kwango","zonesante":"Mwela Lembwa","airesante":"Tsakala Kuku","localite":"Kimbunda","localitetype":"Village","source_acronym":"DSNIS","date":"2019","grid3id":"KG_FC619AD9AB","territoire":"Feshi"}},{"type":"Feature","geometry":{"type":"Point","coordinates":[18.353194,-6.265618]},"properties":{"province":"Kwango","zonesante":"Feshi","airesante":"Maziamo","localite":"Kimbungu","localitetype":"Hameau","source_acronym":"DSNIS","date":"2019","grid3id":"KG_A1FEE5DE88","territoire":"Feshi"}},{"type":"Feature","geometry":{"type":"Point","coordinates":[17.88369,-6.252377]},"properties":{"province":"Kwango","zonesante":"Mwela Lembwa","airesante":"Kandi Lukeni","localite":"Kimbunziala","localitetype":"Village","source_acronym":"DSNIS","date":"2019","grid3id":"KG_709D021257","territoire":"Feshi"}},{"type":"Feature","geometry":{"type":"Point","coordinates":[17.142478,-6.71924]},"properties":{"province":"Kwango","zonesante":"Kitenda","airesante":"Kimbwasa","localite":"Kimbwasa","localitetype":"Village","source_acronym":"DSNIS","date":"2019","grid3id":"KG_5271C82C98","territoire":"Kasongo-Lunda"}},{"type":"Feature","geometry":{"type":"Point","coordinates":[16.302033,-4.763003]},"properties":{"province":"Kwango","zonesante":"Boko","airesante":"Kabuba","localite":"Kimbwoto","localitetype":"Village","source_acronym":"DSNIS","date":"2019","grid3id":"KG_1D47D37C91","territoire":"Kenge"}},{"type":"Feature","geometry":{"type":"Point","coordinates":[17.489429,-6.226191]},"properties":{"province":"Kwango","zonesante":"Mwela Lembwa","airesante":"Kimfusa","localite":"Kimfusa","localitetype":"Village","source_acronym":"DSNIS","date":"2019","grid3id":"KG_6621E260AC","territoire":"Feshi"}},{"type":"Feature","geometry":{"type":"Point","coordinates":[18.34873,-6.132767]},"properties":{"province":"Kwango","zonesante":"Feshi","airesante":"Maziamo","localite":"Kimonasombi","localitetype":"Village","source_acronym":"DSNIS","date":"2019","grid3id":"KG_4C5640A8B0","territoire":"Feshi"}},{"type":"Feature","geometry":{"type":"Point","coordinates":[16.870401,-4.410782]},"properties":{"province":"Kwango","zonesante":"Boko","airesante":"Bitadiluasa","localite":"Kimonvo","localitetype":"Hameau","source_acronym":"DSNIS","date":"2019","grid3id":"KG_F53638DDBE","territoire":"Kenge"}},{"type":"Feature","geometry":{"type":"Point","coordinates":[17.258155,-5.088309]},"properties":{"province":"Kwango","zonesante":"Kenge","airesante":"Makiosi","localite":"Kimuela","localitetype":"Village","source_acronym":"DSNIS","date":"2019","grid3id":"KG_BC1062D91B","territoire":"Kenge"}},{"type":"Feature","geometry":{"type":"Point","coordinates":[17.407151,-5.043325]},"properties":{"province":"Kwango","zonesante":"Kenge","airesante":"Kimwela Tsay","localite":"Kimvula","localitetype":"Village","source_acronym":"DSNIS","date":"2019","grid3id":"KG_FEE3D445E8","territoire":"Kenge"}},{"type":"Feature","geometry":{"type":"Point","coordinates":[16.563742,-4.827472]},"properties":{"province":"Kwango","zonesante":"Boko","airesante":"Takundi","localite":"Kimvumbi","localitetype":"Village","source_acronym":"DSNIS","date":"2019","grid3id":"KG_85BC390C06","territoire":"Kenge"}},{"type":"Feature","geometry":{"type":"Point","coordinates":[16.857181,-4.888042]},"properties":{"province":"Kwango","zonesante":"Boko","airesante":"Mutombo","localite":"Kimvunzi","localitetype":"Village","source_acronym":"DSNIS","date":"2019","grid3id":"KG_F1BBE25F90","territoire":"Kenge"}},{"type":"Feature","geometry":{"type":"Point","coordinates":[17.627205,-4.439218]},"properties":{"province":"Kwango","zonesante":"Kenge","airesante":"Ngondi Mutombo","localite":"Kimwabi 1","localitetype":"Village","source_acronym":"DSNIS","date":"2019","grid3id":"KG_7094025C9B","territoire":"Kenge"}},{"type":"Feature","geometry":{"type":"Point","coordinates":[17.160938,-5.053022]},"properties":{"province":"Kwango","zonesante":"Kenge","airesante":"Mukumbi","localite":"Kimwambu","localitetype":"Village","source_acronym":"DSNIS","date":"2019","grid3id":"KG_807F82B112","territoire":"Kenge"}},{"type":"Feature","geometry":{"type":"Point","coordinates":[16.954193,-7.130361]},"properties":{"province":"Kwango","zonesante":"Kitenda","airesante":"Kimwambu","localite":"Kimwambu","localitetype":"Village","source_acronym":"DSNIS","date":"2019","grid3id":"KG_0F67547A86","territoire":"Kasongo-Lunda"}},{"type":"Feature","geometry":{"type":"Point","coordinates":[17.022149,-6.478894]},"properties":{"province":"Kwango","zonesante":"Kasongo Lunda","airesante":"Muana Muyombo","localite":"Kimwambu 1","localitetype":"Village","source_acronym":"DSNIS","date":"2019","grid3id":"KG_88FF820843","territoire":"Kasongo-Lunda"}},{"type":"Feature","geometry":{"type":"Point","coordinates":[16.861223,-4.827815]},"properties":{"province":"Kwango","zonesante":"Boko","airesante":"Mbindanseke","localite":"Kimwanda","localitetype":"Village","source_acronym":"DSNIS","date":"2019","grid3id":"KG_3A1F281CDA","territoire":"Kenge"}},{"type":"Feature","geometry":{"type":"Point","coordinates":[17.871303,-7.054096]},"properties":{"province":"Kwango","zonesante":"Panzi","airesante":"Mukanza","localite":"Kimwanga","localitetype":"Village","source_acronym":"DSNIS","date":"2019","grid3id":"KG_6C539CACB9","territoire":"Kasongo-Lunda"}},{"type":"Feature","geometry":{"type":"Point","coordinates":[17.377975,-6.214669]},"properties":{"province":"Kwango","zonesante":"Wamba Lwadi","airesante":"Manenga","localite":"Kimwanga","localitetype":"Village","source_acronym":"DSNIS","date":"2019","grid3id":"KG_F012758C7F","territoire":"Kasongo-Lunda"}},{"type":"Feature","geometry":{"type":"Point","coordinates":[17.475149,-7.805722]},"properties":{"province":"Kwango","zonesante":"Tembo","airesante":"Ngombetumba","localite":"Kimwanza","localitetype":"Village","source_acronym":"DSNIS","date":"2019","grid3id":"KG_8A36D86B73","territoire":"Kasongo-Lunda"}},{"type":"Feature","geometry":{"type":"Point","coordinates":[16.542211,-4.722399]},"properties":{"province":"Kwango","zonesante":"Boko","airesante":"Takundi","localite":"Kimwe","localitetype":"Village","source_acronym":"DSNIS","date":"2019","grid3id":"KG_ED58A7E445","territoire":"Kenge"}},{"type":"Feature","geometry":{"type":"Point","coordinates":[16.961413,-6.59]},"properties":{"province":"Kwango","zonesante":"Kasongo Lunda","airesante":"Kingunda","localite":"Kimwela","localitetype":"Village","source_acronym":"DSNIS","date":"2019","grid3id":"KG_BF0502F03B","territoire":"Kasongo-Lunda"}},{"type":"Feature","geometry":{"type":"Point","coordinates":[17.605602,-6.146889]},"properties":{"province":"Kwango","zonesante":"Mwela Lembwa","airesante":"Matari","localite":"Kimwela","localitetype":"Village","source_acronym":"DSNIS","date":"2019","grid3id":"KG_5937332963","territoire":"Feshi"}},{"type":"Feature","geometry":{"type":"Point","coordinates":[16.549008,-4.765206]},"properties":{"province":"Kwango","zonesante":"Boko","airesante":"Takundi","localite":"Kimwela","localitetype":"Village","source_acronym":"DSNIS","date":"2019","grid3id":"KG_69FE8B5A63","territoire":"Kenge"}},{"type":"Feature","geometry":{"type":"Point","coordinates":[16.546984,-4.765514]},"properties":{"province":"Kwango","zonesante":"Boko","airesante":"Takundi","localite":"Kimwela 1","localitetype":"Village","source_acronym":"DSNIS","date":"2019","grid3id":"KG_E8F67577EE","territoire":"Kenge"}},{"type":"Feature","geometry":{"type":"Point","coordinates":[17.592234,-4.36153]},"properties":{"province":"Kwango","zonesante":"Kenge","airesante":"Fasamba","localite":"Kina 1","localitetype":"Village","source_acronym":"DSNIS","date":"2019","grid3id":"KG_5A165938B8","territoire":"Kenge"}},{"type":"Feature","geometry":{"type":"Point","coordinates":[16.764088,-6.537675]},"properties":{"province":"Kwango","zonesante":"Kasongo Lunda","airesante":"Munganda","localite":"Kinambanza","localitetype":"Village","source_acronym":"DSNIS","date":"2019","grid3id":"KG_6D87BE05CA","territoire":"Kasongo-Lunda"}},{"type":"Feature","geometry":{"type":"Point","coordinates":[16.844914,-6.559291]},"properties":{"province":"Kwango","zonesante":"Kasongo Lunda","airesante":"Kimbembo","localite":"Kinda","localitetype":"Village","source_acronym":"DSNIS","date":"2019","grid3id":"KG_610572E840","territoire":"Kasongo-Lunda"}},{"type":"Feature","geometry":{"type":"Point","coordinates":[16.857314,-6.869998]},"properties":{"province":"Kwango","zonesante":"Kasongo Lunda","airesante":"Mulundu","localite":"Kindamba Nzadi","localitetype":"Village","source_acronym":"DSNIS","date":"2019","grid3id":"KG_AE50E345C6"}},{"type":"Feature","geometry":{"type":"Point","coordinates":[17.599483,-4.563255]},"properties":{"province":"Kwango","zonesante":"Kenge","airesante":"Musangu Tsay","localite":"Kindambi","localitetype":"Village","source_acronym":"DSNIS","date":"2019","grid3id":"KG_F030F873B0","territoire":"Kenge"}},{"type":"Feature","geometry":{"type":"Point","coordinates":[17.363045,-4.585212]},"properties":{"province":"Kwango","zonesante":"Kenge","airesante":"Makiala","localite":"Kindambi 3","localitetype":"Village","source_acronym":"DSNIS","date":"2019","grid3id":"KG_783229C008","territoire":"Kenge"}},{"type":"Feature","geometry":{"type":"Point","coordinates":[18.174346,-6.21575]},"properties":{"province":"Kwango","zonesante":"Feshi","airesante":"Tonu","localite":"Kindembo","localitetype":"Village","source_acronym":"DSNIS","date":"2019","grid3id":"KG_EF5D4F6BCD","territoire":"Feshi"}},{"type":"Feature","geometry":{"type":"Point","coordinates":[17.421414,-6.925086]},"properties":{"province":"Kwango","zonesante":"Kitenda","airesante":"Mihala","localite":"Kindengo","localitetype":"Village","source_acronym":"DSNIS","date":"2019","grid3id":"KG_5A03FFD828","territoire":"Kasongo-Lunda"}},{"type":"Feature","geometry":{"type":"Point","coordinates":[17.141975,-6.724722]},"properties":{"province":"Kwango","zonesante":"Kitenda","airesante":"Kimbwasa","localite":"Kindimi","localitetype":"Village","source_acronym":"DSNIS","date":"2019","grid3id":"KG_C1D8B640A6","territoire":"Kasongo-Lunda"}},{"type":"Feature","geometry":{"type":"Point","coordinates":[16.301944,-4.644869]},"properties":{"province":"Kwango","zonesante":"Boko","airesante":"Kabuba","localite":"Kindindi","localitetype":"Village","source_acronym":"DSNIS","date":"2019","grid3id":"KG_1AD3105FF1"}},{"type":"Feature","geometry":{"type":"Point","coordinates":[16.829512,-6.690791]},"properties":{"province":"Kwango","zonesante":"Kasongo Lunda","airesante":"Manzengele","localite":"Kindinga 1","localitetype":"Village","source_acronym":"DSNIS","date":"2019","grid3id":"KG_01462A7908","territoire":"Kasongo-Lunda"}},{"type":"Feature","geometry":{"type":"Point","coordinates":[16.823812,-6.695947]},"properties":{"province":"Kwango","zonesante":"Kasongo Lunda","airesante":"Manzengele","localite":"Kindinga 2","localitetype":"Village","source_acronym":"DSNIS","date":"2019","grid3id":"KG_2BDD193179","territoire":"Kasongo-Lunda"}},{"type":"Feature","geometry":{"type":"Point","coordinates":[16.876738,-4.738537]},"properties":{"province":"Kwango","zonesante":"Boko","airesante":"Mbindanseke","localite":"Kindongoloso","localitetype":"Village","source_acronym":"DSNIS","date":"2019","grid3id":"KG_06D1D39113","territoire":"Kenge"}},{"type":"Feature","geometry":{"type":"Point","coordinates":[19.20765,-6.314183]},"properties":{"province":"Kwango","zonesante":"Kisanji","airesante":"Ngungi","localite":"Kindululu","localitetype":"Village","source_acronym":"DSNIS","date":"2019","grid3id":"KG_D8E502E547","territoire":"Feshi"}},{"type":"Feature","geometry":{"type":"Point","coordinates":[16.988538,-6.568664]},"properties":{"province":"Kwango","zonesante":"Kasongo Lunda","airesante":"Kingunda","localite":"Kindundu","localitetype":"Village","source_acronym":"DSNIS","date":"2019","grid3id":"KG_CC5DD4004E","territoire":"Kasongo-Lunda"}},{"type":"Feature","geometry":{"type":"Point","coordinates":[17.607283,-4.604995]},"properties":{"province":"Kwango","zonesante":"Kenge","airesante":"Kimafu","localite":"Kindundu","localitetype":"Village","source_acronym":"DSNIS","date":"2019","grid3id":"KG_D6D6DEFC4F","territoire":"Kenge"}},{"type":"Feature","geometry":{"type":"Point","coordinates":[17.44095,-5.908938]},"properties":{"province":"Kwango","zonesante":"Mwela Lembwa","airesante":"Kalenda","localite":"Kindungu","localitetype":"Village","source_acronym":"DSNIS","date":"2019","grid3id":"KG_5B6EE57E7E","territoire":"Feshi"}},{"type":"Feature","geometry":{"type":"Point","coordinates":[16.964339,-7.112937]},"properties":{"province":"Kwango","zonesante":"Kitenda","airesante":"Kimwambu","localite":"Kindungu","localitetype":"Village","source_acronym":"DSNIS","date":"2019","grid3id":"KG_9EF331F5C5","territoire":"Kasongo-Lunda"}},{"type":"Feature","geometry":{"type":"Point","coordinates":[16.161506,-5.850559]},"properties":{"province":"Kwango","zonesante":"Popokabaka","airesante":"Kisoma","localite":"Kinengo","localitetype":"Village","source_acronym":"DSNIS","date":"2019","grid3id":"KG_F28CF07880","territoire":"Popokabaka"}},{"type":"Feature","geometry":{"type":"Point","coordinates":[17.455525,-4.363005]},"properties":{"province":"Kwango","zonesante":"Kenge","airesante":"Kapay Lono","localite":"Kingabwa","localitetype":"Village","source_acronym":"DSNIS","date":"2019","grid3id":"KG_C2F8BDF288","territoire":"Kenge"}},{"type":"Feature","geometry":{"type":"Point","coordinates":[16.737062,-6.187439]},"properties":{"province":"Kwango","zonesante":"Kasongo Lunda","airesante":"Mahuangi","localite":"Kingala Bwanga","localitetype":"Village","source_acronym":"DSNIS","date":"2019","grid3id":"KG_40229EC778","territoire":"Kasongo-Lunda"}},{"type":"Feature","geometry":{"type":"Point","coordinates":[17.233378,-4.916377]},"properties":{"province":"Kwango","zonesante":"Kenge","airesante":"Swa Bangu","localite":"Kingandi","localitetype":"Village","source_acronym":"DSNIS","date":"2019","grid3id":"KG_5A888D5877","territoire":"Kenge"}},{"type":"Feature","geometry":{"type":"Point","coordinates":[17.176958,-6.8105]},"properties":{"province":"Kwango","zonesante":"Kitenda","airesante":"Mwana Uta","localite":"Kingandu","localitetype":"Village","source_acronym":"DSNIS","date":"2019","grid3id":"KG_5688A035CB","territoire":"Kasongo-Lunda"}},{"type":"Feature","geometry":{"type":"Point","coordinates":[17.358385,-5.513347]},"properties":{"province":"Kwango","zonesante":"Kimbao","airesante":"Kimbau","localite":"Kingangu","localitetype":"Village","source_acronym":"DSNIS","date":"2019","grid3id":"KG_04FF66099F","territoire":"Kenge"}},{"type":"Feature","geometry":{"type":"Point","coordinates":[19.111671,-6.272339]},"properties":{"province":"Kwango","zonesante":"Kisanji","airesante":"Kambondo","localite":"Kingangu","localitetype":"Village","source_acronym":"DSNIS","date":"2019","grid3id":"KG_2F20040EB2","territoire":"Feshi"}},{"type":"Feature","geometry":{"type":"Point","coordinates":[17.309342,-6.83266]},"properties":{"province":"Kwango","zonesante":"Kitenda","airesante":"Bamba","localite":"Kingangula","localitetype":"Village","source_acronym":"DSNIS","date":"2019","grid3id":"KG_90FB59695A","territoire":"Kasongo-Lunda"}},{"type":"Feature","geometry":{"type":"Point","coordinates":[17.270349,-6.820767]},"properties":{"province":"Kwango","zonesante":"Kitenda","airesante":"Kikuti","localite":"Kingangula 2","localitetype":"Village","source_acronym":"DSNIS","date":"2019","grid3id":"KG_4BDA34B87C","territoire":"Kasongo-Lunda"}},{"type":"Feature","geometry":{"type":"Point","coordinates":[17.427371,-5.896537]},"properties":{"province":"Kwango","zonesante":"Mwela Lembwa","airesante":"Kalenda","localite":"Kingasi","localitetype":"Village","source_acronym":"DSNIS","date":"2019","grid3id":"KG_56A3330227","territoire":"Feshi"}},{"type":"Feature","geometry":{"type":"Point","coordinates":[16.982604,-6.492255]},"properties":{"province":"Kwango","zonesante":"Kasongo Lunda","airesante":"Muana Muyombo","localite":"Kingete","localitetype":"Village","source_acronym":"DSNIS","date":"2019","grid3id":"KG_EB793E7FE5","territoire":"Kasongo-Lunda"}},{"type":"Feature","geometry":{"type":"Point","coordinates":[16.937614,-6.282897]},"properties":{"province":"Kwango","zonesante":"Kasongo Lunda","airesante":"Kishiama","localite":"Kingindu","localitetype":"Village","source_acronym":"DSNIS","date":"2019","grid3id":"KG_50232BE191","territoire":"Kasongo-Lunda"}},{"type":"Feature","geometry":{"type":"Point","coordinates":[17.546165,-4.247219]},"properties":{"province":"Kwango","zonesante":"Kenge","airesante":"Fasamba","localite":"Kingomambanda","localitetype":"Village","source_acronym":"DSNIS","date":"2019","grid3id":"KG_7DBB8E5D6F","territoire":"Kenge"}},{"type":"Feature","geometry":{"type":"Point","coordinates":[17.406792,-6.085124]},"properties":{"province":"Kwango","zonesante":"Wamba Lwadi","airesante":"Buka Pongi","localite":"Kingombo","localitetype":"Village","source_acronym":"DSNIS","date":"2019","grid3id":"KG_7F08F3075E","territoire":"Kasongo-Lunda"}},{"type":"Feature","geometry":{"type":"Point","coordinates":[17.813438,-6.091587]},"properties":{"province":"Kwango","zonesante":"Mwela Lembwa","airesante":"Kandi Lukeni","localite":"Kingongwa","localitetype":"Village","source_acronym":"DSNIS","date":"2019","grid3id":"KG_6A609198C8","territoire":"Feshi"}},{"type":"Feature","geometry":{"type":"Point","coordinates":[16.542841,-4.873985]},"properties":{"province":"Kwango","zonesante":"Boko","airesante":"Takundi","localite":"Kingoy","localitetype":"Hameau","source_acronym":"DSNIS","date":"2019","grid3id":"KG_7182F6588D","territoire":"Kenge"}},{"type":"Feature","geometry":{"type":"Point","coordinates":[18.348297,-6.165158]},"properties":{"province":"Kwango","zonesante":"Feshi","airesante":"Maziamo","localite":"Kingulu","localitetype":"Village","source_acronym":"DSNIS","date":"2019","grid3id":"KG_AE6287DE2E","territoire":"Feshi"}},{"type":"Feature","geometry":{"type":"Point","coordinates":[17.275451,-6.634179]},"properties":{"province":"Kwango","zonesante":"Wamba Lwadi","airesante":"Kingulu","localite":"Kingulu","localitetype":"Village","source_acronym":"DSNIS","date":"2019","grid3id":"KG_DB8A36666A","territoire":"Kasongo-Lunda"}},{"type":"Feature","geometry":{"type":"Point","coordinates":[17.560505,-4.258497]},"properties":{"province":"Kwango","zonesante":"Kenge","airesante":"Fasamba","localite":"Kingundu","localitetype":"Village","source_acronym":"DSNIS","date":"2019","grid3id":"KG_D4D330470F","territoire":"Kenge"}},{"type":"Feature","geometry":{"type":"Point","coordinates":[19.281245,-6.197638]},"properties":{"province":"Kwango","zonesante":"Kisanji","airesante":"Malundu","localite":"Kingundu","localitetype":"Village","source_acronym":"DSNIS","date":"2019","grid3id":"KG_05BA03C559","territoire":"Feshi"}},{"type":"Feature","geometry":{"type":"Point","coordinates":[17.882586,-6.238399]},"properties":{"province":"Kwango","zonesante":"Mwela Lembwa","airesante":"Kandi Lukeni","localite":"Kingundu","localitetype":"Village","source_acronym":"DSNIS","date":"2019","grid3id":"KG_C3A46B3598","territoire":"Feshi"}},{"type":"Feature","geometry":{"type":"Point","coordinates":[16.774883,-6.320865]},"properties":{"province":"Kwango","zonesante":"Kasongo Lunda","airesante":"Zhinabunkete","localite":"Kingunga","localitetype":"Village","source_acronym":"DSNIS","date":"2019","grid3id":"KG_FF28F81609","territoire":"Kasongo-Lunda"}},{"type":"Feature","geometry":{"type":"Point","coordinates":[17.730095,-5.82359]},"properties":{"province":"Kwango","zonesante":"Mwela Lembwa","airesante":"Kingungu","localite":"Kingungu","localitetype":"Village","source_acronym":"DSNIS","date":"2019","grid3id":"KG_416516C751","territoire":"Feshi"}},{"type":"Feature","geometry":{"type":"Point","coordinates":[17.446481,-6.723181]},"properties":{"province":"Kwango","zonesante":"Kitenda","airesante":"Makenzi","localite":"Kingungu","localitetype":"Village","source_acronym":"DSNIS","date":"2019","grid3id":"KG_AC79FE33F1","territoire":"Kasongo-Lunda"}},{"type":"Feature","geometry":{"type":"Point","coordinates":[18.240929,-7.559348]},"properties":{"province":"Kwango","zonesante":"Panzi","airesante":"Mukalakata","localite":"Kingwangala 2","localitetype":"Village","source_acronym":"DSNIS","date":"2019","grid3id":"KG_D442E3BD47","territoire":"Kasongo-Lunda"}},{"type":"Feature","geometry":{"type":"Point","coordinates":[19.759657,-6.883764]},"properties":{"province":"Kwango","zonesante":"Kahemba","airesante":"Mwasenge","localite":"Kiniama","localitetype":"Village","source_acronym":"DSNIS","date":"2019","grid3id":"KG_7BEE17DEDA","territoire":"Kahemba"}},{"type":"Feature","geometry":{"type":"Point","coordinates":[19.407687,-6.925819]},"properties":{"province":"Kwango","zonesante":"Kahemba","airesante":"Tshiweka","localite":"Kiniama","localitetype":"Village","source_acronym":"DSNIS","date":"2019","grid3id":"KG_699C9070F0","territoire":"Kahemba"}},{"type":"Feature","geometry":{"type":"Point","coordinates":[18.493985,-6.16002]},"properties":{"province":"Kwango","zonesante":"Feshi","airesante":"Mafishi","localite":"Kiniema","localitetype":"Village","source_acronym":"DSNIS","date":"2019","grid3id":"KG_92EEEB9E59","territoire":"Feshi"}},{"type":"Feature","geometry":{"type":"Point","coordinates":[17.458636,-5.987234]},"properties":{"province":"Kwango","zonesante":"Mwela Lembwa","airesante":"Mahungu","localite":"Kinimanima","localitetype":"Village","source_acronym":"DSNIS","date":"2019","grid3id":"KG_ABC1FE7F76","territoire":"Feshi"}},{"type":"Feature","geometry":{"type":"Point","coordinates":[17.637867,-6.067559]},"properties":{"province":"Kwango","zonesante":"Mwela Lembwa","airesante":"Matari","localite":"Kinimanima","localitetype":"Village","source_acronym":"DSNIS","date":"2019","grid3id":"KG_7FF78A0C69","territoire":"Feshi"}},{"type":"Feature","geometry":{"type":"Point","coordinates":[17.34087,-6.341233]},"properties":{"province":"Kwango","zonesante":"Wamba Lwadi","airesante":"Mayimba Ngonda","localite":"Kiniungu","localitetype":"Village","source_acronym":"DSNIS","date":"2019","grid3id":"KG_7DEF111EF5","territoire":"Kasongo-Lunda"}},{"type":"Feature","geometry":{"type":"Point","coordinates":[17.102002,-6.451906]},"properties":{"province":"Kwango","zonesante":"Kasongo Lunda","airesante":"Madiadia","localite":"Kinkabi","localitetype":"Village","source_acronym":"DSNIS","date":"2019","grid3id":"KG_8F18FD0DFA","territoire":"Kasongo-Lunda"}},{"type":"Feature","geometry":{"type":"Point","coordinates":[18.027518,-6.478203]},"properties":{"province":"Kwango","zonesante":"Mwela Lembwa","airesante":"Mafuti","localite":"Kinkalakala","localitetype":"Village","source_acronym":"DSNIS","date":"2019","grid3id":"KG_9BDB9310BF","territoire":"Feshi"}},{"type":"Feature","geometry":{"type":"Point","coordinates":[16.774804,-4.799872]},"properties":{"province":"Kwango","zonesante":"Boko","airesante":"Mutombo","localite":"Kinkamba","localitetype":"Village","source_acronym":"DSNIS","date":"2019","grid3id":"KG_417009B055","territoire":"Kenge"}},{"type":"Feature","geometry":{"type":"Point","coordinates":[16.161159,-5.852326]},"properties":{"province":"Kwango","zonesante":"Popokabaka","airesante":"Kisoma","localite":"Kinkanda","localitetype":"Village","source_acronym":"DSNIS","date":"2019","grid3id":"KG_5705571B23","territoire":"Popokabaka"}},{"type":"Feature","geometry":{"type":"Point","coordinates":[17.566999,-5.73888]},"properties":{"province":"Kwango","zonesante":"Mwela Lembwa","airesante":"Muboso","localite":"Kinkandi","localitetype":"Village","source_acronym":"DSNIS","date":"2019","grid3id":"KG_40D3E0AD5D","territoire":"Feshi"}},{"type":"Feature","geometry":{"type":"Point","coordinates":[17.521574,-6.780013]},"properties":{"province":"Kwango","zonesante":"Panzi","airesante":"Manzengele","localite":"Kinkasa","localitetype":"Village","source_acronym":"DSNIS","date":"2019","grid3id":"KG_2DE8F90A07","territoire":"Kasongo-Lunda"}},{"type":"Feature","geometry":{"type":"Point","coordinates":[16.283727,-4.707951]},"properties":{"province":"Kwango","zonesante":"Boko","airesante":"Kabuba","localite":"Kinkaya","localitetype":"Village","source_acronym":"DSNIS","date":"2019","grid3id":"KG_9EFDB84D09"}},{"type":"Feature","geometry":{"type":"Point","coordinates":[18.167007,-6.156044]},"properties":{"province":"Kwango","zonesante":"Feshi","airesante":"Feshi 1","localite":"Kinkenzi","localitetype":"Hameau","source_acronym":"DSNIS","date":"2019","grid3id":"KG_65A4DFE230","territoire":"Feshi"}},{"type":"Feature","geometry":{"type":"Point","coordinates":[17.155379,-5.924571]},"properties":{"province":"Kwango","zonesante":"Wamba Lwadi","airesante":"Mwaku Yala","localite":"Kinkimbi","localitetype":"Village","source_acronym":"DSNIS","date":"2019","grid3id":"KG_8BD6BC10F4","territoire":"Kasongo-Lunda"}},{"type":"Feature","geometry":{"type":"Point","coordinates":[17.31236,-7.626232]},"properties":{"province":"Kwango","zonesante":"Tembo","airesante":"Nzasi Mwadi","localite":"Kinkosi","localitetype":"Village","source_acronym":"DSNIS","date":"2019","grid3id":"KG_D75026FDD1","territoire":"Kasongo-Lunda"}},{"type":"Feature","geometry":{"type":"Point","coordinates":[17.129631,-6.982555]},"properties":{"province":"Kwango","zonesante":"Kitenda","airesante":"Fwangongo","localite":"Kinkosi","localitetype":"Village","source_acronym":"DSNIS","date":"2019","grid3id":"KG_60D1282F87","territoire":"Kasongo-Lunda"}},{"type":"Feature","geometry":{"type":"Point","coordinates":[17.434531,-5.899845]},"properties":{"province":"Kwango","zonesante":"Mwela Lembwa","airesante":"Kalenda","localite":"Kinkufi","localitetype":"Village","source_acronym":"DSNIS","date":"2019","grid3id":"KG_B7B6477E67","territoire":"Feshi"}},{"type":"Feature","geometry":{"type":"Point","coordinates":[17.148944,-6.47325]},"properties":{"province":"Kwango","zonesante":"Kasongo Lunda","airesante":"Madiadia","localite":"Kinkungunzanga","localitetype":"Village","source_acronym":"DSNIS","date":"2019","grid3id":"KG_7F1EFB0DA3","territoire":"Kasongo-Lunda"}},{"type":"Feature","geometry":{"type":"Point","coordinates":[17.666914,-5.83993]},"properties":{"province":"Kwango","zonesante":"Mwela Lembwa","airesante":"Kingungu","localite":"Kinkusu","localitetype":"Village","source_acronym":"DSNIS","date":"2019","grid3id":"KG_4169D7E588","territoire":"Feshi"}},{"type":"Feature","geometry":{"type":"Point","coordinates":[16.143394,-5.854011]},"properties":{"province":"Kwango","zonesante":"Popokabaka","airesante":"Kisoma","localite":"Kinsasala","localitetype":"Village","source_acronym":"DSNIS","date":"2019","grid3id":"KG_1E29BFD8E0","territoire":"Popokabaka"}},{"type":"Feature","geometry":{"type":"Point","coordinates":[18.418758,-7.002923]},"properties":{"province":"Kwango","zonesante":"Panzi","airesante":"Mazinda","localite":"Kintemena","localitetype":"Village","source_acronym":"DSNIS","date":"2019","grid3id":"KG_325142EF7B","territoire":"Kasongo-Lunda"}},{"type":"Feature","geometry":{"type":"Point","coordinates":[17.438061,-4.76138]},"properties":{"province":"Kwango","zonesante":"Kenge","airesante":"Misele","localite":"Kintesi","localitetype":"Village","source_acronym":"DSNIS","date":"2019","grid3id":"KG_11426297BB","territoire":"Kenge"}},{"type":"Feature","geometry":{"type":"Point","coordinates":[17.427963,-4.442331]},"properties":{"province":"Kwango","zonesante":"Kenge","airesante":"Kolokoso","localite":"Kintotila","localitetype":"Village","source_acronym":"DSNIS","date":"2019","grid3id":"KG_CD9231D09F","territoire":"Kenge"}},{"type":"Feature","geometry":{"type":"Point","coordinates":[17.412134,-6.951327]},"properties":{"province":"Kwango","zonesante":"Kitenda","airesante":"Mihala","localite":"Kinzamba","localitetype":"Village","source_acronym":"DSNIS","date":"2019","grid3id":"KG_84EA453E09","territoire":"Kasongo-Lunda"}},{"type":"Feature","geometry":{"type":"Point","coordinates":[18.448335,-6.082536]},"properties":{"province":"Kwango","zonesante":"Feshi","airesante":"Mafishi","localite":"Kinzambi","localitetype":"Hameau","source_acronym":"DSNIS","date":"2019","grid3id":"KG_A1424DCB19","territoire":"Feshi"}},{"type":"Feature","geometry":{"type":"Point","coordinates":[19.263175,-6.518961]},"properties":{"province":"Kwango","zonesante":"Kisanji","airesante":"Mukundu","localite":"Kinzambi","localitetype":"Village","source_acronym":"DSNIS","date":"2019","grid3id":"KG_751771A55B","territoire":"Feshi"}},{"type":"Feature","geometry":{"type":"Point","coordinates":[18.621826,-6.19312]},"properties":{"province":"Kwango","zonesante":"Feshi","airesante":"Mafishi","localite":"Kinzasi","localitetype":"Village","source_acronym":"DSNIS","date":"2019","grid3id":"KG_09DCE69102","territoire":"Feshi"}},{"type":"Feature","geometry":{"type":"Point","coordinates":[17.134827,-6.265906]},"properties":{"province":"Kwango","zonesante":"Kasongo Lunda","airesante":"Kifuka","localite":"Kinzasi","localitetype":"Village","source_acronym":"DSNIS","date":"2019","grid3id":"KG_57C98C0A7F","territoire":"Kasongo-Lunda"}},{"type":"Feature","geometry":{"type":"Point","coordinates":[16.152495,-5.854598]},"properties":{"province":"Kwango","zonesante":"Popokabaka","airesante":"Kisoma","localite":"Kinzasi","localitetype":"Village","source_acronym":"DSNIS","date":"2019","grid3id":"KG_B0505D67DE","territoire":"Popokabaka"}},{"type":"Feature","geometry":{"type":"Point","coordinates":[16.918915,-6.539752]},"properties":{"province":"Kwango","zonesante":"Kasongo Lunda","airesante":"Kingunda","localite":"Kinzenga","localitetype":"Village","source_acronym":"DSNIS","date":"2019","grid3id":"KG_0F5C3BE093","territoire":"Kasongo-Lunda"}},{"type":"Feature","geometry":{"type":"Point","coordinates":[17.2555,-6.521641]},"properties":{"province":"Kwango","zonesante":"Wamba Lwadi","airesante":"Pelende","localite":"Kinzenga","localitetype":"Village","source_acronym":"DSNIS","date":"2019","grid3id":"KG_0869CF7104","territoire":"Kasongo-Lunda"}},{"type":"Feature","geometry":{"type":"Point","coordinates":[17.500854,-4.755846]},"properties":{"province":"Kwango","zonesante":"Kenge","airesante":"Musaka","localite":"Kinzenzi","localitetype":"Hameau","source_acronym":"DSNIS","date":"2019","grid3id":"KG_F4DF774073","territoire":"Kenge"}},{"type":"Feature","geometry":{"type":"Point","coordinates":[16.784888,-6.32881]},"properties":{"province":"Kwango","zonesante":"Kasongo Lunda","airesante":"Zhinabunkete","localite":"Kinzete","localitetype":"Village","source_acronym":"DSNIS","date":"2019","grid3id":"KG_FFFD9C2A34","territoire":"Kasongo-Lunda"}},{"type":"Feature","geometry":{"type":"Point","coordinates":[16.543243,-4.873288]},"properties":{"province":"Kwango","zonesante":"Boko","airesante":"Takundi","localite":"Kinzima","localitetype":"Village","source_acronym":"DSNIS","date":"2019","grid3id":"KG_5593F4EB8A","territoire":"Kenge"}},{"type":"Feature","geometry":{"type":"Point","coordinates":[16.795098,-5.005236]},"properties":{"province":"Kwango","zonesante":"Boko","airesante":"Tsakala Mbewu","localite":"Kinzima","localitetype":"Hameau","source_acronym":"DSNIS","date":"2019","grid3id":"KG_B48119ACBD","territoire":"Kenge"}},{"type":"Feature","geometry":{"type":"Point","coordinates":[16.82917,-6.110448]},"properties":{"province":"Kwango","zonesante":"Kasongo Lunda","airesante":"Kimbeko","localite":"Kinzobolo","localitetype":"Village","source_acronym":"DSNIS","date":"2019","grid3id":"KG_342BB9CCE9","territoire":"Kasongo-Lunda"}},{"type":"Feature","geometry":{"type":"Point","coordinates":[17.62892,-6.208599]},"properties":{"province":"Kwango","zonesante":"Mwela Lembwa","airesante":"Kimfusa","localite":"Kinzofo","localitetype":"Village","source_acronym":"DSNIS","date":"2019","grid3id":"KG_C48351F4D3","territoire":"Feshi"}},{"type":"Feature","geometry":{"type":"Point","coordinates":[17.703313,-5.986675]},"properties":{"province":"Kwango","zonesante":"Mwela Lembwa","airesante":"Katambi","localite":"Kinzofo","localitetype":"Village","source_acronym":"DSNIS","date":"2019","grid3id":"KG_C23672494D","territoire":"Feshi"}},{"type":"Feature","geometry":{"type":"Point","coordinates":[18.133245,-6.363658]},"properties":{"province":"Kwango","zonesante":"Feshi","airesante":"Tonu","localite":"Kinzofu","localitetype":"Village","source_acronym":"DSNIS","date":"2019","grid3id":"KG_C717940CE0","territoire":"Feshi"}},{"type":"Feature","geometry":{"type":"Point","coordinates":[17.373734,-6.521085]},"properties":{"province":"Kwango","zonesante":"Wamba Lwadi","localite":"Kinzungu","localitetype":"Village","source_acronym":"DSNIS","date":"2019","grid3id":"KG_E3FE25A05D","territoire":"Kasongo-Lunda"}},{"type":"Feature","geometry":{"type":"Point","coordinates":[16.703521,-4.735953]},"properties":{"province":"Kwango","zonesante":"Boko","localite":"Kinzwanga","localitetype":"Village","source_acronym":"DSNIS","date":"2019","grid3id":"KG_1533F6405C","territoire":"Kenge"}},{"type":"Feature","geometry":{"type":"Point","coordinates":[17.048091,-4.983095]},"properties":{"province":"Kwango","zonesante":"Kenge","airesante":"Saint Pierre","localite":"Kipabi","localitetype":"Village","source_acronym":"DSNIS","date":"2019","grid3id":"KG_AF98A81BB2","territoire":"Kenge"}},{"type":"Feature","geometry":{"type":"Point","coordinates":[17.609702,-6.217323]},"properties":{"province":"Kwango","zonesante":"Mwela Lembwa","airesante":"Kimfusa","localite":"Kipala","localitetype":"Village","source_acronym":"DSNIS","date":"2019","grid3id":"KG_01B8B76775","territoire":"Feshi"}},{"type":"Feature","geometry":{"type":"Point","coordinates":[17.444573,-4.428128]},"properties":{"province":"Kwango","zonesante":"Kenge","airesante":"Kolokoso","localite":"Kipalanga Koto","localitetype":"Village","source_acronym":"DSNIS","date":"2019","grid3id":"KG_A81C84DD03","territoire":"Kenge"}},{"type":"Feature","geometry":{"type":"Point","coordinates":[17.371957,-4.462955]},"properties":{"province":"Kwango","zonesante":"Kenge","airesante":"Kolokoso","localite":"Kipambi","localitetype":"Village","source_acronym":"DSNIS","date":"2019","grid3id":"KG_52747DC4F2","territoire":"Kenge"}},{"type":"Feature","geometry":{"type":"Point","coordinates":[17.587207,-4.552815]},"properties":{"province":"Kwango","zonesante":"Kenge","airesante":"Musangu Tsay","localite":"Kipanda","localitetype":"Village","source_acronym":"DSNIS","date":"2019","grid3id":"KG_4CC890EDFC","territoire":"Kenge"}},{"type":"Feature","geometry":{"type":"Point","coordinates":[17.512585,-6.104822]},"properties":{"province":"Kwango","zonesante":"Mwela Lembwa","airesante":"Ngudikama","localite":"Kipanzi","localitetype":"Village","source_acronym":"DSNIS","date":"2019","grid3id":"KG_D185EF1D81","territoire":"Feshi"}},{"type":"Feature","geometry":{"type":"Point","coordinates":[17.171308,-5.937944]},"properties":{"province":"Kwango","zonesante":"Wamba Lwadi","airesante":"Mwaku Yala","localite":"Kipanzi","localitetype":"Village","source_acronym":"DSNIS","date":"2019","grid3id":"KG_4E16E929A8","territoire":"Kasongo-Lunda"}},{"type":"Feature","geometry":{"type":"Point","coordinates":[17.116685,-6.116532]},"properties":{"province":"Kwango","zonesante":"Kasongo Lunda","airesante":"Bangi","localite":"Kipanzu","localitetype":"Village","source_acronym":"DSNIS","date":"2019","grid3id":"KG_2BAC7A1DB2","territoire":"Kasongo-Lunda"}},{"type":"Feature","geometry":{"type":"Point","coordinates":[16.933322,-6.692568]},"properties":{"province":"Kwango","zonesante":"Kasongo Lunda","airesante":"Kipanzu","localite":"Kipanzu","localitetype":"Village","source_acronym":"DSNIS","date":"2019","grid3id":"KG_0A56B9592E","territoire":"Kasongo-Lunda"}},{"type":"Feature","geometry":{"type":"Point","coordinates":[16.86028,-4.727161]},"properties":{"province":"Kwango","zonesante":"Boko","airesante":"Mbindanseke","localite":"Kipanzu","localitetype":"Village","source_acronym":"DSNIS","date":"2019","grid3id":"KG_9C84B3781C","territoire":"Kenge"}},{"type":"Feature","geometry":{"type":"Point","coordinates":[17.429332,-4.532195]},"properties":{"province":"Kwango","zonesante":"Kenge","airesante":"Kikongo Lwasa","localite":"Kipenzi","localitetype":"Village","source_acronym":"DSNIS","date":"2019","grid3id":"KG_1550456826","territoire":"Kenge"}},{"type":"Feature","geometry":{"type":"Point","coordinates":[18.012666,-5.854567]},"properties":{"province":"Kwango","zonesante":"Feshi","airesante":"Mbumba","localite":"Kipolo Kasa","localitetype":"Village","source_acronym":"DSNIS","date":"2019","grid3id":"KG_96156EF876","territoire":"Feshi"}},{"type":"Feature","geometry":{"type":"Point","coordinates":[16.781254,-4.777461]},"properties":{"province":"Kwango","zonesante":"Boko","airesante":"Lonzo","localite":"Kipolongo","localitetype":"Village","source_acronym":"DSNIS","date":"2019","grid3id":"KG_BB9E1C06D8","territoire":"Kenge"}},{"type":"Feature","geometry":{"type":"Point","coordinates":[17.599887,-4.3197]},"properties":{"province":"Kwango","zonesante":"Kenge","airesante":"Fasamba","localite":"Kipoma","localitetype":"Village","source_acronym":"DSNIS","date":"2019","grid3id":"KG_B8006522D9","territoire":"Kenge"}},{"type":"Feature","geometry":{"type":"Point","coordinates":[18.350245,-6.128048]},"properties":{"province":"Kwango","zonesante":"Feshi","airesante":"Maziamo","localite":"Kipombo","localitetype":"Village","source_acronym":"DSNIS","date":"2019","grid3id":"KG_F1FABE737C","territoire":"Feshi"}},{"type":"Feature","geometry":{"type":"Point","coordinates":[18.206502,-6.746711]},"properties":{"province":"Kwango","zonesante":"Feshi","airesante":"Shatungushi","localite":"Kipopo","localitetype":"Village","source_acronym":"DSNIS","date":"2019","grid3id":"KG_F90AE9EA96","territoire":"Feshi"}},{"type":"Feature","geometry":{"type":"Point","coordinates":[17.902508,-6.216287]},"properties":{"province":"Kwango","zonesante":"Feshi","airesante":"Mutangu","localite":"Kipopomutela","localitetype":"Village","source_acronym":"DSNIS","date":"2019","grid3id":"KG_A99C8B2387","territoire":"Feshi"}},{"type":"Feature","geometry":{"type":"Point","coordinates":[17.425147,-6.908018]},"properties":{"province":"Kwango","zonesante":"Kitenda","airesante":"Mihala","localite":"Kipoy","localitetype":"Village","source_acronym":"DSNIS","date":"2019","grid3id":"KG_ABE1B18E14","territoire":"Kasongo-Lunda"}},{"type":"Feature","geometry":{"type":"Point","coordinates":[16.528531,-4.658255]},"properties":{"province":"Kwango","zonesante":"Boko","airesante":"Pont Kwango","localite":"Kipulumba","localitetype":"Village","source_acronym":"DSNIS","date":"2019","grid3id":"KG_6A992E5BD4","territoire":"Kenge"}},{"type":"Feature","geometry":{"type":"Point","coordinates":[18.140042,-6.029045]},"properties":{"province":"Kwango","zonesante":"Feshi","airesante":"Kikombo","localite":"Kipumbu","localitetype":"Village","source_acronym":"DSNIS","date":"2019","grid3id":"KG_1C2D059049","territoire":"Feshi"}},{"type":"Feature","geometry":{"type":"Point","coordinates":[17.313178,-6.661409]},"properties":{"province":"Kwango","zonesante":"Wamba Lwadi","airesante":"Kingulu","localite":"Kipuna","localitetype":"Village","source_acronym":"DSNIS","date":"2019","grid3id":"KG_2095CC7226","territoire":"Kasongo-Lunda"}},{"type":"Feature","geometry":{"type":"Point","coordinates":[17.683405,-7.198937]},"properties":{"province":"Kwango","zonesante":"Panzi","airesante":"Kiama","localite":"Kipungu","localitetype":"Village","source_acronym":"DSNIS","date":"2019","grid3id":"KG_9C1622664C","territoire":"Kasongo-Lunda"}},{"type":"Feature","geometry":{"type":"Point","coordinates":[17.514184,-6.777625]},"properties":{"province":"Kwango","zonesante":"Kitenda","airesante":"Baringa","localite":"Kipungu","localitetype":"Village","source_acronym":"DSNIS","date":"2019","grid3id":"KG_54D7F09A8E","territoire":"Kasongo-Lunda"}},{"type":"Feature","geometry":{"type":"Point","coordinates":[16.785684,-6.479926]},"properties":{"province":"Kwango","zonesante":"Kasongo Lunda","airesante":"Nzakimwena","localite":"Kisadi","localitetype":"Village","source_acronym":"DSNIS","date":"2019","grid3id":"KG_28FB0EBC11","territoire":"Kasongo-Lunda"}},{"type":"Feature","geometry":{"type":"Point","coordinates":[18.232937,-6.406363]},"properties":{"province":"Kwango","zonesante":"Feshi","airesante":"Tonu","localite":"Kisambu","localitetype":"Village","source_acronym":"DSNIS","date":"2019","grid3id":"KG_8828B06601","territoire":"Feshi"}},{"type":"Feature","geometry":{"type":"Point","coordinates":[19.407583,-6.926507]},"properties":{"province":"Kwango","zonesante":"Kahemba","airesante":"Tshiweka","localite":"Kisandala","localitetype":"Village","source_acronym":"DSNIS","date":"2019","grid3id":"KG_2DDF74B872","territoire":"Kahemba"}},{"type":"Feature","geometry":{"type":"Point","coordinates":[17.616717,-6.209594]},"properties":{"province":"Kwango","zonesante":"Mwela Lembwa","airesante":"Kimfusa","localite":"Kisangani","localitetype":"Village","source_acronym":"DSNIS","date":"2019","grid3id":"KG_23E2AD97DF","territoire":"Feshi"}},{"type":"Feature","geometry":{"type":"Point","coordinates":[16.769235,-6.574663]},"properties":{"province":"Kwango","zonesante":"Kasongo Lunda","airesante":"Munganda","localite":"Kisangi","localitetype":"Village","source_acronym":"DSNIS","date":"2019","grid3id":"KG_2C1591877B","territoire":"Kasongo-Lunda"}},{"type":"Feature","geometry":{"type":"Point","coordinates":[16.860309,-4.792094]},"properties":{"province":"Kwango","zonesante":"Boko","airesante":"Mbindanseke","localite":"Kisangu","localitetype":"Village","source_acronym":"DSNIS","date":"2019","grid3id":"KG_9FA5FBE3DA","territoire":"Kenge"}},{"type":"Feature","geometry":{"type":"Point","coordinates":[17.206642,-6.328665]},"properties":{"province":"Kwango","zonesante":"Kasongo Lunda","airesante":"Kifuka","localite":"Kisatu","localitetype":"Hameau","source_acronym":"DSNIS","date":"2019","grid3id":"KG_FEBBF39292","territoire":"Kasongo-Lunda"}},{"type":"Feature","geometry":{"type":"Point","coordinates":[17.595059,-4.605646]},"properties":{"province":"Kwango","zonesante":"Kenge","airesante":"Kimafu","localite":"Kisawana","localitetype":"Village","source_acronym":"DSNIS","date":"2019","grid3id":"KG_D5FFC7A037","territoire":"Kenge"}},{"type":"Feature","geometry":{"type":"Point","coordinates":[18.010082,-7.372715]},"properties":{"province":"Kwango","zonesante":"Panzi","airesante":"Kasandji","localite":"Kisebula","localitetype":"Village","source_acronym":"DSNIS","date":"2019","grid3id":"KG_96A72094FB","territoire":"Kasongo-Lunda"}},{"type":"Feature","geometry":{"type":"Point","coordinates":[16.808675,-6.444794]},"properties":{"province":"Kwango","zonesante":"Kasongo Lunda","airesante":"Nzakimwena","localite":"Kisenda","localitetype":"Village","source_acronym":"DSNIS","date":"2019","grid3id":"KG_B94CD02373","territoire":"Kasongo-Lunda"}},{"type":"Feature","geometry":{"type":"Point","coordinates":[17.235164,-6.950881]},"properties":{"province":"Kwango","zonesante":"Kitenda","airesante":"Mukondo","localite":"Kisenda","localitetype":"Village","source_acronym":"DSNIS","date":"2019","grid3id":"KG_199A973A41","territoire":"Kasongo-Lunda"}},{"type":"Feature","geometry":{"type":"Point","coordinates":[17.695963,-5.985176]},"properties":{"province":"Kwango","zonesante":"Mwela Lembwa","airesante":"Katambi","localite":"Kisenga","localitetype":"Village","source_acronym":"DSNIS","date":"2019","grid3id":"KG_B10C7C33A5","territoire":"Feshi"}},{"type":"Feature","geometry":{"type":"Point","coordinates":[18.244224,-7.388087]},"properties":{"province":"Kwango","zonesante":"Panzi","airesante":"Kingwangala","localite":"Kisenga","localitetype":"Village","source_acronym":"DSNIS","date":"2019","grid3id":"KG_6956357A1E","territoire":"Kasongo-Lunda"}},{"type":"Feature","geometry":{"type":"Point","coordinates":[17.038602,-7.293295]},"properties":{"province":"Kwango","zonesante":"Kitenda","airesante":"Swakibula","localite":"Kisenga","localitetype":"Village","source_acronym":"DSNIS","date":"2019","grid3id":"KG_681E77ABAA","territoire":"Kasongo-Lunda"}},{"type":"Feature","geometry":{"type":"Point","coordinates":[16.951416,-6.300623]},"properties":{"province":"Kwango","zonesante":"Kasongo Lunda","airesante":"Kishiama","localite":"Kishiama Paroisse","localitetype":"Village","source_acronym":"DSNIS","date":"2019","grid3id":"KG_1BED056BF4","territoire":"Kasongo-Lunda"}},{"type":"Feature","geometry":{"type":"Point","coordinates":[16.763403,-4.753865]},"properties":{"province":"Kwango","zonesante":"Boko","airesante":"Lonzo","localite":"Kisieni","localitetype":"Village","source_acronym":"DSNIS","date":"2019","grid3id":"KG_9A34CA1710","territoire":"Kenge"}},{"type":"Feature","geometry":{"type":"Point","coordinates":[17.576973,-4.628482]},"properties":{"province":"Kwango","zonesante":"Kenge","airesante":"Kimafu","localite":"Kisieta","localitetype":"Village","source_acronym":"DSNIS","date":"2019","grid3id":"KG_DD9CBBF1E4","territoire":"Kenge"}},{"type":"Feature","geometry":{"type":"Point","coordinates":[17.495656,-4.29201]},"properties":{"province":"Kwango","zonesante":"Kenge","airesante":"Fasamba","localite":"Kisieta","localitetype":"Village","source_acronym":"DSNIS","date":"2019","grid3id":"KG_331B2EC388","territoire":"Kenge"}},{"type":"Feature","geometry":{"type":"Point","coordinates":[18.178197,-5.957354]},"properties":{"province":"Kwango","zonesante":"Feshi","airesante":"Kabunda","localite":"Kisikama","localitetype":"Village","source_acronym":"DSNIS","date":"2019","grid3id":"KG_58446095B7","territoire":"Feshi"}},{"type":"Feature","geometry":{"type":"Point","coordinates":[17.512785,-6.156157]},"properties":{"province":"Kwango","zonesante":"Mwela Lembwa","airesante":"Ngudikama","localite":"Kisikidi","localitetype":"Village","source_acronym":"DSNIS","date":"2019","grid3id":"KG_C2BACB6B77","territoire":"Feshi"}},{"type":"Feature","geometry":{"type":"Point","coordinates":[17.18815,-6.918391]},"properties":{"province":"Kwango","zonesante":"Kitenda","airesante":"Swa Ilunga","localite":"Kisimbi","localitetype":"Village","source_acronym":"DSNIS","date":"2019","grid3id":"KG_7F52DB409B","territoire":"Kasongo-Lunda"}},{"type":"Feature","geometry":{"type":"Point","coordinates":[16.818646,-6.183836]},"properties":{"province":"Kwango","zonesante":"Kasongo Lunda","airesante":"Kimbeko","localite":"Kisimon","localitetype":"Hameau","source_acronym":"DSNIS","date":"2019","grid3id":"KG_E2300BEBDA","territoire":"Kasongo-Lunda"}},{"type":"Feature","geometry":{"type":"Point","coordinates":[17.226378,-5.458652]},"properties":{"province":"Kwango","zonesante":"Kimbao","airesante":"Kabuita","localite":"Kisinga Pemba","localitetype":"Village","source_acronym":"DSNIS","date":"2019","grid3id":"KG_BF575D9AE2","territoire":"Kenge"}},{"type":"Feature","geometry":{"type":"Point","coordinates":[18.103019,-5.778523]},"properties":{"province":"Kwango","zonesante":"Feshi","airesante":"Mbumba","localite":"Kisinsu","localitetype":"Hameau","source_acronym":"DSNIS","date":"2019","grid3id":"KG_949FB84071","territoire":"Feshi"}},{"type":"Feature","geometry":{"type":"Point","coordinates":[17.381301,-5.855438]},"properties":{"province":"Kwango","zonesante":"Mwela Lembwa","airesante":"Tsakala Kuku","localite":"Kisiona","localitetype":"Village","source_acronym":"DSNIS","date":"2019","grid3id":"KG_64E5417DC4","territoire":"Feshi"}},{"type":"Feature","geometry":{"type":"Point","coordinates":[16.157871,-5.855864]},"properties":{"province":"Kwango","zonesante":"Popokabaka","airesante":"Kisoma","localite":"Kisoma","localitetype":"Village","source_acronym":"DSNIS","date":"2019","grid3id":"KG_957B6A4114","territoire":"Popokabaka"}},{"type":"Feature","geometry":{"type":"Point","coordinates":[17.306369,-6.038665]},"properties":{"province":"Kwango","zonesante":"Wamba Lwadi","airesante":"Nzamba Fuangi","localite":"Kisombe","localitetype":"Village","source_acronym":"DSNIS","date":"2019","grid3id":"KG_44A9EF4C00","territoire":"Kasongo-Lunda"}},{"type":"Feature","geometry":{"type":"Point","coordinates":[17.530769,-4.50922]},"properties":{"province":"Kwango","zonesante":"Kenge","airesante":"Musangu Tsay","localite":"Kisomi","localitetype":"Village","source_acronym":"DSNIS","date":"2019","grid3id":"KG_788D0D168F","territoire":"Kenge"}},{"type":"Feature","geometry":{"type":"Point","coordinates":[18.808088,-6.377365]},"properties":{"province":"Kwango","zonesante":"Kisanji","airesante":"Shamwana","localite":"Kisonga","localitetype":"Village","source_acronym":"DSNIS","date":"2019","grid3id":"KG_1337538954","territoire":"Feshi"}},{"type":"Feature","geometry":{"type":"Point","coordinates":[17.009374,-5.047623]},"properties":{"province":"Kwango","zonesante":"Kenge","airesante":"Mukila","localite":"Kistona","localitetype":"Village","source_acronym":"DSNIS","date":"2019","grid3id":"KG_924DE2DACD","territoire":"Kenge"}},{"type":"Feature","geometry":{"type":"Point","coordinates":[17.453039,-5.875615]},"properties":{"province":"Kwango","zonesante":"Mwela Lembwa","airesante":"Kalenda","localite":"Kisungu","localitetype":"Village","source_acronym":"DSNIS","date":"2019","grid3id":"KG_24516A041D","territoire":"Feshi"}},{"type":"Feature","geometry":{"type":"Point","coordinates":[17.877187,-7.198148]},"properties":{"province":"Kwango","zonesante":"Panzi","airesante":"Tsakala Panzi","localite":"Kisungu","localitetype":"Village","source_acronym":"DSNIS","date":"2019","grid3id":"KG_8FB2510BEB","territoire":"Kasongo-Lunda"}},{"type":"Feature","geometry":{"type":"Point","coordinates":[18.611739,-6.256335]},"properties":{"province":"Kwango","zonesante":"Feshi","airesante":"Kahoka","localite":"Kisupa","localitetype":"Village","source_acronym":"DSNIS","date":"2019","grid3id":"KG_C575873103","territoire":"Feshi"}},{"type":"Feature","geometry":{"type":"Point","coordinates":[16.975371,-4.628624]},"properties":{"province":"Kwango","zonesante":"Boko","airesante":"Kasandji","localite":"Kiswani","localitetype":"Village","source_acronym":"DSNIS","date":"2019","grid3id":"KG_6841FB4845","territoire":"Kenge"}},{"type":"Feature","geometry":{"type":"Point","coordinates":[17.409697,-4.887153]},"properties":{"province":"Kwango","zonesante":"Kenge","airesante":"Kalenge","localite":"Kitabi","localitetype":"Village","source_acronym":"DSNIS","date":"2019","grid3id":"KG_2C0130F60A","territoire":"Kenge"}},{"type":"Feature","geometry":{"type":"Point","coordinates":[17.914335,-5.771724]},"properties":{"province":"Kwango","zonesante":"Feshi","airesante":"Lobo","localite":"Kitaka","localitetype":"Village","source_acronym":"DSNIS","date":"2019","grid3id":"KG_222E731B3F","territoire":"Feshi"}},{"type":"Feature","geometry":{"type":"Point","coordinates":[17.380727,-4.567909]},"properties":{"province":"Kwango","zonesante":"Kenge","airesante":"Makiala","localite":"Kitambilukidi","localitetype":"Village","source_acronym":"DSNIS","date":"2019","grid3id":"KG_49A0DA2DE7","territoire":"Kenge"}},{"type":"Feature","geometry":{"type":"Point","coordinates":[17.801995,-6.100171]},"properties":{"province":"Kwango","zonesante":"Mwela Lembwa","airesante":"Kandi Lukeni","localite":"Kitambo","localitetype":"Village","source_acronym":"DSNIS","date":"2019","grid3id":"KG_4A366F4AB7","territoire":"Feshi"}},{"type":"Feature","geometry":{"type":"Point","coordinates":[18.082976,-6.157911]},"properties":{"province":"Kwango","zonesante":"Feshi","airesante":"Mutsunda","localite":"Kitambu","localitetype":"Village","source_acronym":"DSNIS","date":"2019","grid3id":"KG_D3EFFC2EDA","territoire":"Feshi"}},{"type":"Feature","geometry":{"type":"Point","coordinates":[17.982274,-7.423678]},"properties":{"province":"Kwango","zonesante":"Panzi","airesante":"Kasandji","localite":"Kitanga","localitetype":"Village","source_acronym":"DSNIS","date":"2019","grid3id":"KG_BFB02A0E48","territoire":"Kasongo-Lunda"}},{"type":"Feature","geometry":{"type":"Point","coordinates":[17.49179,-6.064641]},"properties":{"province":"Kwango","zonesante":"Mwela Lembwa","airesante":"Ngudikama","localite":"Kitasi","localitetype":"Village","source_acronym":"DSNIS","date":"2019","grid3id":"KG_7FF8900BFF","territoire":"Feshi"}},{"type":"Feature","geometry":{"type":"Point","coordinates":[17.015725,-4.579471]},"properties":{"province":"Kwango","zonesante":"Boko","airesante":"Tangombe","localite":"Kiteke","localitetype":"Village","source_acronym":"DSNIS","date":"2019","grid3id":"KG_E5E9F75207","territoire":"Kenge"}},{"type":"Feature","geometry":{"type":"Point","coordinates":[18.222859,-6.785801]},"properties":{"province":"Kwango","zonesante":"Feshi","airesante":"Shatungushi","localite":"Kitenda","localitetype":"Village","source_acronym":"DSNIS","date":"2019","grid3id":"KG_C7AD7111A9","territoire":"Feshi"}},{"type":"Feature","geometry":{"type":"Point","coordinates":[18.347358,-6.686549]},"properties":{"province":"Kwango","zonesante":"Feshi","airesante":"Utadi","localite":"Kitepa","localitetype":"Village","source_acronym":"DSNIS","date":"2019","grid3id":"KG_69D3A2ED8E","territoire":"Feshi"}},{"type":"Feature","geometry":{"type":"Point","coordinates":[18.44714,-6.074714]},"properties":{"province":"Kwango","zonesante":"Feshi","airesante":"Mafishi","localite":"Kitoto","localitetype":"Village","source_acronym":"DSNIS","date":"2019","grid3id":"KG_C336BB3809","territoire":"Feshi"}},{"type":"Feature","geometry":{"type":"Point","coordinates":[16.801013,-6.507213]},"properties":{"province":"Kwango","zonesante":"Kasongo Lunda","airesante":"Munganda","localite":"Kitsakala","localitetype":"Hameau","source_acronym":"DSNIS","date":"2019","grid3id":"KG_D8A9A9776C","territoire":"Kasongo-Lunda"}},{"type":"Feature","geometry":{"type":"Point","coordinates":[17.438588,-5.105746]},"properties":{"province":"Kwango","zonesante":"Kimbao","airesante":"Kibwila","localite":"Kitsakala","localitetype":"Village","source_acronym":"DSNIS","date":"2019","grid3id":"KG_9451CA5675","territoire":"Kenge"}},{"type":"Feature","geometry":{"type":"Point","coordinates":[16.901026,-4.765415]},"properties":{"province":"Kwango","zonesante":"Boko","airesante":"Mbindanseke","localite":"Kitsakala","localitetype":"Village","source_acronym":"DSNIS","date":"2019","grid3id":"KG_57FE31D3DC","territoire":"Kenge"}},{"type":"Feature","geometry":{"type":"Point","coordinates":[16.8039,-4.582737]},"properties":{"province":"Kwango","zonesante":"Boko","localite":"Kitsakala","localitetype":"Village","source_acronym":"DSNIS","date":"2019","grid3id":"KG_94B897451E","territoire":"Kenge"}},{"type":"Feature","geometry":{"type":"Point","coordinates":[16.83616,-4.917331]},"properties":{"province":"Kwango","zonesante":"Boko","airesante":"Mutombo","localite":"Kitsakala","localitetype":"Hameau","source_acronym":"DSNIS","date":"2019","grid3id":"KG_F3B0AF53FF","territoire":"Kenge"}},{"type":"Feature","geometry":{"type":"Point","coordinates":[16.501862,-4.697833]},"properties":{"province":"Kwango","zonesante":"Boko","airesante":"Pont Kwango","localite":"Kitsakala","localitetype":"Village","source_acronym":"DSNIS","date":"2019","grid3id":"KG_DD99C75DBE","territoire":"Kenge"}},{"type":"Feature","geometry":{"type":"Point","coordinates":[17.312164,-6.819278]},"properties":{"province":"Kwango","zonesante":"Kitenda","airesante":"Bamba","localite":"Kitsakala","localitetype":"Village","source_acronym":"DSNIS","date":"2019","grid3id":"KG_49370463CE","territoire":"Kasongo-Lunda"}},{"type":"Feature","geometry":{"type":"Point","coordinates":[18.054372,-5.892346]},"properties":{"province":"Kwango","zonesante":"Feshi","airesante":"Mbumba","localite":"Kitsaku","localitetype":"Village","source_acronym":"DSNIS","date":"2019","grid3id":"KG_1EFAE8B93A","territoire":"Feshi"}},{"type":"Feature","geometry":{"type":"Point","coordinates":[17.885233,-5.649377]},"properties":{"province":"Kwango","zonesante":"Feshi","airesante":"Mumbanda","localite":"Kitsala","localitetype":"Village","source_acronym":"DSNIS","date":"2019","grid3id":"KG_3D8E21B3F2","territoire":"Feshi"}},{"type":"Feature","geometry":{"type":"Point","coordinates":[16.767117,-4.884296]},"properties":{"province":"Kwango","zonesante":"Boko","airesante":"Mutombo","localite":"Kitsala","localitetype":"Village","source_acronym":"DSNIS","date":"2019","grid3id":"KG_D14626C8F2","territoire":"Kenge"}},{"type":"Feature","geometry":{"type":"Point","coordinates":[17.547954,-5.736928]},"properties":{"province":"Kwango","zonesante":"Mwela Lembwa","airesante":"Muboso","localite":"Kitsamba","localitetype":"Village","source_acronym":"DSNIS","date":"2019","grid3id":"KG_7903EDA6D0","territoire":"Feshi"}},{"type":"Feature","geometry":{"type":"Point","coordinates":[17.559208,-5.767037]},"properties":{"province":"Kwango","zonesante":"Mwela Lembwa","airesante":"Muboso","localite":"Kitsanzala","localitetype":"Village","source_acronym":"DSNIS","date":"2019","grid3id":"KG_6E51BCD757","territoire":"Feshi"}},{"type":"Feature","geometry":{"type":"Point","coordinates":[17.662689,-6.171482]},"properties":{"province":"Kwango","zonesante":"Mwela Lembwa","airesante":"Matari","localite":"Kitsetsedi","localitetype":"Village","source_acronym":"DSNIS","date":"2019","grid3id":"KG_AFCBAAB4AF","territoire":"Feshi"}},{"type":"Feature","geometry":{"type":"Point","coordinates":[17.149223,-4.559359]},"properties":{"province":"Kwango","zonesante":"Kenge","airesante":"Gabia","localite":"Kitsimuna","localitetype":"Village","source_acronym":"DSNIS","date":"2019","grid3id":"KG_B909A40D72"}},{"type":"Feature","geometry":{"type":"Point","coordinates":[17.453984,-6.87984]},"properties":{"province":"Kwango","zonesante":"Kitenda","airesante":"Mihala","localite":"Kitsiona","localitetype":"Village","source_acronym":"DSNIS","date":"2019","grid3id":"KG_35D687B229","territoire":"Kasongo-Lunda"}},{"type":"Feature","geometry":{"type":"Point","coordinates":[17.339839,-6.861136]},"properties":{"province":"Kwango","zonesante":"Kitenda","airesante":"Kitenda","localite":"Kitsiona","localitetype":"Village","source_acronym":"DSNIS","date":"2019","grid3id":"KG_499ECB3705","territoire":"Kasongo-Lunda"}},{"type":"Feature","geometry":{"type":"Point","coordinates":[17.373937,-4.840137]},"properties":{"province":"Kwango","zonesante":"Kenge","airesante":"Misele","localite":"Kitsona","localitetype":"Village","source_acronym":"DSNIS","date":"2019","grid3id":"KG_8FCABAA076","territoire":"Kenge"}},{"type":"Feature","geometry":{"type":"Point","coordinates":[17.01743,-4.581099]},"properties":{"province":"Kwango","zonesante":"Boko","airesante":"Tangombe","localite":"Kitsona","localitetype":"Village","source_acronym":"DSNIS","date":"2019","grid3id":"KG_B16C14F7C7","territoire":"Kenge"}},{"type":"Feature","geometry":{"type":"Point","coordinates":[17.663628,-5.85108]},"properties":{"province":"Kwango","zonesante":"Mwela Lembwa","airesante":"Kingungu","localite":"Kitumbi","localitetype":"Village","source_acronym":"DSNIS","date":"2019","grid3id":"KG_F323327628","territoire":"Feshi"}},{"type":"Feature","geometry":{"type":"Point","coordinates":[17.654907,-6.838684]},"properties":{"province":"Kwango","zonesante":"Panzi","airesante":"Nzamba","localite":"Kitumbi","localitetype":"Village","source_acronym":"DSNIS","date":"2019","grid3id":"KG_C48D69B46E","territoire":"Kasongo-Lunda"}},{"type":"Feature","geometry":{"type":"Point","coordinates":[17.500134,-5.921066]},"properties":{"province":"Kwango","zonesante":"Mwela Lembwa","airesante":"Mahungu","localite":"Kivwamba","localitetype":"Village","source_acronym":"DSNIS","date":"2019","grid3id":"KG_4E3B412C10","territoire":"Feshi"}},{"type":"Feature","geometry":{"type":"Point","coordinates":[16.760918,-6.27487]},"properties":{"province":"Kwango","zonesante":"Kasongo Lunda","airesante":"Zhinabunkete","localite":"Kivwanga","localitetype":"Village","source_acronym":"DSNIS","date":"2019","grid3id":"KG_61F711C8E2","territoire":"Kasongo-Lunda"}},{"type":"Feature","geometry":{"type":"Point","coordinates":[17.911568,-6.557846]},"properties":{"province":"Kwango","zonesante":"Mwela Lembwa","airesante":"Mafuti","localite":"Kiway","localitetype":"Village","source_acronym":"DSNIS","date":"2019","grid3id":"KG_BD528F147A","territoire":"Kasongo-Lunda"}},{"type":"Feature","geometry":{"type":"Point","coordinates":[17.256668,-6.844457]},"properties":{"province":"Kwango","zonesante":"Kitenda","airesante":"Kikuti","localite":"Kiwonda","localitetype":"Village","source_acronym":"DSNIS","date":"2019","grid3id":"KG_9B67286087","territoire":"Kasongo-Lunda"}},{"type":"Feature","geometry":{"type":"Point","coordinates":[17.057602,-4.544229]},"properties":{"province":"Kwango","zonesante":"Boko","airesante":"Tangombe","localite":"Kiwutu","localitetype":"Village","source_acronym":"DSNIS","date":"2019","grid3id":"KG_A9685A7793","territoire":"Kenge"}},{"type":"Feature","geometry":{"type":"Point","coordinates":[16.262077,-5.771068]},"properties":{"province":"Kwango","zonesante":"Popokabaka","airesante":"Ngasa","localite":"Kiyabakana","localitetype":"Village","source_acronym":"DSNIS","date":"2019","grid3id":"KG_032ED53EC6","territoire":"Popokabaka"}},{"type":"Feature","geometry":{"type":"Point","coordinates":[16.905873,-4.916199]},"properties":{"province":"Kwango","zonesante":"Boko","airesante":"Kitati","localite":"Kiyamfu","localitetype":"Hameau","source_acronym":"DSNIS","date":"2019","grid3id":"KG_64CFFBA10D","territoire":"Kenge"}},{"type":"Feature","geometry":{"type":"Point","coordinates":[18.029024,-6.261303]},"properties":{"province":"Kwango","zonesante":"Feshi","airesante":"Mutsunda","localite":"Kiyanika","localitetype":"Village","source_acronym":"DSNIS","date":"2019","grid3id":"KG_FD9DCEAED4","territoire":"Feshi"}},{"type":"Feature","geometry":{"type":"Point","coordinates":[16.844281,-6.491479]},"properties":{"province":"Kwango","zonesante":"Kasongo Lunda","airesante":"Ntemo","localite":"Kiyaya","localitetype":"Village","source_acronym":"DSNIS","date":"2019","grid3id":"KG_DA23612189","territoire":"Kasongo-Lunda"}},{"type":"Feature","geometry":{"type":"Point","coordinates":[17.526631,-5.964414]},"properties":{"province":"Kwango","zonesante":"Mwela Lembwa","airesante":"Mahungu","localite":"Kiyembi","localitetype":"Village","source_acronym":"DSNIS","date":"2019","grid3id":"KG_DEFAE0FE13","territoire":"Feshi"}},{"type":"Feature","geometry":{"type":"Point","coordinates":[16.963806,-7.046162]},"properties":{"province":"Kwango","zonesante":"Kitenda","airesante":"Kimwambu","localite":"Kiyenga","localitetype":"Village","source_acronym":"DSNIS","date":"2019","grid3id":"KG_A882ACA6ED"}},{"type":"Feature","geometry":{"type":"Point","coordinates":[17.808094,-6.859483]},"properties":{"province":"Kwango","zonesante":"Panzi","airesante":"Tambu Tseke","localite":"Kiyoti","localitetype":"Village","source_acronym":"DSNIS","date":"2019","grid3id":"KG_40C79C793C","territoire":"Kasongo-Lunda"}},{"type":"Feature","geometry":{"type":"Point","coordinates":[17.539825,-7.998219]},"properties":{"province":"Kwango","zonesante":"Tembo","airesante":"Mawangu","localite":"Kizamba","localitetype":"Village","source_acronym":"DSNIS","date":"2019","grid3id":"KG_136F224B56","territoire":"Kasongo-Lunda"}},{"type":"Feature","geometry":{"type":"Point","coordinates":[17.61799,-5.815667]},"properties":{"province":"Kwango","zonesante":"Mwela Lembwa","airesante":"Muboso","localite":"Kizanga","localitetype":"Village","source_acronym":"DSNIS","date":"2019","grid3id":"KG_6931086890","territoire":"Feshi"}},{"type":"Feature","geometry":{"type":"Point","coordinates":[17.505413,-6.590526]},"properties":{"province":"Kwango","zonesante":"Panzi","airesante":"Buka Kalau","localite":"Kizanga","localitetype":"Village","source_acronym":"DSNIS","date":"2019","grid3id":"KG_5EF0CA0F3E","territoire":"Kasongo-Lunda"}},{"type":"Feature","geometry":{"type":"Point","coordinates":[18.016784,-6.421735]},"properties":{"province":"Kwango","zonesante":"Feshi","airesante":"Mutangu","localite":"Kizanza","localitetype":"Village","source_acronym":"DSNIS","date":"2019","grid3id":"KG_B0766B08E0","territoire":"Feshi"}},{"type":"Feature","geometry":{"type":"Point","coordinates":[17.045377,-7.296985]},"properties":{"province":"Kwango","zonesante":"Kitenda","airesante":"Swakibula","localite":"Kizengamu","localitetype":"Village","source_acronym":"DSNIS","date":"2019","grid3id":"KG_DCBE822085","territoire":"Kasongo-Lunda"}},{"type":"Feature","geometry":{"type":"Point","coordinates":[17.097455,-5.038]},"properties":{"province":"Kwango","zonesante":"Kenge","airesante":"Masingi","localite":"Kizola","localitetype":"Hameau","source_acronym":"DSNIS","date":"2019","grid3id":"KG_4993CE4FDB","territoire":"Kenge"}},{"type":"Feature","geometry":{"type":"Point","coordinates":[17.18072,-6.794392]},"properties":{"province":"Kwango","zonesante":"Kitenda","airesante":"Mwana Uta","localite":"Kizola","localitetype":"Village","source_acronym":"DSNIS","date":"2019","grid3id":"KG_CF0F23F4D0","territoire":"Kasongo-Lunda"}},{"type":"Feature","geometry":{"type":"Point","coordinates":[16.965506,-7.208655]},"properties":{"province":"Kwango","zonesante":"Kitenda","airesante":"Swakibula","localite":"Kizolele","localitetype":"Village","source_acronym":"DSNIS","date":"2019","grid3id":"KG_4D5B982E9F","territoire":"Kasongo-Lunda"}},{"type":"Feature","geometry":{"type":"Point","coordinates":[17.713673,-6.661566]},"properties":{"province":"Kwango","zonesante":"Panzi","airesante":"Kibunda 1","localite":"Kizundu","localitetype":"Village","source_acronym":"DSNIS","date":"2019","grid3id":"KG_82F199F429","territoire":"Kasongo-Lunda"}},{"type":"Feature","geometry":{"type":"Point","coordinates":[19.214787,-6.247655]},"properties":{"province":"Kwango","zonesante":"Kisanji","airesante":"Ngunda","localite":"Kobo","localitetype":"Village","source_acronym":"DSNIS","date":"2019","grid3id":"KG_FC5BADA3DB","territoire":"Feshi"}},{"type":"Feature","geometry":{"type":"Point","coordinates":[17.43995,-5.52332]},"properties":{"province":"Kwango","zonesante":"Kimbao","airesante":"Kimbau","localite":"Kodipwanga","localitetype":"Village","source_acronym":"DSNIS","date":"2019","grid3id":"KG_5683ADE33A","territoire":"Kenge"}},{"type":"Feature","geometry":{"type":"Point","coordinates":[17.559571,-4.565988]},"properties":{"province":"Kwango","zonesante":"Kenge","airesante":"Musangu Tsay","localite":"Koete","localitetype":"Hameau","source_acronym":"DSNIS","date":"2019","grid3id":"KG_F10E9C83E7","territoire":"Kenge"}},{"type":"Feature","geometry":{"type":"Point","coordinates":[17.814024,-6.102557]},"properties":{"province":"Kwango","zonesante":"Mwela Lembwa","airesante":"Kandi Lukeni","localite":"Koko Malukuta","localitetype":"Village","source_acronym":"DSNIS","date":"2019","grid3id":"KG_2B6F98410C","territoire":"Feshi"}},{"type":"Feature","geometry":{"type":"Point","coordinates":[18.260074,-7.474114]},"properties":{"province":"Kwango","zonesante":"Panzi","airesante":"Kambanzi","localite":"Kombana","localitetype":"Hameau","source_acronym":"DSNIS","date":"2019","grid3id":"KG_4E0BC835AF","territoire":"Kasongo-Lunda"}},{"type":"Feature","geometry":{"type":"Point","coordinates":[17.556328,-4.619573]},"properties":{"province":"Kwango","zonesante":"Kenge","airesante":"Kimafu","localite":"Kongila","localitetype":"Village","source_acronym":"DSNIS","date":"2019","grid3id":"KG_0A5B694C77","territoire":"Kenge"}},{"type":"Feature","geometry":{"type":"Point","coordinates":[18.873207,-6.365693]},"properties":{"province":"Kwango","zonesante":"Kisanji","airesante":"Kisenda","localite":"Konginina 2","localitetype":"Village","source_acronym":"DSNIS","date":"2019","grid3id":"KG_1D40C9786C","territoire":"Feshi"}},{"type":"Feature","geometry":{"type":"Point","coordinates":[18.900328,-6.47407]},"properties":{"province":"Kwango","zonesante":"Kisanji","airesante":"Kisenda","localite":"Konginina 3","localitetype":"Village","source_acronym":"DSNIS","date":"2019","grid3id":"KG_BF3C27EF87","territoire":"Feshi"}},{"type":"Feature","geometry":{"type":"Point","coordinates":[17.53313,-6.711807]},"properties":{"province":"Kwango","zonesante":"Panzi","airesante":"Kibunda 1","localite":"Kongo","localitetype":"Village","source_acronym":"DSNIS","date":"2019","grid3id":"KG_5344B0B06F","territoire":"Kasongo-Lunda"}},{"type":"Feature","geometry":{"type":"Point","coordinates":[17.700134,-5.934147]},"properties":{"province":"Kwango","zonesante":"Mwela Lembwa","airesante":"Katambi","localite":"Kongo Kandi","localitetype":"Village","source_acronym":"DSNIS","date":"2019","grid3id":"KG_41CC5251D9","territoire":"Feshi"}},{"type":"Feature","geometry":{"type":"Point","coordinates":[17.688582,-5.919825]},"properties":{"province":"Kwango","zonesante":"Mwela Lembwa","airesante":"Katambi","localite":"Kongo Mulopo","localitetype":"Village","source_acronym":"DSNIS","date":"2019","grid3id":"KG_64AA746909","territoire":"Feshi"}},{"type":"Feature","geometry":{"type":"Point","coordinates":[17.58975,-6.238138]},"properties":{"province":"Kwango","zonesante":"Mwela Lembwa","airesante":"Kimfusa","localite":"Kongu Mahinga","localitetype":"Village","source_acronym":"DSNIS","date":"2019","grid3id":"KG_997B676885","territoire":"Feshi"}},{"type":"Feature","geometry":{"type":"Point","coordinates":[16.880958,-6.472328]},"properties":{"province":"Kwango","zonesante":"Kasongo Lunda","airesante":"Kikwati","localite":"Konkengila","localitetype":"Village","source_acronym":"DSNIS","date":"2019","grid3id":"KG_2D7F8190E3","territoire":"Kasongo-Lunda"}},{"type":"Feature","geometry":{"type":"Point","coordinates":[18.203406,-5.830716]},"properties":{"province":"Kwango","zonesante":"Feshi","airesante":"Kabunda","localite":"Kowa","localitetype":"Village","source_acronym":"DSNIS","date":"2019","grid3id":"KG_F5826E4F49","territoire":"Feshi"}},{"type":"Feature","geometry":{"type":"Point","coordinates":[18.305668,-6.745732]},"properties":{"province":"Kwango","zonesante":"Feshi","airesante":"Shatungushi","localite":"Kuba","localitetype":"Village","source_acronym":"DSNIS","date":"2019","grid3id":"KG_C7A3B0EB82","territoire":"Feshi"}},{"type":"Feature","geometry":{"type":"Point","coordinates":[17.46795,-5.79541]},"properties":{"province":"Kwango","zonesante":"Mwela Lembwa","airesante":"Kasombo","localite":"Kulonda","localitetype":"Village","source_acronym":"DSNIS","date":"2019","grid3id":"KG_7123BE47F1","territoire":"Feshi"}},{"type":"Feature","geometry":{"type":"Point","coordinates":[17.566848,-6.111709]},"properties":{"province":"Kwango","zonesante":"Mwela Lembwa","airesante":"Matari","localite":"Kulonda","localitetype":"Village","source_acronym":"DSNIS","date":"2019","grid3id":"KG_14733574FA","territoire":"Feshi"}},{"type":"Feature","geometry":{"type":"Point","coordinates":[17.418788,-4.898777]},"properties":{"province":"Kwango","zonesante":"Kenge","airesante":"Kalenge","localite":"Kulungu","localitetype":"Village","source_acronym":"DSNIS","date":"2019","grid3id":"KG_93A7BB5785","territoire":"Kenge"}},{"type":"Feature","geometry":{"type":"Point","coordinates":[17.692149,-4.362952]},"properties":{"province":"Kwango","zonesante":"Kenge","airesante":"Bangongo","localite":"Kumba","localitetype":"Village","source_acronym":"DSNIS","date":"2019","grid3id":"KG_1BB62F408D","territoire":"Kenge"}},{"type":"Feature","geometry":{"type":"Point","coordinates":[17.614763,-5.813677]},"properties":{"province":"Kwango","zonesante":"Mwela Lembwa","airesante":"Muboso","localite":"Kumbila","localitetype":"Village","source_acronym":"DSNIS","date":"2019","grid3id":"KG_178FDE7C1C","territoire":"Feshi"}},{"type":"Feature","geometry":{"type":"Point","coordinates":[16.952498,-6.298452]},"properties":{"province":"Kwango","zonesante":"Kasongo Lunda","airesante":"Kishiama","localite":"Kumbupwesi","localitetype":"Village","source_acronym":"DSNIS","date":"2019","grid3id":"KG_407D89C523","territoire":"Kasongo-Lunda"}},{"type":"Feature","geometry":{"type":"Point","coordinates":[19.133899,-6.385986]},"properties":{"province":"Kwango","zonesante":"Kisanji","airesante":"Ngoma","localite":"Kunga","localitetype":"Village","source_acronym":"DSNIS","date":"2019","grid3id":"KG_C28F4D2F10","territoire":"Feshi"}},{"type":"Feature","geometry":{"type":"Point","coordinates":[17.114066,-5.652691]},"properties":{"province":"Kwango","zonesante":"Kimbao","airesante":"Mukulutu","localite":"Kungu","localitetype":"Village","source_acronym":"DSNIS","date":"2019","grid3id":"KG_6C67ED107F","territoire":"Kenge"}},{"type":"Feature","geometry":{"type":"Point","coordinates":[18.465449,-7.134805]},"properties":{"province":"Kwango","zonesante":"Panzi","airesante":"Shabenge","localite":"Kuniata","localitetype":"Village","source_acronym":"DSNIS","date":"2019","grid3id":"KG_4BEB8DD3F0","territoire":"Kasongo-Lunda"}},{"type":"Feature","geometry":{"type":"Point","coordinates":[16.824209,-6.483389]},"properties":{"province":"Kwango","zonesante":"Kasongo Lunda","airesante":"Ntemo","localite":"Laisse Moi Tranquille","localitetype":"Village","source_acronym":"DSNIS","date":"2019","grid3id":"KG_D7D5582747","territoire":"Kasongo-Lunda"}},{"type":"Feature","geometry":{"type":"Point","coordinates":[17.62929,-6.539817]},"properties":{"province":"Kwango","zonesante":"Mwela Lembwa","airesante":"Tsaku Malafu","localite":"Landabango","localitetype":"Village","source_acronym":"DSNIS","date":"2019","grid3id":"KG_F0B46A02CF","territoire":"Kasongo-Lunda"}},{"type":"Feature","geometry":{"type":"Point","coordinates":[17.847234,-7.89486]},"properties":{"province":"Kwango","zonesante":"Tembo","localite":"Landabango","localitetype":"Village","source_acronym":"DSNIS","date":"2019","grid3id":"KG_795665302A","territoire":"Kasongo-Lunda"}},{"type":"Feature","geometry":{"type":"Point","coordinates":[18.051055,-6.449011]},"properties":{"province":"Kwango","zonesante":"Feshi","airesante":"Mutsunda","localite":"Lefi","localitetype":"Village","source_acronym":"DSNIS","date":"2019","grid3id":"KG_25426108EF","territoire":"Feshi"}},{"type":"Feature","geometry":{"type":"Point","coordinates":[16.903446,-4.565809]},"properties":{"province":"Kwango","zonesante":"Boko","airesante":"Kasandji","localite":"Limete","localitetype":"Village","source_acronym":"DSNIS","date":"2019","grid3id":"KG_3A2F1A76C8","territoire":"Kenge"}},{"type":"Feature","geometry":{"type":"Point","coordinates":[17.954077,-7.488366]},"properties":{"province":"Kwango","zonesante":"Panzi","airesante":"Kasandji","localite":"Lipasa","localitetype":"Hameau","source_acronym":"DSNIS","date":"2019","grid3id":"KG_14360DA1DE","territoire":"Kasongo-Lunda"}},{"type":"Feature","geometry":{"type":"Point","coordinates":[16.531688,-4.656155]},"properties":{"province":"Kwango","zonesante":"Boko","airesante":"Pont Kwango","localite":"Lokweno","localitetype":"Village","source_acronym":"DSNIS","date":"2019","grid3id":"KG_59D1587B26","territoire":"Kenge"}},{"type":"Feature","geometry":{"type":"Point","coordinates":[17.340139,-5.540695]},"properties":{"province":"Kwango","zonesante":"Kimbao","airesante":"Kimbau","localite":"Lola","localitetype":"Village","source_acronym":"DSNIS","date":"2019","grid3id":"KG_E55876699F","territoire":"Kenge"}},{"type":"Feature","geometry":{"type":"Point","coordinates":[17.48297,-6.025391]},"properties":{"province":"Kwango","zonesante":"Mwela Lembwa","airesante":"Mahungu","localite":"Lola","localitetype":"Village","source_acronym":"DSNIS","date":"2019","grid3id":"KG_73485C143A","territoire":"Feshi"}},{"type":"Feature","geometry":{"type":"Point","coordinates":[17.717592,-6.45414]},"properties":{"province":"Kwango","zonesante":"Mwela Lembwa","airesante":"Kabolo","localite":"Lola","localitetype":"Village","source_acronym":"DSNIS","date":"2019","grid3id":"KG_6EC23AA971","territoire":"Feshi"}},{"type":"Feature","geometry":{"type":"Point","coordinates":[17.192158,-6.874063]},"properties":{"province":"Kwango","zonesante":"Kitenda","airesante":"Swa Ilunga","localite":"Londa Dia Khaka","localitetype":"Village","source_acronym":"DSNIS","date":"2019","grid3id":"KG_E7C32D7217","territoire":"Kasongo-Lunda"}},{"type":"Feature","geometry":{"type":"Point","coordinates":[17.849749,-6.535914]},"properties":{"province":"Kwango","zonesante":"Mwela Lembwa","airesante":"Kabolo","localite":"Loshi","localitetype":"Village","source_acronym":"DSNIS","date":"2019","grid3id":"KG_BB61C318B7","territoire":"Feshi"}},{"type":"Feature","geometry":{"type":"Point","coordinates":[18.06789,-6.365239]},"properties":{"province":"Kwango","zonesante":"Feshi","airesante":"Mutsunda","localite":"Luasenga","localitetype":"Village","source_acronym":"DSNIS","date":"2019","grid3id":"KG_E5654C4004","territoire":"Feshi"}},{"type":"Feature","geometry":{"type":"Point","coordinates":[17.942062,-6.665944]},"properties":{"province":"Kwango","zonesante":"Panzi","airesante":"Kiala Kamba","localite":"Luaula","localitetype":"Village","source_acronym":"DSNIS","date":"2019","grid3id":"KG_B351B64504","territoire":"Kasongo-Lunda"}},{"type":"Feature","geometry":{"type":"Point","coordinates":[17.00091,-4.572061]},"properties":{"province":"Kwango","zonesante":"Boko","airesante":"Tangombe","localite":"Lubaki","localitetype":"Village","source_acronym":"DSNIS","date":"2019","grid3id":"KG_34F2EC2372","territoire":"Kenge"}},{"type":"Feature","geometry":{"type":"Point","coordinates":[16.244652,-5.468895]},"properties":{"province":"Kwango","zonesante":"Popokabaka","airesante":"Mbakata Ilanga","localite":"Lubalala","localitetype":"Village","source_acronym":"DSNIS","date":"2019","grid3id":"KG_43C991E802","territoire":"Popokabaka"}},{"type":"Feature","geometry":{"type":"Point","coordinates":[19.312983,-6.170839]},"properties":{"province":"Kwango","zonesante":"Kisanji","airesante":"Kitanda","localite":"Lubambo","localitetype":"Village","source_acronym":"DSNIS","date":"2019","grid3id":"KG_D563BDE6FE","territoire":"Feshi"}},{"type":"Feature","geometry":{"type":"Point","coordinates":[16.983137,-7.23845]},"properties":{"province":"Kwango","zonesante":"Kitenda","airesante":"Swakibula","localite":"Lubanda","localitetype":"Village","source_acronym":"DSNIS","date":"2019","grid3id":"KG_88E8E2B0E1"}},{"type":"Feature","geometry":{"type":"Point","coordinates":[16.910935,-6.480251]},"properties":{"province":"Kwango","zonesante":"Kasongo Lunda","airesante":"Kikwati","localite":"Lubanza 1","localitetype":"Village","source_acronym":"DSNIS","date":"2019","grid3id":"KG_988D7D7C65","territoire":"Kasongo-Lunda"}},{"type":"Feature","geometry":{"type":"Point","coordinates":[16.922729,-6.485876]},"properties":{"province":"Kwango","zonesante":"Kasongo Lunda","airesante":"Kikwati","localite":"Lubanza 2","localitetype":"Village","source_acronym":"DSNIS","date":"2019","grid3id":"KG_2A07F435A1","territoire":"Kasongo-Lunda"}},{"type":"Feature","geometry":{"type":"Point","coordinates":[16.511031,-5.7582]},"properties":{"province":"Kwango","zonesante":"Popokabaka","airesante":"Tsunza","localite":"Lubindu","localitetype":"Village","source_acronym":"DSNIS","date":"2019","grid3id":"KG_535C4BD098","territoire":"Popokabaka"}},{"type":"Feature","geometry":{"type":"Point","coordinates":[16.810031,-6.527951]},"properties":{"province":"Kwango","zonesante":"Kasongo Lunda","airesante":"Munganda","localite":"Lubombo","localitetype":"Village","source_acronym":"DSNIS","date":"2019","grid3id":"KG_E5D34E1DD3","territoire":"Kasongo-Lunda"}},{"type":"Feature","geometry":{"type":"Point","coordinates":[16.802335,-4.585108]},"properties":{"province":"Kwango","zonesante":"Boko","localite":"Lubumbashi","localitetype":"Village","source_acronym":"DSNIS","date":"2019","grid3id":"KG_13FAA6D219","territoire":"Kenge"}},{"type":"Feature","geometry":{"type":"Point","coordinates":[19.057927,-7.879197]},"properties":{"province":"Kwango","zonesante":"Kahemba","localite":"Lucien Noel","localitetype":"Village","source_acronym":"DSNIS","date":"2019","grid3id":"KG_10528048EB","territoire":"Kahemba"}},{"type":"Feature","geometry":{"type":"Point","coordinates":[16.82374,-5.306465]},"properties":{"province":"Kwango","zonesante":"Boko","airesante":"Boko","localite":"Luhaku","localitetype":"Village","source_acronym":"DSNIS","date":"2019","grid3id":"KG_ECE27355E9","territoire":"Kenge"}},{"type":"Feature","geometry":{"type":"Point","coordinates":[18.575877,-6.542131]},"properties":{"province":"Kwango","zonesante":"Feshi","airesante":"Utadi","localite":"Luhemba","localitetype":"Village","source_acronym":"DSNIS","date":"2019","grid3id":"KG_B0FBB6E0F2","territoire":"Feshi"}},{"type":"Feature","geometry":{"type":"Point","coordinates":[17.681204,-5.702273]},"properties":{"province":"Kwango","zonesante":"Mwela Lembwa","airesante":"Muboso","localite":"Luhemba","localitetype":"Village","source_acronym":"DSNIS","date":"2019","grid3id":"KG_82D30624BC","territoire":"Feshi"}},{"type":"Feature","geometry":{"type":"Point","coordinates":[17.836869,-6.037642]},"properties":{"province":"Kwango","zonesante":"Mwela Lembwa","airesante":"Kandi Lukeni","localite":"Luhemba","localitetype":"Village","source_acronym":"DSNIS","date":"2019","grid3id":"KG_BC52C4EE66","territoire":"Feshi"}},{"type":"Feature","geometry":{"type":"Point","coordinates":[18.229466,-6.919864]},"properties":{"province":"Kwango","zonesante":"Panzi","airesante":"Mazinda","localite":"Luiye","localitetype":"Village","source_acronym":"DSNIS","date":"2019","grid3id":"KG_047D0F4DFF","territoire":"Kasongo-Lunda"}},{"type":"Feature","geometry":{"type":"Point","coordinates":[18.158227,-5.912512]},"properties":{"province":"Kwango","zonesante":"Feshi","airesante":"Kikombo","localite":"Lukala","localitetype":"Village","source_acronym":"DSNIS","date":"2019","grid3id":"KG_27644F0BA3","territoire":"Feshi"}},{"type":"Feature","geometry":{"type":"Point","coordinates":[17.409432,-5.788418]},"properties":{"province":"Kwango","zonesante":"Mwela Lembwa","airesante":"Kasombo","localite":"Lukamambu","localitetype":"Village","source_acronym":"DSNIS","date":"2019","grid3id":"KG_1BB56D2739","territoire":"Feshi"}},{"type":"Feature","geometry":{"type":"Point","coordinates":[17.633188,-6.48965]},"properties":{"province":"Kwango","zonesante":"Mwela Lembwa","airesante":"Tsaku Malafu","localite":"Lukamambu","localitetype":"Village","source_acronym":"DSNIS","date":"2019","grid3id":"KG_7BE5B93F59","territoire":"Feshi"}},{"type":"Feature","geometry":{"type":"Point","coordinates":[16.794755,-6.51017]},"properties":{"province":"Kwango","zonesante":"Kasongo Lunda","airesante":"Munganda","localite":"Lukokisa","localitetype":"Village","source_acronym":"DSNIS","date":"2019","grid3id":"KG_FA69A83F3A","territoire":"Kasongo-Lunda"}},{"type":"Feature","geometry":{"type":"Point","coordinates":[18.130596,-7.924724]},"properties":{"province":"Kwango","zonesante":"Kajiji","airesante":"Nzofu","localite":"Lukunda","localitetype":"Village","source_acronym":"DSNIS","date":"2019","grid3id":"KG_5A39B2E6F4","territoire":"Kahemba"}},{"type":"Feature","geometry":{"type":"Point","coordinates":[17.854565,-7.119484]},"properties":{"province":"Kwango","zonesante":"Panzi","airesante":"Tsakala Panzi","localite":"Lukwila","localitetype":"Village","source_acronym":"DSNIS","date":"2019","grid3id":"KG_137F2033A2","territoire":"Kasongo-Lunda"}},{"type":"Feature","geometry":{"type":"Point","coordinates":[17.679169,-6.205877]},"properties":{"province":"Kwango","zonesante":"Mwela Lembwa","airesante":"Matari","localite":"Lumbala","localitetype":"Village","source_acronym":"DSNIS","date":"2019","grid3id":"KG_3F69151644","territoire":"Feshi"}},{"type":"Feature","geometry":{"type":"Point","coordinates":[17.302918,-6.203683]},"properties":{"province":"Kwango","zonesante":"Wamba Lwadi","airesante":"Manenga","localite":"Lumbala","localitetype":"Village","source_acronym":"DSNIS","date":"2019","grid3id":"KG_94D18DE6AB","territoire":"Kasongo-Lunda"}},{"type":"Feature","geometry":{"type":"Point","coordinates":[17.516608,-4.4972]},"properties":{"province":"Kwango","zonesante":"Kenge","airesante":"Kikongo Lwasa","localite":"Lumbu 1","localitetype":"Village","source_acronym":"DSNIS","date":"2019","grid3id":"KG_7552E74508","territoire":"Kenge"}},{"type":"Feature","geometry":{"type":"Point","coordinates":[17.329193,-5.874954]},"properties":{"province":"Kwango","zonesante":"Mwela Lembwa","airesante":"Tsakala Kuku","localite":"Lumina","localitetype":"Village","source_acronym":"DSNIS","date":"2019","grid3id":"KG_F43D6C81E3","territoire":"Feshi"}},{"type":"Feature","geometry":{"type":"Point","coordinates":[17.085599,-5.100779]},"properties":{"province":"Kwango","zonesante":"Kenge","airesante":"Mukumbi","localite":"Lunda Ndiko 1","localitetype":"Hameau","source_acronym":"DSNIS","date":"2019","grid3id":"KG_428E0AC5D6","territoire":"Kenge"}},{"type":"Feature","geometry":{"type":"Point","coordinates":[17.084012,-5.104572]},"properties":{"province":"Kwango","zonesante":"Kenge","airesante":"Mukumbi","localite":"Lunda Ndiko 2","localitetype":"Village","source_acronym":"DSNIS","date":"2019","grid3id":"KG_8AA1A509D2","territoire":"Kenge"}},{"type":"Feature","geometry":{"type":"Point","coordinates":[18.196892,-5.844106]},"properties":{"province":"Kwango","zonesante":"Feshi","airesante":"Kabunda","localite":"Lundanda","localitetype":"Village","source_acronym":"DSNIS","date":"2019","grid3id":"KG_E2748C610A","territoire":"Feshi"}},{"type":"Feature","geometry":{"type":"Point","coordinates":[17.521586,-6.533905]},"properties":{"province":"Kwango","zonesante":"Panzi","airesante":"Buka Kalau","localite":"Lungisa","localitetype":"Village","source_acronym":"DSNIS","date":"2019","grid3id":"KG_FE63AC8A8E","territoire":"Kasongo-Lunda"}},{"type":"Feature","geometry":{"type":"Point","coordinates":[16.899191,-4.540507]},"properties":{"province":"Kwango","zonesante":"Boko","airesante":"Kasandji","localite":"Lungisa","localitetype":"Village","source_acronym":"DSNIS","date":"2019","grid3id":"KG_45CE6FFDEE","territoire":"Kenge"}},{"type":"Feature","geometry":{"type":"Point","coordinates":[18.331528,-7.093247]},"properties":{"province":"Kwango","zonesante":"Panzi","airesante":"Mazinda","localite":"Lunkinda (R)","localitetype":"Village","source_acronym":"DSNIS","date":"2019","grid3id":"KG_B3857B1EAB","territoire":"Kasongo-Lunda"}},{"type":"Feature","geometry":{"type":"Point","coordinates":[18.450968,-7.03566]},"properties":{"province":"Kwango","zonesante":"Panzi","airesante":"Mazinda","localite":"Lunkinda Kwenge","localitetype":"Village","source_acronym":"DSNIS","date":"2019","grid3id":"KG_1976F24769","territoire":"Kasongo-Lunda"}},{"type":"Feature","geometry":{"type":"Point","coordinates":[18.252999,-7.582336]},"properties":{"province":"Kwango","zonesante":"Panzi","airesante":"Tshibalamba","localite":"Lunkokesa","localitetype":"Hameau","source_acronym":"DSNIS","date":"2019","grid3id":"KG_4C02EE0FE6","territoire":"Kasongo-Lunda"}},{"type":"Feature","geometry":{"type":"Point","coordinates":[17.963836,-7.592059]},"properties":{"province":"Kwango","zonesante":"Panzi","airesante":"Kambandambi","localite":"Lunkokisa","localitetype":"Village","source_acronym":"DSNIS","date":"2019","grid3id":"KG_5596905617","territoire":"Kasongo-Lunda"}},{"type":"Feature","geometry":{"type":"Point","coordinates":[16.511588,-5.576485]},"properties":{"province":"Kwango","zonesante":"Popokabaka","airesante":"Lusanga","localite":"Lusanga 1","localitetype":"Village","source_acronym":"DSNIS","date":"2019","grid3id":"KG_AE0DC53602","territoire":"Popokabaka"}},{"type":"Feature","geometry":{"type":"Point","coordinates":[16.514179,-5.571314]},"properties":{"province":"Kwango","zonesante":"Popokabaka","airesante":"Lusanga","localite":"Lusanga 2","localitetype":"Village","source_acronym":"DSNIS","date":"2019","grid3id":"KG_FA9189147F","territoire":"Popokabaka"}},{"type":"Feature","geometry":{"type":"Point","coordinates":[16.523526,-4.655548]},"properties":{"province":"Kwango","zonesante":"Boko","airesante":"Pont Kwango","localite":"Lusendi","localitetype":"Hameau","source_acronym":"DSNIS","date":"2019","grid3id":"KG_2F0F984214","territoire":"Kenge"}},{"type":"Feature","geometry":{"type":"Point","coordinates":[17.924587,-7.166043]},"properties":{"province":"Kwango","zonesante":"Panzi","airesante":"Tsakala Panzi","localite":"Lusengi","localitetype":"Village","source_acronym":"DSNIS","date":"2019","grid3id":"KG_B686E83764","territoire":"Kasongo-Lunda"}},{"type":"Feature","geometry":{"type":"Point","coordinates":[17.428045,-6.305861]},"properties":{"province":"Kwango","zonesante":"Wamba Lwadi","airesante":"Mawanga","localite":"Lusosa","localitetype":"Village","source_acronym":"DSNIS","date":"2019","grid3id":"KG_3225A9EB7B","territoire":"Kasongo-Lunda"}},{"type":"Feature","geometry":{"type":"Point","coordinates":[17.418572,-6.312868]},"properties":{"province":"Kwango","zonesante":"Wamba Lwadi","airesante":"Mawanga","localite":"Lutondo","localitetype":"Village","source_acronym":"DSNIS","date":"2019","grid3id":"KG_858AC27FCC","territoire":"Kasongo-Lunda"}},{"type":"Feature","geometry":{"type":"Point","coordinates":[17.661077,-6.767966]},"properties":{"province":"Kwango","zonesante":"Panzi","airesante":"Manzengele","localite":"Lutsangu","localitetype":"Village","source_acronym":"DSNIS","date":"2019","grid3id":"KG_3E85ECE214","territoire":"Kasongo-Lunda"}},{"type":"Feature","geometry":{"type":"Point","coordinates":[18.254309,-7.475419]},"properties":{"province":"Kwango","zonesante":"Panzi","airesante":"Kambanzi","localite":"Luvuka","localitetype":"Village","source_acronym":"DSNIS","date":"2019","grid3id":"KG_FE82C267AF","territoire":"Kasongo-Lunda"}},{"type":"Feature","geometry":{"type":"Point","coordinates":[17.678097,-6.304703]},"properties":{"province":"Kwango","zonesante":"Mwela Lembwa","airesante":"Ganaketi","localite":"Luwembi","localitetype":"Village","source_acronym":"DSNIS","date":"2019","grid3id":"KG_A066E0EF98","territoire":"Feshi"}},{"type":"Feature","geometry":{"type":"Point","coordinates":[17.678644,-6.534062]},"properties":{"province":"Kwango","zonesante":"Mwela Lembwa","airesante":"Tsaku Malafu","localite":"Luwembi","localitetype":"Village","source_acronym":"DSNIS","date":"2019","grid3id":"KG_BB08D4C769","territoire":"Feshi"}},{"type":"Feature","geometry":{"type":"Point","coordinates":[19.258961,-6.488178]},"properties":{"province":"Kwango","zonesante":"Kisanji","airesante":"Mukundu","localite":"Luyalu","localitetype":"Village","source_acronym":"DSNIS","date":"2019","grid3id":"KG_3B78E69696","territoire":"Feshi"}},{"type":"Feature","geometry":{"type":"Point","coordinates":[16.770392,-4.837998]},"properties":{"province":"Kwango","zonesante":"Boko","airesante":"Mutombo","localite":"Luzau","localitetype":"Village","source_acronym":"DSNIS","date":"2019","grid3id":"KG_F99A4D72BD","territoire":"Kenge"}},{"type":"Feature","geometry":{"type":"Point","coordinates":[18.233864,-7.543829]},"properties":{"province":"Kwango","zonesante":"Panzi","airesante":"Mukalakata","localite":"Luzingu","localitetype":"Hameau","source_acronym":"DSNIS","date":"2019","grid3id":"KG_5A85F3ADC4","territoire":"Kasongo-Lunda"}},{"type":"Feature","geometry":{"type":"Point","coordinates":[16.894761,-5.393254]},"properties":{"province":"Kwango","zonesante":"Boko","airesante":"Mukukulu Tseke","localite":"Luzolo","localitetype":"Village","source_acronym":"DSNIS","date":"2019","grid3id":"KG_11936A7640","territoire":"Kenge"}},{"type":"Feature","geometry":{"type":"Point","coordinates":[17.508766,-6.02734]},"properties":{"province":"Kwango","zonesante":"Mwela Lembwa","airesante":"Mahungu","localite":"Luzumu","localitetype":"Village","source_acronym":"DSNIS","date":"2019","grid3id":"KG_008D6EAF1F","territoire":"Feshi"}},{"type":"Feature","geometry":{"type":"Point","coordinates":[16.773238,-4.851113]},"properties":{"province":"Kwango","zonesante":"Boko","airesante":"Mutombo","localite":"Lybie","localitetype":"Village","source_acronym":"DSNIS","date":"2019","grid3id":"KG_F6A8831518","territoire":"Kenge"}},{"type":"Feature","geometry":{"type":"Point","coordinates":[17.889956,-7.506667]},"properties":{"province":"Kwango","zonesante":"Panzi","airesante":"Kasandji","localite":"M","localitetype":"Village","source_acronym":"DSNIS","date":"2019","grid3id":"KG_41D64EC44E","territoire":"Kasongo-Lunda"}},{"type":"Feature","geometry":{"type":"Point","coordinates":[18.075137,-6.273662]},"properties":{"province":"Kwango","zonesante":"Feshi","airesante":"Mutsunda","localite":"Mabaka","localitetype":"Village","source_acronym":"DSNIS","date":"2019","grid3id":"KG_15BF2284DA","territoire":"Feshi"}},{"type":"Feature","geometry":{"type":"Point","coordinates":[17.331079,-6.68063]},"properties":{"province":"Kwango","zonesante":"Wamba Lwadi","airesante":"Tsakala Bayila","localite":"Mabaka","localitetype":"Village","source_acronym":"DSNIS","date":"2019","grid3id":"KG_B9B9D9EEA7","territoire":"Kasongo-Lunda"}},{"type":"Feature","geometry":{"type":"Point","coordinates":[16.239185,-5.463558]},"properties":{"province":"Kwango","zonesante":"Popokabaka","airesante":"Mbakata Ilanga","localite":"Mabaka Ilanga","localitetype":"Village","source_acronym":"DSNIS","date":"2019","grid3id":"KG_FD3EDF5037","territoire":"Popokabaka"}},{"type":"Feature","geometry":{"type":"Point","coordinates":[16.314252,-5.686077]},"properties":{"province":"Kwango","zonesante":"Popokabaka","airesante":"Kabama","localite":"Mabaka N'Lasi","localitetype":"Village","source_acronym":"DSNIS","date":"2019","grid3id":"KG_EEA3465D0C","territoire":"Popokabaka"}},{"type":"Feature","geometry":{"type":"Point","coordinates":[17.328254,-6.983724]},"properties":{"province":"Kwango","zonesante":"Kitenda","airesante":"Yenga Lusundji","localite":"Mabanga","localitetype":"Village","source_acronym":"DSNIS","date":"2019","grid3id":"KG_61FB5EDE06","territoire":"Kasongo-Lunda"}},{"type":"Feature","geometry":{"type":"Point","coordinates":[17.878654,-7.508762]},"properties":{"province":"Kwango","zonesante":"Panzi","airesante":"Kasandji","localite":"Mabanza Mbundu","localitetype":"Village","source_acronym":"DSNIS","date":"2019","grid3id":"KG_90B37AED87","territoire":"Kasongo-Lunda"}},{"type":"Feature","geometry":{"type":"Point","coordinates":[18.376501,-6.46622]},"properties":{"province":"Kwango","zonesante":"Feshi","airesante":"Maziamo","localite":"Mabanzi","localitetype":"Village","source_acronym":"DSNIS","date":"2019","grid3id":"KG_2917A3E3FC","territoire":"Feshi"}},{"type":"Feature","geometry":{"type":"Point","coordinates":[18.358876,-6.22834]},"properties":{"province":"Kwango","zonesante":"Feshi","airesante":"Maziamo","localite":"Mabanzi","localitetype":"Village","source_acronym":"DSNIS","date":"2019","grid3id":"KG_C91F579D8F","territoire":"Feshi"}},{"type":"Feature","geometry":{"type":"Point","coordinates":[19.468697,-6.991131]},"properties":{"province":"Kwango","zonesante":"Kahemba","airesante":"Tshitambi","localite":"Mabeka","localitetype":"Village","source_acronym":"DSNIS","date":"2019","grid3id":"KG_F10FC949F0","territoire":"Kahemba"}},{"type":"Feature","geometry":{"type":"Point","coordinates":[17.56604,-4.408779]},"properties":{"province":"Kwango","zonesante":"Kenge","airesante":"Ngondi Mutombo","localite":"Mabengi","localitetype":"Village","source_acronym":"DSNIS","date":"2019","grid3id":"KG_D18AED3B89","territoire":"Kenge"}},{"type":"Feature","geometry":{"type":"Point","coordinates":[17.112139,-5.667994]},"properties":{"province":"Kwango","zonesante":"Kimbao","airesante":"Mukulutu","localite":"Mabiala","localitetype":"Village","source_acronym":"DSNIS","date":"2019","grid3id":"KG_08A8CCE5C2","territoire":"Kenge"}},{"type":"Feature","geometry":{"type":"Point","coordinates":[16.239602,-5.462067]},"properties":{"province":"Kwango","zonesante":"Popokabaka","airesante":"Mbakata Ilanga","localite":"Mabiala","localitetype":"Village","source_acronym":"DSNIS","date":"2019","grid3id":"KG_39C88A2F8F","territoire":"Popokabaka"}},{"type":"Feature","geometry":{"type":"Point","coordinates":[16.527928,-4.842694]},"properties":{"province":"Kwango","zonesante":"Boko","airesante":"Takundi","localite":"Mabinzi","localitetype":"Village","source_acronym":"DSNIS","date":"2019","grid3id":"KG_47813DDC8E","territoire":"Kenge"}},{"type":"Feature","geometry":{"type":"Point","coordinates":[17.310679,-6.200623]},"properties":{"province":"Kwango","zonesante":"Wamba Lwadi","airesante":"Manenga","localite":"Macampagne","localitetype":"Village","source_acronym":"DSNIS","date":"2019","grid3id":"KG_CA5D48D3ED","territoire":"Kasongo-Lunda"}},{"type":"Feature","geometry":{"type":"Point","coordinates":[17.572163,-4.273503]},"properties":{"province":"Kwango","zonesante":"Kenge","airesante":"Fasamba","localite":"Macazin Fasamba","localitetype":"Village","source_acronym":"DSNIS","date":"2019","grid3id":"KG_A33207A51E","territoire":"Kenge"}},{"type":"Feature","geometry":{"type":"Point","coordinates":[17.536799,-4.632689]},"properties":{"province":"Kwango","zonesante":"Kenge","airesante":"Kimafu","localite":"Mafamangondi","localitetype":"Village","source_acronym":"DSNIS","date":"2019","grid3id":"KG_C29E1334D3","territoire":"Kenge"}},{"type":"Feature","geometry":{"type":"Point","coordinates":[17.878174,-6.831646]},"properties":{"province":"Kwango","zonesante":"Panzi","airesante":"Tambu Tseke","localite":"Mafingi","localitetype":"Village","source_acronym":"DSNIS","date":"2019","grid3id":"KG_D2874B44A0","territoire":"Kasongo-Lunda"}},{"type":"Feature","geometry":{"type":"Point","coordinates":[17.042831,-5.05454]},"properties":{"province":"Kwango","zonesante":"Kenge","airesante":"Masingi","localite":"Mafueni","localitetype":"Village","source_acronym":"DSNIS","date":"2019","grid3id":"KG_A2D69CC154","territoire":"Kenge"}},{"type":"Feature","geometry":{"type":"Point","coordinates":[17.389788,-6.72604]},"properties":{"province":"Kwango","zonesante":"Kitenda","airesante":"Makenzi","localite":"Mafuta Kizola","localitetype":"Village","source_acronym":"DSNIS","date":"2019","grid3id":"KG_EDDA117C10","territoire":"Kasongo-Lunda"}},{"type":"Feature","geometry":{"type":"Point","coordinates":[17.832768,-6.447125]},"properties":{"province":"Kwango","zonesante":"Mwela Lembwa","airesante":"Mafuti","localite":"Mafuti","localitetype":"Village","source_acronym":"DSNIS","date":"2019","grid3id":"KG_BBF9DB596C","territoire":"Feshi"}},{"type":"Feature","geometry":{"type":"Point","coordinates":[16.394052,-5.530172]},"properties":{"province":"Kwango","zonesante":"Popokabaka","airesante":"Kalala","localite":"Mahibi","localitetype":"Village","source_acronym":"DSNIS","date":"2019","grid3id":"KG_35F69948EC","territoire":"Popokabaka"}},{"type":"Feature","geometry":{"type":"Point","coordinates":[16.263238,-5.725617]},"properties":{"province":"Kwango","zonesante":"Popokabaka","airesante":"Ngasa","localite":"Mahindu","localitetype":"Village","source_acronym":"DSNIS","date":"2019","grid3id":"KG_C15DDB26D5","territoire":"Popokabaka"}},{"type":"Feature","geometry":{"type":"Point","coordinates":[17.928538,-7.562245]},"properties":{"province":"Kwango","zonesante":"Panzi","airesante":"Kasandji","localite":"Mahola","localitetype":"Village","source_acronym":"DSNIS","date":"2019","grid3id":"KG_B58EF2B671","territoire":"Kasongo-Lunda"}},{"type":"Feature","geometry":{"type":"Point","coordinates":[16.735027,-6.173957]},"properties":{"province":"Kwango","zonesante":"Kasongo Lunda","airesante":"Kimbeko","localite":"Mahonga 2","localitetype":"Village","source_acronym":"DSNIS","date":"2019","grid3id":"KG_70DC64EBEA","territoire":"Kasongo-Lunda"}},{"type":"Feature","geometry":{"type":"Point","coordinates":[19.045659,-6.768458]},"properties":{"province":"Kwango","zonesante":"Kisanji","airesante":"Pombo","localite":"Mahundu","localitetype":"Village","source_acronym":"DSNIS","date":"2019","grid3id":"KG_0D390EE5AE","territoire":"Feshi"}},{"type":"Feature","geometry":{"type":"Point","coordinates":[17.525023,-6.025021]},"properties":{"province":"Kwango","zonesante":"Mwela Lembwa","airesante":"Mahungu","localite":"Mahungu","localitetype":"Village","source_acronym":"DSNIS","date":"2019","grid3id":"KG_00AFED7130","territoire":"Feshi"}},{"type":"Feature","geometry":{"type":"Point","coordinates":[17.638604,-6.145247]},"properties":{"province":"Kwango","zonesante":"Mwela Lembwa","airesante":"Matari","localite":"Mahungu Lembwa","localitetype":"Village","source_acronym":"DSNIS","date":"2019","grid3id":"KG_922935979F","territoire":"Feshi"}},{"type":"Feature","geometry":{"type":"Point","coordinates":[17.118281,-5.110456]},"properties":{"province":"Kwango","zonesante":"Kenge","airesante":"Mukumbi","localite":"Makaka","localitetype":"Village","source_acronym":"DSNIS","date":"2019","grid3id":"KG_DAE8071D9C","territoire":"Kenge"}},{"type":"Feature","geometry":{"type":"Point","coordinates":[17.38053,-5.485034]},"properties":{"province":"Kwango","zonesante":"Kimbao","airesante":"Kibengele","localite":"Makakala","localitetype":"Village","source_acronym":"DSNIS","date":"2019","grid3id":"KG_48BB9EE389","territoire":"Kenge"}},{"type":"Feature","geometry":{"type":"Point","coordinates":[17.857086,-5.969825]},"properties":{"province":"Kwango","zonesante":"Feshi","localite":"Makaki","localitetype":"Village","source_acronym":"DSNIS","date":"2019","grid3id":"KG_F50199509B","territoire":"Feshi"}},{"type":"Feature","geometry":{"type":"Point","coordinates":[19.33723,-6.162253]},"properties":{"province":"Kwango","zonesante":"Kisanji","airesante":"Kitanda","localite":"Makala","localitetype":"Village","source_acronym":"DSNIS","date":"2019","grid3id":"KG_420AC59E9F","territoire":"Feshi"}},{"type":"Feature","geometry":{"type":"Point","coordinates":[17.555327,-6.200889]},"properties":{"province":"Kwango","zonesante":"Mwela Lembwa","airesante":"Kimfusa","localite":"Makala","localitetype":"Village","source_acronym":"DSNIS","date":"2019","grid3id":"KG_FBFA66F320","territoire":"Feshi"}},{"type":"Feature","geometry":{"type":"Point","coordinates":[17.456728,-6.80724]},"properties":{"province":"Kwango","zonesante":"Kitenda","airesante":"Kazembe","localite":"Makala","localitetype":"Village","source_acronym":"DSNIS","date":"2019","grid3id":"KG_DD9DEF83A9","territoire":"Kasongo-Lunda"}},{"type":"Feature","geometry":{"type":"Point","coordinates":[18.212098,-5.806824]},"properties":{"province":"Kwango","zonesante":"Feshi","airesante":"Kabunda","localite":"Makanda","localitetype":"Village","source_acronym":"DSNIS","date":"2019","grid3id":"KG_67099C18DB","territoire":"Feshi"}},{"type":"Feature","geometry":{"type":"Point","coordinates":[16.834891,-6.511629]},"properties":{"province":"Kwango","zonesante":"Kasongo Lunda","airesante":"Ntemo","localite":"Makasa","localitetype":"Village","source_acronym":"DSNIS","date":"2019","grid3id":"KG_A62F60B6B5","territoire":"Kasongo-Lunda"}},{"type":"Feature","geometry":{"type":"Point","coordinates":[16.781656,-4.959348]},"properties":{"province":"Kwango","zonesante":"Boko","airesante":"Tsakala Mbewu","localite":"Makasa","localitetype":"Village","source_acronym":"DSNIS","date":"2019","grid3id":"KG_B19D918A3B","territoire":"Kenge"}},{"type":"Feature","geometry":{"type":"Point","coordinates":[16.434307,-5.423619]},"properties":{"province":"Kwango","zonesante":"Popokabaka","airesante":"Mutombo Yamfu","localite":"Makasa","localitetype":"Village","source_acronym":"DSNIS","date":"2019","grid3id":"KG_04AF5E99F5","territoire":"Popokabaka"}},{"type":"Feature","geometry":{"type":"Point","coordinates":[17.611377,-6.14649]},"properties":{"province":"Kwango","zonesante":"Mwela Lembwa","airesante":"Matari","localite":"Makaya","localitetype":"Village","source_acronym":"DSNIS","date":"2019","grid3id":"KG_F7715D51D0","territoire":"Feshi"}},{"type":"Feature","geometry":{"type":"Point","coordinates":[18.133107,-7.441093]},"properties":{"province":"Kwango","zonesante":"Panzi","airesante":"Kibunda 2","localite":"Makayi","localitetype":"Hameau","source_acronym":"DSNIS","date":"2019","grid3id":"KG_17C0D5731A","territoire":"Kasongo-Lunda"}},{"type":"Feature","geometry":{"type":"Point","coordinates":[17.384835,-5.970495]},"properties":{"province":"Kwango","zonesante":"Mwela Lembwa","airesante":"Ngudikama","localite":"Makelwa","localitetype":"Village","source_acronym":"DSNIS","date":"2019","grid3id":"KG_34CAA6CFFB","territoire":"Feshi"}},{"type":"Feature","geometry":{"type":"Point","coordinates":[16.449658,-4.54257]},"properties":{"province":"Kwango","zonesante":"Boko","airesante":"Kabuba","localite":"Makengo","localitetype":"Village","source_acronym":"DSNIS","date":"2019","grid3id":"KG_E4CF8DB7E8","territoire":"Kenge"}},{"type":"Feature","geometry":{"type":"Point","coordinates":[17.456002,-6.966802]},"properties":{"province":"Kwango","zonesante":"Kitenda","airesante":"Mwela Kassa","localite":"Makeni","localitetype":"Village","source_acronym":"DSNIS","date":"2019","grid3id":"KG_245CE95E59","territoire":"Kasongo-Lunda"}},{"type":"Feature","geometry":{"type":"Point","coordinates":[17.843,-7.220124]},"properties":{"province":"Kwango","zonesante":"Panzi","airesante":"Kiama","localite":"Makenia","localitetype":"Village","source_acronym":"DSNIS","date":"2019","grid3id":"KG_51349892A0","territoire":"Kasongo-Lunda"}},{"type":"Feature","geometry":{"type":"Point","coordinates":[17.444167,-6.708423]},"properties":{"province":"Kwango","zonesante":"Kitenda","airesante":"Makenzi","localite":"Makenzi","localitetype":"Village","source_acronym":"DSNIS","date":"2019","grid3id":"KG_B97C41ACD4","territoire":"Kasongo-Lunda"}},{"type":"Feature","geometry":{"type":"Point","coordinates":[17.094247,-4.950663]},"properties":{"province":"Kwango","zonesante":"Kenge","airesante":"Saint Pierre","localite":"Makiala","localitetype":"Village","source_acronym":"DSNIS","date":"2019","grid3id":"KG_844E0B6E38","territoire":"Kenge"}},{"type":"Feature","geometry":{"type":"Point","coordinates":[17.355695,-7.691614]},"properties":{"province":"Kwango","zonesante":"Tembo","airesante":"Kapita Suka","localite":"Makialangu","localitetype":"Village","source_acronym":"DSNIS","date":"2019","grid3id":"KG_3ABBBFC50D","territoire":"Kasongo-Lunda"}},{"type":"Feature","geometry":{"type":"Point","coordinates":[17.044926,-5.531854]},"properties":{"province":"Kwango","zonesante":"Kimbao","airesante":"Mabunda","localite":"Makiku","localitetype":"Village","source_acronym":"DSNIS","date":"2019","grid3id":"KG_0FC027E5F8","territoire":"Kenge"}},{"type":"Feature","geometry":{"type":"Point","coordinates":[18.043596,-6.19966]},"properties":{"province":"Kwango","zonesante":"Feshi","airesante":"Mutsunda","localite":"Makila","localitetype":"Village","source_acronym":"DSNIS","date":"2019","grid3id":"KG_34BA81D24D","territoire":"Feshi"}},{"type":"Feature","geometry":{"type":"Point","coordinates":[17.487115,-6.153711]},"properties":{"province":"Kwango","zonesante":"Mwela Lembwa","airesante":"Ngudikama","localite":"Makila","localitetype":"Village","source_acronym":"DSNIS","date":"2019","grid3id":"KG_1F31646851","territoire":"Feshi"}},{"type":"Feature","geometry":{"type":"Point","coordinates":[17.405691,-5.043405]},"properties":{"province":"Kwango","zonesante":"Kenge","airesante":"Kimwela Tsay","localite":"Makoboti","localitetype":"Village","source_acronym":"DSNIS","date":"2019","grid3id":"KG_76E2A611CE","territoire":"Kenge"}},{"type":"Feature","geometry":{"type":"Point","coordinates":[16.507822,-4.713113]},"properties":{"province":"Kwango","zonesante":"Boko","airesante":"Kabuba","localite":"Makodi","localitetype":"Village","source_acronym":"DSNIS","date":"2019","grid3id":"KG_B135CA6F4C","territoire":"Kenge"}},{"type":"Feature","geometry":{"type":"Point","coordinates":[17.329737,-6.777773]},"properties":{"province":"Kwango","zonesante":"Kitenda","airesante":"Bamba","localite":"Makondo","localitetype":"Village","source_acronym":"DSNIS","date":"2019","grid3id":"KG_3B8F383F9A","territoire":"Kasongo-Lunda"}},{"type":"Feature","geometry":{"type":"Point","coordinates":[17.304425,-6.839576]},"properties":{"province":"Kwango","zonesante":"Kitenda","airesante":"Bamba","localite":"Makonga","localitetype":"Village","source_acronym":"DSNIS","date":"2019","grid3id":"KG_C556124036","territoire":"Kasongo-Lunda"}},{"type":"Feature","geometry":{"type":"Point","coordinates":[17.44713,-6.71103]},"properties":{"province":"Kwango","zonesante":"Kitenda","airesante":"Makenzi","localite":"Makongo","localitetype":"Village","source_acronym":"DSNIS","date":"2019","grid3id":"KG_ACE37811CF","territoire":"Kasongo-Lunda"}},{"type":"Feature","geometry":{"type":"Point","coordinates":[17.219853,-7.13432]},"properties":{"province":"Kwango","zonesante":"Kitenda","airesante":"Mvufu","localite":"Makongo","localitetype":"Village","source_acronym":"DSNIS","date":"2019","grid3id":"KG_D2ED8AB4C7","territoire":"Kasongo-Lunda"}},{"type":"Feature","geometry":{"type":"Point","coordinates":[17.447625,-6.644727]},"properties":{"province":"Kwango","zonesante":"Wamba Lwadi","airesante":"Kibinda","localite":"Makongo Yanda","localitetype":"Village","source_acronym":"DSNIS","date":"2019","grid3id":"KG_BCBDC10594","territoire":"Kasongo-Lunda"}},{"type":"Feature","geometry":{"type":"Point","coordinates":[18.338864,-7.358089]},"properties":{"province":"Kwango","zonesante":"Panzi","airesante":"Kingwangala","localite":"Makubu","localitetype":"Hameau","source_acronym":"DSNIS","date":"2019","grid3id":"KG_894C118BF6","territoire":"Kasongo-Lunda"}},{"type":"Feature","geometry":{"type":"Point","coordinates":[16.319483,-5.437987]},"properties":{"province":"Kwango","zonesante":"Popokabaka","airesante":"Mukila Ndondo","localite":"Makuka Bombo","localitetype":"Village","source_acronym":"DSNIS","date":"2019","grid3id":"KG_763848BA90","territoire":"Popokabaka"}},{"type":"Feature","geometry":{"type":"Point","coordinates":[17.51327,-4.459065]},"properties":{"province":"Kwango","zonesante":"Kenge","airesante":"Kikongo Lwasa","localite":"Makuku","localitetype":"Village","source_acronym":"DSNIS","date":"2019","grid3id":"KG_2E2E4E1F80","territoire":"Kenge"}},{"type":"Feature","geometry":{"type":"Point","coordinates":[17.770547,-6.534616]},"properties":{"province":"Kwango","zonesante":"Mwela Lembwa","airesante":"Kabolo","localite":"Makumbi","localitetype":"Village","source_acronym":"DSNIS","date":"2019","grid3id":"KG_2C78729C1C","territoire":"Feshi"}},{"type":"Feature","geometry":{"type":"Point","coordinates":[18.174361,-7.690293]},"properties":{"province":"Kwango","zonesante":"Panzi","airesante":"Tshibalamba","localite":"Makutadi","localitetype":"Hameau","source_acronym":"DSNIS","date":"2019","grid3id":"KG_875CECC301","territoire":"Kasongo-Lunda"}},{"type":"Feature","geometry":{"type":"Point","coordinates":[17.322011,-6.999221]},"properties":{"province":"Kwango","zonesante":"Kitenda","airesante":"Yenga Lusundji","localite":"Makuwa","localitetype":"Village","source_acronym":"DSNIS","date":"2019","grid3id":"KG_A653AD4051","territoire":"Kasongo-Lunda"}},{"type":"Feature","geometry":{"type":"Point","coordinates":[19.326312,-6.1667]},"properties":{"province":"Kwango","zonesante":"Kisanji","airesante":"Kitanda","localite":"Makwa","localitetype":"Hameau","source_acronym":"DSNIS","date":"2019","grid3id":"KG_95CC0FFFFB","territoire":"Feshi"}},{"type":"Feature","geometry":{"type":"Point","coordinates":[17.375151,-5.551812]},"properties":{"province":"Kwango","zonesante":"Kimbao","airesante":"Kimbau","localite":"Makwanda","localitetype":"Village","source_acronym":"DSNIS","date":"2019","grid3id":"KG_F6A99D40A1","territoire":"Kenge"}},{"type":"Feature","geometry":{"type":"Point","coordinates":[17.246251,-4.884824]},"properties":{"province":"Kwango","zonesante":"Kenge","airesante":"Swa Bangu","localite":"Makwata","localitetype":"Village","source_acronym":"DSNIS","date":"2019","grid3id":"KG_FEE8FB0427","territoire":"Kenge"}},{"type":"Feature","geometry":{"type":"Point","coordinates":[16.965852,-7.218087]},"properties":{"province":"Kwango","zonesante":"Kitenda","airesante":"Swakibula","localite":"Makwata","localitetype":"Village","source_acronym":"DSNIS","date":"2019","grid3id":"KG_7823DC7AF4"}},{"type":"Feature","geometry":{"type":"Point","coordinates":[17.47148,-5.686431]},"properties":{"province":"Kwango","zonesante":"Kimbao","airesante":"Kiamfu Kinzadi","localite":"Makwati","localitetype":"Village","source_acronym":"DSNIS","date":"2019","grid3id":"KG_7A7AF01310","territoire":"Kenge"}},{"type":"Feature","geometry":{"type":"Point","coordinates":[17.558712,-6.733606]},"properties":{"province":"Kwango","zonesante":"Panzi","airesante":"Kibunda 1","localite":"Maladi","localitetype":"Village","source_acronym":"DSNIS","date":"2019","grid3id":"KG_9F69CDE229","territoire":"Kasongo-Lunda"}},{"type":"Feature","geometry":{"type":"Point","coordinates":[16.468054,-5.169463]},"properties":{"province":"Kwango","zonesante":"Popokabaka","airesante":"Iyimbi Mbingila","localite":"Malambu","localitetype":"Village","source_acronym":"DSNIS","date":"2019","grid3id":"KG_81649EE5A6","territoire":"Popokabaka"}},{"type":"Feature","geometry":{"type":"Point","coordinates":[16.992016,-5.644716]},"properties":{"province":"Kwango","zonesante":"Kimbao","airesante":"Ibumbu","localite":"Malatu","localitetype":"Village","source_acronym":"DSNIS","date":"2019","grid3id":"KG_35855BEAA9","territoire":"Kenge"}},{"type":"Feature","geometry":{"type":"Point","coordinates":[17.025467,-5.043056]},"properties":{"province":"Kwango","zonesante":"Kenge","airesante":"Masingi","localite":"Malembe","localitetype":"Village","source_acronym":"DSNIS","date":"2019","grid3id":"KG_93CED57A54","territoire":"Kenge"}},{"type":"Feature","geometry":{"type":"Point","coordinates":[19.224928,-6.241127]},"properties":{"province":"Kwango","zonesante":"Kisanji","airesante":"Ngunda","localite":"Malembe","localitetype":"Village","source_acronym":"DSNIS","date":"2019","grid3id":"KG_67A97BDAFF","territoire":"Feshi"}},{"type":"Feature","geometry":{"type":"Point","coordinates":[18.00734,-7.831792]},"properties":{"province":"Kwango","zonesante":"Kajiji","airesante":"Shamatahu","localite":"Malengiji","localitetype":"Village","source_acronym":"DSNIS","date":"2019","grid3id":"KG_10186BDF12","territoire":"Kahemba"}},{"type":"Feature","geometry":{"type":"Point","coordinates":[16.257049,-5.755393]},"properties":{"province":"Kwango","zonesante":"Popokabaka","airesante":"Ngasa","localite":"Malolo","localitetype":"Village","source_acronym":"DSNIS","date":"2019","grid3id":"KG_FB809D012C","territoire":"Popokabaka"}},{"type":"Feature","geometry":{"type":"Point","coordinates":[16.745924,-6.548831]},"properties":{"province":"Kwango","zonesante":"Kasongo Lunda","airesante":"Munganda","localite":"Maluku","localitetype":"Village","source_acronym":"DSNIS","date":"2019","grid3id":"KG_BD4A024EA2"}},{"type":"Feature","geometry":{"type":"Point","coordinates":[16.327388,-5.640633]},"properties":{"province":"Kwango","zonesante":"Popokabaka","airesante":"Kabama","localite":"Malumbu","localitetype":"Village","source_acronym":"DSNIS","date":"2019","grid3id":"KG_0DCC62D8AD","territoire":"Popokabaka"}},{"type":"Feature","geometry":{"type":"Point","coordinates":[17.66854,-5.746708]},"properties":{"province":"Kwango","zonesante":"Mwela Lembwa","airesante":"Muboso","localite":"Malundu","localitetype":"Village","source_acronym":"DSNIS","date":"2019","grid3id":"KG_E3F9B697B9","territoire":"Feshi"}},{"type":"Feature","geometry":{"type":"Point","coordinates":[17.856887,-5.802749]},"properties":{"province":"Kwango","zonesante":"Feshi","airesante":"Lobo","localite":"Malunga","localitetype":"Village","source_acronym":"DSNIS","date":"2019","grid3id":"KG_2F214471BE","territoire":"Feshi"}},{"type":"Feature","geometry":{"type":"Point","coordinates":[17.204713,-5.228099]},"properties":{"province":"Kwango","zonesante":"Kimbao","airesante":"Mukata","localite":"Malunga","localitetype":"Village","source_acronym":"DSNIS","date":"2019","grid3id":"KG_7EF10264CB","territoire":"Kenge"}},{"type":"Feature","geometry":{"type":"Point","coordinates":[16.961685,-4.622185]},"properties":{"province":"Kwango","zonesante":"Boko","airesante":"Kasandji","localite":"Malweka","localitetype":"Village","source_acronym":"DSNIS","date":"2019","grid3id":"KG_7F5BC22AA7","territoire":"Kenge"}},{"type":"Feature","geometry":{"type":"Point","coordinates":[17.641776,-6.484115]},"properties":{"province":"Kwango","zonesante":"Mwela Lembwa","airesante":"Tsaku Malafu","localite":"Mambamba","localitetype":"Village","source_acronym":"DSNIS","date":"2019","grid3id":"KG_92DE33AFB6","territoire":"Feshi"}},{"type":"Feature","geometry":{"type":"Point","coordinates":[17.202608,-7.340993]},"properties":{"province":"Kwango","zonesante":"Tembo","airesante":"Swamasangu","localite":"Mambamba","localitetype":"Village","source_acronym":"DSNIS","date":"2019","grid3id":"KG_4595C9EE3B","territoire":"Kasongo-Lunda"}},{"type":"Feature","geometry":{"type":"Point","coordinates":[17.471147,-7.167141]},"properties":{"province":"Kwango","zonesante":"Kitenda","airesante":"Muyamba","localite":"Mambanza","localitetype":"Village","source_acronym":"DSNIS","date":"2019","grid3id":"KG_803F2A03EF","territoire":"Kasongo-Lunda"}},{"type":"Feature","geometry":{"type":"Point","coordinates":[16.435415,-5.42244]},"properties":{"province":"Kwango","zonesante":"Popokabaka","airesante":"Mutombo Yamfu","localite":"Mambata","localitetype":"Village","source_acronym":"DSNIS","date":"2019","grid3id":"KG_4106305FB1","territoire":"Popokabaka"}},{"type":"Feature","geometry":{"type":"Point","coordinates":[18.049173,-5.804995]},"properties":{"province":"Kwango","zonesante":"Feshi","airesante":"Mbumba","localite":"Mambati","localitetype":"Village","source_acronym":"DSNIS","date":"2019","grid3id":"KG_884543B098","territoire":"Feshi"}},{"type":"Feature","geometry":{"type":"Point","coordinates":[16.937917,-6.490117]},"properties":{"province":"Kwango","zonesante":"Kasongo Lunda","airesante":"Kikwati","localite":"Mambengu","localitetype":"Village","source_acronym":"DSNIS","date":"2019","grid3id":"KG_8D2A4B834B","territoire":"Kasongo-Lunda"}},{"type":"Feature","geometry":{"type":"Point","coordinates":[16.436212,-4.6627]},"properties":{"province":"Kwango","zonesante":"Boko","airesante":"Kabuba","localite":"Mambieme","localitetype":"Village","source_acronym":"DSNIS","date":"2019","grid3id":"KG_A38ACA7FB6","territoire":"Kenge"}},{"type":"Feature","geometry":{"type":"Point","coordinates":[16.932163,-4.663823]},"properties":{"province":"Kwango","zonesante":"Boko","localite":"Mambodi","localitetype":"Village","source_acronym":"DSNIS","date":"2019","grid3id":"KG_C7CABF7CBB","territoire":"Kenge"}},{"type":"Feature","geometry":{"type":"Point","coordinates":[17.395238,-5.989074]},"properties":{"province":"Kwango","zonesante":"Mwela Lembwa","airesante":"Ngudikama","localite":"Mamboma","localitetype":"Village","source_acronym":"DSNIS","date":"2019","grid3id":"KG_2E73CB34C9","territoire":"Feshi"}},{"type":"Feature","geometry":{"type":"Point","coordinates":[17.615151,-7.478464]},"properties":{"province":"Kwango","zonesante":"Tembo","airesante":"Talamatunga","localite":"Mambote","localitetype":"Village","source_acronym":"DSNIS","date":"2019","grid3id":"KG_9E932582B7","territoire":"Kasongo-Lunda"}},{"type":"Feature","geometry":{"type":"Point","coordinates":[17.319683,-6.886983]},"properties":{"province":"Kwango","zonesante":"Kitenda","airesante":"Kitenda","localite":"Mambweni","localitetype":"Village","source_acronym":"DSNIS","date":"2019","grid3id":"KG_F73E4FCAC0","territoire":"Kasongo-Lunda"}},{"type":"Feature","geometry":{"type":"Point","coordinates":[16.318281,-5.656972]},"properties":{"province":"Kwango","zonesante":"Popokabaka","airesante":"Kabama","localite":"Mampengi","localitetype":"Village","source_acronym":"DSNIS","date":"2019","grid3id":"KG_461E6E42BE","territoire":"Popokabaka"}},{"type":"Feature","geometry":{"type":"Point","coordinates":[17.786044,-6.505962]},"properties":{"province":"Kwango","zonesante":"Mwela Lembwa","airesante":"Kabolo","localite":"Mamundu","localitetype":"Village","source_acronym":"DSNIS","date":"2019","grid3id":"KG_C722C8BF2F","territoire":"Feshi"}},{"type":"Feature","geometry":{"type":"Point","coordinates":[16.870941,-6.43604]},"properties":{"province":"Kwango","zonesante":"Kasongo Lunda","airesante":"Kikwati","localite":"Mamvuanga","localitetype":"Village","source_acronym":"DSNIS","date":"2019","grid3id":"KG_A63BF4B365","territoire":"Kasongo-Lunda"}},{"type":"Feature","geometry":{"type":"Point","coordinates":[16.527598,-4.731172]},"properties":{"province":"Kwango","zonesante":"Boko","airesante":"Kabuba","localite":"Mamvuemvua","localitetype":"Village","source_acronym":"DSNIS","date":"2019","grid3id":"KG_0775EEA1DC","territoire":"Kenge"}},{"type":"Feature","geometry":{"type":"Point","coordinates":[17.457803,-6.879173]},"properties":{"province":"Kwango","zonesante":"Kitenda","airesante":"Mihala","localite":"Mandamba","localitetype":"Village","source_acronym":"DSNIS","date":"2019","grid3id":"KG_2EACB11A7D","territoire":"Kasongo-Lunda"}},{"type":"Feature","geometry":{"type":"Point","coordinates":[17.199192,-5.359055]},"properties":{"province":"Kwango","zonesante":"Kimbao","airesante":"Kiyenga","localite":"Mandosi","localitetype":"Village","source_acronym":"DSNIS","date":"2019","grid3id":"KG_15E19CD255","territoire":"Kenge"}},{"type":"Feature","geometry":{"type":"Point","coordinates":[18.246355,-6.260925]},"properties":{"province":"Kwango","zonesante":"Feshi","airesante":"Maziamo","localite":"Mandulu","localitetype":"Village","source_acronym":"DSNIS","date":"2019","grid3id":"KG_5945456C65","territoire":"Feshi"}},{"type":"Feature","geometry":{"type":"Point","coordinates":[16.792266,-4.706525]},"properties":{"province":"Kwango","zonesante":"Boko","airesante":"Lonzo","localite":"Mangandu","localitetype":"Village","source_acronym":"DSNIS","date":"2019","grid3id":"KG_743C6A46A4","territoire":"Kenge"}},{"type":"Feature","geometry":{"type":"Point","coordinates":[16.802656,-6.169316]},"properties":{"province":"Kwango","zonesante":"Kasongo Lunda","airesante":"Kimbeko","localite":"Mangembo","localitetype":"Hameau","source_acronym":"DSNIS","date":"2019","grid3id":"KG_9828103BB4","territoire":"Kasongo-Lunda"}},{"type":"Feature","geometry":{"type":"Point","coordinates":[17.311283,-7.025113]},"properties":{"province":"Kwango","zonesante":"Kitenda","airesante":"Yenga Lusundji","localite":"Mangenge","localitetype":"Village","source_acronym":"DSNIS","date":"2019","grid3id":"KG_DE55C7D37E","territoire":"Kasongo-Lunda"}},{"type":"Feature","geometry":{"type":"Point","coordinates":[17.247613,-4.783492]},"properties":{"province":"Kwango","zonesante":"Kenge","airesante":"Bangombe","localite":"Mango","localitetype":"Village","source_acronym":"DSNIS","date":"2019","grid3id":"KG_A4388529A2","territoire":"Kenge"}},{"type":"Feature","geometry":{"type":"Point","coordinates":[17.813511,-7.054014]},"properties":{"province":"Kwango","zonesante":"Panzi","airesante":"Mukanza","localite":"Mangola","localitetype":"Village","source_acronym":"DSNIS","date":"2019","grid3id":"KG_42C4284394","territoire":"Kasongo-Lunda"}},{"type":"Feature","geometry":{"type":"Point","coordinates":[17.712774,-7.589019]},"properties":{"province":"Kwango","zonesante":"Tembo","airesante":"Yamfukilunga","localite":"Mangola","localitetype":"Village","source_acronym":"DSNIS","date":"2019","grid3id":"KG_AC93AA259A","territoire":"Kasongo-Lunda"}},{"type":"Feature","geometry":{"type":"Point","coordinates":[17.363652,-6.503225]},"properties":{"province":"Kwango","zonesante":"Wamba Lwadi","airesante":"Wamba Luadi","localite":"Mangola","localitetype":"Village","source_acronym":"DSNIS","date":"2019","grid3id":"KG_1D40AB8744","territoire":"Kasongo-Lunda"}},{"type":"Feature","geometry":{"type":"Point","coordinates":[17.249368,-5.108828]},"properties":{"province":"Kwango","zonesante":"Kenge","airesante":"Makiosi","localite":"Mangombo","localitetype":"Village","source_acronym":"DSNIS","date":"2019","grid3id":"KG_77F5D7F715","territoire":"Kenge"}},{"type":"Feature","geometry":{"type":"Point","coordinates":[17.221555,-7.13482]},"properties":{"province":"Kwango","zonesante":"Kitenda","airesante":"Mvufu","localite":"Mangula","localitetype":"Village","source_acronym":"DSNIS","date":"2019","grid3id":"KG_27E4606414","territoire":"Kasongo-Lunda"}},{"type":"Feature","geometry":{"type":"Point","coordinates":[17.308024,-6.853599]},"properties":{"province":"Kwango","zonesante":"Kitenda","airesante":"Kitenda","localite":"Mangumbu","localitetype":"Village","source_acronym":"DSNIS","date":"2019","grid3id":"KG_92BEE1C119","territoire":"Kasongo-Lunda"}},{"type":"Feature","geometry":{"type":"Point","coordinates":[18.218147,-7.949014]},"properties":{"province":"Kwango","zonesante":"Kajiji","airesante":"Nzofu","localite":"Maniamvu","localitetype":"Hameau","source_acronym":"DSNIS","date":"2019","grid3id":"KG_4A14A739BB","territoire":"Kahemba"}},{"type":"Feature","geometry":{"type":"Point","coordinates":[17.113733,-5.486761]},"properties":{"province":"Kwango","zonesante":"Kimbao","airesante":"Mabunda","localite":"Maniania","localitetype":"Village","source_acronym":"DSNIS","date":"2019","grid3id":"KG_7D09B27E1C","territoire":"Kenge"}},{"type":"Feature","geometry":{"type":"Point","coordinates":[17.33212,-7.025528]},"properties":{"province":"Kwango","zonesante":"Kitenda","airesante":"Yenga Lusundji","localite":"Mankanga","localitetype":"Village","source_acronym":"DSNIS","date":"2019","grid3id":"KG_89E68EDDEB","territoire":"Kasongo-Lunda"}},{"type":"Feature","geometry":{"type":"Point","coordinates":[17.152354,-6.595828]},"properties":{"province":"Kwango","zonesante":"Wamba Lwadi","airesante":"Mukumbi","localite":"Mankosi","localitetype":"Village","source_acronym":"DSNIS","date":"2019","grid3id":"KG_47E8920DDD","territoire":"Kasongo-Lunda"}},{"type":"Feature","geometry":{"type":"Point","coordinates":[17.662867,-7.251709]},"properties":{"province":"Kwango","zonesante":"Tembo","airesante":"Kinkole","localite":"Mankubu","localitetype":"Village","source_acronym":"DSNIS","date":"2019","grid3id":"KG_58E0BBD130","territoire":"Kasongo-Lunda"}},{"type":"Feature","geometry":{"type":"Point","coordinates":[16.850623,-4.853975]},"properties":{"province":"Kwango","zonesante":"Boko","airesante":"Mbindanseke","localite":"Manokana","localitetype":"Village","source_acronym":"DSNIS","date":"2019","grid3id":"KG_F2EE590831","territoire":"Kenge"}},{"type":"Feature","geometry":{"type":"Point","coordinates":[16.925498,-6.539231]},"properties":{"province":"Kwango","zonesante":"Kasongo Lunda","airesante":"Kingunda","localite":"Manona","localitetype":"Village","source_acronym":"DSNIS","date":"2019","grid3id":"KG_10DD51EEED","territoire":"Kasongo-Lunda"}},{"type":"Feature","geometry":{"type":"Point","coordinates":[16.215744,-5.740818]},"properties":{"province":"Kwango","zonesante":"Popokabaka","airesante":"Ngasa","localite":"Mantudi","localitetype":"Village","source_acronym":"DSNIS","date":"2019","grid3id":"KG_64023D635E","territoire":"Popokabaka"}},{"type":"Feature","geometry":{"type":"Point","coordinates":[17.193451,-7.476785]},"properties":{"province":"Kwango","zonesante":"Tembo","airesante":"Kabela","localite":"Manzambau","localitetype":"Village","source_acronym":"DSNIS","date":"2019","grid3id":"KG_850F9B7EB0","territoire":"Kasongo-Lunda"}},{"type":"Feature","geometry":{"type":"Point","coordinates":[17.329198,-6.972572]},"properties":{"province":"Kwango","zonesante":"Kitenda","airesante":"Yenga Lusundji","localite":"Manzambungu","localitetype":"Village","source_acronym":"DSNIS","date":"2019","grid3id":"KG_3750F190C2","territoire":"Kasongo-Lunda"}},{"type":"Feature","geometry":{"type":"Point","coordinates":[16.77587,-4.856542]},"properties":{"province":"Kwango","zonesante":"Boko","airesante":"Mutombo","localite":"Manzasi","localitetype":"Village","source_acronym":"DSNIS","date":"2019","grid3id":"KG_02F0A9DFB8","territoire":"Kenge"}},{"type":"Feature","geometry":{"type":"Point","coordinates":[17.715037,-5.720207]},"properties":{"province":"Kwango","zonesante":"Feshi","airesante":"Mumbanda","localite":"Manzau","localitetype":"Village","source_acronym":"DSNIS","date":"2019","grid3id":"KG_6B5C82CDC7","territoire":"Feshi"}},{"type":"Feature","geometry":{"type":"Point","coordinates":[17.611716,-6.025385]},"properties":{"province":"Kwango","zonesante":"Mwela Lembwa","airesante":"Mahungu","localite":"Manzawu","localitetype":"Village","source_acronym":"DSNIS","date":"2019","grid3id":"KG_EDE156CDDD","territoire":"Feshi"}},{"type":"Feature","geometry":{"type":"Point","coordinates":[17.427106,-6.145282]},"properties":{"province":"Kwango","zonesante":"Wamba Lwadi","airesante":"Buka Pongi","localite":"Manzawu","localitetype":"Village","source_acronym":"DSNIS","date":"2019","grid3id":"KG_AA79701A4B","territoire":"Kasongo-Lunda"}},{"type":"Feature","geometry":{"type":"Point","coordinates":[17.032122,-7.284783]},"properties":{"province":"Kwango","zonesante":"Kitenda","airesante":"Swakibula","localite":"Manzelele","localitetype":"Village","source_acronym":"DSNIS","date":"2019","grid3id":"KG_982248CB97","territoire":"Kasongo-Lunda"}},{"type":"Feature","geometry":{"type":"Point","coordinates":[17.028131,-7.279474]},"properties":{"province":"Kwango","zonesante":"Kitenda","airesante":"Swakibula","localite":"Manzelele","localitetype":"Village","source_acronym":"DSNIS","date":"2019","grid3id":"KG_5E71382551","territoire":"Kasongo-Lunda"}},{"type":"Feature","geometry":{"type":"Point","coordinates":[16.418603,-5.401043]},"properties":{"province":"Kwango","zonesante":"Popokabaka","airesante":"Mutombo Yamfu","localite":"Manzengedi","localitetype":"Village","source_acronym":"DSNIS","date":"2019","grid3id":"KG_1A7B630CBF","territoire":"Popokabaka"}},{"type":"Feature","geometry":{"type":"Point","coordinates":[16.778417,-6.696661]},"properties":{"province":"Kwango","zonesante":"Kasongo Lunda","airesante":"Manzengele","localite":"Manzengele","localitetype":"Village","source_acronym":"DSNIS","date":"2019","grid3id":"KG_2D0D87AD2D"}},{"type":"Feature","geometry":{"type":"Point","coordinates":[17.410337,-6.948021]},"properties":{"province":"Kwango","zonesante":"Kitenda","airesante":"Mihala","localite":"Manzengele","localitetype":"Village","source_acronym":"DSNIS","date":"2019","grid3id":"KG_A3AB68FDF3","territoire":"Kasongo-Lunda"}},{"type":"Feature","geometry":{"type":"Point","coordinates":[16.279675,-5.709635]},"properties":{"province":"Kwango","zonesante":"Popokabaka","airesante":"Ngasa","localite":"Manzonzi","localitetype":"Village","source_acronym":"DSNIS","date":"2019","grid3id":"KG_48AEB04388","territoire":"Popokabaka"}},{"type":"Feature","geometry":{"type":"Point","coordinates":[16.969496,-5.25832]},"properties":{"province":"Kwango","zonesante":"Kimbao","airesante":"Kikongo","localite":"Manzundu","localitetype":"Village","source_acronym":"DSNIS","date":"2019","grid3id":"KG_2E67E6E5A6","territoire":"Kenge"}},{"type":"Feature","geometry":{"type":"Point","coordinates":[17.107144,-7.1359]},"properties":{"province":"Kwango","zonesante":"Kitenda","airesante":"Sefu","localite":"Mapakasa","localitetype":"Village","source_acronym":"DSNIS","date":"2019","grid3id":"KG_C83D406845","territoire":"Kasongo-Lunda"}},{"type":"Feature","geometry":{"type":"Point","coordinates":[17.201693,-6.282795]},"properties":{"province":"Kwango","zonesante":"Kasongo Lunda","airesante":"Kifuka","localite":"Mapanda","localitetype":"Village","source_acronym":"DSNIS","date":"2019","grid3id":"KG_94FE25A413","territoire":"Kasongo-Lunda"}},{"type":"Feature","geometry":{"type":"Point","coordinates":[17.475666,-5.984774]},"properties":{"province":"Kwango","zonesante":"Mwela Lembwa","airesante":"Mahungu","localite":"Mapanda","localitetype":"Village","source_acronym":"DSNIS","date":"2019","grid3id":"KG_CA1974F02F","territoire":"Feshi"}},{"type":"Feature","geometry":{"type":"Point","coordinates":[17.460675,-6.49446]},"properties":{"province":"Kwango","zonesante":"Wamba Lwadi","airesante":"Kapata","localite":"Mapanda Kisangi","localitetype":"Village","source_acronym":"DSNIS","date":"2019","grid3id":"KG_FC2E31BAFD","territoire":"Kasongo-Lunda"}},{"type":"Feature","geometry":{"type":"Point","coordinates":[17.500927,-6.401472]},"properties":{"province":"Kwango","zonesante":"Wamba Lwadi","airesante":"Kapata","localite":"Mapanda Mbuku","localitetype":"Village","source_acronym":"DSNIS","date":"2019","grid3id":"KG_E0277A1A31","territoire":"Kasongo-Lunda"}},{"type":"Feature","geometry":{"type":"Point","coordinates":[17.71255,-6.588405]},"properties":{"province":"Kwango","zonesante":"Panzi","airesante":"Kibunda 1","localite":"Mapanda 1 Ngondi","localitetype":"Village","source_acronym":"DSNIS","date":"2019","grid3id":"KG_48DB8B8601","territoire":"Kasongo-Lunda"}},{"type":"Feature","geometry":{"type":"Point","coordinates":[17.650427,-6.633963]},"properties":{"province":"Kwango","zonesante":"Panzi","airesante":"Kibunda 1","localite":"Mapanda 2","localitetype":"Village","source_acronym":"DSNIS","date":"2019","grid3id":"KG_9AD26EA3CB","territoire":"Kasongo-Lunda"}},{"type":"Feature","geometry":{"type":"Point","coordinates":[17.633993,-5.702889]},"properties":{"province":"Kwango","zonesante":"Mwela Lembwa","airesante":"Muboso","localite":"Mapongi","localitetype":"Village","source_acronym":"DSNIS","date":"2019","grid3id":"KG_9E43CFA670"}},{"type":"Feature","geometry":{"type":"Point","coordinates":[17.784686,-5.871181]},"properties":{"province":"Kwango","zonesante":"Mwela Lembwa","airesante":"Kingungu","localite":"Maposa","localitetype":"Village","source_acronym":"DSNIS","date":"2019","grid3id":"KG_1E6377783E","territoire":"Feshi"}},{"type":"Feature","geometry":{"type":"Point","coordinates":[17.279519,-7.086289]},"properties":{"province":"Kwango","zonesante":"Kitenda","airesante":"Mvufu","localite":"Mapuna","localitetype":"Village","source_acronym":"DSNIS","date":"2019","grid3id":"KG_7C22C1B2F3","territoire":"Kasongo-Lunda"}},{"type":"Feature","geometry":{"type":"Point","coordinates":[16.247592,-5.132918]},"properties":{"province":"Kwango","zonesante":"Popokabaka","airesante":"Mukila Ndondo","localite":"Marche Ibanda","localitetype":"Village","source_acronym":"DSNIS","date":"2019","grid3id":"KG_5A1EF74888"}},{"type":"Feature","geometry":{"type":"Point","coordinates":[18.208238,-7.854539]},"properties":{"province":"Kwango","zonesante":"Kajiji","airesante":"Nzofu","localite":"Masabu","localitetype":"Hameau","source_acronym":"DSNIS","date":"2019","grid3id":"KG_517358FB52","territoire":"Kahemba"}},{"type":"Feature","geometry":{"type":"Point","coordinates":[17.077312,-4.999983]},"properties":{"province":"Kwango","zonesante":"Kenge","airesante":"Saint Pierre","localite":"Masangata","localitetype":"Village","source_acronym":"DSNIS","date":"2019","grid3id":"KG_200EE8483D","territoire":"Kenge"}},{"type":"Feature","geometry":{"type":"Point","coordinates":[17.336891,-6.93927]},"properties":{"province":"Kwango","zonesante":"Kitenda","localite":"Masapu","localitetype":"Village","source_acronym":"DSNIS","date":"2019","grid3id":"KG_8B364BA0E8","territoire":"Kasongo-Lunda"}},{"type":"Feature","geometry":{"type":"Point","coordinates":[18.14895,-7.704176]},"properties":{"province":"Kwango","zonesante":"Panzi","airesante":"Tshibalamba","localite":"Masapu","localitetype":"Ferme","source_acronym":"DSNIS","date":"2019","grid3id":"KG_60176E6966","territoire":"Kasongo-Lunda"}},{"type":"Feature","geometry":{"type":"Point","coordinates":[18.387656,-7.325908]},"properties":{"province":"Kwango","zonesante":"Panzi","airesante":"Shabenge","localite":"Masengo","localitetype":"Hameau","source_acronym":"DSNIS","date":"2019","grid3id":"KG_A8E1B469B0","territoire":"Kasongo-Lunda"}},{"type":"Feature","geometry":{"type":"Point","coordinates":[16.288192,-5.21421]},"properties":{"province":"Kwango","zonesante":"Popokabaka","airesante":"Mukila Ndondo","localite":"Masonga","localitetype":"Village","source_acronym":"DSNIS","date":"2019","grid3id":"KG_05AAA14EEF","territoire":"Popokabaka"}},{"type":"Feature","geometry":{"type":"Point","coordinates":[16.530187,-5.763427]},"properties":{"province":"Kwango","zonesante":"Popokabaka","airesante":"Tsunza","localite":"Masonga","localitetype":"Village","source_acronym":"DSNIS","date":"2019","grid3id":"KG_CF08EB1848","territoire":"Popokabaka"}},{"type":"Feature","geometry":{"type":"Point","coordinates":[16.552192,-5.671785]},"properties":{"province":"Kwango","zonesante":"Popokabaka","airesante":"Lusanga","localite":"Masukula","localitetype":"Village","source_acronym":"DSNIS","date":"2019","grid3id":"KG_7B075E3DA9","territoire":"Popokabaka"}},{"type":"Feature","geometry":{"type":"Point","coordinates":[17.34388,-6.342427]},"properties":{"province":"Kwango","zonesante":"Wamba Lwadi","airesante":"Mayimba Ngonda","localite":"Masuna","localitetype":"Village","source_acronym":"DSNIS","date":"2019","grid3id":"KG_8AB5B1C79C","territoire":"Kasongo-Lunda"}},{"type":"Feature","geometry":{"type":"Point","coordinates":[18.062668,-7.380124]},"properties":{"province":"Kwango","zonesante":"Panzi","localite":"Matadi","localitetype":"Village","source_acronym":"DSNIS","date":"2019","grid3id":"KG_886740B3DE","territoire":"Kasongo-Lunda"}},{"type":"Feature","geometry":{"type":"Point","coordinates":[17.631354,-7.297846]},"properties":{"province":"Kwango","zonesante":"Tembo","airesante":"Kinkole","localite":"Matadi","localitetype":"Village","source_acronym":"DSNIS","date":"2019","grid3id":"KG_19D0603F0A","territoire":"Kasongo-Lunda"}},{"type":"Feature","geometry":{"type":"Point","coordinates":[17.181296,-6.778095]},"properties":{"province":"Kwango","zonesante":"Kitenda","airesante":"Mwana Uta","localite":"Matadi","localitetype":"Village","source_acronym":"DSNIS","date":"2019","grid3id":"KG_3AD58600F1","territoire":"Kasongo-Lunda"}},{"type":"Feature","geometry":{"type":"Point","coordinates":[16.421241,-5.406644]},"properties":{"province":"Kwango","zonesante":"Popokabaka","airesante":"Mutombo Yamfu","localite":"Matadi","localitetype":"Village","source_acronym":"DSNIS","date":"2019","grid3id":"KG_5282BA5054","territoire":"Popokabaka"}},{"type":"Feature","geometry":{"type":"Point","coordinates":[17.160538,-5.116074]},"properties":{"province":"Kwango","zonesante":"Kenge","airesante":"Mukumbi","localite":"Matala","localitetype":"Village","source_acronym":"DSNIS","date":"2019","grid3id":"KG_57700D0B14","territoire":"Kenge"}},{"type":"Feature","geometry":{"type":"Point","coordinates":[16.945505,-6.161967]},"properties":{"province":"Kwango","zonesante":"Kasongo Lunda","airesante":"Kishiama","localite":"Matamba Kalengi","localitetype":"Village","source_acronym":"DSNIS","date":"2019","grid3id":"KG_D18CE98F1F","territoire":"Kasongo-Lunda"}},{"type":"Feature","geometry":{"type":"Point","coordinates":[16.796712,-6.510845]},"properties":{"province":"Kwango","zonesante":"Kasongo Lunda","airesante":"Munganda","localite":"Matangi Munganda","localitetype":"Village","source_acronym":"DSNIS","date":"2019","grid3id":"KG_45C3A3CF76","territoire":"Kasongo-Lunda"}},{"type":"Feature","geometry":{"type":"Point","coordinates":[17.164579,-5.0562]},"properties":{"province":"Kwango","zonesante":"Kenge","airesante":"Mukumbi","localite":"Matangwa","localitetype":"Village","source_acronym":"DSNIS","date":"2019","grid3id":"KG_24A6758362","territoire":"Kenge"}},{"type":"Feature","geometry":{"type":"Point","coordinates":[16.86001,-5.010894]},"properties":{"province":"Kwango","zonesante":"Boko","airesante":"Tsakala Mbewu","localite":"Matelema","localitetype":"Hameau","source_acronym":"DSNIS","date":"2019","grid3id":"KG_4340BB82F3","territoire":"Kenge"}},{"type":"Feature","geometry":{"type":"Point","coordinates":[17.86842,-7.528341]},"properties":{"province":"Kwango","zonesante":"Panzi","airesante":"Kasandji","localite":"Mathieu","localitetype":"Hameau","source_acronym":"DSNIS","date":"2019","grid3id":"KG_354407D5A6","territoire":"Kasongo-Lunda"}},{"type":"Feature","geometry":{"type":"Point","coordinates":[16.302617,-4.645632]},"properties":{"province":"Kwango","zonesante":"Boko","airesante":"Kabuba","localite":"Matila","localitetype":"Hameau","source_acronym":"DSNIS","date":"2019","grid3id":"KG_A54AC7C910"}},{"type":"Feature","geometry":{"type":"Point","coordinates":[17.777916,-6.346241]},"properties":{"province":"Kwango","zonesante":"Mwela Lembwa","airesante":"Mwana Basila","localite":"Matodi","localitetype":"Village","source_acronym":"DSNIS","date":"2019","grid3id":"KG_E68BA12253","territoire":"Feshi"}},{"type":"Feature","geometry":{"type":"Point","coordinates":[17.242665,-5.430438]},"properties":{"province":"Kwango","zonesante":"Kimbao","airesante":"Kabuita","localite":"Matombi","localitetype":"Village","source_acronym":"DSNIS","date":"2019","grid3id":"KG_6926E5B108","territoire":"Kenge"}},{"type":"Feature","geometry":{"type":"Point","coordinates":[17.572676,-5.943193]},"properties":{"province":"Kwango","zonesante":"Mwela Lembwa","airesante":"Mahungu","localite":"Matomina","localitetype":"Village","source_acronym":"DSNIS","date":"2019","grid3id":"KG_944730601F","territoire":"Feshi"}},{"type":"Feature","geometry":{"type":"Point","coordinates":[16.55739,-4.725855]},"properties":{"province":"Kwango","zonesante":"Boko","airesante":"Takundi","localite":"Matosi","localitetype":"Hameau","source_acronym":"DSNIS","date":"2019","grid3id":"KG_3E0EAC6E73","territoire":"Kenge"}},{"type":"Feature","geometry":{"type":"Point","coordinates":[17.226965,-5.903582]},"properties":{"province":"Kwango","zonesante":"Kimbao","airesante":"Lukuni Wamba","localite":"Matsalaka","localitetype":"Village","source_acronym":"DSNIS","date":"2019","grid3id":"KG_D8765A5DD4","territoire":"Kenge"}},{"type":"Feature","geometry":{"type":"Point","coordinates":[17.661943,-7.252205]},"properties":{"province":"Kwango","zonesante":"Tembo","airesante":"Kinkole","localite":"Matsanga","localitetype":"Village","source_acronym":"DSNIS","date":"2019","grid3id":"KG_D0D6E7C387","territoire":"Kasongo-Lunda"}},{"type":"Feature","geometry":{"type":"Point","coordinates":[17.544609,-6.316817]},"properties":{"province":"Kwango","zonesante":"Mwela Lembwa","airesante":"Ganaketi","localite":"Matsema","localitetype":"Village","source_acronym":"DSNIS","date":"2019","grid3id":"KG_5992504D57","territoire":"Feshi"}},{"type":"Feature","geometry":{"type":"Point","coordinates":[18.000506,-6.171395]},"properties":{"province":"Kwango","zonesante":"Feshi","airesante":"Kimbongo","localite":"Matsengi","localitetype":"Hameau","source_acronym":"DSNIS","date":"2019","grid3id":"KG_6738859186","territoire":"Feshi"}},{"type":"Feature","geometry":{"type":"Point","coordinates":[16.536053,-5.669316]},"properties":{"province":"Kwango","zonesante":"Popokabaka","airesante":"Lusanga","localite":"Matsita","localitetype":"Village","source_acronym":"DSNIS","date":"2019","grid3id":"KG_8E94E72B8D","territoire":"Popokabaka"}},{"type":"Feature","geometry":{"type":"Point","coordinates":[17.361139,-6.190308]},"properties":{"province":"Kwango","zonesante":"Wamba Lwadi","airesante":"Manenga","localite":"Matsombi","localitetype":"Village","source_acronym":"DSNIS","date":"2019","grid3id":"KG_135AC6174A","territoire":"Kasongo-Lunda"}},{"type":"Feature","geometry":{"type":"Point","coordinates":[16.763524,-6.485549]},"properties":{"province":"Kwango","zonesante":"Kasongo Lunda","airesante":"Nzakimwena","localite":"Matsomvi","localitetype":"Village","source_acronym":"DSNIS","date":"2019","grid3id":"KG_3C12ADB084","territoire":"Kasongo-Lunda"}},{"type":"Feature","geometry":{"type":"Point","coordinates":[17.447449,-6.71364]},"properties":{"province":"Kwango","zonesante":"Kitenda","airesante":"Makenzi","localite":"Matumbi","localitetype":"Village","source_acronym":"DSNIS","date":"2019","grid3id":"KG_36C75326A3","territoire":"Kasongo-Lunda"}},{"type":"Feature","geometry":{"type":"Point","coordinates":[18.402369,-5.902462]},"properties":{"province":"Kwango","zonesante":"Feshi","airesante":"Mafishi","localite":"Matungu","localitetype":"Village","source_acronym":"DSNIS","date":"2019","grid3id":"KG_5FD00E386C","territoire":"Feshi"}},{"type":"Feature","geometry":{"type":"Point","coordinates":[19.078039,-7.891191]},"properties":{"province":"Kwango","zonesante":"Kahemba","localite":"Maulu","localitetype":"Village","source_acronym":"DSNIS","date":"2019","grid3id":"KG_06A47B8E84","territoire":"Kahemba"}},{"type":"Feature","geometry":{"type":"Point","coordinates":[19.314029,-6.171928]},"properties":{"province":"Kwango","zonesante":"Kisanji","airesante":"Kitanda","localite":"Mavu","localitetype":"Village","source_acronym":"DSNIS","date":"2019","grid3id":"KG_833FAA0999","territoire":"Feshi"}},{"type":"Feature","geometry":{"type":"Point","coordinates":[17.768,-6.378061]},"properties":{"province":"Kwango","zonesante":"Mwela Lembwa","airesante":"Ganaketi","localite":"Mavulu","localitetype":"Village","source_acronym":"DSNIS","date":"2019","grid3id":"KG_33E68A78CD","territoire":"Feshi"}},{"type":"Feature","geometry":{"type":"Point","coordinates":[18.04357,-5.993422]},"properties":{"province":"Kwango","zonesante":"Feshi","airesante":"Mbumba","localite":"Mavunda","localitetype":"Village","source_acronym":"DSNIS","date":"2019","grid3id":"KG_4E8F82CAF5","territoire":"Feshi"}},{"type":"Feature","geometry":{"type":"Point","coordinates":[17.659214,-6.167694]},"properties":{"province":"Kwango","zonesante":"Mwela Lembwa","airesante":"Matari","localite":"Mavunda Mbimbi","localitetype":"Village","source_acronym":"DSNIS","date":"2019","grid3id":"KG_696A31DA68","territoire":"Feshi"}},{"type":"Feature","geometry":{"type":"Point","coordinates":[16.528771,-4.795365]},"properties":{"province":"Kwango","zonesante":"Boko","airesante":"Takundi","localite":"Mawana","localitetype":"Village","source_acronym":"DSNIS","date":"2019","grid3id":"KG_F47BDB2718","territoire":"Kenge"}},{"type":"Feature","geometry":{"type":"Point","coordinates":[17.468531,-7.913562]},"properties":{"province":"Kwango","zonesante":"Tembo","airesante":"Mawangu","localite":"Mawangu","localitetype":"Village","source_acronym":"DSNIS","date":"2019","grid3id":"KG_DE7D1F74BE","territoire":"Kasongo-Lunda"}},{"type":"Feature","geometry":{"type":"Point","coordinates":[17.441535,-5.77875]},"properties":{"province":"Kwango","zonesante":"Mwela Lembwa","airesante":"Kasombo","localite":"Mawawa","localitetype":"Village","source_acronym":"DSNIS","date":"2019","grid3id":"KG_A8F73BAF21","territoire":"Feshi"}},{"type":"Feature","geometry":{"type":"Point","coordinates":[17.383691,-6.940561]},"properties":{"province":"Kwango","zonesante":"Kitenda","airesante":"Mihala","localite":"Mawesi","localitetype":"Village","source_acronym":"DSNIS","date":"2019","grid3id":"KG_BDB69BF1EB","territoire":"Kasongo-Lunda"}},{"type":"Feature","geometry":{"type":"Point","coordinates":[17.255106,-6.519752]},"properties":{"province":"Kwango","zonesante":"Wamba Lwadi","airesante":"Pelende","localite":"Mawete","localitetype":"Village","source_acronym":"DSNIS","date":"2019","grid3id":"KG_00C22BA918","territoire":"Kasongo-Lunda"}},{"type":"Feature","geometry":{"type":"Point","coordinates":[17.258102,-6.115875]},"properties":{"province":"Kwango","zonesante":"Wamba Lwadi","airesante":"Kabaka Mbangi","localite":"Mawumbu","localitetype":"Village","source_acronym":"DSNIS","date":"2019","grid3id":"KG_D25C3A7EAA","territoire":"Kasongo-Lunda"}},{"type":"Feature","geometry":{"type":"Point","coordinates":[17.796067,-6.449953]},"properties":{"province":"Kwango","zonesante":"Mwela Lembwa","airesante":"Kabolo","localite":"Mawuta","localitetype":"Village","source_acronym":"DSNIS","date":"2019","grid3id":"KG_9EE78D0995","territoire":"Feshi"}},{"type":"Feature","geometry":{"type":"Point","coordinates":[16.827705,-6.342767]},"properties":{"province":"Kwango","zonesante":"Kasongo Lunda","airesante":"Muela Mbwandu","localite":"Mayala","localitetype":"Village","source_acronym":"DSNIS","date":"2019","grid3id":"KG_DDA8429C68","territoire":"Kasongo-Lunda"}},{"type":"Feature","geometry":{"type":"Point","coordinates":[17.408937,-7.008036]},"properties":{"province":"Kwango","zonesante":"Kitenda","airesante":"Mayala","localite":"Mayala","localitetype":"Village","source_acronym":"DSNIS","date":"2019","grid3id":"KG_F9E1323FD7","territoire":"Kasongo-Lunda"}},{"type":"Feature","geometry":{"type":"Point","coordinates":[16.384903,-5.769027]},"properties":{"province":"Kwango","zonesante":"Popokabaka","airesante":"Ngasa","localite":"Mayanda","localitetype":"Village","source_acronym":"DSNIS","date":"2019","grid3id":"KG_52FB040CC5","territoire":"Popokabaka"}},{"type":"Feature","geometry":{"type":"Point","coordinates":[17.738763,-6.776345]},"properties":{"province":"Kwango","zonesante":"Panzi","airesante":"Nzamba","localite":"Mayanga Mbwanu","localitetype":"Village","source_acronym":"DSNIS","date":"2019","grid3id":"KG_BCE4AC3576","territoire":"Kasongo-Lunda"}},{"type":"Feature","geometry":{"type":"Point","coordinates":[17.336246,-6.332752]},"properties":{"province":"Kwango","zonesante":"Wamba Lwadi","airesante":"Mayimba Ngonda","localite":"Mayasi","localitetype":"Village","source_acronym":"DSNIS","date":"2019","grid3id":"KG_9F2CFF65CA","territoire":"Kasongo-Lunda"}},{"type":"Feature","geometry":{"type":"Point","coordinates":[18.23017,-6.920923]},"properties":{"province":"Kwango","zonesante":"Panzi","airesante":"Mazinda","localite":"Mayele","localitetype":"Village","source_acronym":"DSNIS","date":"2019","grid3id":"KG_34FF82530B","territoire":"Kasongo-Lunda"}},{"type":"Feature","geometry":{"type":"Point","coordinates":[19.208936,-6.31218]},"properties":{"province":"Kwango","zonesante":"Kisanji","airesante":"Ngungi","localite":"Mayembe","localitetype":"Village","source_acronym":"DSNIS","date":"2019","grid3id":"KG_C4769F4D7F","territoire":"Feshi"}},{"type":"Feature","geometry":{"type":"Point","coordinates":[16.279156,-5.707957]},"properties":{"province":"Kwango","zonesante":"Popokabaka","airesante":"Ngasa","localite":"Mayenga","localitetype":"Village","source_acronym":"DSNIS","date":"2019","grid3id":"KG_31A0597970","territoire":"Popokabaka"}},{"type":"Feature","geometry":{"type":"Point","coordinates":[17.008926,-5.04451]},"properties":{"province":"Kwango","zonesante":"Kenge","airesante":"Mukila","localite":"Mayenga 1","localitetype":"Village","source_acronym":"DSNIS","date":"2019","grid3id":"KG_4EF3883DCC","territoire":"Kenge"}},{"type":"Feature","geometry":{"type":"Point","coordinates":[17.002423,-5.028823]},"properties":{"province":"Kwango","zonesante":"Kenge","airesante":"Mukila","localite":"Mayenga 2","localitetype":"Village","source_acronym":"DSNIS","date":"2019","grid3id":"KG_4A7CD89FF3","territoire":"Kenge"}},{"type":"Feature","geometry":{"type":"Point","coordinates":[17.299685,-6.160506]},"properties":{"province":"Kwango","zonesante":"Wamba Lwadi","airesante":"Kabaka Mbangi","localite":"Mayengele","localitetype":"Village","source_acronym":"DSNIS","date":"2019","grid3id":"KG_401C9484A3","territoire":"Kasongo-Lunda"}},{"type":"Feature","geometry":{"type":"Point","coordinates":[17.289735,-7.070517]},"properties":{"province":"Kwango","zonesante":"Kitenda","airesante":"Yenga Lusundji","localite":"Mayewu","localitetype":"Village","source_acronym":"DSNIS","date":"2019","grid3id":"KG_33119CE827","territoire":"Kasongo-Lunda"}},{"type":"Feature","geometry":{"type":"Point","coordinates":[17.340384,-6.861728]},"properties":{"province":"Kwango","zonesante":"Kitenda","airesante":"Kitenda","localite":"Mayimba","localitetype":"Village","source_acronym":"DSNIS","date":"2019","grid3id":"KG_4C84B02549","territoire":"Kasongo-Lunda"}},{"type":"Feature","geometry":{"type":"Point","coordinates":[17.685118,-7.482893]},"properties":{"province":"Kwango","zonesante":"Tembo","airesante":"Talamatunga","localite":"Mayimbi","localitetype":"Village","source_acronym":"DSNIS","date":"2019","grid3id":"KG_83C2BB89D4","territoire":"Kasongo-Lunda"}},{"type":"Feature","geometry":{"type":"Point","coordinates":[17.466493,-7.169448]},"properties":{"province":"Kwango","zonesante":"Kitenda","airesante":"Muyamba","localite":"Mayombo","localitetype":"Village","source_acronym":"DSNIS","date":"2019","grid3id":"KG_D4B26627FD","territoire":"Kasongo-Lunda"}},{"type":"Feature","geometry":{"type":"Point","coordinates":[17.371957,-6.937108]},"properties":{"province":"Kwango","zonesante":"Kitenda","airesante":"Mihala","localite":"Mayombo","localitetype":"Village","source_acronym":"DSNIS","date":"2019","grid3id":"KG_16B7BCDDDD","territoire":"Kasongo-Lunda"}},{"type":"Feature","geometry":{"type":"Point","coordinates":[17.171863,-5.845881]},"properties":{"province":"Kwango","zonesante":"Kimbao","airesante":"Lukuni Wamba","localite":"Mayoyi Ingungila","localitetype":"Village","source_acronym":"DSNIS","date":"2019","grid3id":"KG_E1731705BE","territoire":"Kenge"}},{"type":"Feature","geometry":{"type":"Point","coordinates":[16.300039,-5.603937]},"properties":{"province":"Kwango","zonesante":"Popokabaka","airesante":"Mutayi","localite":"Mayungi","localitetype":"Village","source_acronym":"DSNIS","date":"2019","grid3id":"KG_E7C3C1F936","territoire":"Popokabaka"}},{"type":"Feature","geometry":{"type":"Point","coordinates":[17.944663,-5.917674]},"properties":{"province":"Kwango","zonesante":"Feshi","airesante":"Kibwika","localite":"Mazambu","localitetype":"Village","source_acronym":"DSNIS","date":"2019","grid3id":"KG_E01E8BA360","territoire":"Feshi"}},{"type":"Feature","geometry":{"type":"Point","coordinates":[17.311123,-7.024529]},"properties":{"province":"Kwango","zonesante":"Kitenda","airesante":"Yenga Lusundji","localite":"Mazemba","localitetype":"Village","source_acronym":"DSNIS","date":"2019","grid3id":"KG_AC313D8935","territoire":"Kasongo-Lunda"}},{"type":"Feature","geometry":{"type":"Point","coordinates":[17.46697,-7.040534]},"properties":{"province":"Kwango","zonesante":"Kitenda","airesante":"Mazembe","localite":"Mazemba Paroisse","localitetype":"Village","source_acronym":"DSNIS","date":"2019","grid3id":"KG_4918D1E553","territoire":"Kasongo-Lunda"}},{"type":"Feature","geometry":{"type":"Point","coordinates":[17.484844,-7.051607]},"properties":{"province":"Kwango","zonesante":"Kitenda","airesante":"Mazembe","localite":"Mazemba 1","localitetype":"Village","source_acronym":"DSNIS","date":"2019","grid3id":"KG_A7BCF20BB8","territoire":"Kasongo-Lunda"}},{"type":"Feature","geometry":{"type":"Point","coordinates":[17.479776,-7.049653]},"properties":{"province":"Kwango","zonesante":"Kitenda","airesante":"Mazembe","localite":"Mazemba 2","localitetype":"Village","source_acronym":"DSNIS","date":"2019","grid3id":"KG_673C303046","territoire":"Kasongo-Lunda"}},{"type":"Feature","geometry":{"type":"Point","coordinates":[18.3571,-6.231648]},"properties":{"province":"Kwango","zonesante":"Feshi","airesante":"Maziamo","localite":"Maziamo","localitetype":"Village","source_acronym":"DSNIS","date":"2019","grid3id":"KG_986504550B","territoire":"Feshi"}},{"type":"Feature","geometry":{"type":"Point","coordinates":[16.744098,-6.133933]},"properties":{"province":"Kwango","zonesante":"Kasongo Lunda","airesante":"Kimbeko","localite":"Maziamu","localitetype":"Village","source_acronym":"DSNIS","date":"2019","grid3id":"KG_1F446C2DB1","territoire":"Kasongo-Lunda"}},{"type":"Feature","geometry":{"type":"Point","coordinates":[16.747381,-6.144526]},"properties":{"province":"Kwango","zonesante":"Kasongo Lunda","airesante":"Kimbeko","localite":"Maziamu","localitetype":"Village","source_acronym":"DSNIS","date":"2019","grid3id":"KG_5C0CD9394D","territoire":"Kasongo-Lunda"}},{"type":"Feature","geometry":{"type":"Point","coordinates":[16.823262,-6.490141]},"properties":{"province":"Kwango","zonesante":"Kasongo Lunda","airesante":"Ntemo","localite":"Maziamu","localitetype":"Hameau","source_acronym":"DSNIS","date":"2019","grid3id":"KG_3F4221ED79","territoire":"Kasongo-Lunda"}},{"type":"Feature","geometry":{"type":"Point","coordinates":[18.373332,-6.917845]},"properties":{"province":"Kwango","zonesante":"Panzi","airesante":"Mazinda","localite":"Mazinda","localitetype":"Village","source_acronym":"DSNIS","date":"2019","grid3id":"KG_30AF390B25","territoire":"Kasongo-Lunda"}},{"type":"Feature","geometry":{"type":"Point","coordinates":[17.385109,-6.945666]},"properties":{"province":"Kwango","zonesante":"Kitenda","airesante":"Mihala","localite":"Mazoba","localitetype":"Village","source_acronym":"DSNIS","date":"2019","grid3id":"KG_F7F76063FF","territoire":"Kasongo-Lunda"}},{"type":"Feature","geometry":{"type":"Point","coordinates":[17.053908,-6.308496]},"properties":{"province":"Kwango","zonesante":"Kasongo Lunda","airesante":"Kishiama","localite":"Mazuila","localitetype":"Village","source_acronym":"DSNIS","date":"2019","grid3id":"KG_34FDE9D58F","territoire":"Kasongo-Lunda"}},{"type":"Feature","geometry":{"type":"Point","coordinates":[16.309542,-5.424461]},"properties":{"province":"Kwango","zonesante":"Popokabaka","airesante":"Mukila Ndondo","localite":"Mazula","localitetype":"Village","source_acronym":"DSNIS","date":"2019","grid3id":"KG_C55117F4E1","territoire":"Popokabaka"}},{"type":"Feature","geometry":{"type":"Point","coordinates":[17.681786,-4.358895]},"properties":{"province":"Kwango","zonesante":"Kenge","airesante":"Bangongo","localite":"Mbaba","localitetype":"Village","source_acronym":"DSNIS","date":"2019","grid3id":"KG_1D9CF11CC5","territoire":"Kenge"}},{"type":"Feature","geometry":{"type":"Point","coordinates":[17.594677,-6.037524]},"properties":{"province":"Kwango","zonesante":"Mwela Lembwa","airesante":"Mahungu","localite":"Mbadinga Lukelwa","localitetype":"Village","source_acronym":"DSNIS","date":"2019","grid3id":"KG_ECE0BF6B21","territoire":"Feshi"}},{"type":"Feature","geometry":{"type":"Point","coordinates":[17.677493,-6.234484]},"properties":{"province":"Kwango","zonesante":"Mwela Lembwa","airesante":"Matari","localite":"Mbadinga Moyo","localitetype":"Village","source_acronym":"DSNIS","date":"2019","grid3id":"KG_356E095B08","territoire":"Feshi"}},{"type":"Feature","geometry":{"type":"Point","coordinates":[18.602476,-6.415933]},"properties":{"province":"Kwango","zonesante":"Feshi","airesante":"Utadi","localite":"Mbala","localitetype":"Village","source_acronym":"DSNIS","date":"2019","grid3id":"KG_5592EB5794","territoire":"Feshi"}},{"type":"Feature","geometry":{"type":"Point","coordinates":[16.939738,-4.606888]},"properties":{"province":"Kwango","zonesante":"Boko","airesante":"Kasandji","localite":"Mbalaka","localitetype":"Hameau","source_acronym":"DSNIS","date":"2019","grid3id":"KG_36A0489847","territoire":"Kenge"}},{"type":"Feature","geometry":{"type":"Point","coordinates":[16.929087,-4.820252]},"properties":{"province":"Kwango","zonesante":"Boko","airesante":"Kenge 2","localite":"Mbalaka","localitetype":"Village","source_acronym":"DSNIS","date":"2019","grid3id":"KG_9ABDFA4A54","territoire":"Kenge"}},{"type":"Feature","geometry":{"type":"Point","coordinates":[17.24237,-6.831385]},"properties":{"province":"Kwango","zonesante":"Kitenda","airesante":"Kikuti","localite":"Mbalaka","localitetype":"Village","source_acronym":"DSNIS","date":"2019","grid3id":"KG_673D753F25","territoire":"Kasongo-Lunda"}},{"type":"Feature","geometry":{"type":"Point","coordinates":[17.454101,-7.009818]},"properties":{"province":"Kwango","zonesante":"Kitenda","airesante":"Mwela Kassa","localite":"Mbamba","localitetype":"Village","source_acronym":"DSNIS","date":"2019","grid3id":"KG_A4295DA325","territoire":"Kasongo-Lunda"}},{"type":"Feature","geometry":{"type":"Point","coordinates":[17.235053,-6.59079]},"properties":{"province":"Kwango","zonesante":"Wamba Lwadi","airesante":"Mukumbi","localite":"Mbamba Nkala","localitetype":"Village","source_acronym":"DSNIS","date":"2019","grid3id":"KG_ABD86CB9DC","territoire":"Kasongo-Lunda"}},{"type":"Feature","geometry":{"type":"Point","coordinates":[19.04936,-6.576808]},"properties":{"province":"Kwango","zonesante":"Kisanji","airesante":"Kingonzi","localite":"Mbambula","localitetype":"Village","source_acronym":"DSNIS","date":"2019","grid3id":"KG_2C1776BF05","territoire":"Feshi"}},{"type":"Feature","geometry":{"type":"Point","coordinates":[18.381739,-7.820521]},"properties":{"province":"Kwango","zonesante":"Kajiji","airesante":"Shauyanga","localite":"Mbandji","localitetype":"Village","source_acronym":"DSNIS","date":"2019","grid3id":"KG_EBEFE7B732","territoire":"Kahemba"}},{"type":"Feature","geometry":{"type":"Point","coordinates":[18.26727,-5.882244]},"properties":{"province":"Kwango","zonesante":"Feshi","airesante":"Kabunda","localite":"Mbangi","localitetype":"Village","source_acronym":"DSNIS","date":"2019","grid3id":"KG_996C231FDC","territoire":"Feshi"}},{"type":"Feature","geometry":{"type":"Point","coordinates":[16.876661,-4.667388]},"properties":{"province":"Kwango","zonesante":"Boko","localite":"Mbangi","localitetype":"Village","source_acronym":"DSNIS","date":"2019","grid3id":"KG_19B92B50E0","territoire":"Kenge"}},{"type":"Feature","geometry":{"type":"Point","coordinates":[16.703086,-4.86277]},"properties":{"province":"Kwango","zonesante":"Boko","airesante":"Mutombo","localite":"Mbanza","localitetype":"Village","source_acronym":"DSNIS","date":"2019","grid3id":"KG_6A99328B91","territoire":"Kenge"}},{"type":"Feature","geometry":{"type":"Point","coordinates":[17.339856,-7.020442]},"properties":{"province":"Kwango","zonesante":"Kitenda","airesante":"Yenga Lusundji","localite":"Mbanza","localitetype":"Village","source_acronym":"DSNIS","date":"2019","grid3id":"KG_481938296A","territoire":"Kasongo-Lunda"}},{"type":"Feature","geometry":{"type":"Point","coordinates":[17.564726,-6.705105]},"properties":{"province":"Kwango","zonesante":"Panzi","airesante":"Kibunda 1","localite":"Mbanza Ikomba","localitetype":"Village","source_acronym":"DSNIS","date":"2019","grid3id":"KG_B2A548657E","territoire":"Kasongo-Lunda"}},{"type":"Feature","geometry":{"type":"Point","coordinates":[17.455629,-4.764499]},"properties":{"province":"Kwango","zonesante":"Kenge","airesante":"Misele","localite":"Mbeko","localitetype":"Village","source_acronym":"DSNIS","date":"2019","grid3id":"KG_83B7D59A23","territoire":"Kenge"}},{"type":"Feature","geometry":{"type":"Point","coordinates":[17.309878,-7.04197]},"properties":{"province":"Kwango","zonesante":"Kitenda","airesante":"Yenga Lusundji","localite":"Mbelalongo","localitetype":"Village","source_acronym":"DSNIS","date":"2019","grid3id":"KG_A381302F05","territoire":"Kasongo-Lunda"}},{"type":"Feature","geometry":{"type":"Point","coordinates":[17.475186,-5.697682]},"properties":{"province":"Kwango","zonesante":"Kimbao","airesante":"Kiamfu Kinzadi","localite":"Mbemba","localitetype":"Village","source_acronym":"DSNIS","date":"2019","grid3id":"KG_CE61C7F161","territoire":"Kenge"}},{"type":"Feature","geometry":{"type":"Point","coordinates":[19.230022,-6.735132]},"properties":{"province":"Kwango","zonesante":"Kisanji","localite":"Mbenga","localitetype":"Village","source_acronym":"DSNIS","date":"2019","grid3id":"KG_6277B2C4AD","territoire":"Feshi"}},{"type":"Feature","geometry":{"type":"Point","coordinates":[19.054495,-6.757639]},"properties":{"province":"Kwango","zonesante":"Kisanji","airesante":"Pombo","localite":"Mbenga","localitetype":"Village","source_acronym":"DSNIS","date":"2019","grid3id":"KG_49E7365EFE","territoire":"Feshi"}},{"type":"Feature","geometry":{"type":"Point","coordinates":[17.324047,-5.543423]},"properties":{"province":"Kwango","zonesante":"Kimbao","airesante":"Kimbau","localite":"Mbila Bila","localitetype":"Village","source_acronym":"DSNIS","date":"2019","grid3id":"KG_85AB45271A","territoire":"Kenge"}},{"type":"Feature","geometry":{"type":"Point","coordinates":[17.857,-6.153937]},"properties":{"province":"Kwango","zonesante":"Mwela Lembwa","airesante":"Kandi Lukeni","localite":"Mbimbi","localitetype":"Village","source_acronym":"DSNIS","date":"2019","grid3id":"KG_B1535FDCD4","territoire":"Feshi"}},{"type":"Feature","geometry":{"type":"Point","coordinates":[18.665763,-7.781853]},"properties":{"province":"Kwango","zonesante":"Kajiji","airesante":"Mutetami","localite":"Mboma","localitetype":"Village","source_acronym":"DSNIS","date":"2019","grid3id":"KG_70D219F814","territoire":"Kahemba"}},{"type":"Feature","geometry":{"type":"Point","coordinates":[16.919591,-7.011947]},"properties":{"province":"Kwango","zonesante":"Kitenda","airesante":"Kimwambu","localite":"Mbomba","localitetype":"Village","source_acronym":"DSNIS","date":"2019","grid3id":"KG_BF40FE9F1A"}},{"type":"Feature","geometry":{"type":"Point","coordinates":[18.778605,-6.268309]},"properties":{"province":"Kwango","zonesante":"Kisanji","airesante":"Shamwana","localite":"Mbombo","localitetype":"Village","source_acronym":"DSNIS","date":"2019","grid3id":"KG_B0D7458CD9","territoire":"Feshi"}},{"type":"Feature","geometry":{"type":"Point","coordinates":[16.289182,-5.196172]},"properties":{"province":"Kwango","zonesante":"Popokabaka","airesante":"Mukila Ndondo","localite":"Mbondi Mfumu","localitetype":"Village","source_acronym":"DSNIS","date":"2019","grid3id":"KG_A6FB071D73","territoire":"Popokabaka"}},{"type":"Feature","geometry":{"type":"Point","coordinates":[17.522522,-4.421423]},"properties":{"province":"Kwango","zonesante":"Kenge","airesante":"Kikongo Lwasa","localite":"Mbongamikwati","localitetype":"Village","source_acronym":"DSNIS","date":"2019","grid3id":"KG_2284CBC562","territoire":"Kenge"}},{"type":"Feature","geometry":{"type":"Point","coordinates":[17.919019,-6.563905]},"properties":{"province":"Kwango","zonesante":"Mwela Lembwa","airesante":"Mafuti","localite":"Mbongo","localitetype":"Village","source_acronym":"DSNIS","date":"2019","grid3id":"KG_A5BBCDF45A","territoire":"Kasongo-Lunda"}},{"type":"Feature","geometry":{"type":"Point","coordinates":[17.850187,-6.126316]},"properties":{"province":"Kwango","zonesante":"Mwela Lembwa","airesante":"Kandi Lukeni","localite":"Mbuka Manzundu","localitetype":"Village","source_acronym":"DSNIS","date":"2019","grid3id":"KG_1023937A15","territoire":"Feshi"}},{"type":"Feature","geometry":{"type":"Point","coordinates":[17.449137,-6.644067]},"properties":{"province":"Kwango","zonesante":"Wamba Lwadi","airesante":"Kibinda","localite":"Mbuku","localitetype":"Village","source_acronym":"DSNIS","date":"2019","grid3id":"KG_FC8AB2D444","territoire":"Kasongo-Lunda"}},{"type":"Feature","geometry":{"type":"Point","coordinates":[18.841394,-6.717866]},"properties":{"province":"Kwango","zonesante":"Kisanji","airesante":"Shapuka","localite":"Mbumba","localitetype":"Village","source_acronym":"DSNIS","date":"2019","grid3id":"KG_E905820D63","territoire":"Feshi"}},{"type":"Feature","geometry":{"type":"Point","coordinates":[17.161211,-5.841038]},"properties":{"province":"Kwango","zonesante":"Kimbao","airesante":"Lukuni Wamba","localite":"Mbunda","localitetype":"Village","source_acronym":"DSNIS","date":"2019","grid3id":"KG_8AE6E2445C","territoire":"Kenge"}},{"type":"Feature","geometry":{"type":"Point","coordinates":[16.944515,-4.487207]},"properties":{"province":"Kwango","zonesante":"Boko","airesante":"Kasandji","localite":"Mbungu","localitetype":"Village","source_acronym":"DSNIS","date":"2019","grid3id":"KG_66424A48A3"}},{"type":"Feature","geometry":{"type":"Point","coordinates":[17.000056,-4.571864]},"properties":{"province":"Kwango","zonesante":"Boko","airesante":"Kasandji","localite":"Mbungu","localitetype":"Village","source_acronym":"DSNIS","date":"2019","grid3id":"KG_34B194EE24","territoire":"Kenge"}},{"type":"Feature","geometry":{"type":"Point","coordinates":[17.244654,-4.751402]},"properties":{"province":"Kwango","zonesante":"Kenge","airesante":"Bangombe","localite":"Mbuta","localitetype":"Hameau","source_acronym":"DSNIS","date":"2019","grid3id":"KG_784094B8F3","territoire":"Kenge"}},{"type":"Feature","geometry":{"type":"Point","coordinates":[17.9783,-5.967239]},"properties":{"province":"Kwango","zonesante":"Feshi","airesante":"Kibwika","localite":"Mbwalu","localitetype":"Village","source_acronym":"DSNIS","date":"2019","grid3id":"KG_7738C05BA3","territoire":"Feshi"}},{"type":"Feature","geometry":{"type":"Point","coordinates":[17.169265,-4.564987]},"properties":{"province":"Kwango","zonesante":"Kenge","airesante":"Gabia","localite":"Mbwamanima","localitetype":"Village","source_acronym":"DSNIS","date":"2019","grid3id":"KG_11619C5B35","territoire":"Kenge"}},{"type":"Feature","geometry":{"type":"Point","coordinates":[19.251072,-6.254338]},"properties":{"province":"Kwango","zonesante":"Kisanji","airesante":"Ngunda","localite":"Mc Kisanji","localitetype":"Village","source_acronym":"DSNIS","date":"2019","grid3id":"KG_EC5BEBEFCF","territoire":"Feshi"}},{"type":"Feature","geometry":{"type":"Point","coordinates":[17.342331,-6.341827]},"properties":{"province":"Kwango","zonesante":"Wamba Lwadi","airesante":"Mayimba Ngonda","localite":"Mfumu Nketo","localitetype":"Village","source_acronym":"DSNIS","date":"2019","grid3id":"KG_BE583460FB","territoire":"Kasongo-Lunda"}},{"type":"Feature","geometry":{"type":"Point","coordinates":[16.899759,-6.355078]},"properties":{"province":"Kwango","zonesante":"Kasongo Lunda","airesante":"Muela Mbwandu","localite":"Mfumu Nkulu","localitetype":"Village","source_acronym":"DSNIS","date":"2019","grid3id":"KG_7018ED9CAB","territoire":"Kasongo-Lunda"}},{"type":"Feature","geometry":{"type":"Point","coordinates":[17.165728,-6.681176]},"properties":{"province":"Kwango","zonesante":"Kitenda","airesante":"Kimbwasa","localite":"Mfumulunda","localitetype":"Village","source_acronym":"DSNIS","date":"2019","grid3id":"KG_79D079E163","territoire":"Kasongo-Lunda"}},{"type":"Feature","geometry":{"type":"Point","coordinates":[17.076514,-5.208716]},"properties":{"province":"Kwango","zonesante":"Kimbao","airesante":"Mukutu","localite":"Miboti","localitetype":"Village","source_acronym":"DSNIS","date":"2019","grid3id":"KG_C019C8AF34","territoire":"Kenge"}},{"type":"Feature","geometry":{"type":"Point","coordinates":[18.362036,-6.653008]},"properties":{"province":"Kwango","zonesante":"Feshi","airesante":"Utadi","localite":"Midikoshi","localitetype":"Hameau","source_acronym":"DSNIS","date":"2019","grid3id":"KG_ED37D3C7BF","territoire":"Feshi"}},{"type":"Feature","geometry":{"type":"Point","coordinates":[17.99874,-5.795472]},"properties":{"province":"Kwango","zonesante":"Feshi","airesante":"Mbumba","localite":"Mihala","localitetype":"Village","source_acronym":"DSNIS","date":"2019","grid3id":"KG_E3DF46A55E","territoire":"Feshi"}},{"type":"Feature","geometry":{"type":"Point","coordinates":[17.811796,-6.091263]},"properties":{"province":"Kwango","zonesante":"Mwela Lembwa","airesante":"Kandi Lukeni","localite":"Mihala","localitetype":"Village","source_acronym":"DSNIS","date":"2019","grid3id":"KG_7CD0014768","territoire":"Feshi"}},{"type":"Feature","geometry":{"type":"Point","coordinates":[17.402641,-6.950541]},"properties":{"province":"Kwango","zonesante":"Kitenda","airesante":"Mihala","localite":"Mihala","localitetype":"Village","source_acronym":"DSNIS","date":"2019","grid3id":"KG_9D4FE96B39","territoire":"Kasongo-Lunda"}},{"type":"Feature","geometry":{"type":"Point","coordinates":[18.380293,-7.657384]},"properties":{"province":"Kwango","zonesante":"Kajiji","airesante":"Kajiji","localite":"Mihumba","localitetype":"Village","source_acronym":"DSNIS","date":"2019","grid3id":"KG_52924761C9","territoire":"Kahemba"}},{"type":"Feature","geometry":{"type":"Point","coordinates":[17.581253,-4.555462]},"properties":{"province":"Kwango","zonesante":"Kenge","airesante":"Musangu Tsay","localite":"Mikubi","localitetype":"Village","source_acronym":"DSNIS","date":"2019","grid3id":"KG_289EFAEC3A","territoire":"Kenge"}},{"type":"Feature","geometry":{"type":"Point","coordinates":[17.379027,-4.82541]},"properties":{"province":"Kwango","zonesante":"Kenge","airesante":"Misele","localite":"Mikula","localitetype":"Village","source_acronym":"DSNIS","date":"2019","grid3id":"KG_6ADB4C7B0F","territoire":"Kenge"}},{"type":"Feature","geometry":{"type":"Point","coordinates":[17.686426,-4.414955]},"properties":{"province":"Kwango","zonesante":"Kenge","airesante":"Bangongo","localite":"Mikwo","localitetype":"Village","source_acronym":"DSNIS","date":"2019","grid3id":"KG_AB11E01B0B","territoire":"Kenge"}},{"type":"Feature","geometry":{"type":"Point","coordinates":[18.438423,-6.027874]},"properties":{"province":"Kwango","zonesante":"Feshi","airesante":"Mafishi","localite":"Milodi","localitetype":"Village","source_acronym":"DSNIS","date":"2019","grid3id":"KG_A11FB2CB84","territoire":"Feshi"}},{"type":"Feature","geometry":{"type":"Point","coordinates":[17.327028,-6.838084]},"properties":{"province":"Kwango","zonesante":"Kitenda","airesante":"Bamba","localite":"Milomba","localitetype":"Village","source_acronym":"DSNIS","date":"2019","grid3id":"KG_FAD7AB29E0","territoire":"Kasongo-Lunda"}},{"type":"Feature","geometry":{"type":"Point","coordinates":[17.334875,-5.302871]},"properties":{"province":"Kwango","zonesante":"Kimbao","airesante":"Mutoni Toy","localite":"Milombi","localitetype":"Village","source_acronym":"DSNIS","date":"2019","grid3id":"KG_CE3C755734","territoire":"Kenge"}},{"type":"Feature","geometry":{"type":"Point","coordinates":[17.496149,-4.775681]},"properties":{"province":"Kwango","zonesante":"Kenge","airesante":"Misele","localite":"Misele","localitetype":"Village","source_acronym":"DSNIS","date":"2019","grid3id":"KG_15F50B24A6","territoire":"Kenge"}},{"type":"Feature","geometry":{"type":"Point","coordinates":[17.64473,-6.159287]},"properties":{"province":"Kwango","zonesante":"Mwela Lembwa","airesante":"Matari","localite":"Mission Catholique Matari","localitetype":"Village","source_acronym":"DSNIS","date":"2019","grid3id":"KG_BD2AC6E138","territoire":"Feshi"}},{"type":"Feature","geometry":{"type":"Point","coordinates":[19.148785,-6.313259]},"properties":{"province":"Kwango","zonesante":"Kisanji","airesante":"Mukoso","localite":"Miteleji","localitetype":"Village","source_acronym":"DSNIS","date":"2019","grid3id":"KG_9819297151","territoire":"Feshi"}},{"type":"Feature","geometry":{"type":"Point","coordinates":[16.496991,-4.606879]},"properties":{"province":"Kwango","zonesante":"Boko","airesante":"Pont Kwango","localite":"Mitimitanu","localitetype":"Village","source_acronym":"DSNIS","date":"2019","grid3id":"KG_8F74AD004A","territoire":"Kenge"}},{"type":"Feature","geometry":{"type":"Point","coordinates":[17.158084,-4.765018]},"properties":{"province":"Kwango","zonesante":"Kenge","airesante":"Kasombo","localite":"Mitsenge","localitetype":"Village","source_acronym":"DSNIS","date":"2019","grid3id":"KG_64788B1AFB","territoire":"Kenge"}},{"type":"Feature","geometry":{"type":"Point","coordinates":[17.370286,-6.822399]},"properties":{"province":"Kwango","zonesante":"Kitenda","airesante":"Kitenda","localite":"Mizandu","localitetype":"Village","source_acronym":"DSNIS","date":"2019","grid3id":"KG_0A13BF850E","territoire":"Kasongo-Lunda"}},{"type":"Feature","geometry":{"type":"Point","coordinates":[17.173291,-5.600197]},"properties":{"province":"Kwango","zonesante":"Kimbao","airesante":"Mosamba","localite":"Mobikisi","localitetype":"Village","source_acronym":"DSNIS","date":"2019","grid3id":"KG_8EB85900E1","territoire":"Kenge"}},{"type":"Feature","geometry":{"type":"Point","coordinates":[17.053444,-5.399243]},"properties":{"province":"Kwango","zonesante":"Kimbao","airesante":"Kipabu","localite":"Mobikisi","localitetype":"Village","source_acronym":"DSNIS","date":"2019","grid3id":"KG_4CDD9645BF","territoire":"Kenge"}},{"type":"Feature","geometry":{"type":"Point","coordinates":[16.91879,-6.921928]},"properties":{"province":"Kwango","zonesante":"Kasongo Lunda","airesante":"Mulundu","localite":"Mongo Wa Nkenda","localitetype":"Village","source_acronym":"DSNIS","date":"2019","grid3id":"KG_2078B144E3"}},{"type":"Feature","geometry":{"type":"Point","coordinates":[17.11909,-6.095494]},"properties":{"province":"Kwango","zonesante":"Kasongo Lunda","airesante":"Bangi","localite":"Mongo Zulu","localitetype":"Village","source_acronym":"DSNIS","date":"2019","grid3id":"KG_9328B58A6C","territoire":"Popokabaka"}},{"type":"Feature","geometry":{"type":"Point","coordinates":[17.146988,-5.112085]},"properties":{"province":"Kwango","zonesante":"Kenge","airesante":"Mukumbi","localite":"Montagne Luwa","localitetype":"Village","source_acronym":"DSNIS","date":"2019","grid3id":"KG_7AB4613B02","territoire":"Kenge"}},{"type":"Feature","geometry":{"type":"Point","coordinates":[17.400803,-5.049596]},"properties":{"province":"Kwango","zonesante":"Kenge","airesante":"Kimwela Tsay","localite":"Montagne Nkoy","localitetype":"Village","source_acronym":"DSNIS","date":"2019","grid3id":"KG_AB10304FD0","territoire":"Kenge"}},{"type":"Feature","geometry":{"type":"Point","coordinates":[17.162034,-5.069731]},"properties":{"province":"Kwango","zonesante":"Kenge","airesante":"Mukumbi","localite":"Montagne Pombo","localitetype":"Village","source_acronym":"DSNIS","date":"2019","grid3id":"KG_E6FDC02B29","territoire":"Kenge"}},{"type":"Feature","geometry":{"type":"Point","coordinates":[17.277416,-4.887908]},"properties":{"province":"Kwango","zonesante":"Kenge","airesante":"Swa Bangu","localite":"Morbeck","localitetype":"Village","source_acronym":"DSNIS","date":"2019","grid3id":"KG_130A9CFE23","territoire":"Kenge"}},{"type":"Feature","geometry":{"type":"Point","coordinates":[16.783286,-4.483323]},"properties":{"province":"Kwango","zonesante":"Boko","airesante":"Bitadiluasa","localite":"Morbeck","localitetype":"Village","source_acronym":"DSNIS","date":"2019","grid3id":"KG_32A73F5036","territoire":"Kenge"}},{"type":"Feature","geometry":{"type":"Point","coordinates":[17.596142,-4.598803]},"properties":{"province":"Kwango","zonesante":"Kenge","airesante":"Kimafu","localite":"Motema","localitetype":"Village","source_acronym":"DSNIS","date":"2019","grid3id":"KG_F3103027D8","territoire":"Kenge"}},{"type":"Feature","geometry":{"type":"Point","coordinates":[18.059563,-6.254428]},"properties":{"province":"Kwango","zonesante":"Feshi","airesante":"Mutsunda","localite":"Mowa","localitetype":"Village","source_acronym":"DSNIS","date":"2019","grid3id":"KG_4D1406AAE1","territoire":"Feshi"}},{"type":"Feature","geometry":{"type":"Point","coordinates":[16.940676,-4.745656]},"properties":{"province":"Kwango","zonesante":"Boko","airesante":"Mbindanseke","localite":"Moyen","localitetype":"Village","source_acronym":"DSNIS","date":"2019","grid3id":"KG_C23D2EB55C","territoire":"Kenge"}},{"type":"Feature","geometry":{"type":"Point","coordinates":[16.46137,-5.663584]},"properties":{"province":"Kwango","zonesante":"Popokabaka","airesante":"Kalala","localite":"Msangua","localitetype":"Village","source_acronym":"DSNIS","date":"2019","grid3id":"KG_1FDDE5A8CA","territoire":"Popokabaka"}},{"type":"Feature","geometry":{"type":"Point","coordinates":[17.133476,-4.901787]},"properties":{"province":"Kwango","zonesante":"Kenge","airesante":"Kobo","localite":"Muana Muyombo","localitetype":"Village","source_acronym":"DSNIS","date":"2019","grid3id":"KG_66ED321D6A","territoire":"Kenge"}},{"type":"Feature","geometry":{"type":"Point","coordinates":[17.612821,-6.198624]},"properties":{"province":"Kwango","zonesante":"Mwela Lembwa","airesante":"Kimfusa","localite":"Mubidi","localitetype":"Village","source_acronym":"DSNIS","date":"2019","grid3id":"KG_8E2FBBB1D8","territoire":"Feshi"}},{"type":"Feature","geometry":{"type":"Point","coordinates":[18.485042,-7.20021]},"properties":{"province":"Kwango","zonesante":"Panzi","airesante":"Shabenge","localite":"Mubika Pimbi","localitetype":"Village","source_acronym":"DSNIS","date":"2019","grid3id":"KG_224F5337BE","territoire":"Kasongo-Lunda"}},{"type":"Feature","geometry":{"type":"Point","coordinates":[16.930749,-6.367051]},"properties":{"province":"Kwango","zonesante":"Kasongo Lunda","airesante":"Muela Mbwandu","localite":"Mubombi","localitetype":"Village","source_acronym":"DSNIS","date":"2019","grid3id":"KG_82027C8972","territoire":"Kasongo-Lunda"}},{"type":"Feature","geometry":{"type":"Point","coordinates":[17.622948,-5.755243]},"properties":{"province":"Kwango","zonesante":"Mwela Lembwa","airesante":"Muboso","localite":"Muboso","localitetype":"Village","source_acronym":"DSNIS","date":"2019","grid3id":"KG_8DFD39533B","territoire":"Feshi"}},{"type":"Feature","geometry":{"type":"Point","coordinates":[17.007277,-5.448704]},"properties":{"province":"Kwango","zonesante":"Kimbao","airesante":"Kipabu","localite":"Mubota","localitetype":"Village","source_acronym":"DSNIS","date":"2019","grid3id":"KG_761647A95E","territoire":"Kenge"}},{"type":"Feature","geometry":{"type":"Point","coordinates":[18.208849,-5.810475]},"properties":{"province":"Kwango","zonesante":"Feshi","airesante":"Kabunda","localite":"Mubwa","localitetype":"Village","source_acronym":"DSNIS","date":"2019","grid3id":"KG_AA52B11539","territoire":"Feshi"}},{"type":"Feature","geometry":{"type":"Point","coordinates":[17.107925,-5.243771]},"properties":{"province":"Kwango","zonesante":"Kimbao","localite":"Mubwoto","localitetype":"Village","source_acronym":"DSNIS","date":"2019","grid3id":"KG_4C90A192E4","territoire":"Kenge"}},{"type":"Feature","geometry":{"type":"Point","coordinates":[18.31758,-6.698779]},"properties":{"province":"Kwango","zonesante":"Feshi","airesante":"Shatungushi","localite":"Mudianga","localitetype":"Village","source_acronym":"DSNIS","date":"2019","grid3id":"KG_B9DDD1EE46","territoire":"Feshi"}},{"type":"Feature","geometry":{"type":"Point","coordinates":[18.342548,-6.019684]},"properties":{"province":"Kwango","zonesante":"Feshi","airesante":"Kabunda","localite":"Mudikikamba","localitetype":"Village","source_acronym":"DSNIS","date":"2019","grid3id":"KG_1E5530C26C","territoire":"Feshi"}},{"type":"Feature","geometry":{"type":"Point","coordinates":[17.525636,-4.463144]},"properties":{"province":"Kwango","zonesante":"Kenge","airesante":"Kikongo Lwasa","localite":"Mugondilemba","localitetype":"Village","source_acronym":"DSNIS","date":"2019","grid3id":"KG_6CEA2858FC","territoire":"Kenge"}},{"type":"Feature","geometry":{"type":"Point","coordinates":[17.530958,-4.460207]},"properties":{"province":"Kwango","zonesante":"Kenge","airesante":"Kikongo Lwasa","localite":"Mugundi","localitetype":"Hameau","source_acronym":"DSNIS","date":"2019","grid3id":"KG_8F179CC4F9","territoire":"Kenge"}},{"type":"Feature","geometry":{"type":"Point","coordinates":[19.338829,-6.160991]},"properties":{"province":"Kwango","zonesante":"Kisanji","airesante":"Kitanda","localite":"Muhaku","localitetype":"Village","source_acronym":"DSNIS","date":"2019","grid3id":"KG_33819D654A","territoire":"Feshi"}},{"type":"Feature","geometry":{"type":"Point","coordinates":[19.112382,-6.401708]},"properties":{"province":"Kwango","zonesante":"Kisanji","airesante":"Kingonzi","localite":"Muhaku","localitetype":"Village","source_acronym":"DSNIS","date":"2019","grid3id":"KG_E99E14319C","territoire":"Feshi"}},{"type":"Feature","geometry":{"type":"Point","coordinates":[17.434892,-6.881]},"properties":{"province":"Kwango","zonesante":"Kitenda","airesante":"Mihala","localite":"Muhanba","localitetype":"Village","source_acronym":"DSNIS","date":"2019","grid3id":"KG_BF89A7050C","territoire":"Kasongo-Lunda"}},{"type":"Feature","geometry":{"type":"Point","coordinates":[18.252992,-7.589189]},"properties":{"province":"Kwango","zonesante":"Panzi","airesante":"Tshibalamba","localite":"Muhongoloke","localitetype":"Village","source_acronym":"DSNIS","date":"2019","grid3id":"KG_E842A7DD8B","territoire":"Kasongo-Lunda"}},{"type":"Feature","geometry":{"type":"Point","coordinates":[18.150216,-6.339122]},"properties":{"province":"Kwango","zonesante":"Feshi","airesante":"Tonu","localite":"Muhumbu","localitetype":"Village","source_acronym":"DSNIS","date":"2019","grid3id":"KG_2ACF9472F4","territoire":"Feshi"}},{"type":"Feature","geometry":{"type":"Point","coordinates":[18.570869,-6.782549]},"properties":{"province":"Kwango","zonesante":"Feshi","airesante":"Utadi","localite":"Muka","localitetype":"Village","source_acronym":"DSNIS","date":"2019","grid3id":"KG_0CA4959484","territoire":"Kahemba"}},{"type":"Feature","geometry":{"type":"Point","coordinates":[17.486403,-6.761887]},"properties":{"province":"Kwango","zonesante":"Kitenda","airesante":"Baringa","localite":"Mukamba","localitetype":"Village","source_acronym":"DSNIS","date":"2019","grid3id":"KG_7421BCB4F5","territoire":"Kasongo-Lunda"}},{"type":"Feature","geometry":{"type":"Point","coordinates":[16.986343,-5.015308]},"properties":{"province":"Kwango","zonesante":"Kenge","airesante":"Mukila","localite":"Mukambu","localitetype":"Village","source_acronym":"DSNIS","date":"2019","grid3id":"KG_03EC927425","territoire":"Kenge"}},{"type":"Feature","geometry":{"type":"Point","coordinates":[16.933318,-6.372166]},"properties":{"province":"Kwango","zonesante":"Kasongo Lunda","airesante":"Muela Mbwandu","localite":"Mukandi","localitetype":"Village","source_acronym":"DSNIS","date":"2019","grid3id":"KG_DA56712B83","territoire":"Kasongo-Lunda"}},{"type":"Feature","geometry":{"type":"Point","coordinates":[18.356307,-7.414318]},"properties":{"province":"Kwango","zonesante":"Panzi","airesante":"Kambanzi","localite":"Mukangala","localitetype":"Village","source_acronym":"DSNIS","date":"2019","grid3id":"KG_0EBD46B55C","territoire":"Kasongo-Lunda"}},{"type":"Feature","geometry":{"type":"Point","coordinates":[16.498499,-4.615236]},"properties":{"province":"Kwango","zonesante":"Boko","airesante":"Pont Kwango","localite":"Mukasi","localitetype":"Village","source_acronym":"DSNIS","date":"2019","grid3id":"KG_1D7AB46E52","territoire":"Kenge"}},{"type":"Feature","geometry":{"type":"Point","coordinates":[19.205596,-6.342377]},"properties":{"province":"Kwango","zonesante":"Kisanji","airesante":"Ngungi","localite":"Mukedi","localitetype":"Village","source_acronym":"DSNIS","date":"2019","grid3id":"KG_7B5E12749E","territoire":"Feshi"}},{"type":"Feature","geometry":{"type":"Point","coordinates":[17.536646,-6.300606]},"properties":{"province":"Kwango","zonesante":"Mwela Lembwa","airesante":"Ganaketi","localite":"Mukedi","localitetype":"Village","source_acronym":"DSNIS","date":"2019","grid3id":"KG_D38EBC9425","territoire":"Feshi"}},{"type":"Feature","geometry":{"type":"Point","coordinates":[18.39311,-7.546241]},"properties":{"province":"Kwango","zonesante":"Kajiji","airesante":"Kambangu","localite":"Mukelenga","localitetype":"Village","source_acronym":"DSNIS","date":"2019","grid3id":"KG_729D29C2B1","territoire":"Kahemba"}},{"type":"Feature","geometry":{"type":"Point","coordinates":[18.432566,-7.485927]},"properties":{"province":"Kwango","zonesante":"Panzi","airesante":"Kambanzi","localite":"Mukelenga","localitetype":"Hameau","source_acronym":"DSNIS","date":"2019","grid3id":"KG_B2AC11ECFC","territoire":"Kasongo-Lunda"}},{"type":"Feature","geometry":{"type":"Point","coordinates":[16.954588,-6.638019]},"properties":{"province":"Kwango","zonesante":"Kasongo Lunda","airesante":"Kipanzu","localite":"Mukelenge","localitetype":"Village","source_acronym":"DSNIS","date":"2019","grid3id":"KG_1309C7AE4A","territoire":"Kasongo-Lunda"}},{"type":"Feature","geometry":{"type":"Point","coordinates":[16.95974,-6.760857]},"properties":{"province":"Kwango","zonesante":"Kasongo Lunda","airesante":"Kipanzu","localite":"Mukenene","localitetype":"Village","source_acronym":"DSNIS","date":"2019","grid3id":"KG_FED2EA4119","territoire":"Kasongo-Lunda"}},{"type":"Feature","geometry":{"type":"Point","coordinates":[17.575364,-5.787362]},"properties":{"province":"Kwango","zonesante":"Mwela Lembwa","airesante":"Muboso","localite":"Mukeni","localitetype":"Village","source_acronym":"DSNIS","date":"2019","grid3id":"KG_ED4F44CBEC","territoire":"Feshi"}},{"type":"Feature","geometry":{"type":"Point","coordinates":[18.573486,-6.277847]},"properties":{"province":"Kwango","zonesante":"Feshi","airesante":"Kahoka","localite":"Mukia","localitetype":"Village","source_acronym":"DSNIS","date":"2019","grid3id":"KG_5865A6E0E6","territoire":"Feshi"}},{"type":"Feature","geometry":{"type":"Point","coordinates":[17.762031,-6.227069]},"properties":{"province":"Kwango","zonesante":"Mwela Lembwa","airesante":"Mwana Basila","localite":"Mukiengi","localitetype":"Village","source_acronym":"DSNIS","date":"2019","grid3id":"KG_6E13FAC65F","territoire":"Feshi"}},{"type":"Feature","geometry":{"type":"Point","coordinates":[16.305204,-5.382446]},"properties":{"province":"Kwango","zonesante":"Popokabaka","airesante":"Mukila Ndondo","localite":"Mukila Ndondo","localitetype":"Village","source_acronym":"DSNIS","date":"2019","grid3id":"KG_0E3E7B458E","territoire":"Popokabaka"}},{"type":"Feature","geometry":{"type":"Point","coordinates":[16.757689,-5.587674]},"properties":{"province":"Kwango","zonesante":"Boko","airesante":"Duri Mpangi","localite":"Mukila Tsamba","localitetype":"Village","source_acronym":"DSNIS","date":"2019","grid3id":"KG_3DB69BF312","territoire":"Kenge"}},{"type":"Feature","geometry":{"type":"Point","coordinates":[17.268772,-6.593922]},"properties":{"province":"Kwango","zonesante":"Wamba Lwadi","airesante":"Mukumbi","localite":"Mukila Wongo","localitetype":"Village","source_acronym":"DSNIS","date":"2019","grid3id":"KG_8EE1C31C7B","territoire":"Kasongo-Lunda"}},{"type":"Feature","geometry":{"type":"Point","coordinates":[18.575766,-6.719501]},"properties":{"province":"Kwango","zonesante":"Feshi","airesante":"Utadi","localite":"Mukimbundu","localitetype":"Village","source_acronym":"DSNIS","date":"2019","grid3id":"KG_FC21052492","territoire":"Feshi"}},{"type":"Feature","geometry":{"type":"Point","coordinates":[17.200405,-5.965384]},"properties":{"province":"Kwango","zonesante":"Wamba Lwadi","airesante":"Mwaku Yala","localite":"Mukisi","localitetype":"Village","source_acronym":"DSNIS","date":"2019","grid3id":"KG_68C1AC2676","territoire":"Kasongo-Lunda"}},{"type":"Feature","geometry":{"type":"Point","coordinates":[16.974593,-5.626025]},"properties":{"province":"Kwango","zonesante":"Kimbao","airesante":"Ibumbu","localite":"Mukngo Tanda","localitetype":"Village","source_acronym":"DSNIS","date":"2019","grid3id":"KG_304B4D23A6","territoire":"Kenge"}},{"type":"Feature","geometry":{"type":"Point","coordinates":[16.828337,-5.248582]},"properties":{"province":"Kwango","zonesante":"Boko","airesante":"Kasinsi","localite":"Mukodia","localitetype":"Hameau","source_acronym":"DSNIS","date":"2019","grid3id":"KG_8EBE5C5B4E","territoire":"Kenge"}},{"type":"Feature","geometry":{"type":"Point","coordinates":[16.844598,-5.223121]},"properties":{"province":"Kwango","zonesante":"Boko","airesante":"Kasinsi","localite":"Mukodia","localitetype":"Village","source_acronym":"DSNIS","date":"2019","grid3id":"KG_00568FABA7","territoire":"Kenge"}},{"type":"Feature","geometry":{"type":"Point","coordinates":[17.465256,-5.762474]},"properties":{"province":"Kwango","zonesante":"Mwela Lembwa","airesante":"Kasombo","localite":"Mukoki","localitetype":"Village","source_acronym":"DSNIS","date":"2019","grid3id":"KG_97D49895F6","territoire":"Feshi"}},{"type":"Feature","geometry":{"type":"Point","coordinates":[17.887039,-7.074536]},"properties":{"province":"Kwango","zonesante":"Panzi","airesante":"Tsakala Panzi","localite":"Mukoki","localitetype":"Village","source_acronym":"DSNIS","date":"2019","grid3id":"KG_BAC84932AB","territoire":"Kasongo-Lunda"}},{"type":"Feature","geometry":{"type":"Point","coordinates":[18.030342,-5.783601]},"properties":{"province":"Kwango","zonesante":"Feshi","airesante":"Mbumba","localite":"Mukoko","localitetype":"Hameau","source_acronym":"DSNIS","date":"2019","grid3id":"KG_734A042CD4","territoire":"Feshi"}},{"type":"Feature","geometry":{"type":"Point","coordinates":[17.403125,-5.049679]},"properties":{"province":"Kwango","zonesante":"Kenge","airesante":"Kimwela Tsay","localite":"Mukokoto","localitetype":"Village","source_acronym":"DSNIS","date":"2019","grid3id":"KG_95DE415FC2","territoire":"Kenge"}},{"type":"Feature","geometry":{"type":"Point","coordinates":[17.437094,-4.441653]},"properties":{"province":"Kwango","zonesante":"Kenge","airesante":"Kolokoso","localite":"Mukomba","localitetype":"Village","source_acronym":"DSNIS","date":"2019","grid3id":"KG_C46FB18A18","territoire":"Kenge"}},{"type":"Feature","geometry":{"type":"Point","coordinates":[19.163562,-6.242164]},"properties":{"province":"Kwango","zonesante":"Kisanji","airesante":"Mukoso","localite":"Mukoso","localitetype":"Village","source_acronym":"DSNIS","date":"2019","grid3id":"KG_DDCE76FCD4","territoire":"Feshi"}},{"type":"Feature","geometry":{"type":"Point","coordinates":[18.053606,-6.118744]},"properties":{"province":"Kwango","zonesante":"Feshi","airesante":"Kimbongo","localite":"Mukotesi","localitetype":"Village","source_acronym":"DSNIS","date":"2019","grid3id":"KG_D96D0B2706","territoire":"Feshi"}},{"type":"Feature","geometry":{"type":"Point","coordinates":[17.008804,-5.256694]},"properties":{"province":"Kwango","zonesante":"Kimbao","airesante":"Kikongo","localite":"Mukubu","localitetype":"Village","source_acronym":"DSNIS","date":"2019","grid3id":"KG_E65E9A5C61","territoire":"Kenge"}},{"type":"Feature","geometry":{"type":"Point","coordinates":[16.770901,-6.627493]},"properties":{"province":"Kwango","zonesante":"Kasongo Lunda","airesante":"Manzengele","localite":"Mukukulu","localitetype":"Village","source_acronym":"DSNIS","date":"2019","grid3id":"KG_503A67CC29"}},{"type":"Feature","geometry":{"type":"Point","coordinates":[16.273466,-4.976722]},"properties":{"province":"Kwango","zonesante":"Boko","airesante":"Takundi","localite":"Mukukulukondokondo","localitetype":"Village","source_acronym":"DSNIS","date":"2019","grid3id":"KG_4A125D958A","territoire":"Kenge"}},{"type":"Feature","geometry":{"type":"Point","coordinates":[17.268042,-6.777194]},"properties":{"province":"Kwango","zonesante":"Kitenda","airesante":"Bondo Pokoso","localite":"Mukula","localitetype":"Village","source_acronym":"DSNIS","date":"2019","grid3id":"KG_654CB92A64","territoire":"Kasongo-Lunda"}},{"type":"Feature","geometry":{"type":"Point","coordinates":[19.074794,-6.529942]},"properties":{"province":"Kwango","zonesante":"Kisanji","airesante":"Kingonzi","localite":"Mukulunzambi","localitetype":"Village","source_acronym":"DSNIS","date":"2019","grid3id":"KG_B5F741868B","territoire":"Feshi"}},{"type":"Feature","geometry":{"type":"Point","coordinates":[17.552579,-5.979178]},"properties":{"province":"Kwango","zonesante":"Mwela Lembwa","airesante":"Mahungu","localite":"Mukumbi","localitetype":"Village","source_acronym":"DSNIS","date":"2019","grid3id":"KG_41A10D658C","territoire":"Feshi"}},{"type":"Feature","geometry":{"type":"Point","coordinates":[17.170404,-5.092535]},"properties":{"province":"Kwango","zonesante":"Kenge","airesante":"Mukumbi","localite":"Mukumbi Nzadi","localitetype":"Village","source_acronym":"DSNIS","date":"2019","grid3id":"KG_9B82C47CD7","territoire":"Kenge"}},{"type":"Feature","geometry":{"type":"Point","coordinates":[19.106307,-6.317309]},"properties":{"province":"Kwango","zonesante":"Kisanji","airesante":"Kambondo","localite":"Mukundu","localitetype":"Village","source_acronym":"DSNIS","date":"2019","grid3id":"KG_5B4DD4CDDD","territoire":"Feshi"}},{"type":"Feature","geometry":{"type":"Point","coordinates":[19.098649,-6.530326]},"properties":{"province":"Kwango","zonesante":"Kisanji","airesante":"Kingonzi","localite":"Mukundu","localitetype":"Village","source_acronym":"DSNIS","date":"2019","grid3id":"KG_27561A5987","territoire":"Feshi"}},{"type":"Feature","geometry":{"type":"Point","coordinates":[19.140907,-7.921471]},"properties":{"province":"Kwango","zonesante":"Kahemba","localite":"Mukupu","localitetype":"Village","source_acronym":"DSNIS","date":"2019","grid3id":"KG_3A027C00D9","territoire":"Kahemba"}},{"type":"Feature","geometry":{"type":"Point","coordinates":[16.897215,-4.768971]},"properties":{"province":"Kwango","zonesante":"Boko","airesante":"Mbindanseke","localite":"Mukwa","localitetype":"Hameau","source_acronym":"DSNIS","date":"2019","grid3id":"KG_E00C2584E5","territoire":"Kenge"}},{"type":"Feature","geometry":{"type":"Point","coordinates":[17.552295,-6.66932]},"properties":{"province":"Kwango","zonesante":"Panzi","airesante":"Kibunda 1","localite":"Mukwenia","localitetype":"Village","source_acronym":"DSNIS","date":"2019","grid3id":"KG_AD8DE96BB4","territoire":"Kasongo-Lunda"}},{"type":"Feature","geometry":{"type":"Point","coordinates":[16.836386,-4.856543]},"properties":{"province":"Kwango","zonesante":"Boko","airesante":"Mbindanseke","localite":"Mukwesi","localitetype":"Village","source_acronym":"DSNIS","date":"2019","grid3id":"KG_C93F0AAFE5","territoire":"Kenge"}},{"type":"Feature","geometry":{"type":"Point","coordinates":[17.14208,-6.720228]},"properties":{"province":"Kwango","zonesante":"Kitenda","airesante":"Kimbwasa","localite":"Mulaku","localitetype":"Village","source_acronym":"DSNIS","date":"2019","grid3id":"KG_684891EE2C","territoire":"Kasongo-Lunda"}},{"type":"Feature","geometry":{"type":"Point","coordinates":[16.314468,-5.594302]},"properties":{"province":"Kwango","zonesante":"Popokabaka","airesante":"Mutayi","localite":"Mulanda","localitetype":"Village","source_acronym":"DSNIS","date":"2019","grid3id":"KG_5D754928BA","territoire":"Popokabaka"}},{"type":"Feature","geometry":{"type":"Point","coordinates":[17.81079,-5.681689]},"properties":{"province":"Kwango","zonesante":"Feshi","airesante":"Mumbanda","localite":"Mulasa","localitetype":"Village","source_acronym":"DSNIS","date":"2019","grid3id":"KG_A9B73FAFBB"}},{"type":"Feature","geometry":{"type":"Point","coordinates":[17.818318,-6.474074]},"properties":{"province":"Kwango","zonesante":"Mwela Lembwa","airesante":"Kabolo","localite":"Mulasa","localitetype":"Village","source_acronym":"DSNIS","date":"2019","grid3id":"KG_AA60BEB997","territoire":"Feshi"}},{"type":"Feature","geometry":{"type":"Point","coordinates":[17.591715,-6.218205]},"properties":{"province":"Kwango","zonesante":"Mwela Lembwa","airesante":"Kimfusa","localite":"Mulasa Mwela","localitetype":"Village","source_acronym":"DSNIS","date":"2019","grid3id":"KG_90A57064CC","territoire":"Feshi"}},{"type":"Feature","geometry":{"type":"Point","coordinates":[18.065472,-6.063637]},"properties":{"province":"Kwango","zonesante":"Feshi","localite":"Mulasa Nganga","localitetype":"Village","source_acronym":"DSNIS","date":"2019","grid3id":"KG_7265820242","territoire":"Feshi"}},{"type":"Feature","geometry":{"type":"Point","coordinates":[17.591477,-6.235011]},"properties":{"province":"Kwango","zonesante":"Mwela Lembwa","airesante":"Kimfusa","localite":"Mulasa Tingi","localitetype":"Village","source_acronym":"DSNIS","date":"2019","grid3id":"KG_4A945263FC","territoire":"Feshi"}},{"type":"Feature","geometry":{"type":"Point","coordinates":[17.986407,-6.377653]},"properties":{"province":"Kwango","zonesante":"Feshi","airesante":"Mutangu","localite":"Mulasapangu","localitetype":"Village","source_acronym":"DSNIS","date":"2019","grid3id":"KG_E5704B06EC","territoire":"Feshi"}},{"type":"Feature","geometry":{"type":"Point","coordinates":[18.054789,-6.073306]},"properties":{"province":"Kwango","zonesante":"Feshi","localite":"Mulemba","localitetype":"Hameau","source_acronym":"DSNIS","date":"2019","grid3id":"KG_6A1E421774","territoire":"Feshi"}},{"type":"Feature","geometry":{"type":"Point","coordinates":[17.629487,-6.853623]},"properties":{"province":"Kwango","zonesante":"Panzi","airesante":"Nzamba","localite":"Mulembalala","localitetype":"Village","source_acronym":"DSNIS","date":"2019","grid3id":"KG_8A688F9405","territoire":"Kasongo-Lunda"}},{"type":"Feature","geometry":{"type":"Point","coordinates":[19.139312,-6.347184]},"properties":{"province":"Kwango","zonesante":"Kisanji","airesante":"Mukoso","localite":"Mulenge","localitetype":"Village","source_acronym":"DSNIS","date":"2019","grid3id":"KG_163982DC5F","territoire":"Feshi"}},{"type":"Feature","geometry":{"type":"Point","coordinates":[16.727812,-4.363451]},"properties":{"province":"Kwango","zonesante":"Boko","airesante":"Bitadiluasa","localite":"Mulobokasandji","localitetype":"Village","source_acronym":"DSNIS","date":"2019","grid3id":"KG_0E5F55242E","territoire":"Kenge"}},{"type":"Feature","geometry":{"type":"Point","coordinates":[17.45966,-4.336847]},"properties":{"province":"Kwango","zonesante":"Kenge","airesante":"Kapay Lono","localite":"Mulomba 1","localitetype":"Village","source_acronym":"DSNIS","date":"2019","grid3id":"KG_5BFB0C5577","territoire":"Kenge"}},{"type":"Feature","geometry":{"type":"Point","coordinates":[17.460753,-4.330411]},"properties":{"province":"Kwango","zonesante":"Kenge","airesante":"Kapay Lono","localite":"Mulomba 2","localitetype":"Village","source_acronym":"DSNIS","date":"2019","grid3id":"KG_28A154751E","territoire":"Kenge"}},{"type":"Feature","geometry":{"type":"Point","coordinates":[18.136591,-6.194951]},"properties":{"province":"Kwango","zonesante":"Feshi","airesante":"Feshi 1","localite":"Mulombu","localitetype":"Village","source_acronym":"DSNIS","date":"2019","grid3id":"KG_160CBE1DE3","territoire":"Feshi"}},{"type":"Feature","geometry":{"type":"Point","coordinates":[18.080124,-7.431244]},"properties":{"province":"Kwango","zonesante":"Panzi","airesante":"Kambandambi","localite":"Mulopo","localitetype":"Village","source_acronym":"DSNIS","date":"2019","grid3id":"KG_BC258E3C59","territoire":"Kasongo-Lunda"}},{"type":"Feature","geometry":{"type":"Point","coordinates":[17.47148,-6.777947]},"properties":{"province":"Kwango","zonesante":"Kitenda","airesante":"Baringa","localite":"Mulopo Baringa","localitetype":"Village","source_acronym":"DSNIS","date":"2019","grid3id":"KG_7D950A8891","territoire":"Kasongo-Lunda"}},{"type":"Feature","geometry":{"type":"Point","coordinates":[17.264195,-7.107968]},"properties":{"province":"Kwango","zonesante":"Kitenda","airesante":"Mvufu","localite":"Mulopo Ininga","localitetype":"Village","source_acronym":"DSNIS","date":"2019","grid3id":"KG_AD522BE456","territoire":"Kasongo-Lunda"}},{"type":"Feature","geometry":{"type":"Point","coordinates":[17.365592,-6.946371]},"properties":{"province":"Kwango","zonesante":"Kitenda","airesante":"Mihala","localite":"Mulopo Kasa","localitetype":"Village","source_acronym":"DSNIS","date":"2019","grid3id":"KG_CFC44B2044","territoire":"Kasongo-Lunda"}},{"type":"Feature","geometry":{"type":"Point","coordinates":[17.407099,-5.79654]},"properties":{"province":"Kwango","zonesante":"Mwela Lembwa","airesante":"Kasombo","localite":"Mulopo Kasombo","localitetype":"Village","source_acronym":"DSNIS","date":"2019","grid3id":"KG_1A994C232A","territoire":"Feshi"}},{"type":"Feature","geometry":{"type":"Point","coordinates":[17.627949,-6.87394]},"properties":{"province":"Kwango","zonesante":"Panzi","airesante":"Nzamba","localite":"Mulopo Kidima","localitetype":"Village","source_acronym":"DSNIS","date":"2019","grid3id":"KG_4BAFB331FC","territoire":"Kasongo-Lunda"}},{"type":"Feature","geometry":{"type":"Point","coordinates":[16.876504,-4.414463]},"properties":{"province":"Kwango","zonesante":"Boko","airesante":"Kasandji","localite":"Mulopo Lwaka","localitetype":"Village","source_acronym":"DSNIS","date":"2019","grid3id":"KG_94A590D9DC","territoire":"Kenge"}},{"type":"Feature","geometry":{"type":"Point","coordinates":[17.602382,-6.825444]},"properties":{"province":"Kwango","zonesante":"Panzi","airesante":"Manzengele","localite":"Mulopo Manza","localitetype":"Hameau","source_acronym":"DSNIS","date":"2019","grid3id":"KG_81D9E91B2A","territoire":"Kasongo-Lunda"}},{"type":"Feature","geometry":{"type":"Point","coordinates":[17.442174,-5.832929]},"properties":{"province":"Kwango","zonesante":"Mwela Lembwa","airesante":"Kasombo","localite":"Mulopo Meno","localitetype":"Village","source_acronym":"DSNIS","date":"2019","grid3id":"KG_9B2FFAFB84","territoire":"Feshi"}},{"type":"Feature","geometry":{"type":"Point","coordinates":[16.357845,-4.596069]},"properties":{"province":"Kwango","zonesante":"Boko","airesante":"Kabuba","localite":"Mulosi","localitetype":"Village","source_acronym":"DSNIS","date":"2019","grid3id":"KG_66D432A801","territoire":"Kenge"}},{"type":"Feature","geometry":{"type":"Point","coordinates":[17.646154,-6.433563]},"properties":{"province":"Kwango","zonesante":"Mwela Lembwa","airesante":"Tsaku Malafu","localite":"Mululu","localitetype":"Village","source_acronym":"DSNIS","date":"2019","grid3id":"KG_AD8A339E1A","territoire":"Feshi"}},{"type":"Feature","geometry":{"type":"Point","coordinates":[16.421219,-5.62846]},"properties":{"province":"Kwango","zonesante":"Popokabaka","airesante":"Kalala","localite":"Mululu","localitetype":"Village","source_acronym":"DSNIS","date":"2019","grid3id":"KG_E90B9079B9","territoire":"Popokabaka"}},{"type":"Feature","geometry":{"type":"Point","coordinates":[16.243081,-5.466708]},"properties":{"province":"Kwango","zonesante":"Popokabaka","airesante":"Mbakata Ilanga","localite":"Mulundu","localitetype":"Village","source_acronym":"DSNIS","date":"2019","grid3id":"KG_AA7F3AAB9B","territoire":"Popokabaka"}},{"type":"Feature","geometry":{"type":"Point","coordinates":[17.527267,-6.738759]},"properties":{"province":"Kwango","zonesante":"Panzi","airesante":"Kibunda 1","localite":"Mumanga","localitetype":"Village","source_acronym":"DSNIS","date":"2019","grid3id":"KG_6F20930AE1","territoire":"Kasongo-Lunda"}},{"type":"Feature","geometry":{"type":"Point","coordinates":[17.799987,-5.753454]},"properties":{"province":"Kwango","zonesante":"Feshi","airesante":"Mumbanda","localite":"Mumbanda","localitetype":"Village","source_acronym":"DSNIS","date":"2019","grid3id":"KG_129D2E677C","territoire":"Feshi"}},{"type":"Feature","geometry":{"type":"Point","coordinates":[18.067031,-5.830755]},"properties":{"province":"Kwango","zonesante":"Feshi","airesante":"Mbumba","localite":"Mumbanda","localitetype":"Hameau","source_acronym":"DSNIS","date":"2019","grid3id":"KG_0357762349","territoire":"Feshi"}},{"type":"Feature","geometry":{"type":"Point","coordinates":[17.497907,-6.763241]},"properties":{"province":"Kwango","zonesante":"Kitenda","airesante":"Baringa","localite":"Muminu","localitetype":"Village","source_acronym":"DSNIS","date":"2019","grid3id":"KG_53A724EDFC","territoire":"Kasongo-Lunda"}},{"type":"Feature","geometry":{"type":"Point","coordinates":[17.600527,-6.042919]},"properties":{"province":"Kwango","zonesante":"Mwela Lembwa","airesante":"Matari","localite":"Mumvumbi","localitetype":"Village","source_acronym":"DSNIS","date":"2019","grid3id":"KG_82CB2F004B","territoire":"Feshi"}},{"type":"Feature","geometry":{"type":"Point","coordinates":[19.171476,-7.922813]},"properties":{"province":"Kwango","zonesante":"Kahemba","localite":"Munanga","localitetype":"Village","source_acronym":"DSNIS","date":"2019","grid3id":"KG_091DADCFEC","territoire":"Kahemba"}},{"type":"Feature","geometry":{"type":"Point","coordinates":[17.872974,-5.798942]},"properties":{"province":"Kwango","zonesante":"Feshi","airesante":"Lobo","localite":"Munda","localitetype":"Hameau","source_acronym":"DSNIS","date":"2019","grid3id":"KG_8E96EA9CB3","territoire":"Feshi"}},{"type":"Feature","geometry":{"type":"Point","coordinates":[17.54592,-4.56994]},"properties":{"province":"Kwango","zonesante":"Kenge","airesante":"Musangu Tsay","localite":"Mundonda","localitetype":"Village","source_acronym":"DSNIS","date":"2019","grid3id":"KG_7B5388B94D","territoire":"Kenge"}},{"type":"Feature","geometry":{"type":"Point","coordinates":[17.625169,-4.330325]},"properties":{"province":"Kwango","zonesante":"Kenge","airesante":"Fasamba","localite":"Mundonda","localitetype":"Village","source_acronym":"DSNIS","date":"2019","grid3id":"KG_24B06561FA","territoire":"Kenge"}},{"type":"Feature","geometry":{"type":"Point","coordinates":[17.595874,-5.722135]},"properties":{"province":"Kwango","zonesante":"Mwela Lembwa","airesante":"Muboso","localite":"Mundonda","localitetype":"Village","source_acronym":"DSNIS","date":"2019","grid3id":"KG_39F9FC8DB6","territoire":"Feshi"}},{"type":"Feature","geometry":{"type":"Point","coordinates":[16.926387,-4.665868]},"properties":{"province":"Kwango","zonesante":"Boko","localite":"Munene","localitetype":"Village","source_acronym":"DSNIS","date":"2019","grid3id":"KG_55A8E26832","territoire":"Kenge"}},{"type":"Feature","geometry":{"type":"Point","coordinates":[17.089275,-5.221139]},"properties":{"province":"Kwango","zonesante":"Kimbao","localite":"Mungala","localitetype":"Village","source_acronym":"DSNIS","date":"2019","grid3id":"KG_AB2C00703F","territoire":"Kenge"}},{"type":"Feature","geometry":{"type":"Point","coordinates":[17.42902,-6.15908]},"properties":{"province":"Kwango","zonesante":"Wamba Lwadi","airesante":"Buka Pongi","localite":"Mungela","localitetype":"Village","source_acronym":"DSNIS","date":"2019","grid3id":"KG_346EA17D9A","territoire":"Kasongo-Lunda"}},{"type":"Feature","geometry":{"type":"Point","coordinates":[17.183957,-6.771444]},"properties":{"province":"Kwango","zonesante":"Kitenda","airesante":"Mwana Uta","localite":"Mungongo","localitetype":"Village","source_acronym":"DSNIS","date":"2019","grid3id":"KG_CE8655E788","territoire":"Kasongo-Lunda"}},{"type":"Feature","geometry":{"type":"Point","coordinates":[17.837265,-6.06108]},"properties":{"province":"Kwango","zonesante":"Mwela Lembwa","airesante":"Kandi Lukeni","localite":"Mungulu","localitetype":"Village","source_acronym":"DSNIS","date":"2019","grid3id":"KG_D06FE7CBAE","territoire":"Feshi"}},{"type":"Feature","geometry":{"type":"Point","coordinates":[18.052125,-7.269478]},"properties":{"province":"Kwango","zonesante":"Panzi","airesante":"Mbanza Kipungu","localite":"Mungunga","localitetype":"Village","source_acronym":"DSNIS","date":"2019","grid3id":"KG_158A711A55","territoire":"Kasongo-Lunda"}},{"type":"Feature","geometry":{"type":"Point","coordinates":[17.369868,-6.946755]},"properties":{"province":"Kwango","zonesante":"Kitenda","airesante":"Mihala","localite":"Mungunga","localitetype":"Village","source_acronym":"DSNIS","date":"2019","grid3id":"KG_C0E69D0346","territoire":"Kasongo-Lunda"}},{"type":"Feature","geometry":{"type":"Point","coordinates":[17.400871,-6.568745]},"properties":{"province":"Kwango","zonesante":"Wamba Lwadi","airesante":"Mahanga","localite":"Muni Kandu","localitetype":"Village","source_acronym":"DSNIS","date":"2019","grid3id":"KG_EFC104797F","territoire":"Kasongo-Lunda"}},{"type":"Feature","geometry":{"type":"Point","coordinates":[17.404832,-6.586606]},"properties":{"province":"Kwango","zonesante":"Wamba Lwadi","airesante":"Kibinda","localite":"Muni Tsaku","localitetype":"Village","source_acronym":"DSNIS","date":"2019","grid3id":"KG_AB7AF817FE","territoire":"Kasongo-Lunda"}},{"type":"Feature","geometry":{"type":"Point","coordinates":[16.294382,-5.645306]},"properties":{"province":"Kwango","zonesante":"Popokabaka","airesante":"Kabama","localite":"Muniangi 1","localitetype":"Village","source_acronym":"DSNIS","date":"2019","grid3id":"KG_B670AD2EBD","territoire":"Popokabaka"}},{"type":"Feature","geometry":{"type":"Point","coordinates":[16.32228,-5.654573]},"properties":{"province":"Kwango","zonesante":"Popokabaka","airesante":"Kabama","localite":"Muniangi 2","localitetype":"Village","source_acronym":"DSNIS","date":"2019","grid3id":"KG_9FBAA2DA77","territoire":"Popokabaka"}},{"type":"Feature","geometry":{"type":"Point","coordinates":[17.385702,-5.132876]},"properties":{"province":"Kwango","zonesante":"Kimbao","airesante":"Kidima","localite":"Muniani","localitetype":"Village","source_acronym":"DSNIS","date":"2019","grid3id":"KG_C6F381AC0A","territoire":"Kenge"}},{"type":"Feature","geometry":{"type":"Point","coordinates":[17.679399,-7.560836]},"properties":{"province":"Kwango","zonesante":"Tembo","airesante":"Yamfukilunga","localite":"Munikasenzi","localitetype":"Village","source_acronym":"DSNIS","date":"2019","grid3id":"KG_E51DCB63CD","territoire":"Kasongo-Lunda"}},{"type":"Feature","geometry":{"type":"Point","coordinates":[17.381438,-6.833223]},"properties":{"province":"Kwango","zonesante":"Kitenda","airesante":"Kitenda","localite":"Munikemba","localitetype":"Village","source_acronym":"DSNIS","date":"2019","grid3id":"KG_E7C05F05BA","territoire":"Kasongo-Lunda"}},{"type":"Feature","geometry":{"type":"Point","coordinates":[17.361281,-6.499712]},"properties":{"province":"Kwango","zonesante":"Wamba Lwadi","airesante":"Wamba Luadi","localite":"Munikongo","localitetype":"Village","source_acronym":"DSNIS","date":"2019","grid3id":"KG_40A4B6B0BE","territoire":"Kasongo-Lunda"}},{"type":"Feature","geometry":{"type":"Point","coordinates":[19.186693,-7.921555]},"properties":{"province":"Kwango","zonesante":"Kahemba","localite":"Muningana","localitetype":"Village","source_acronym":"DSNIS","date":"2019","grid3id":"KG_2CC62DB52F","territoire":"Kahemba"}},{"type":"Feature","geometry":{"type":"Point","coordinates":[17.347962,-6.474915]},"properties":{"province":"Kwango","zonesante":"Wamba Lwadi","airesante":"Wamba Luadi","localite":"Muningunda","localitetype":"Village","source_acronym":"DSNIS","date":"2019","grid3id":"KG_7F3B6133B1","territoire":"Kasongo-Lunda"}},{"type":"Feature","geometry":{"type":"Point","coordinates":[17.545093,-6.693496]},"properties":{"province":"Kwango","zonesante":"Panzi","airesante":"Kibunda 1","localite":"Munkoki","localitetype":"Village","source_acronym":"DSNIS","date":"2019","grid3id":"KG_CF99A8807D","territoire":"Kasongo-Lunda"}},{"type":"Feature","geometry":{"type":"Point","coordinates":[17.674905,-6.678703]},"properties":{"province":"Kwango","zonesante":"Panzi","airesante":"Kibunda 1","localite":"Munkoki","localitetype":"Village","source_acronym":"DSNIS","date":"2019","grid3id":"KG_E24894F203","territoire":"Kasongo-Lunda"}},{"type":"Feature","geometry":{"type":"Point","coordinates":[17.381487,-6.078346]},"properties":{"province":"Kwango","zonesante":"Wamba Lwadi","airesante":"Buka Pongi","localite":"Munkoko","localitetype":"Village","source_acronym":"DSNIS","date":"2019","grid3id":"KG_262DEF6F87","territoire":"Kasongo-Lunda"}},{"type":"Feature","geometry":{"type":"Point","coordinates":[18.23552,-7.347981]},"properties":{"province":"Kwango","zonesante":"Panzi","airesante":"Kingwangala","localite":"Muntiya","localitetype":"Hameau","source_acronym":"DSNIS","date":"2019","grid3id":"KG_B55984E074","territoire":"Kasongo-Lunda"}},{"type":"Feature","geometry":{"type":"Point","coordinates":[17.888414,-7.506311]},"properties":{"province":"Kwango","zonesante":"Panzi","airesante":"Kasandji","localite":"Muntiya","localitetype":"Village","source_acronym":"DSNIS","date":"2019","grid3id":"KG_C2092A9A69","territoire":"Kasongo-Lunda"}},{"type":"Feature","geometry":{"type":"Point","coordinates":[18.19683,-7.661091]},"properties":{"province":"Kwango","zonesante":"Panzi","airesante":"Tshibalamba","localite":"Munuka","localitetype":"Village","source_acronym":"DSNIS","date":"2019","grid3id":"KG_A765D93369","territoire":"Kasongo-Lunda"}},{"type":"Feature","geometry":{"type":"Point","coordinates":[17.03452,-5.340629]},"properties":{"province":"Kwango","zonesante":"Kimbao","airesante":"Kinzau Putu Kanda","localite":"Munzamba","localitetype":"Village","source_acronym":"DSNIS","date":"2019","grid3id":"KG_156672CA7D","territoire":"Kenge"}},{"type":"Feature","geometry":{"type":"Point","coordinates":[17.099126,-6.367298]},"properties":{"province":"Kwango","zonesante":"Kasongo Lunda","airesante":"Matamba Solo","localite":"Mupangi","localitetype":"Village","source_acronym":"DSNIS","date":"2019","grid3id":"KG_8992683CD7","territoire":"Kasongo-Lunda"}},{"type":"Feature","geometry":{"type":"Point","coordinates":[17.187113,-5.670312]},"properties":{"province":"Kwango","zonesante":"Kimbao","airesante":"Mukulutu","localite":"Muparis","localitetype":"Village","source_acronym":"DSNIS","date":"2019","grid3id":"KG_877FD26F0B","territoire":"Kenge"}},{"type":"Feature","geometry":{"type":"Point","coordinates":[16.557678,-4.726724]},"properties":{"province":"Kwango","zonesante":"Boko","airesante":"Takundi","localite":"Mupaya","localitetype":"Village","source_acronym":"DSNIS","date":"2019","grid3id":"KG_F0DCFCECA6","territoire":"Kenge"}},{"type":"Feature","geometry":{"type":"Point","coordinates":[16.98036,-4.57721]},"properties":{"province":"Kwango","zonesante":"Boko","airesante":"Kasandji","localite":"Mupepe","localitetype":"Village","source_acronym":"DSNIS","date":"2019","grid3id":"KG_5EF404321D","territoire":"Kenge"}},{"type":"Feature","geometry":{"type":"Point","coordinates":[17.439358,-6.958892]},"properties":{"province":"Kwango","zonesante":"Kitenda","airesante":"Mwela Kassa","localite":"Mupetika","localitetype":"Village","source_acronym":"DSNIS","date":"2019","grid3id":"KG_BFBF9A9ED1","territoire":"Kasongo-Lunda"}},{"type":"Feature","geometry":{"type":"Point","coordinates":[17.518119,-4.740857]},"properties":{"province":"Kwango","zonesante":"Kenge","airesante":"Musaka","localite":"Musaka","localitetype":"Village","source_acronym":"DSNIS","date":"2019","grid3id":"KG_19023C145C","territoire":"Kenge"}},{"type":"Feature","geometry":{"type":"Point","coordinates":[17.342565,-6.914891]},"properties":{"province":"Kwango","zonesante":"Kitenda","localite":"Musaka","localitetype":"Village","source_acronym":"DSNIS","date":"2019","grid3id":"KG_72FDD569A8","territoire":"Kasongo-Lunda"}},{"type":"Feature","geometry":{"type":"Point","coordinates":[17.379789,-6.954278]},"properties":{"province":"Kwango","zonesante":"Kitenda","airesante":"Mihala","localite":"Musakavula","localitetype":"Village","source_acronym":"DSNIS","date":"2019","grid3id":"KG_77B4768232","territoire":"Kasongo-Lunda"}},{"type":"Feature","geometry":{"type":"Point","coordinates":[17.326798,-4.461217]},"properties":{"province":"Kwango","zonesante":"Kenge","airesante":"Kolokoso","localite":"Musala","localitetype":"Village","source_acronym":"DSNIS","date":"2019","grid3id":"KG_A2D33BF622","territoire":"Kenge"}},{"type":"Feature","geometry":{"type":"Point","coordinates":[17.409617,-6.631338]},"properties":{"province":"Kwango","zonesante":"Wamba Lwadi","airesante":"Kibinda","localite":"Musawa","localitetype":"Village","source_acronym":"DSNIS","date":"2019","grid3id":"KG_36ED3A841A","territoire":"Kasongo-Lunda"}},{"type":"Feature","geometry":{"type":"Point","coordinates":[18.417035,-7.459721]},"properties":{"province":"Kwango","zonesante":"Panzi","airesante":"Kambanzi","localite":"Museheno","localitetype":"Village","source_acronym":"DSNIS","date":"2019","grid3id":"KG_7E7ECAD41C","territoire":"Kasongo-Lunda"}},{"type":"Feature","geometry":{"type":"Point","coordinates":[17.619452,-6.824832]},"properties":{"province":"Kwango","zonesante":"Panzi","airesante":"Manzengele","localite":"Musela","localitetype":"Village","source_acronym":"DSNIS","date":"2019","grid3id":"KG_9577DEBA9D","territoire":"Kasongo-Lunda"}},{"type":"Feature","geometry":{"type":"Point","coordinates":[17.443144,-4.412909]},"properties":{"province":"Kwango","zonesante":"Kenge","airesante":"Kapay Lono","localite":"Musenga","localitetype":"Village","source_acronym":"DSNIS","date":"2019","grid3id":"KG_889307C690","territoire":"Kenge"}},{"type":"Feature","geometry":{"type":"Point","coordinates":[19.015867,-6.819982]},"properties":{"province":"Kwango","zonesante":"Kisanji","airesante":"Pombo","localite":"Musenina","localitetype":"Village","source_acronym":"DSNIS","date":"2019","grid3id":"KG_E71B54B646","territoire":"Feshi"}},{"type":"Feature","geometry":{"type":"Point","coordinates":[19.207607,-7.919176]},"properties":{"province":"Kwango","zonesante":"Kahemba","localite":"Musenvu","localitetype":"Village","source_acronym":"DSNIS","date":"2019","grid3id":"KG_BC524CF519","territoire":"Kahemba"}},{"type":"Feature","geometry":{"type":"Point","coordinates":[19.208172,-7.919276]},"properties":{"province":"Kwango","zonesante":"Kahemba","localite":"Musenvu Kahapa","localitetype":"Village","source_acronym":"DSNIS","date":"2019","grid3id":"KG_CF74C13491","territoire":"Kahemba"}},{"type":"Feature","geometry":{"type":"Point","coordinates":[18.322434,-7.62053]},"properties":{"province":"Kwango","zonesante":"Kajiji","airesante":"Kajiji","localite":"Mushinda","localitetype":"Village","source_acronym":"DSNIS","date":"2019","grid3id":"KG_0C84B8AEBA","territoire":"Kahemba"}},{"type":"Feature","geometry":{"type":"Point","coordinates":[18.101858,-6.510529]},"properties":{"province":"Kwango","zonesante":"Feshi","airesante":"Mabaya","localite":"Mushindu","localitetype":"Village","source_acronym":"DSNIS","date":"2019","grid3id":"KG_43F9BB578E","territoire":"Feshi"}},{"type":"Feature","geometry":{"type":"Point","coordinates":[16.507847,-5.588377]},"properties":{"province":"Kwango","zonesante":"Popokabaka","airesante":"Lusanga","localite":"Musinga","localitetype":"Village","source_acronym":"DSNIS","date":"2019","grid3id":"KG_2AD36FBC36","territoire":"Popokabaka"}},{"type":"Feature","geometry":{"type":"Point","coordinates":[16.774774,-4.819917]},"properties":{"province":"Kwango","zonesante":"Boko","airesante":"Mutombo","localite":"Musokisa","localitetype":"Hameau","source_acronym":"DSNIS","date":"2019","grid3id":"KG_66FF1EC668","territoire":"Kenge"}},{"type":"Feature","geometry":{"type":"Point","coordinates":[17.666478,-5.835663]},"properties":{"province":"Kwango","zonesante":"Mwela Lembwa","airesante":"Kingungu","localite":"Musongeti","localitetype":"Village","source_acronym":"DSNIS","date":"2019","grid3id":"KG_0C0DA8FC4F","territoire":"Feshi"}},{"type":"Feature","geometry":{"type":"Point","coordinates":[17.526644,-6.026648]},"properties":{"province":"Kwango","zonesante":"Mwela Lembwa","airesante":"Mahungu","localite":"Musuku","localitetype":"Village","source_acronym":"DSNIS","date":"2019","grid3id":"KG_0CBDBF9616","territoire":"Feshi"}},{"type":"Feature","geometry":{"type":"Point","coordinates":[17.629657,-6.209941]},"properties":{"province":"Kwango","zonesante":"Mwela Lembwa","airesante":"Kimfusa","localite":"Musuku Tseyi","localitetype":"Village","source_acronym":"DSNIS","date":"2019","grid3id":"KG_9D5B49853D","territoire":"Feshi"}},{"type":"Feature","geometry":{"type":"Point","coordinates":[17.260262,-6.82667]},"properties":{"province":"Kwango","zonesante":"Kitenda","airesante":"Kikuti","localite":"Musulman","localitetype":"Village","source_acronym":"DSNIS","date":"2019","grid3id":"KG_BA53C3BB17","territoire":"Kasongo-Lunda"}},{"type":"Feature","geometry":{"type":"Point","coordinates":[18.351571,-7.674161]},"properties":{"province":"Kwango","zonesante":"Kajiji","airesante":"Kajiji","localite":"Musumba","localitetype":"Village","source_acronym":"DSNIS","date":"2019","grid3id":"KG_9E3B27F5B0","territoire":"Kahemba"}},{"type":"Feature","geometry":{"type":"Point","coordinates":[16.807393,-6.520573]},"properties":{"province":"Kwango","zonesante":"Kasongo Lunda","airesante":"Munganda","localite":"Musumba","localitetype":"Village","source_acronym":"DSNIS","date":"2019","grid3id":"KG_ADAFD8D7D8","territoire":"Kasongo-Lunda"}},{"type":"Feature","geometry":{"type":"Point","coordinates":[18.612511,-6.268067]},"properties":{"province":"Kwango","zonesante":"Feshi","airesante":"Kahoka","localite":"Musumu","localitetype":"Village","source_acronym":"DSNIS","date":"2019","grid3id":"KG_42D65AA1AB","territoire":"Feshi"}},{"type":"Feature","geometry":{"type":"Point","coordinates":[17.526831,-6.003249]},"properties":{"province":"Kwango","zonesante":"Mwela Lembwa","airesante":"Mahungu","localite":"Muswalu","localitetype":"Village","source_acronym":"DSNIS","date":"2019","grid3id":"KG_88543FABCB","territoire":"Feshi"}},{"type":"Feature","geometry":{"type":"Point","coordinates":[19.208218,-6.324197]},"properties":{"province":"Kwango","zonesante":"Kisanji","airesante":"Ngungi","localite":"Muta","localitetype":"Village","source_acronym":"DSNIS","date":"2019","grid3id":"KG_1FB94E4BDE","territoire":"Feshi"}},{"type":"Feature","geometry":{"type":"Point","coordinates":[19.529712,-7.028272]},"properties":{"province":"Kwango","zonesante":"Kahemba","airesante":"Tshitambi","localite":"Mutalawanga","localitetype":"Village","source_acronym":"DSNIS","date":"2019","grid3id":"KG_58C13ED4B6","territoire":"Kahemba"}},{"type":"Feature","geometry":{"type":"Point","coordinates":[17.039545,-7.293876]},"properties":{"province":"Kwango","zonesante":"Kitenda","airesante":"Swakibula","localite":"Mutanda","localitetype":"Village","source_acronym":"DSNIS","date":"2019","grid3id":"KG_1A139DEFB0","territoire":"Kasongo-Lunda"}},{"type":"Feature","geometry":{"type":"Point","coordinates":[17.338831,-6.339804]},"properties":{"province":"Kwango","zonesante":"Wamba Lwadi","airesante":"Mayimba Ngonda","localite":"Mutanga","localitetype":"Village","source_acronym":"DSNIS","date":"2019","grid3id":"KG_68B8C5D5A2","territoire":"Kasongo-Lunda"}},{"type":"Feature","geometry":{"type":"Point","coordinates":[17.926343,-6.269904]},"properties":{"province":"Kwango","zonesante":"Feshi","airesante":"Mutangu","localite":"Mutangu","localitetype":"Village","source_acronym":"DSNIS","date":"2019","grid3id":"KG_6F067561F8","territoire":"Feshi"}},{"type":"Feature","geometry":{"type":"Point","coordinates":[17.467854,-5.797354]},"properties":{"province":"Kwango","zonesante":"Mwela Lembwa","airesante":"Kasombo","localite":"Mutati","localitetype":"Village","source_acronym":"DSNIS","date":"2019","grid3id":"KG_7402A5B5E5","territoire":"Feshi"}},{"type":"Feature","geometry":{"type":"Point","coordinates":[16.287575,-5.56942]},"properties":{"province":"Kwango","zonesante":"Popokabaka","airesante":"Mutayi","localite":"Mutay","localitetype":"Village","source_acronym":"DSNIS","date":"2019","grid3id":"KG_5B2E79E82A","territoire":"Popokabaka"}},{"type":"Feature","geometry":{"type":"Point","coordinates":[19.109622,-6.266758]},"properties":{"province":"Kwango","zonesante":"Kisanji","airesante":"Kambondo","localite":"Muteba","localitetype":"Village","source_acronym":"DSNIS","date":"2019","grid3id":"KG_001487CD26","territoire":"Feshi"}},{"type":"Feature","geometry":{"type":"Point","coordinates":[18.390782,-7.545864]},"properties":{"province":"Kwango","zonesante":"Kajiji","airesante":"Kambangu","localite":"Muteba Kaj","localitetype":"Village","source_acronym":"DSNIS","date":"2019","grid3id":"KG_677E9CB6B3","territoire":"Kahemba"}},{"type":"Feature","geometry":{"type":"Point","coordinates":[17.349467,-5.826529]},"properties":{"province":"Kwango","zonesante":"Mwela Lembwa","airesante":"Tsakala Kuku","localite":"Muteba Mbangu","localitetype":"Village","source_acronym":"DSNIS","date":"2019","grid3id":"KG_5A69669CE0","territoire":"Feshi"}},{"type":"Feature","geometry":{"type":"Point","coordinates":[16.94139,-6.732573]},"properties":{"province":"Kwango","zonesante":"Kasongo Lunda","airesante":"Kipanzu","localite":"Muteni","localitetype":"Village","source_acronym":"DSNIS","date":"2019","grid3id":"KG_5D2676D634","territoire":"Kasongo-Lunda"}},{"type":"Feature","geometry":{"type":"Point","coordinates":[17.841826,-6.365243]},"properties":{"province":"Kwango","zonesante":"Mwela Lembwa","airesante":"Mafuti","localite":"Muteti","localitetype":"Village","source_acronym":"DSNIS","date":"2019","grid3id":"KG_B41F62FF8A","territoire":"Feshi"}},{"type":"Feature","geometry":{"type":"Point","coordinates":[18.797053,-6.487007]},"properties":{"province":"Kwango","zonesante":"Kisanji","airesante":"Kabanga Mukeu","localite":"Muthopa","localitetype":"Hameau","source_acronym":"DSNIS","date":"2019","grid3id":"KG_B54FC89FBD","territoire":"Feshi"}},{"type":"Feature","geometry":{"type":"Point","coordinates":[17.850629,-6.534054]},"properties":{"province":"Kwango","zonesante":"Mwela Lembwa","airesante":"Kabolo","localite":"Mutiamutombo","localitetype":"Village","source_acronym":"DSNIS","date":"2019","grid3id":"KG_9C95630308","territoire":"Feshi"}},{"type":"Feature","geometry":{"type":"Point","coordinates":[17.111488,-6.381339]},"properties":{"province":"Kwango","zonesante":"Kasongo Lunda","airesante":"Matamba Solo","localite":"Mutiki","localitetype":"Village","source_acronym":"DSNIS","date":"2019","grid3id":"KG_AF6CBFEE49","territoire":"Kasongo-Lunda"}},{"type":"Feature","geometry":{"type":"Point","coordinates":[19.246962,-7.92734]},"properties":{"province":"Kwango","zonesante":"Kahemba","localite":"Mutiya","localitetype":"Village","source_acronym":"DSNIS","date":"2019","grid3id":"KG_0D1C82DBD3","territoire":"Kahemba"}},{"type":"Feature","geometry":{"type":"Point","coordinates":[18.475655,-7.938718]},"properties":{"province":"Kwango","zonesante":"Kajiji","airesante":"Shauyanga","localite":"Mutiya","localitetype":"Village","source_acronym":"DSNIS","date":"2019","grid3id":"KG_78826594FF","territoire":"Kahemba"}},{"type":"Feature","geometry":{"type":"Point","coordinates":[18.295332,-7.815527]},"properties":{"province":"Kwango","zonesante":"Kajiji","airesante":"Kapinipini","localite":"Mutiya","localitetype":"Village","source_acronym":"DSNIS","date":"2019","grid3id":"KG_5ED1629510","territoire":"Kahemba"}},{"type":"Feature","geometry":{"type":"Point","coordinates":[18.570696,-6.531007]},"properties":{"province":"Kwango","zonesante":"Feshi","airesante":"Utadi","localite":"Mutombo","localitetype":"Hameau","source_acronym":"DSNIS","date":"2019","grid3id":"KG_D71536E205","territoire":"Feshi"}},{"type":"Feature","geometry":{"type":"Point","coordinates":[18.10255,-7.95603]},"properties":{"province":"Kwango","zonesante":"Kajiji","airesante":"Nzofu","localite":"Mutombo","localitetype":"Village","source_acronym":"DSNIS","date":"2019","grid3id":"KG_AD2376183E","territoire":"Kahemba"}},{"type":"Feature","geometry":{"type":"Point","coordinates":[18.212659,-7.012306]},"properties":{"province":"Kwango","zonesante":"Panzi","airesante":"Mazinda","localite":"Mutombo","localitetype":"Village","source_acronym":"DSNIS","date":"2019","grid3id":"KG_6DEED5A955","territoire":"Kasongo-Lunda"}},{"type":"Feature","geometry":{"type":"Point","coordinates":[18.59542,-7.371009]},"properties":{"province":"Kwango","zonesante":"Panzi","airesante":"Shabenge","localite":"Mutombo","localitetype":"Village","source_acronym":"DSNIS","date":"2019","grid3id":"KG_4EE79587BF","territoire":"Kasongo-Lunda"}},{"type":"Feature","geometry":{"type":"Point","coordinates":[18.364837,-6.89819]},"properties":{"province":"Kwango","zonesante":"Panzi","airesante":"Mazinda","localite":"Mutombo 1","localitetype":"Village","source_acronym":"DSNIS","date":"2019","grid3id":"KG_BACBD97C33","territoire":"Kasongo-Lunda"}},{"type":"Feature","geometry":{"type":"Point","coordinates":[18.608475,-6.250435]},"properties":{"province":"Kwango","zonesante":"Feshi","airesante":"Kahoka","localite":"Mutoto","localitetype":"Hameau","source_acronym":"DSNIS","date":"2019","grid3id":"KG_EC92CF7960","territoire":"Feshi"}},{"type":"Feature","geometry":{"type":"Point","coordinates":[18.391272,-7.924302]},"properties":{"province":"Kwango","zonesante":"Kajiji","airesante":"Shauyanga","localite":"Mutshinta","localitetype":"Village","source_acronym":"DSNIS","date":"2019","grid3id":"KG_9A31A1F962","territoire":"Kahemba"}},{"type":"Feature","geometry":{"type":"Point","coordinates":[18.079554,-6.192804]},"properties":{"province":"Kwango","zonesante":"Feshi","airesante":"Mutsunda","localite":"Mutsunda","localitetype":"Village","source_acronym":"DSNIS","date":"2019","grid3id":"KG_78EF177EDC","territoire":"Feshi"}},{"type":"Feature","geometry":{"type":"Point","coordinates":[16.806905,-6.476878]},"properties":{"province":"Kwango","zonesante":"Kasongo Lunda","airesante":"Nzakimwena","localite":"Mutua Nzamba","localitetype":"Village","source_acronym":"DSNIS","date":"2019","grid3id":"KG_BFF04828CA","territoire":"Kasongo-Lunda"}},{"type":"Feature","geometry":{"type":"Point","coordinates":[17.556698,-5.739545]},"properties":{"province":"Kwango","zonesante":"Mwela Lembwa","airesante":"Muboso","localite":"Mutubu","localitetype":"Village","source_acronym":"DSNIS","date":"2019","grid3id":"KG_AA54609AF3","territoire":"Feshi"}},{"type":"Feature","geometry":{"type":"Point","coordinates":[17.022984,-5.650198]},"properties":{"province":"Kwango","zonesante":"Kimbao","airesante":"Ibumbu","localite":"Mutulumba","localitetype":"Village","source_acronym":"DSNIS","date":"2019","grid3id":"KG_5EBB6AD574","territoire":"Kenge"}},{"type":"Feature","geometry":{"type":"Point","coordinates":[19.335988,-6.163867]},"properties":{"province":"Kwango","zonesante":"Kisanji","airesante":"Kitanda","localite":"Mutundu","localitetype":"Village","source_acronym":"DSNIS","date":"2019","grid3id":"KG_ED08BF1087","territoire":"Feshi"}},{"type":"Feature","geometry":{"type":"Point","coordinates":[17.572184,-6.5454]},"properties":{"province":"Kwango","zonesante":"Panzi","airesante":"Buka Kalau","localite":"Mututsia","localitetype":"Village","source_acronym":"DSNIS","date":"2019","grid3id":"KG_3B23265F14","territoire":"Kasongo-Lunda"}},{"type":"Feature","geometry":{"type":"Point","coordinates":[17.892498,-6.296073]},"properties":{"province":"Kwango","zonesante":"Mwela Lembwa","localite":"Mutwambwa","localitetype":"Village","source_acronym":"DSNIS","date":"2019","grid3id":"KG_D6D893133B","territoire":"Feshi"}},{"type":"Feature","geometry":{"type":"Point","coordinates":[17.259452,-6.59031]},"properties":{"province":"Kwango","zonesante":"Wamba Lwadi","airesante":"Mukumbi","localite":"Muvema","localitetype":"Village","source_acronym":"DSNIS","date":"2019","grid3id":"KG_20C2EAD3F0","territoire":"Kasongo-Lunda"}},{"type":"Feature","geometry":{"type":"Point","coordinates":[16.411569,-5.469811]},"properties":{"province":"Kwango","zonesante":"Popokabaka","airesante":"Mutombo Yamfu","localite":"Muvuala","localitetype":"Village","source_acronym":"DSNIS","date":"2019","grid3id":"KG_20F006D88A","territoire":"Popokabaka"}},{"type":"Feature","geometry":{"type":"Point","coordinates":[17.533045,-6.79842]},"properties":{"province":"Kwango","zonesante":"Panzi","airesante":"Manzengele","localite":"Muvungi","localitetype":"Village","source_acronym":"DSNIS","date":"2019","grid3id":"KG_5753BA435C","territoire":"Kasongo-Lunda"}},{"type":"Feature","geometry":{"type":"Point","coordinates":[17.197626,-6.887322]},"properties":{"province":"Kwango","zonesante":"Kitenda","airesante":"Swa Ilunga","localite":"Muwanda","localitetype":"Village","source_acronym":"DSNIS","date":"2019","grid3id":"KG_426FC5D122","territoire":"Kasongo-Lunda"}},{"type":"Feature","geometry":{"type":"Point","coordinates":[18.080741,-5.914011]},"properties":{"province":"Kwango","zonesante":"Feshi","airesante":"Mbumba","localite":"Muwangi","localitetype":"Village","source_acronym":"DSNIS","date":"2019","grid3id":"KG_D46984BCB6","territoire":"Feshi"}},{"type":"Feature","geometry":{"type":"Point","coordinates":[17.660702,-6.168876]},"properties":{"province":"Kwango","zonesante":"Mwela Lembwa","airesante":"Matari","localite":"Muwapa","localitetype":"Village","source_acronym":"DSNIS","date":"2019","grid3id":"KG_0B69B09B9D","territoire":"Feshi"}},{"type":"Feature","geometry":{"type":"Point","coordinates":[16.292177,-5.432027]},"properties":{"province":"Kwango","zonesante":"Popokabaka","airesante":"Mukila Ndondo","localite":"Muyalala","localitetype":"Village","source_acronym":"DSNIS","date":"2019","grid3id":"KG_3E71500E6C","territoire":"Popokabaka"}},{"type":"Feature","geometry":{"type":"Point","coordinates":[16.256094,-5.474723]},"properties":{"province":"Kwango","zonesante":"Popokabaka","airesante":"Mbakata Ilanga","localite":"Muyamba","localitetype":"Village","source_acronym":"DSNIS","date":"2019","grid3id":"KG_91E402FDDC","territoire":"Popokabaka"}},{"type":"Feature","geometry":{"type":"Point","coordinates":[17.491152,-7.143562]},"properties":{"province":"Kwango","zonesante":"Kitenda","airesante":"Muyamba","localite":"Muyamba 1","localitetype":"Village","source_acronym":"DSNIS","date":"2019","grid3id":"KG_3545D3D51F","territoire":"Kasongo-Lunda"}},{"type":"Feature","geometry":{"type":"Point","coordinates":[17.055084,-4.678875]},"properties":{"province":"Kwango","zonesante":"Kenge","airesante":"Pont Wamba","localite":"Muyanika","localitetype":"Village","source_acronym":"DSNIS","date":"2019","grid3id":"KG_76235B3EB8","territoire":"Kenge"}},{"type":"Feature","geometry":{"type":"Point","coordinates":[17.057579,-4.647166]},"properties":{"province":"Kwango","zonesante":"Kenge","airesante":"Pont Wamba","localite":"Muyanika 2","localitetype":"Village","source_acronym":"DSNIS","date":"2019","grid3id":"KG_37B1AE2AFA","territoire":"Kenge"}},{"type":"Feature","geometry":{"type":"Point","coordinates":[17.002477,-4.773713]},"properties":{"province":"Kwango","zonesante":"Kenge","airesante":"Pont Wamba","localite":"Muyanika 2","localitetype":"Village","source_acronym":"DSNIS","date":"2019","grid3id":"KG_051662CE78","territoire":"Kenge"}},{"type":"Feature","geometry":{"type":"Point","coordinates":[17.737855,-6.974999]},"properties":{"province":"Kwango","zonesante":"Panzi","airesante":"Mukanza","localite":"Muyesi","localitetype":"Village","source_acronym":"DSNIS","date":"2019","grid3id":"KG_01309FB1C5","territoire":"Kasongo-Lunda"}},{"type":"Feature","geometry":{"type":"Point","coordinates":[19.530145,-7.027216]},"properties":{"province":"Kwango","zonesante":"Kahemba","airesante":"Tshitambi","localite":"Muyinda","localitetype":"Hameau","source_acronym":"DSNIS","date":"2019","grid3id":"KG_FB2453232E","territoire":"Kahemba"}},{"type":"Feature","geometry":{"type":"Point","coordinates":[16.310582,-5.583687]},"properties":{"province":"Kwango","zonesante":"Popokabaka","airesante":"Mutayi","localite":"Muyoyo","localitetype":"Village","source_acronym":"DSNIS","date":"2019","grid3id":"KG_3F7F4028E7","territoire":"Popokabaka"}},{"type":"Feature","geometry":{"type":"Point","coordinates":[16.472995,-4.74382]},"properties":{"province":"Kwango","zonesante":"Boko","airesante":"Kabuba","localite":"Muzangi","localitetype":"Village","source_acronym":"DSNIS","date":"2019","grid3id":"KG_B564E7B502","territoire":"Kenge"}},{"type":"Feature","geometry":{"type":"Point","coordinates":[17.294641,-6.659509]},"properties":{"province":"Kwango","zonesante":"Wamba Lwadi","airesante":"Kingulu","localite":"Muzieto","localitetype":"Village","source_acronym":"DSNIS","date":"2019","grid3id":"KG_41AFD4B636","territoire":"Kasongo-Lunda"}},{"type":"Feature","geometry":{"type":"Point","coordinates":[17.46457,-7.169427]},"properties":{"province":"Kwango","zonesante":"Kitenda","airesante":"Muyamba","localite":"Muzimuna","localitetype":"Village","source_acronym":"DSNIS","date":"2019","grid3id":"KG_28FAC3D480","territoire":"Kasongo-Lunda"}},{"type":"Feature","geometry":{"type":"Point","coordinates":[16.236412,-5.462427]},"properties":{"province":"Kwango","zonesante":"Popokabaka","airesante":"Mbakata Ilanga","localite":"Muzinga","localitetype":"Village","source_acronym":"DSNIS","date":"2019","grid3id":"KG_C907995ECF","territoire":"Popokabaka"}},{"type":"Feature","geometry":{"type":"Point","coordinates":[17.634023,-6.523336]},"properties":{"province":"Kwango","zonesante":"Mwela Lembwa","airesante":"Tsaku Malafu","localite":"Muzombo","localitetype":"Village","source_acronym":"DSNIS","date":"2019","grid3id":"KG_59EEB0A9ED","territoire":"Kasongo-Lunda"}},{"type":"Feature","geometry":{"type":"Point","coordinates":[16.276057,-5.612321]},"properties":{"province":"Kwango","zonesante":"Popokabaka","airesante":"Mutayi","localite":"Muzuwa","localitetype":"Village","source_acronym":"DSNIS","date":"2019","grid3id":"KG_CBD6C0D6C7","territoire":"Popokabaka"}},{"type":"Feature","geometry":{"type":"Point","coordinates":[17.259001,-7.116983]},"properties":{"province":"Kwango","zonesante":"Kitenda","airesante":"Mvufu","localite":"Mvufu","localitetype":"Village","source_acronym":"DSNIS","date":"2019","grid3id":"KG_52D861FCBD","territoire":"Kasongo-Lunda"}},{"type":"Feature","geometry":{"type":"Point","coordinates":[17.697242,-6.015351]},"properties":{"province":"Kwango","zonesante":"Mwela Lembwa","airesante":"Katambi","localite":"Mvulankandi","localitetype":"Village","source_acronym":"DSNIS","date":"2019","grid3id":"KG_9C1A118846","territoire":"Feshi"}},{"type":"Feature","geometry":{"type":"Point","coordinates":[18.23564,-7.554186]},"properties":{"province":"Kwango","zonesante":"Panzi","airesante":"Mukalakata","localite":"Mwa Kabwanga","localitetype":"Village","source_acronym":"DSNIS","date":"2019","grid3id":"KG_2A38CAF9AC","territoire":"Kasongo-Lunda"}},{"type":"Feature","geometry":{"type":"Point","coordinates":[17.970669,-7.300723]},"properties":{"province":"Kwango","zonesante":"Panzi","airesante":"Mwini Ngulu","localite":"Mwaba","localitetype":"Village","source_acronym":"DSNIS","date":"2019","grid3id":"KG_57F239D6AD","territoire":"Kasongo-Lunda"}},{"type":"Feature","geometry":{"type":"Point","coordinates":[17.46181,-6.78987]},"properties":{"province":"Kwango","zonesante":"Kitenda","airesante":"Kazembe","localite":"Mwadi Musenga","localitetype":"Village","source_acronym":"DSNIS","date":"2019","grid3id":"KG_EFF6527800","territoire":"Kasongo-Lunda"}},{"type":"Feature","geometry":{"type":"Point","coordinates":[17.42394,-6.798497]},"properties":{"province":"Kwango","zonesante":"Kitenda","airesante":"Kazembe","localite":"Mwadi Nzita","localitetype":"Village","source_acronym":"DSNIS","date":"2019","grid3id":"KG_65C52A5656","territoire":"Kasongo-Lunda"}},{"type":"Feature","geometry":{"type":"Point","coordinates":[17.304251,-7.060772]},"properties":{"province":"Kwango","zonesante":"Kitenda","airesante":"Yenga Lusundji","localite":"Mwadi Nzita","localitetype":"Village","source_acronym":"DSNIS","date":"2019","grid3id":"KG_186F82F35B","territoire":"Kasongo-Lunda"}},{"type":"Feature","geometry":{"type":"Point","coordinates":[19.531703,-7.018233]},"properties":{"province":"Kwango","zonesante":"Kahemba","airesante":"Tshitambi","localite":"Mwadiangoya","localitetype":"Village","source_acronym":"DSNIS","date":"2019","grid3id":"KG_279321077B","territoire":"Kahemba"}},{"type":"Feature","geometry":{"type":"Point","coordinates":[19.286862,-7.94723]},"properties":{"province":"Kwango","zonesante":"Kahemba","localite":"Mwadihulu","localitetype":"Village","source_acronym":"DSNIS","date":"2019","grid3id":"KG_C3A9F7B491","territoire":"Kahemba"}},{"type":"Feature","geometry":{"type":"Point","coordinates":[18.717206,-7.887681]},"properties":{"province":"Kwango","zonesante":"Kajiji","airesante":"Mutetami","localite":"Mwadikalumbu","localitetype":"Village","source_acronym":"DSNIS","date":"2019","grid3id":"KG_FDB69DC561","territoire":"Kahemba"}},{"type":"Feature","geometry":{"type":"Point","coordinates":[18.671681,-7.861042]},"properties":{"province":"Kwango","zonesante":"Kajiji","airesante":"Mutetami","localite":"Mwadikalumbu","localitetype":"Hameau","source_acronym":"DSNIS","date":"2019","grid3id":"KG_0A3ED2B032","territoire":"Kahemba"}},{"type":"Feature","geometry":{"type":"Point","coordinates":[18.08242,-7.830772]},"properties":{"province":"Kwango","zonesante":"Kajiji","airesante":"Nzofu","localite":"Mwadimwishi","localitetype":"Village","source_acronym":"DSNIS","date":"2019","grid3id":"KG_FF85CED5EE","territoire":"Kahemba"}},{"type":"Feature","geometry":{"type":"Point","coordinates":[18.173438,-6.499858]},"properties":{"province":"Kwango","zonesante":"Feshi","airesante":"Mabaya","localite":"Mwadinenga","localitetype":"Hameau","source_acronym":"DSNIS","date":"2019","grid3id":"KG_ECB0E8E882","territoire":"Feshi"}},{"type":"Feature","geometry":{"type":"Point","coordinates":[16.258106,-5.478038]},"properties":{"province":"Kwango","zonesante":"Popokabaka","airesante":"Mbakata Ilanga","localite":"Mwadinzita","localitetype":"Village","source_acronym":"DSNIS","date":"2019","grid3id":"KG_586040F48F","territoire":"Popokabaka"}},{"type":"Feature","geometry":{"type":"Point","coordinates":[16.396482,-5.76528]},"properties":{"province":"Kwango","zonesante":"Popokabaka","airesante":"Tsunza","localite":"Mwadinzita","localitetype":"Village","source_acronym":"DSNIS","date":"2019","grid3id":"KG_7EE1E4CA25","territoire":"Popokabaka"}},{"type":"Feature","geometry":{"type":"Point","coordinates":[19.530779,-7.013867]},"properties":{"province":"Kwango","zonesante":"Kahemba","airesante":"Tshitambi","localite":"Mwakambandji","localitetype":"Village","source_acronym":"DSNIS","date":"2019","grid3id":"KG_8614134210","territoire":"Kahemba"}},{"type":"Feature","geometry":{"type":"Point","coordinates":[18.518931,-7.951811]},"properties":{"province":"Kwango","zonesante":"Kajiji","airesante":"Shauyanga","localite":"Mwakanakabu","localitetype":"Village","source_acronym":"DSNIS","date":"2019","grid3id":"KG_F502166FA0","territoire":"Kahemba"}},{"type":"Feature","geometry":{"type":"Point","coordinates":[19.534526,-7.049984]},"properties":{"province":"Kwango","zonesante":"Kahemba","airesante":"Tshitambi","localite":"Mwakapenda","localitetype":"Village","source_acronym":"DSNIS","date":"2019","grid3id":"KG_9F6C63B7AA","territoire":"Kahemba"}},{"type":"Feature","geometry":{"type":"Point","coordinates":[19.287105,-7.947231]},"properties":{"province":"Kwango","zonesante":"Kahemba","localite":"Mwakasese","localitetype":"Village","source_acronym":"DSNIS","date":"2019","grid3id":"KG_FA9D5246E9","territoire":"Kahemba"}},{"type":"Feature","geometry":{"type":"Point","coordinates":[18.47043,-7.163654]},"properties":{"province":"Kwango","zonesante":"Panzi","airesante":"Shabenge","localite":"Mwakasombo","localitetype":"Village","source_acronym":"DSNIS","date":"2019","grid3id":"KG_451BB52437","territoire":"Kasongo-Lunda"}},{"type":"Feature","geometry":{"type":"Point","coordinates":[19.287692,-7.947389]},"properties":{"province":"Kwango","zonesante":"Kahemba","localite":"Mwakatende","localitetype":"Hameau","source_acronym":"DSNIS","date":"2019","grid3id":"KG_1A3A7818AC","territoire":"Kahemba"}},{"type":"Feature","geometry":{"type":"Point","coordinates":[18.138753,-7.431166]},"properties":{"province":"Kwango","zonesante":"Panzi","airesante":"Kibunda 2","localite":"Mwakatende","localitetype":"Village","source_acronym":"DSNIS","date":"2019","grid3id":"KG_77FF8C768B","territoire":"Kasongo-Lunda"}},{"type":"Feature","geometry":{"type":"Point","coordinates":[18.616433,-7.592463]},"properties":{"province":"Kwango","zonesante":"Kajiji","airesante":"Shakalongo","localite":"Mwakavula","localitetype":"Village","source_acronym":"DSNIS","date":"2019","grid3id":"KG_23436D8321","territoire":"Kahemba"}},{"type":"Feature","geometry":{"type":"Point","coordinates":[19.535545,-7.050745]},"properties":{"province":"Kwango","zonesante":"Kahemba","airesante":"Tshitambi","localite":"Mwakayita","localitetype":"Village","source_acronym":"DSNIS","date":"2019","grid3id":"KG_6BBC97987B","territoire":"Kahemba"}},{"type":"Feature","geometry":{"type":"Point","coordinates":[19.328909,-7.962547]},"properties":{"province":"Kwango","zonesante":"Kahemba","localite":"Mwakayita","localitetype":"Village","source_acronym":"DSNIS","date":"2019","grid3id":"KG_B6DED827D4","territoire":"Kahemba"}},{"type":"Feature","geometry":{"type":"Point","coordinates":[18.668096,-7.862487]},"properties":{"province":"Kwango","zonesante":"Kajiji","airesante":"Mutetami","localite":"Mwakese","localitetype":"Hameau","source_acronym":"DSNIS","date":"2019","grid3id":"KG_5BB63CA868","territoire":"Kahemba"}},{"type":"Feature","geometry":{"type":"Point","coordinates":[18.367201,-6.490169]},"properties":{"province":"Kwango","zonesante":"Feshi","airesante":"Maziamo","localite":"Mwakitadi","localitetype":"Village","source_acronym":"DSNIS","date":"2019","grid3id":"KG_F563979463","territoire":"Feshi"}},{"type":"Feature","geometry":{"type":"Point","coordinates":[18.691952,-6.284055]},"properties":{"province":"Kwango","zonesante":"Kisanji","airesante":"Kimbulu","localite":"Mwaku","localitetype":"Village","source_acronym":"DSNIS","date":"2019","grid3id":"KG_21C6CEB181","territoire":"Feshi"}},{"type":"Feature","geometry":{"type":"Point","coordinates":[18.927186,-6.775768]},"properties":{"province":"Kwango","zonesante":"Kisanji","airesante":"Pombo","localite":"Mwaku","localitetype":"Village","source_acronym":"DSNIS","date":"2019","grid3id":"KG_D558D42D16","territoire":"Feshi"}},{"type":"Feature","geometry":{"type":"Point","coordinates":[19.340663,-7.972936]},"properties":{"province":"Kwango","zonesante":"Kahemba","localite":"Mwaku Mutomb'","localitetype":"Village","source_acronym":"DSNIS","date":"2019","grid3id":"KG_F0E0B7EEDE","territoire":"Kahemba"}},{"type":"Feature","geometry":{"type":"Point","coordinates":[18.443764,-7.83422]},"properties":{"province":"Kwango","zonesante":"Kajiji","airesante":"Shauyanga","localite":"Mwalufuma","localitetype":"Hameau","source_acronym":"DSNIS","date":"2019","grid3id":"KG_E8FF3623FB","territoire":"Kahemba"}},{"type":"Feature","geometry":{"type":"Point","coordinates":[19.534906,-7.052758]},"properties":{"province":"Kwango","zonesante":"Kahemba","airesante":"Tshitambi","localite":"Mwambangu","localitetype":"Village","source_acronym":"DSNIS","date":"2019","grid3id":"KG_3C108D0EAB","territoire":"Kahemba"}},{"type":"Feature","geometry":{"type":"Point","coordinates":[18.32625,-7.431112]},"properties":{"province":"Kwango","zonesante":"Panzi","airesante":"Kambanzi","localite":"Mwambangu","localitetype":"Hameau","source_acronym":"DSNIS","date":"2019","grid3id":"KG_04D1CDCF2B","territoire":"Kasongo-Lunda"}},{"type":"Feature","geometry":{"type":"Point","coordinates":[19.53301,-7.06235]},"properties":{"province":"Kwango","zonesante":"Kahemba","airesante":"Tshitambi","localite":"Mwambu","localitetype":"Village","source_acronym":"DSNIS","date":"2019","grid3id":"KG_37FA179BAC","territoire":"Kahemba"}},{"type":"Feature","geometry":{"type":"Point","coordinates":[17.576108,-5.761887]},"properties":{"province":"Kwango","zonesante":"Mwela Lembwa","airesante":"Muboso","localite":"Mwambu","localitetype":"Village","source_acronym":"DSNIS","date":"2019","grid3id":"KG_2FAAC48A48","territoire":"Feshi"}},{"type":"Feature","geometry":{"type":"Point","coordinates":[18.704617,-7.757958]},"properties":{"province":"Kwango","zonesante":"Kajiji","airesante":"Mutetami","localite":"Mwambundju","localitetype":"Village","source_acronym":"DSNIS","date":"2019","grid3id":"KG_1DAF1311D0","territoire":"Kahemba"}},{"type":"Feature","geometry":{"type":"Point","coordinates":[18.407731,-7.350747]},"properties":{"province":"Kwango","zonesante":"Panzi","airesante":"Shabenge","localite":"Mwamufiya","localitetype":"Village","source_acronym":"DSNIS","date":"2019","grid3id":"KG_56E5AC93AC","territoire":"Kasongo-Lunda"}},{"type":"Feature","geometry":{"type":"Point","coordinates":[18.374205,-7.465362]},"properties":{"province":"Kwango","zonesante":"Panzi","airesante":"Kambanzi","localite":"Mwamufiya","localitetype":"Village","source_acronym":"DSNIS","date":"2019","grid3id":"KG_F30E554C98","territoire":"Kasongo-Lunda"}},{"type":"Feature","geometry":{"type":"Point","coordinates":[19.546375,-6.598096]},"properties":{"province":"Kwango","zonesante":"Kahemba","airesante":"Kamba Luazo","localite":"Mwamukambo","localitetype":"Village","source_acronym":"DSNIS","date":"2019","grid3id":"KG_C676E39577","territoire":"Kahemba"}},{"type":"Feature","geometry":{"type":"Point","coordinates":[19.522064,-7.0787]},"properties":{"province":"Kwango","zonesante":"Kahemba","airesante":"Tshitambi","localite":"Mwamukanda","localitetype":"Village","source_acronym":"DSNIS","date":"2019","grid3id":"KG_A1009D8AF8","territoire":"Kahemba"}},{"type":"Feature","geometry":{"type":"Point","coordinates":[19.552224,-6.60507]},"properties":{"province":"Kwango","zonesante":"Kahemba","airesante":"Kamba Luazo","localite":"Mwamushiko","localitetype":"Village","source_acronym":"DSNIS","date":"2019","grid3id":"KG_3F1CD285D0","territoire":"Kahemba"}},{"type":"Feature","geometry":{"type":"Point","coordinates":[18.516948,-7.287905]},"properties":{"province":"Kwango","zonesante":"Panzi","airesante":"Shabenge","localite":"Mwamusiko","localitetype":"Village","source_acronym":"DSNIS","date":"2019","grid3id":"KG_D4E4658119","territoire":"Kasongo-Lunda"}},{"type":"Feature","geometry":{"type":"Point","coordinates":[18.42013,-7.64349]},"properties":{"province":"Kwango","zonesante":"Kajiji","airesante":"Kajiji","localite":"Mwamvume","localitetype":"Hameau","source_acronym":"DSNIS","date":"2019","grid3id":"KG_5E627F1D28","territoire":"Kahemba"}},{"type":"Feature","geometry":{"type":"Point","coordinates":[19.520692,-7.082468]},"properties":{"province":"Kwango","zonesante":"Kahemba","airesante":"Tshitambi","localite":"Mwamwindji","localitetype":"Village","source_acronym":"DSNIS","date":"2019","grid3id":"KG_D2A73C4D6B","territoire":"Kahemba"}},{"type":"Feature","geometry":{"type":"Point","coordinates":[16.840626,-6.555314]},"properties":{"province":"Kwango","zonesante":"Kasongo Lunda","airesante":"Kimbembo","localite":"Mwana Banga","localitetype":"Village","source_acronym":"DSNIS","date":"2019","grid3id":"KG_0C4FB00602","territoire":"Kasongo-Lunda"}},{"type":"Feature","geometry":{"type":"Point","coordinates":[17.435271,-6.70278]},"properties":{"province":"Kwango","zonesante":"Kitenda","airesante":"Makenzi","localite":"Mwana Mamba","localitetype":"Village","source_acronym":"DSNIS","date":"2019","grid3id":"KG_1B36A153FD","territoire":"Kasongo-Lunda"}},{"type":"Feature","geometry":{"type":"Point","coordinates":[17.379662,-6.766567]},"properties":{"province":"Kwango","zonesante":"Kitenda","airesante":"Makenzi","localite":"Mwana Uta","localitetype":"Village","source_acronym":"DSNIS","date":"2019","grid3id":"KG_B1304971D5","territoire":"Kasongo-Lunda"}},{"type":"Feature","geometry":{"type":"Point","coordinates":[17.984951,-7.858315]},"properties":{"province":"Kwango","zonesante":"Kajiji","airesante":"Shamatahu","localite":"Mwanakaji","localitetype":"Village","source_acronym":"DSNIS","date":"2019","grid3id":"KG_362FC106EA","territoire":"Kahemba"}},{"type":"Feature","geometry":{"type":"Point","coordinates":[18.372992,-7.53108]},"properties":{"province":"Kwango","zonesante":"Kajiji","airesante":"Kambangu","localite":"Mwanakaji","localitetype":"Village","source_acronym":"DSNIS","date":"2019","grid3id":"KG_EFED41BBA4","territoire":"Kahemba"}},{"type":"Feature","geometry":{"type":"Point","coordinates":[18.424844,-7.810638]},"properties":{"province":"Kwango","zonesante":"Kajiji","airesante":"Shauyanga","localite":"Mwanakaji","localitetype":"Village","source_acronym":"DSNIS","date":"2019","grid3id":"KG_04285764DC","territoire":"Kahemba"}},{"type":"Feature","geometry":{"type":"Point","coordinates":[18.2719,-7.942278]},"properties":{"province":"Kwango","zonesante":"Kajiji","airesante":"Kapinipini","localite":"Mwanakaji","localitetype":"Hameau","source_acronym":"DSNIS","date":"2019","grid3id":"KG_11E4D8F5FB","territoire":"Kahemba"}},{"type":"Feature","geometry":{"type":"Point","coordinates":[18.025691,-7.959977]},"properties":{"province":"Kwango","zonesante":"Kajiji","airesante":"Shamatahu","localite":"Mwanakaji","localitetype":"Village","source_acronym":"DSNIS","date":"2019","grid3id":"KG_AD7DF58D07","territoire":"Kahemba"}},{"type":"Feature","geometry":{"type":"Point","coordinates":[18.33837,-7.934867]},"properties":{"province":"Kwango","zonesante":"Kajiji","airesante":"Kapinipini","localite":"Mwanamunawu","localitetype":"Village","source_acronym":"DSNIS","date":"2019","grid3id":"KG_FD5A45B558","territoire":"Kahemba"}},{"type":"Feature","geometry":{"type":"Point","coordinates":[17.028361,-6.483948]},"properties":{"province":"Kwango","zonesante":"Kasongo Lunda","airesante":"Muana Muyombo","localite":"Mwanamuyombo","localitetype":"Village","source_acronym":"DSNIS","date":"2019","grid3id":"KG_B9C61FD361","territoire":"Kasongo-Lunda"}},{"type":"Feature","geometry":{"type":"Point","coordinates":[18.414095,-7.554173]},"properties":{"province":"Kwango","zonesante":"Kajiji","airesante":"Kambangu","localite":"Mwananzanza","localitetype":"Village","source_acronym":"DSNIS","date":"2019","grid3id":"KG_83DFEF7721","territoire":"Kahemba"}},{"type":"Feature","geometry":{"type":"Point","coordinates":[17.690741,-5.728587]},"properties":{"province":"Kwango","zonesante":"Mwela Lembwa","airesante":"Muboso","localite":"Mwanda","localitetype":"Village","source_acronym":"DSNIS","date":"2019","grid3id":"KG_448C771C2B","territoire":"Feshi"}},{"type":"Feature","geometry":{"type":"Point","coordinates":[17.981953,-7.601481]},"properties":{"province":"Kwango","zonesante":"Panzi","airesante":"Kambandambi","localite":"Mwandonzi","localitetype":"Village","source_acronym":"DSNIS","date":"2019","grid3id":"KG_2C71190FCE","territoire":"Kasongo-Lunda"}},{"type":"Feature","geometry":{"type":"Point","coordinates":[17.955157,-7.942535]},"properties":{"province":"Kwango","zonesante":"Kajiji","airesante":"Shamatahu","localite":"Mwanfunga","localitetype":"Village","source_acronym":"DSNIS","date":"2019","grid3id":"KG_3A460D5967","territoire":"Kahemba"}},{"type":"Feature","geometry":{"type":"Point","coordinates":[17.461559,-6.975515]},"properties":{"province":"Kwango","zonesante":"Kitenda","airesante":"Mwela Kassa","localite":"Mwangi","localitetype":"Village","source_acronym":"DSNIS","date":"2019","grid3id":"KG_49777DF0FE","territoire":"Kasongo-Lunda"}},{"type":"Feature","geometry":{"type":"Point","coordinates":[19.338078,-7.968982]},"properties":{"province":"Kwango","zonesante":"Kahemba","localite":"Mwanzanza","localitetype":"Village","source_acronym":"DSNIS","date":"2019","grid3id":"KG_47D9C02235","territoire":"Kahemba"}},{"type":"Feature","geometry":{"type":"Point","coordinates":[18.461474,-7.055886]},"properties":{"province":"Kwango","zonesante":"Panzi","airesante":"Mazinda","localite":"Mwanzanza","localitetype":"Village","source_acronym":"DSNIS","date":"2019","grid3id":"KG_B9066CB14A","territoire":"Kasongo-Lunda"}},{"type":"Feature","geometry":{"type":"Point","coordinates":[18.280691,-7.48374]},"properties":{"province":"Kwango","zonesante":"Panzi","airesante":"Kambanzi","localite":"Mwanzanza","localitetype":"Village","source_acronym":"DSNIS","date":"2019","grid3id":"KG_DB045EE26D","territoire":"Kasongo-Lunda"}},{"type":"Feature","geometry":{"type":"Point","coordinates":[18.251498,-7.566096]},"properties":{"province":"Kwango","zonesante":"Panzi","airesante":"Mukalakata","localite":"Mwanzanza","localitetype":"Hameau","source_acronym":"DSNIS","date":"2019","grid3id":"KG_3D240ACC0C","territoire":"Kasongo-Lunda"}},{"type":"Feature","geometry":{"type":"Point","coordinates":[17.884489,-7.096894]},"properties":{"province":"Kwango","zonesante":"Panzi","airesante":"Tsakala Panzi","localite":"Mwanzita","localitetype":"Village","source_acronym":"DSNIS","date":"2019","grid3id":"KG_98E028491A","territoire":"Kasongo-Lunda"}},{"type":"Feature","geometry":{"type":"Point","coordinates":[19.509719,-7.103461]},"properties":{"province":"Kwango","zonesante":"Kahemba","airesante":"Tshitambi","localite":"Mwasenge","localitetype":"Village","source_acronym":"DSNIS","date":"2019","grid3id":"KG_1C6442E453","territoire":"Kahemba"}},{"type":"Feature","geometry":{"type":"Point","coordinates":[18.905607,-7.189849]},"properties":{"province":"Kwango","zonesante":"Kajiji","airesante":"Kambansengo","localite":"Mwasenge","localitetype":"Village","source_acronym":"DSNIS","date":"2019","grid3id":"KG_4D3240E935","territoire":"Kahemba"}},{"type":"Feature","geometry":{"type":"Point","coordinates":[18.842619,-6.679168]},"properties":{"province":"Kwango","zonesante":"Kisanji","airesante":"Shapuka","localite":"Mwashidi","localitetype":"Village","source_acronym":"DSNIS","date":"2019","grid3id":"KG_8784580583","territoire":"Feshi"}},{"type":"Feature","geometry":{"type":"Point","coordinates":[17.262834,-4.881987]},"properties":{"province":"Kwango","zonesante":"Kenge","airesante":"Swa Bangu","localite":"Mwata Mbanza","localitetype":"Village","source_acronym":"DSNIS","date":"2019","grid3id":"KG_C1E9F4D343","territoire":"Kenge"}},{"type":"Feature","geometry":{"type":"Point","coordinates":[19.337181,-7.968117]},"properties":{"province":"Kwango","zonesante":"Kahemba","localite":"Mwatshanika","localitetype":"Village","source_acronym":"DSNIS","date":"2019","grid3id":"KG_900594970E","territoire":"Kahemba"}},{"type":"Feature","geometry":{"type":"Point","coordinates":[19.322647,-6.140142]},"properties":{"province":"Kwango","zonesante":"Kisanji","airesante":"Kitanda","localite":"Mwatshi","localitetype":"Village","source_acronym":"DSNIS","date":"2019","grid3id":"KG_4B4F622281","territoire":"Feshi"}},{"type":"Feature","geometry":{"type":"Point","coordinates":[18.229089,-6.919266]},"properties":{"province":"Kwango","zonesante":"Panzi","airesante":"Mazinda","localite":"Mwatshi Diata","localitetype":"Village","source_acronym":"DSNIS","date":"2019","grid3id":"KG_B84D7EC62E","territoire":"Kasongo-Lunda"}},{"type":"Feature","geometry":{"type":"Point","coordinates":[18.138364,-6.600195]},"properties":{"province":"Kwango","zonesante":"Feshi","airesante":"Mabaya","localite":"Mwatshibunga","localitetype":"Village","source_acronym":"DSNIS","date":"2019","grid3id":"KG_749C49294C","territoire":"Feshi"}},{"type":"Feature","geometry":{"type":"Point","coordinates":[18.840563,-7.614078]},"properties":{"province":"Kwango","zonesante":"Kajiji","localite":"Mwatshibunga","localitetype":"Village","source_acronym":"DSNIS","date":"2019","grid3id":"KG_B5D0AEF591","territoire":"Kahemba"}},{"type":"Feature","geometry":{"type":"Point","coordinates":[18.076297,-6.467919]},"properties":{"province":"Kwango","zonesante":"Feshi","airesante":"Mabaya","localite":"Mwatshibungu","localitetype":"Village","source_acronym":"DSNIS","date":"2019","grid3id":"KG_F5C6964376","territoire":"Feshi"}},{"type":"Feature","geometry":{"type":"Point","coordinates":[19.509671,-7.104173]},"properties":{"province":"Kwango","zonesante":"Kahemba","airesante":"Tshitambi","localite":"Mwatshilombe","localitetype":"Village","source_acronym":"DSNIS","date":"2019","grid3id":"KG_6FE83D408B","territoire":"Kahemba"}},{"type":"Feature","geometry":{"type":"Point","coordinates":[18.103102,-7.426619]},"properties":{"province":"Kwango","zonesante":"Panzi","airesante":"Kambandambi","localite":"Mwatshimbunzu","localitetype":"Village","source_acronym":"DSNIS","date":"2019","grid3id":"KG_3DFA9D91EE","territoire":"Kasongo-Lunda"}},{"type":"Feature","geometry":{"type":"Point","coordinates":[18.155788,-7.325405]},"properties":{"province":"Kwango","zonesante":"Panzi","airesante":"Mbanza Kipungu","localite":"Mwatshimbunzu","localitetype":"Village","source_acronym":"DSNIS","date":"2019","grid3id":"KG_033860BA63","territoire":"Kasongo-Lunda"}},{"type":"Feature","geometry":{"type":"Point","coordinates":[18.445207,-7.680185]},"properties":{"province":"Kwango","zonesante":"Kajiji","airesante":"Kajiji","localite":"Mwatshindjamba","localitetype":"Hameau","source_acronym":"DSNIS","date":"2019","grid3id":"KG_D45FC658D0","territoire":"Kahemba"}},{"type":"Feature","geometry":{"type":"Point","coordinates":[18.101141,-7.399452]},"properties":{"province":"Kwango","zonesante":"Panzi","airesante":"Kambandambi","localite":"Mwayamva","localitetype":"Village","source_acronym":"DSNIS","date":"2019","grid3id":"KG_773BFE3A87","territoire":"Kasongo-Lunda"}},{"type":"Feature","geometry":{"type":"Point","coordinates":[18.288236,-6.98362]},"properties":{"province":"Kwango","zonesante":"Panzi","airesante":"Mazinda","localite":"Mwaziyisa","localitetype":"Hameau","source_acronym":"DSNIS","date":"2019","grid3id":"KG_F6E9C69DDE","territoire":"Kasongo-Lunda"}},{"type":"Feature","geometry":{"type":"Point","coordinates":[17.564942,-6.049449]},"properties":{"province":"Kwango","zonesante":"Mwela Lembwa","airesante":"Mahungu","localite":"Mwela Matsema","localitetype":"Village","source_acronym":"DSNIS","date":"2019","grid3id":"KG_7133152AF3","territoire":"Feshi"}},{"type":"Feature","geometry":{"type":"Point","coordinates":[17.350937,-5.858088]},"properties":{"province":"Kwango","zonesante":"Mwela Lembwa","airesante":"Tsakala Kuku","localite":"Mwela Yanga Makelele","localitetype":"Village","source_acronym":"DSNIS","date":"2019","grid3id":"KG_72F855551C","territoire":"Feshi"}},{"type":"Feature","geometry":{"type":"Point","coordinates":[19.263178,-6.518959]},"properties":{"province":"Kwango","zonesante":"Kisanji","airesante":"Mukundu","localite":"Mwenjila","localitetype":"Village","source_acronym":"DSNIS","date":"2019","grid3id":"KG_AF3BD2D547","territoire":"Feshi"}},{"type":"Feature","geometry":{"type":"Point","coordinates":[19.214411,-6.111164]},"properties":{"province":"Kwango","zonesante":"Kisanji","airesante":"Malundu","localite":"Mwinda","localitetype":"Village","source_acronym":"DSNIS","date":"2019","grid3id":"KG_4EBDB9D979","territoire":"Feshi"}},{"type":"Feature","geometry":{"type":"Point","coordinates":[17.580876,-6.811861]},"properties":{"province":"Kwango","zonesante":"Panzi","airesante":"Manzengele","localite":"Mwinikenge","localitetype":"Village","source_acronym":"DSNIS","date":"2019","grid3id":"KG_4D280BA2FC","territoire":"Kasongo-Lunda"}},{"type":"Feature","geometry":{"type":"Point","coordinates":[18.016462,-7.572398]},"properties":{"province":"Kwango","zonesante":"Panzi","airesante":"Kibunda 2","localite":"Mwinimuhemba","localitetype":"Village","source_acronym":"DSNIS","date":"2019","grid3id":"KG_F523D6998C","territoire":"Kasongo-Lunda"}},{"type":"Feature","geometry":{"type":"Point","coordinates":[16.381405,-5.777653]},"properties":{"province":"Kwango","zonesante":"Popokabaka","airesante":"Ngasa","localite":"N'Kanza","localitetype":"Village","source_acronym":"DSNIS","date":"2019","grid3id":"KG_5B3A75FD2F","territoire":"Popokabaka"}},{"type":"Feature","geometry":{"type":"Point","coordinates":[17.415588,-6.995101]},"properties":{"province":"Kwango","zonesante":"Kitenda","airesante":"Mayala","localite":"N'Kondo","localitetype":"Village","source_acronym":"DSNIS","date":"2019","grid3id":"KG_5FF541260E","territoire":"Kasongo-Lunda"}},{"type":"Feature","geometry":{"type":"Point","coordinates":[16.272976,-5.096678]},"properties":{"province":"Kwango","zonesante":"Popokabaka","airesante":"Mukila Ndondo","localite":"N'Landa","localitetype":"Village","source_acronym":"DSNIS","date":"2019","grid3id":"KG_6738E0341D","territoire":"Popokabaka"}},{"type":"Feature","geometry":{"type":"Point","coordinates":[16.270427,-5.730095]},"properties":{"province":"Kwango","zonesante":"Popokabaka","airesante":"Ngasa","localite":"N'Lula","localitetype":"Village","source_acronym":"DSNIS","date":"2019","grid3id":"KG_D5A361C0D2","territoire":"Popokabaka"}},{"type":"Feature","geometry":{"type":"Point","coordinates":[17.210568,-5.984803]},"properties":{"province":"Kwango","zonesante":"Wamba Lwadi","airesante":"Mwaku Yala","localite":"N'Lundu","localitetype":"Village","source_acronym":"DSNIS","date":"2019","grid3id":"KG_92E22826E5","territoire":"Kasongo-Lunda"}},{"type":"Feature","geometry":{"type":"Point","coordinates":[16.263294,-5.749673]},"properties":{"province":"Kwango","zonesante":"Popokabaka","airesante":"Ngasa","localite":"N'Saka","localitetype":"Village","source_acronym":"DSNIS","date":"2019","grid3id":"KG_260F51B408","territoire":"Popokabaka"}},{"type":"Feature","geometry":{"type":"Point","coordinates":[17.312291,-6.816982]},"properties":{"province":"Kwango","zonesante":"Kitenda","airesante":"Bamba","localite":"N'Sele","localitetype":"Village","source_acronym":"DSNIS","date":"2019","grid3id":"KG_E77B277414","territoire":"Kasongo-Lunda"}},{"type":"Feature","geometry":{"type":"Point","coordinates":[17.326256,-6.615304]},"properties":{"province":"Kwango","zonesante":"Wamba Lwadi","airesante":"Kapanga","localite":"N'Tambu","localitetype":"Village","source_acronym":"DSNIS","date":"2019","grid3id":"KG_C2F861B449","territoire":"Kasongo-Lunda"}},{"type":"Feature","geometry":{"type":"Point","coordinates":[16.54769,-5.754745]},"properties":{"province":"Kwango","zonesante":"Popokabaka","airesante":"Tsunza","localite":"N'Tanda","localitetype":"Village","source_acronym":"DSNIS","date":"2019","grid3id":"KG_62A74EE100","territoire":"Popokabaka"}},{"type":"Feature","geometry":{"type":"Point","coordinates":[16.826001,-6.48151]},"properties":{"province":"Kwango","zonesante":"Kasongo Lunda","airesante":"Ntemo","localite":"N'Temo","localitetype":"Village","source_acronym":"DSNIS","date":"2019","grid3id":"KG_8599020530","territoire":"Kasongo-Lunda"}},{"type":"Feature","geometry":{"type":"Point","coordinates":[16.848075,-6.554215]},"properties":{"province":"Kwango","zonesante":"Kasongo Lunda","airesante":"Kimbembo","localite":"N'Twa Nzau","localitetype":"Hameau","source_acronym":"DSNIS","date":"2019","grid3id":"KG_4B640985A1","territoire":"Kasongo-Lunda"}},{"type":"Feature","geometry":{"type":"Point","coordinates":[16.7925,-6.471606]},"properties":{"province":"Kwango","zonesante":"Kasongo Lunda","airesante":"Nzakimwena","localite":"N'Twala","localitetype":"Village","source_acronym":"DSNIS","date":"2019","grid3id":"KG_678761F2F2","territoire":"Kasongo-Lunda"}},{"type":"Feature","geometry":{"type":"Point","coordinates":[16.857087,-5.529107]},"properties":{"province":"Kwango","zonesante":"Boko","airesante":"Malungu","localite":"N 7 Tombo","localitetype":"Hameau","source_acronym":"DSNIS","date":"2019","grid3id":"KG_D32F7B6071","territoire":"Kenge"}},{"type":"Feature","geometry":{"type":"Point","coordinates":[17.05153,-4.565974]},"properties":{"province":"Kwango","zonesante":"Boko","airesante":"Tangombe","localite":"Nakanzika","localitetype":"Village","source_acronym":"DSNIS","date":"2019","grid3id":"KG_64C60AD486","territoire":"Kenge"}},{"type":"Feature","geometry":{"type":"Point","coordinates":[17.44965,-6.644998]},"properties":{"province":"Kwango","zonesante":"Wamba Lwadi","airesante":"Kibinda","localite":"Namankete","localitetype":"Village","source_acronym":"DSNIS","date":"2019","grid3id":"KG_3F8F0425F2","territoire":"Kasongo-Lunda"}},{"type":"Feature","geometry":{"type":"Point","coordinates":[17.503405,-6.563113]},"properties":{"province":"Kwango","zonesante":"Panzi","airesante":"Buka Kalau","localite":"Nambanza","localitetype":"Village","source_acronym":"DSNIS","date":"2019","grid3id":"KG_F117D46C16","territoire":"Kasongo-Lunda"}},{"type":"Feature","geometry":{"type":"Point","coordinates":[18.394804,-7.300461]},"properties":{"province":"Kwango","zonesante":"Panzi","airesante":"Shabenge","localite":"Nambulu","localitetype":"Village","source_acronym":"DSNIS","date":"2019","grid3id":"KG_A3ED9D2B79","territoire":"Kasongo-Lunda"}},{"type":"Feature","geometry":{"type":"Point","coordinates":[19.339305,-7.968235]},"properties":{"province":"Kwango","zonesante":"Kahemba","localite":"Napasa","localitetype":"Village","source_acronym":"DSNIS","date":"2019","grid3id":"KG_26E7F182A7","territoire":"Kahemba"}},{"type":"Feature","geometry":{"type":"Point","coordinates":[18.198659,-7.478387]},"properties":{"province":"Kwango","zonesante":"Panzi","airesante":"Kambundi","localite":"Napasa","localitetype":"Village","source_acronym":"DSNIS","date":"2019","grid3id":"KG_11374F065D","territoire":"Kasongo-Lunda"}},{"type":"Feature","geometry":{"type":"Point","coordinates":[19.339488,-7.968643]},"properties":{"province":"Kwango","zonesante":"Kahemba","localite":"Nawakela","localitetype":"Village","source_acronym":"DSNIS","date":"2019","grid3id":"KG_AA708A756A","territoire":"Kahemba"}},{"type":"Feature","geometry":{"type":"Point","coordinates":[18.397089,-5.852961]},"properties":{"province":"Kwango","zonesante":"Feshi","airesante":"Mafishi","localite":"Ndamba","localitetype":"Village","source_acronym":"DSNIS","date":"2019","grid3id":"KG_E2CCB991E7","territoire":"Feshi"}},{"type":"Feature","geometry":{"type":"Point","coordinates":[17.488309,-6.362592]},"properties":{"province":"Kwango","zonesante":"Wamba Lwadi","airesante":"Mawanga","localite":"Ndamba","localitetype":"Village","source_acronym":"DSNIS","date":"2019","grid3id":"KG_896BFE0C98","territoire":"Kasongo-Lunda"}},{"type":"Feature","geometry":{"type":"Point","coordinates":[17.176591,-6.779119]},"properties":{"province":"Kwango","zonesante":"Kitenda","airesante":"Mwana Uta","localite":"Ndambalongo","localitetype":"Village","source_acronym":"DSNIS","date":"2019","grid3id":"KG_4670814BBD","territoire":"Kasongo-Lunda"}},{"type":"Feature","geometry":{"type":"Point","coordinates":[18.373035,-6.431378]},"properties":{"province":"Kwango","zonesante":"Feshi","airesante":"Maziamo","localite":"Ndeke","localitetype":"Village","source_acronym":"DSNIS","date":"2019","grid3id":"KG_14D080A362","territoire":"Feshi"}},{"type":"Feature","geometry":{"type":"Point","coordinates":[18.243358,-7.526916]},"properties":{"province":"Kwango","zonesante":"Panzi","airesante":"Kambundi","localite":"Ndeke","localitetype":"Hameau","source_acronym":"DSNIS","date":"2019","grid3id":"KG_A09BB1CD68","territoire":"Kasongo-Lunda"}},{"type":"Feature","geometry":{"type":"Point","coordinates":[18.140631,-6.278539]},"properties":{"province":"Kwango","zonesante":"Feshi","airesante":"Tonu","localite":"Ndemvu","localitetype":"Village","source_acronym":"DSNIS","date":"2019","grid3id":"KG_563617EE5B","territoire":"Feshi"}},{"type":"Feature","geometry":{"type":"Point","coordinates":[17.822681,-5.969015]},"properties":{"province":"Kwango","zonesante":"Mwela Lembwa","airesante":"Katambi","localite":"Ndodi","localitetype":"Village","source_acronym":"DSNIS","date":"2019","grid3id":"KG_8B49D53A72","territoire":"Feshi"}},{"type":"Feature","geometry":{"type":"Point","coordinates":[17.394469,-6.557476]},"properties":{"province":"Kwango","zonesante":"Wamba Lwadi","airesante":"Mahanga","localite":"Ndodi","localitetype":"Village","source_acronym":"DSNIS","date":"2019","grid3id":"KG_6BE45CCC68","territoire":"Kasongo-Lunda"}},{"type":"Feature","geometry":{"type":"Point","coordinates":[17.60547,-6.885258]},"properties":{"province":"Kwango","zonesante":"Panzi","airesante":"Nzamba","localite":"Ndombi Badimenga","localitetype":"Village","source_acronym":"DSNIS","date":"2019","grid3id":"KG_C963759484","territoire":"Kasongo-Lunda"}},{"type":"Feature","geometry":{"type":"Point","coordinates":[17.186859,-6.496157]},"properties":{"province":"Kwango","zonesante":"Kasongo Lunda","airesante":"Madiadia","localite":"Ndongo","localitetype":"Village","source_acronym":"DSNIS","date":"2019","grid3id":"KG_0D779325FE","territoire":"Kasongo-Lunda"}},{"type":"Feature","geometry":{"type":"Point","coordinates":[17.622012,-5.684071]},"properties":{"province":"Kwango","zonesante":"Mwela Lembwa","airesante":"Muboso","localite":"Ndongo","localitetype":"Village","source_acronym":"DSNIS","date":"2019","grid3id":"KG_0464877597"}},{"type":"Feature","geometry":{"type":"Point","coordinates":[18.363251,-6.89147]},"properties":{"province":"Kwango","zonesante":"Panzi","airesante":"Mazinda","localite":"Ndonzi","localitetype":"Village","source_acronym":"DSNIS","date":"2019","grid3id":"KG_D25C68DD9F","territoire":"Kasongo-Lunda"}},{"type":"Feature","geometry":{"type":"Point","coordinates":[16.777324,-4.900457]},"properties":{"province":"Kwango","zonesante":"Boko","airesante":"Mutombo","localite":"Ndundu","localitetype":"Village","source_acronym":"DSNIS","date":"2019","grid3id":"KG_56457DD7AE","territoire":"Kenge"}},{"type":"Feature","geometry":{"type":"Point","coordinates":[18.652694,-6.068195]},"properties":{"province":"Kwango","zonesante":"Feshi","airesante":"Mafishi","localite":"Ndunga","localitetype":"Village","source_acronym":"DSNIS","date":"2019","grid3id":"KG_B85F6499CF","territoire":"Feshi"}},{"type":"Feature","geometry":{"type":"Point","coordinates":[17.445863,-4.438766]},"properties":{"province":"Kwango","zonesante":"Kenge","airesante":"Kolokoso","localite":"Ndunga","localitetype":"Village","source_acronym":"DSNIS","date":"2019","grid3id":"KG_7E86C0D63C","territoire":"Kenge"}},{"type":"Feature","geometry":{"type":"Point","coordinates":[17.441783,-4.441734]},"properties":{"province":"Kwango","zonesante":"Kenge","airesante":"Kolokoso","localite":"Ndunga Mateke","localitetype":"Village","source_acronym":"DSNIS","date":"2019","grid3id":"KG_FDEA37E224","territoire":"Kenge"}},{"type":"Feature","geometry":{"type":"Point","coordinates":[17.903282,-6.538798]},"properties":{"province":"Kwango","zonesante":"Mwela Lembwa","airesante":"Mafuti","localite":"Ngadi","localitetype":"Village","source_acronym":"DSNIS","date":"2019","grid3id":"KG_B4BBA41674","territoire":"Feshi"}},{"type":"Feature","geometry":{"type":"Point","coordinates":[17.279327,-6.13385]},"properties":{"province":"Kwango","zonesante":"Wamba Lwadi","airesante":"Kabaka Mbangi","localite":"Ngama","localitetype":"Village","source_acronym":"DSNIS","date":"2019","grid3id":"KG_2EB3A5981F","territoire":"Kasongo-Lunda"}},{"type":"Feature","geometry":{"type":"Point","coordinates":[18.429589,-7.80687]},"properties":{"province":"Kwango","zonesante":"Kajiji","airesante":"Shauyanga","localite":"Nganasamba","localitetype":"Village","source_acronym":"DSNIS","date":"2019","grid3id":"KG_D4A42ECF3A","territoire":"Kahemba"}},{"type":"Feature","geometry":{"type":"Point","coordinates":[17.330748,-6.070732]},"properties":{"province":"Kwango","zonesante":"Wamba Lwadi","airesante":"Buka Pongi","localite":"Nganda Matoko","localitetype":"Village","source_acronym":"DSNIS","date":"2019","grid3id":"KG_6C02460904","territoire":"Kasongo-Lunda"}},{"type":"Feature","geometry":{"type":"Point","coordinates":[18.467184,-7.912151]},"properties":{"province":"Kwango","zonesante":"Kajiji","airesante":"Shauyanga","localite":"Ngandu","localitetype":"Village","source_acronym":"DSNIS","date":"2019","grid3id":"KG_8503223679","territoire":"Kahemba"}},{"type":"Feature","geometry":{"type":"Point","coordinates":[17.473777,-6.875057]},"properties":{"province":"Kwango","zonesante":"Kitenda","airesante":"Mihala","localite":"Nganga Sengo","localitetype":"Village","source_acronym":"DSNIS","date":"2019","grid3id":"KG_D275882B67","territoire":"Kasongo-Lunda"}},{"type":"Feature","geometry":{"type":"Point","coordinates":[17.602722,-5.78038]},"properties":{"province":"Kwango","zonesante":"Mwela Lembwa","airesante":"Muboso","localite":"Ngangangondi","localitetype":"Village","source_acronym":"DSNIS","date":"2019","grid3id":"KG_E7BA31B228","territoire":"Feshi"}},{"type":"Feature","geometry":{"type":"Point","coordinates":[18.464378,-7.70506]},"properties":{"province":"Kwango","zonesante":"Kajiji","airesante":"Kajiji","localite":"Ngangula","localitetype":"Village","source_acronym":"DSNIS","date":"2019","grid3id":"KG_8B13507F5C","territoire":"Kahemba"}},{"type":"Feature","geometry":{"type":"Point","coordinates":[18.111823,-6.524657]},"properties":{"province":"Kwango","zonesante":"Feshi","airesante":"Mabaya","localite":"Ngedji Mukepi","localitetype":"Village","source_acronym":"DSNIS","date":"2019","grid3id":"KG_A684B01B0A","territoire":"Feshi"}},{"type":"Feature","geometry":{"type":"Point","coordinates":[17.502297,-4.64376]},"properties":{"province":"Kwango","zonesante":"Kenge","airesante":"Kimafu","localite":"Ngemba","localitetype":"Hameau","source_acronym":"DSNIS","date":"2019","grid3id":"KG_51839B11AE","territoire":"Kenge"}},{"type":"Feature","geometry":{"type":"Point","coordinates":[19.31567,-6.170961]},"properties":{"province":"Kwango","zonesante":"Kisanji","airesante":"Kitanda","localite":"Ngemba","localitetype":"Village","source_acronym":"DSNIS","date":"2019","grid3id":"KG_51687C76AD","territoire":"Feshi"}},{"type":"Feature","geometry":{"type":"Point","coordinates":[17.522358,-6.036908]},"properties":{"province":"Kwango","zonesante":"Mwela Lembwa","airesante":"Mahungu","localite":"Ngemba","localitetype":"Village","source_acronym":"DSNIS","date":"2019","grid3id":"KG_2647179ED3","territoire":"Feshi"}},{"type":"Feature","geometry":{"type":"Point","coordinates":[17.498787,-6.225149]},"properties":{"province":"Kwango","zonesante":"Mwela Lembwa","airesante":"Kimfusa","localite":"Ngima","localitetype":"Village","source_acronym":"DSNIS","date":"2019","grid3id":"KG_7875EA6E86","territoire":"Feshi"}},{"type":"Feature","geometry":{"type":"Point","coordinates":[17.235555,-6.043941]},"properties":{"province":"Kwango","zonesante":"Wamba Lwadi","airesante":"Nzamba Fuangi","localite":"Ngima","localitetype":"Village","source_acronym":"DSNIS","date":"2019","grid3id":"KG_5DCF3C5918","territoire":"Kasongo-Lunda"}},{"type":"Feature","geometry":{"type":"Point","coordinates":[17.646119,-6.060011]},"properties":{"province":"Kwango","zonesante":"Mwela Lembwa","airesante":"Matari","localite":"Ngima Tsay","localitetype":"Village","source_acronym":"DSNIS","date":"2019","grid3id":"KG_936E53DE76","territoire":"Feshi"}},{"type":"Feature","geometry":{"type":"Point","coordinates":[17.756766,-6.262174]},"properties":{"province":"Kwango","zonesante":"Mwela Lembwa","airesante":"Mwana Basila","localite":"Ngisi","localitetype":"Village","source_acronym":"DSNIS","date":"2019","grid3id":"KG_D323776CB0","territoire":"Feshi"}},{"type":"Feature","geometry":{"type":"Point","coordinates":[17.178462,-7.285009]},"properties":{"province":"Kwango","zonesante":"Kitenda","airesante":"Sefu","localite":"Ngolakilwanzi","localitetype":"Village","source_acronym":"DSNIS","date":"2019","grid3id":"KG_636273411F","territoire":"Kasongo-Lunda"}},{"type":"Feature","geometry":{"type":"Point","coordinates":[18.669274,-7.57578]},"properties":{"province":"Kwango","zonesante":"Kajiji","airesante":"Shakalongo","localite":"Ngolu","localitetype":"Village","source_acronym":"DSNIS","date":"2019","grid3id":"KG_B2FFBBEB70","territoire":"Kahemba"}},{"type":"Feature","geometry":{"type":"Point","coordinates":[17.387766,-4.879876]},"properties":{"province":"Kwango","zonesante":"Kenge","airesante":"Kalenge","localite":"Ngomandinga","localitetype":"Village","source_acronym":"DSNIS","date":"2019","grid3id":"KG_F1BAE36C07","territoire":"Kenge"}},{"type":"Feature","geometry":{"type":"Point","coordinates":[18.160217,-7.964443]},"properties":{"province":"Kwango","zonesante":"Kajiji","airesante":"Nzofu","localite":"Ngombe","localitetype":"Village","source_acronym":"DSNIS","date":"2019","grid3id":"KG_494B890E04","territoire":"Kahemba"}},{"type":"Feature","geometry":{"type":"Point","coordinates":[17.616628,-6.49052]},"properties":{"province":"Kwango","zonesante":"Mwela Lembwa","airesante":"Tsaku Malafu","localite":"Ngomupambu","localitetype":"Village","source_acronym":"DSNIS","date":"2019","grid3id":"KG_A4E88B5B86","territoire":"Feshi"}},{"type":"Feature","geometry":{"type":"Point","coordinates":[17.704511,-6.570503]},"properties":{"province":"Kwango","zonesante":"Mwela Lembwa","airesante":"Tsaku Malafu","localite":"Ngondi","localitetype":"Village","source_acronym":"DSNIS","date":"2019","grid3id":"KG_30785ABF39","territoire":"Kasongo-Lunda"}},{"type":"Feature","geometry":{"type":"Point","coordinates":[17.736969,-7.230949]},"properties":{"province":"Kwango","zonesante":"Panzi","airesante":"Kiama","localite":"Ngondi","localitetype":"Village","source_acronym":"DSNIS","date":"2019","grid3id":"KG_0F2DFAB006","territoire":"Kasongo-Lunda"}},{"type":"Feature","geometry":{"type":"Point","coordinates":[18.006086,-7.267032]},"properties":{"province":"Kwango","zonesante":"Panzi","airesante":"Mwini Ngulu","localite":"Ngondi","localitetype":"Village","source_acronym":"DSNIS","date":"2019","grid3id":"KG_3CBEA8190D","territoire":"Kasongo-Lunda"}},{"type":"Feature","geometry":{"type":"Point","coordinates":[17.699106,-4.403804]},"properties":{"province":"Kwango","zonesante":"Kenge","airesante":"Bangongo","localite":"Ngongo","localitetype":"Village","source_acronym":"DSNIS","date":"2019","grid3id":"KG_28B7099107","territoire":"Kenge"}},{"type":"Feature","geometry":{"type":"Point","coordinates":[17.679132,-7.004864]},"properties":{"province":"Kwango","zonesante":"Panzi","airesante":"Kabeya Mbamba","localite":"Ngongolo","localitetype":"Village","source_acronym":"DSNIS","date":"2019","grid3id":"KG_E5EF97F4F7","territoire":"Kasongo-Lunda"}},{"type":"Feature","geometry":{"type":"Point","coordinates":[18.337453,-7.598691]},"properties":{"province":"Kwango","zonesante":"Kajiji","airesante":"Kambangu","localite":"Ngoya","localitetype":"Hameau","source_acronym":"DSNIS","date":"2019","grid3id":"KG_3801DC395A","territoire":"Kahemba"}},{"type":"Feature","geometry":{"type":"Point","coordinates":[17.511691,-6.093013]},"properties":{"province":"Kwango","zonesante":"Mwela Lembwa","airesante":"Ngudikama","localite":"Ngudi Nkama","localitetype":"Village","source_acronym":"DSNIS","date":"2019","grid3id":"KG_33EC5C187E","territoire":"Feshi"}},{"type":"Feature","geometry":{"type":"Point","coordinates":[18.365211,-6.649355]},"properties":{"province":"Kwango","zonesante":"Feshi","airesante":"Utadi","localite":"Ngudji","localitetype":"Hameau","source_acronym":"DSNIS","date":"2019","grid3id":"KG_AFDCBD5211","territoire":"Feshi"}},{"type":"Feature","geometry":{"type":"Point","coordinates":[16.964083,-6.559173]},"properties":{"province":"Kwango","zonesante":"Kasongo Lunda","airesante":"Kingunda","localite":"Nguisana","localitetype":"Village","source_acronym":"DSNIS","date":"2019","grid3id":"KG_D9BAF126AF","territoire":"Kasongo-Lunda"}},{"type":"Feature","geometry":{"type":"Point","coordinates":[17.958198,-7.310561]},"properties":{"province":"Kwango","zonesante":"Panzi","airesante":"Mwini Ngulu","localite":"Ngulu","localitetype":"Village","source_acronym":"DSNIS","date":"2019","grid3id":"KG_BAF6E35366","territoire":"Kasongo-Lunda"}},{"type":"Feature","geometry":{"type":"Point","coordinates":[18.084165,-7.424828]},"properties":{"province":"Kwango","zonesante":"Panzi","airesante":"Kambandambi","localite":"Nguma","localitetype":"Village","source_acronym":"DSNIS","date":"2019","grid3id":"KG_B325D2E7D5","territoire":"Kasongo-Lunda"}},{"type":"Feature","geometry":{"type":"Point","coordinates":[19.227565,-6.230091]},"properties":{"province":"Kwango","zonesante":"Kisanji","airesante":"Ngunda","localite":"Ngunda","localitetype":"Village","source_acronym":"DSNIS","date":"2019","grid3id":"KG_CB8002CDC1","territoire":"Feshi"}},{"type":"Feature","geometry":{"type":"Point","coordinates":[18.31156,-6.740041]},"properties":{"province":"Kwango","zonesante":"Feshi","airesante":"Shatungushi","localite":"Ngundji","localitetype":"Village","source_acronym":"DSNIS","date":"2019","grid3id":"KG_220E2631B3","territoire":"Feshi"}},{"type":"Feature","geometry":{"type":"Point","coordinates":[18.48331,-6.673958]},"properties":{"province":"Kwango","zonesante":"Feshi","airesante":"Utadi","localite":"Ngundji Kisuita","localitetype":"Village","source_acronym":"DSNIS","date":"2019","grid3id":"KG_2847351554","territoire":"Feshi"}},{"type":"Feature","geometry":{"type":"Point","coordinates":[17.352605,-7.35792]},"properties":{"province":"Kwango","zonesante":"Tembo","airesante":"Ngundu Mayala","localite":"Ngundu","localitetype":"Village","source_acronym":"DSNIS","date":"2019","grid3id":"KG_84F54DC494","territoire":"Kasongo-Lunda"}},{"type":"Feature","geometry":{"type":"Point","coordinates":[19.204952,-6.325484]},"properties":{"province":"Kwango","zonesante":"Kisanji","airesante":"Ngungi","localite":"Ngungi","localitetype":"Village","source_acronym":"DSNIS","date":"2019","grid3id":"KG_37A4117287","territoire":"Feshi"}},{"type":"Feature","geometry":{"type":"Point","coordinates":[18.165813,-5.909947]},"properties":{"province":"Kwango","zonesante":"Feshi","airesante":"Kikombo","localite":"Ngungu","localitetype":"Hameau","source_acronym":"DSNIS","date":"2019","grid3id":"KG_0EF8025BB6","territoire":"Feshi"}},{"type":"Feature","geometry":{"type":"Point","coordinates":[18.782194,-6.599778]},"properties":{"province":"Kwango","zonesante":"Kisanji","airesante":"Kabanga Mukeu","localite":"Ngunza","localitetype":"Village","source_acronym":"DSNIS","date":"2019","grid3id":"KG_28B3E40D56","territoire":"Feshi"}},{"type":"Feature","geometry":{"type":"Point","coordinates":[18.569097,-6.787151]},"properties":{"province":"Kwango","zonesante":"Feshi","airesante":"Utadi","localite":"Nguya","localitetype":"Village","source_acronym":"DSNIS","date":"2019","grid3id":"KG_ED124AF898","territoire":"Kahemba"}},{"type":"Feature","geometry":{"type":"Point","coordinates":[17.721942,-6.882832]},"properties":{"province":"Kwango","zonesante":"Panzi","airesante":"Tambu Tseke","localite":"Ngwambuku","localitetype":"Village","source_acronym":"DSNIS","date":"2019","grid3id":"KG_1C36373852","territoire":"Kasongo-Lunda"}},{"type":"Feature","geometry":{"type":"Point","coordinates":[18.074079,-6.464935]},"properties":{"province":"Kwango","zonesante":"Feshi","airesante":"Mabaya","localite":"Ngwania","localitetype":"Village","source_acronym":"DSNIS","date":"2019","grid3id":"KG_B8A6677B54","territoire":"Feshi"}},{"type":"Feature","geometry":{"type":"Point","coordinates":[17.377594,-5.939461]},"properties":{"province":"Kwango","zonesante":"Mwela Lembwa","airesante":"Ngudikama","localite":"Niabi 1","localitetype":"Village","source_acronym":"DSNIS","date":"2019","grid3id":"KG_CE62D6695B","territoire":"Feshi"}},{"type":"Feature","geometry":{"type":"Point","coordinates":[17.379011,-5.941032]},"properties":{"province":"Kwango","zonesante":"Mwela Lembwa","airesante":"Ngudikama","localite":"Niabi 2","localitetype":"Village","source_acronym":"DSNIS","date":"2019","grid3id":"KG_7363049F76","territoire":"Feshi"}},{"type":"Feature","geometry":{"type":"Point","coordinates":[17.140407,-5.904223]},"properties":{"province":"Kwango","zonesante":"Wamba Lwadi","airesante":"Mwaku Yala","localite":"Niangi","localitetype":"Village","source_acronym":"DSNIS","date":"2019","grid3id":"KG_644AD62EAE","territoire":"Kasongo-Lunda"}},{"type":"Feature","geometry":{"type":"Point","coordinates":[17.414231,-6.93651]},"properties":{"province":"Kwango","zonesante":"Kitenda","airesante":"Mihala","localite":"Niunzu","localitetype":"Village","source_acronym":"DSNIS","date":"2019","grid3id":"KG_69D43B170C","territoire":"Kasongo-Lunda"}},{"type":"Feature","geometry":{"type":"Point","coordinates":[16.285842,-5.18677]},"properties":{"province":"Kwango","zonesante":"Popokabaka","airesante":"Mukila Ndondo","localite":"Nkafuna","localitetype":"Village","source_acronym":"DSNIS","date":"2019","grid3id":"KG_4878AF2340","territoire":"Popokabaka"}},{"type":"Feature","geometry":{"type":"Point","coordinates":[17.404082,-6.585947]},"properties":{"province":"Kwango","zonesante":"Wamba Lwadi","airesante":"Kibinda","localite":"Nkaka Bantu","localitetype":"Village","source_acronym":"DSNIS","date":"2019","grid3id":"KG_5974289FF0","territoire":"Kasongo-Lunda"}},{"type":"Feature","geometry":{"type":"Point","coordinates":[17.233475,-6.950836]},"properties":{"province":"Kwango","zonesante":"Kitenda","airesante":"Mukondo","localite":"Nkamatanu","localitetype":"Village","source_acronym":"DSNIS","date":"2019","grid3id":"KG_A4CBFBD1E4","territoire":"Kasongo-Lunda"}},{"type":"Feature","geometry":{"type":"Point","coordinates":[17.640962,-7.391222]},"properties":{"province":"Kwango","zonesante":"Tembo","airesante":"Kisadi","localite":"Nkanga Mwanza","localitetype":"Village","source_acronym":"DSNIS","date":"2019","grid3id":"KG_0366CDD947","territoire":"Kasongo-Lunda"}},{"type":"Feature","geometry":{"type":"Point","coordinates":[17.402392,-6.825276]},"properties":{"province":"Kwango","zonesante":"Kitenda","airesante":"Kazembe","localite":"Nkangu","localitetype":"Village","source_acronym":"DSNIS","date":"2019","grid3id":"KG_7B3C958EA9","territoire":"Kasongo-Lunda"}},{"type":"Feature","geometry":{"type":"Point","coordinates":[17.458506,-6.975037]},"properties":{"province":"Kwango","zonesante":"Kitenda","airesante":"Mwela Kassa","localite":"Nkengila","localitetype":"Village","source_acronym":"DSNIS","date":"2019","grid3id":"KG_456B32C1EF","territoire":"Kasongo-Lunda"}},{"type":"Feature","geometry":{"type":"Point","coordinates":[16.846146,-5.258193]},"properties":{"province":"Kwango","zonesante":"Boko","airesante":"Kasinsi","localite":"Nkoko","localitetype":"Village","source_acronym":"DSNIS","date":"2019","grid3id":"KG_13943D813A","territoire":"Kenge"}},{"type":"Feature","geometry":{"type":"Point","coordinates":[16.976903,-5.620989]},"properties":{"province":"Kwango","zonesante":"Kimbao","airesante":"Ibumbu","localite":"Nkoku Tanda","localitetype":"Village","source_acronym":"DSNIS","date":"2019","grid3id":"KG_720E7627A7","territoire":"Kenge"}},{"type":"Feature","geometry":{"type":"Point","coordinates":[17.112602,-5.497998]},"properties":{"province":"Kwango","zonesante":"Kimbao","airesante":"Mabunda","localite":"Nkongo Lemba","localitetype":"Village","source_acronym":"DSNIS","date":"2019","grid3id":"KG_43BF247314","territoire":"Kenge"}},{"type":"Feature","geometry":{"type":"Point","coordinates":[17.327937,-5.082132]},"properties":{"province":"Kwango","zonesante":"Kimbao","airesante":"Kidima","localite":"Nkonzi","localitetype":"Village","source_acronym":"DSNIS","date":"2019","grid3id":"KG_EE2FA079DE","territoire":"Kenge"}},{"type":"Feature","geometry":{"type":"Point","coordinates":[18.098502,-6.066487]},"properties":{"province":"Kwango","zonesante":"Feshi","airesante":"Kikombo","localite":"Nkudi","localitetype":"Village","source_acronym":"DSNIS","date":"2019","grid3id":"KG_2B3C1C765A","territoire":"Feshi"}},{"type":"Feature","geometry":{"type":"Point","coordinates":[17.701491,-5.785752]},"properties":{"province":"Kwango","zonesante":"Mwela Lembwa","airesante":"Kingungu","localite":"Nkuku","localitetype":"Village","source_acronym":"DSNIS","date":"2019","grid3id":"KG_16AF4940D4","territoire":"Feshi"}},{"type":"Feature","geometry":{"type":"Point","coordinates":[17.411331,-6.596878]},"properties":{"province":"Kwango","zonesante":"Wamba Lwadi","airesante":"Kibinda","localite":"Nkumba Longa","localitetype":"Village","source_acronym":"DSNIS","date":"2019","grid3id":"KG_1E81DC6C72","territoire":"Kasongo-Lunda"}},{"type":"Feature","geometry":{"type":"Point","coordinates":[18.038876,-5.961583]},"properties":{"province":"Kwango","zonesante":"Feshi","airesante":"Mbumba","localite":"Nkunga","localitetype":"Village","source_acronym":"DSNIS","date":"2019","grid3id":"KG_7847FB9418","territoire":"Feshi"}},{"type":"Feature","geometry":{"type":"Point","coordinates":[17.343455,-6.91759]},"properties":{"province":"Kwango","zonesante":"Kitenda","localite":"Nkungambanza","localitetype":"Village","source_acronym":"DSNIS","date":"2019","grid3id":"KG_B970E12324","territoire":"Kasongo-Lunda"}},{"type":"Feature","geometry":{"type":"Point","coordinates":[18.076648,-6.209326]},"properties":{"province":"Kwango","zonesante":"Feshi","airesante":"Mutsunda","localite":"Nkusu Eshi","localitetype":"Village","source_acronym":"DSNIS","date":"2019","grid3id":"KG_5824CB6884","territoire":"Feshi"}},{"type":"Feature","geometry":{"type":"Point","coordinates":[18.087122,-7.417629]},"properties":{"province":"Kwango","zonesante":"Panzi","airesante":"Kambandambi","localite":"Ntanda","localitetype":"Village","source_acronym":"DSNIS","date":"2019","grid3id":"KG_40A935CB11","territoire":"Kasongo-Lunda"}},{"type":"Feature","geometry":{"type":"Point","coordinates":[17.017331,-6.290689]},"properties":{"province":"Kwango","zonesante":"Kasongo Lunda","airesante":"Kishiama","localite":"Ntenga","localitetype":"Village","source_acronym":"DSNIS","date":"2019","grid3id":"KG_07188526E0","territoire":"Kasongo-Lunda"}},{"type":"Feature","geometry":{"type":"Point","coordinates":[17.456208,-4.628682]},"properties":{"province":"Kwango","zonesante":"Kenge","airesante":"Kimafu","localite":"Ntombanza","localitetype":"Village","source_acronym":"DSNIS","date":"2019","grid3id":"KG_1C2C53B8FB","territoire":"Kenge"}},{"type":"Feature","geometry":{"type":"Point","coordinates":[17.371468,-5.728533]},"properties":{"province":"Kwango","zonesante":"Kimbao","localite":"Ntontanga","localitetype":"Village","source_acronym":"DSNIS","date":"2019","grid3id":"KG_317A5DDD14","territoire":"Kenge"}},{"type":"Feature","geometry":{"type":"Point","coordinates":[19.740608,-6.870387]},"properties":{"province":"Kwango","zonesante":"Kahemba","airesante":"Mwasenge","localite":"Ntumba","localitetype":"Village","source_acronym":"DSNIS","date":"2019","grid3id":"KG_A3062B0109","territoire":"Kahemba"}},{"type":"Feature","geometry":{"type":"Point","coordinates":[17.435086,-5.827294]},"properties":{"province":"Kwango","zonesante":"Mwela Lembwa","airesante":"Kasombo","localite":"Nwanwa","localitetype":"Village","source_acronym":"DSNIS","date":"2019","grid3id":"KG_DEB3E97384","territoire":"Feshi"}},{"type":"Feature","geometry":{"type":"Point","coordinates":[16.157033,-5.848277]},"properties":{"province":"Kwango","zonesante":"Popokabaka","airesante":"Kisoma","localite":"Nzadi","localitetype":"Village","source_acronym":"DSNIS","date":"2019","grid3id":"KG_3F0FC2A480","territoire":"Popokabaka"}},{"type":"Feature","geometry":{"type":"Point","coordinates":[17.255005,-6.264189]},"properties":{"province":"Kwango","zonesante":"Wamba Lwadi","airesante":"Manenga","localite":"Nzadi Beta","localitetype":"Village","source_acronym":"DSNIS","date":"2019","grid3id":"KG_9D3AAAB6AD","territoire":"Kasongo-Lunda"}},{"type":"Feature","geometry":{"type":"Point","coordinates":[17.415297,-6.998253]},"properties":{"province":"Kwango","zonesante":"Kitenda","airesante":"Mayala","localite":"Nzala Mbongo","localitetype":"Village","source_acronym":"DSNIS","date":"2019","grid3id":"KG_24D88FD7BC","territoire":"Kasongo-Lunda"}},{"type":"Feature","geometry":{"type":"Point","coordinates":[17.270573,-5.968781]},"properties":{"province":"Kwango","zonesante":"Wamba Lwadi","airesante":"Nzamba Fuangi","localite":"Nzamba Fwangi","localitetype":"Village","source_acronym":"DSNIS","date":"2019","grid3id":"KG_762B03C460","territoire":"Kasongo-Lunda"}},{"type":"Feature","geometry":{"type":"Point","coordinates":[17.273524,-5.984675]},"properties":{"province":"Kwango","zonesante":"Wamba Lwadi","airesante":"Nzamba Fuangi","localite":"Nzamba Fwangi","localitetype":"Village","source_acronym":"DSNIS","date":"2019","grid3id":"KG_91750D6275","territoire":"Kasongo-Lunda"}},{"type":"Feature","geometry":{"type":"Point","coordinates":[17.399043,-5.770405]},"properties":{"province":"Kwango","zonesante":"Mwela Lembwa","airesante":"Kasombo","localite":"Nzasi Pasa","localitetype":"Village","source_acronym":"DSNIS","date":"2019","grid3id":"KG_8D4C2F2B2E","territoire":"Feshi"}},{"type":"Feature","geometry":{"type":"Point","coordinates":[17.428503,-5.33822]},"properties":{"province":"Kwango","zonesante":"Kimbao","localite":"Nzau Musitu","localitetype":"Village","source_acronym":"DSNIS","date":"2019","grid3id":"KG_394A2FFA92","territoire":"Kenge"}},{"type":"Feature","geometry":{"type":"Point","coordinates":[17.843545,-7.993621]},"properties":{"province":"Kwango","zonesante":"Tembo","airesante":"Kahungula","localite":"Nzayamoko","localitetype":"Village","source_acronym":"DSNIS","date":"2019","grid3id":"KG_8515A53B51","territoire":"Kasongo-Lunda"}},{"type":"Feature","geometry":{"type":"Point","coordinates":[17.41444,-6.944385]},"properties":{"province":"Kwango","zonesante":"Kitenda","airesante":"Mihala","localite":"Nzesa","localitetype":"Village","source_acronym":"DSNIS","date":"2019","grid3id":"KG_B8AECD0C2C","territoire":"Kasongo-Lunda"}},{"type":"Feature","geometry":{"type":"Point","coordinates":[17.348039,-5.543762]},"properties":{"province":"Kwango","zonesante":"Kimbao","airesante":"Kimbau","localite":"Nzikatadi","localitetype":"Village","source_acronym":"DSNIS","date":"2019","grid3id":"KG_DCA174D6A5","territoire":"Kenge"}},{"type":"Feature","geometry":{"type":"Point","coordinates":[18.331092,-6.949858]},"properties":{"province":"Kwango","zonesante":"Panzi","airesante":"Mazinda","localite":"Nzofo","localitetype":"Hameau","source_acronym":"DSNIS","date":"2019","grid3id":"KG_7C9B53907A","territoire":"Kasongo-Lunda"}},{"type":"Feature","geometry":{"type":"Point","coordinates":[18.316809,-6.701822]},"properties":{"province":"Kwango","zonesante":"Feshi","airesante":"Shatungushi","localite":"Nzofu","localitetype":"Village","source_acronym":"DSNIS","date":"2019","grid3id":"KG_D93C4BBF9C","territoire":"Feshi"}},{"type":"Feature","geometry":{"type":"Point","coordinates":[18.200983,-7.953524]},"properties":{"province":"Kwango","zonesante":"Kajiji","airesante":"Nzofu","localite":"Nzofu","localitetype":"Village","source_acronym":"DSNIS","date":"2019","grid3id":"KG_4112D923A7","territoire":"Kahemba"}},{"type":"Feature","geometry":{"type":"Point","coordinates":[17.414361,-6.974901]},"properties":{"province":"Kwango","zonesante":"Kitenda","airesante":"Mayala","localite":"Nzontala","localitetype":"Village","source_acronym":"DSNIS","date":"2019","grid3id":"KG_F2DF21766B","territoire":"Kasongo-Lunda"}},{"type":"Feature","geometry":{"type":"Point","coordinates":[18.839158,-7.954683]},"properties":{"province":"Kwango","zonesante":"Kahemba","localite":"Nzumba","localitetype":"Village","source_acronym":"DSNIS","date":"2019","grid3id":"KG_075BEF3361","territoire":"Kahemba"}},{"type":"Feature","geometry":{"type":"Point","coordinates":[18.461945,-7.565524]},"properties":{"province":"Kwango","zonesante":"Kajiji","airesante":"Kambangu","localite":"Nzumba","localitetype":"Village","source_acronym":"DSNIS","date":"2019","grid3id":"KG_186B407F77","territoire":"Kahemba"}},{"type":"Feature","geometry":{"type":"Point","coordinates":[17.427203,-6.312772]},"properties":{"province":"Kwango","zonesante":"Wamba Lwadi","airesante":"Mawanga","localite":"Objectif 80","localitetype":"Village","source_acronym":"DSNIS","date":"2019","grid3id":"KG_365BA461B0","territoire":"Kasongo-Lunda"}},{"type":"Feature","geometry":{"type":"Point","coordinates":[18.177037,-7.449867]},"properties":{"province":"Kwango","zonesante":"Panzi","airesante":"Kambundi","localite":"P Mulundu","localitetype":"Hameau","source_acronym":"DSNIS","date":"2019","grid3id":"KG_6CEFC9FABE","territoire":"Kasongo-Lunda"}},{"type":"Feature","geometry":{"type":"Point","coordinates":[17.812464,-6.067023]},"properties":{"province":"Kwango","zonesante":"Mwela Lembwa","airesante":"Kandi Lukeni","localite":"Pabata","localitetype":"Village","source_acronym":"DSNIS","date":"2019","grid3id":"KG_67F05BA14C","territoire":"Feshi"}},{"type":"Feature","geometry":{"type":"Point","coordinates":[16.901826,-5.002305]},"properties":{"province":"Kwango","zonesante":"Boko","airesante":"Kitati","localite":"Palaki","localitetype":"Hameau","source_acronym":"DSNIS","date":"2019","grid3id":"KG_1DC6A47062","territoire":"Kenge"}},{"type":"Feature","geometry":{"type":"Point","coordinates":[16.99884,-6.277182]},"properties":{"province":"Kwango","zonesante":"Kasongo Lunda","airesante":"Kishiama","localite":"Panda","localitetype":"Hameau","source_acronym":"DSNIS","date":"2019","grid3id":"KG_25F7E25475","territoire":"Kasongo-Lunda"}},{"type":"Feature","geometry":{"type":"Point","coordinates":[16.528513,-5.620962]},"properties":{"province":"Kwango","zonesante":"Popokabaka","airesante":"Lusanga","localite":"Panda Mutombo","localitetype":"Village","source_acronym":"DSNIS","date":"2019","grid3id":"KG_942B37F3C9","territoire":"Popokabaka"}},{"type":"Feature","geometry":{"type":"Point","coordinates":[17.319616,-7.008897]},"properties":{"province":"Kwango","zonesante":"Kitenda","airesante":"Yenga Lusundji","localite":"Pandambuta","localitetype":"Village","source_acronym":"DSNIS","date":"2019","grid3id":"KG_3B22C1B142","territoire":"Kasongo-Lunda"}},{"type":"Feature","geometry":{"type":"Point","coordinates":[17.490808,-6.221854]},"properties":{"province":"Kwango","zonesante":"Mwela Lembwa","airesante":"Kimfusa","localite":"Pangu Muziti","localitetype":"Village","source_acronym":"DSNIS","date":"2019","grid3id":"KG_4BA75B0895","territoire":"Feshi"}},{"type":"Feature","geometry":{"type":"Point","coordinates":[17.95516,-7.184557]},"properties":{"province":"Kwango","zonesante":"Panzi","airesante":"Panzi Makita","localite":"Panzi","localitetype":"Village","source_acronym":"DSNIS","date":"2019","grid3id":"KG_76E4C97764","territoire":"Kasongo-Lunda"}},{"type":"Feature","geometry":{"type":"Point","coordinates":[17.428678,-4.368884]},"properties":{"province":"Kwango","zonesante":"Kenge","airesante":"Kapay Lono","localite":"Paris","localitetype":"Village","source_acronym":"DSNIS","date":"2019","grid3id":"KG_326CA4726D","territoire":"Kenge"}},{"type":"Feature","geometry":{"type":"Point","coordinates":[17.363055,-4.621916]},"properties":{"province":"Kwango","zonesante":"Kenge","airesante":"Makiala","localite":"Paris","localitetype":"Village","source_acronym":"DSNIS","date":"2019","grid3id":"KG_7DA01CA267","territoire":"Kenge"}},{"type":"Feature","geometry":{"type":"Point","coordinates":[16.815642,-6.476292]},"properties":{"province":"Kwango","zonesante":"Kasongo Lunda","airesante":"Nzakimwena","localite":"Paroisse Catholique Sst Pierre Et Paul","localitetype":"Village","source_acronym":"DSNIS","date":"2019","grid3id":"KG_53D3938B6E","territoire":"Kasongo-Lunda"}},{"type":"Feature","geometry":{"type":"Point","coordinates":[17.43344,-5.773881]},"properties":{"province":"Kwango","zonesante":"Mwela Lembwa","airesante":"Kasombo","localite":"Pasiankatu","localitetype":"Village","source_acronym":"DSNIS","date":"2019","grid3id":"KG_EBE06F31F9","territoire":"Feshi"}},{"type":"Feature","geometry":{"type":"Point","coordinates":[17.354063,-4.639757]},"properties":{"province":"Kwango","zonesante":"Kenge","airesante":"Makiala","localite":"Pay","localitetype":"Village","source_acronym":"DSNIS","date":"2019","grid3id":"KG_A43C65C8C2","territoire":"Kenge"}},{"type":"Feature","geometry":{"type":"Point","coordinates":[17.149206,-4.77208]},"properties":{"province":"Kwango","zonesante":"Kenge","airesante":"Kasombo","localite":"Paybas","localitetype":"Village","source_acronym":"DSNIS","date":"2019","grid3id":"KG_9F63892709","territoire":"Kenge"}},{"type":"Feature","geometry":{"type":"Point","coordinates":[16.961968,-6.577389]},"properties":{"province":"Kwango","zonesante":"Kasongo Lunda","airesante":"Kingunda","localite":"Payi","localitetype":"Hameau","source_acronym":"DSNIS","date":"2019","grid3id":"KG_234A8AE361","territoire":"Kasongo-Lunda"}},{"type":"Feature","geometry":{"type":"Point","coordinates":[17.522303,-4.498733]},"properties":{"province":"Kwango","zonesante":"Kenge","airesante":"Musangu Tsay","localite":"Peckin","localitetype":"Village","source_acronym":"DSNIS","date":"2019","grid3id":"KG_54C5777E61","territoire":"Kenge"}},{"type":"Feature","geometry":{"type":"Point","coordinates":[17.322145,-6.95022]},"properties":{"province":"Kwango","zonesante":"Kitenda","localite":"Pelenda Kasa","localitetype":"Village","source_acronym":"DSNIS","date":"2019","grid3id":"KG_C501C6B62A","territoire":"Kasongo-Lunda"}},{"type":"Feature","geometry":{"type":"Point","coordinates":[17.119095,-5.106537]},"properties":{"province":"Kwango","zonesante":"Kenge","airesante":"Mukumbi","localite":"Pema","localitetype":"Village","source_acronym":"DSNIS","date":"2019","grid3id":"KG_7FBB4D1A93","territoire":"Kenge"}},{"type":"Feature","geometry":{"type":"Point","coordinates":[16.904535,-4.567976]},"properties":{"province":"Kwango","zonesante":"Boko","airesante":"Kasandji","localite":"Pema","localitetype":"Hameau","source_acronym":"DSNIS","date":"2019","grid3id":"KG_FA9209998F","territoire":"Kenge"}},{"type":"Feature","geometry":{"type":"Point","coordinates":[17.416398,-6.720375]},"properties":{"province":"Kwango","zonesante":"Kitenda","airesante":"Makenzi","localite":"Petit A Petit","localitetype":"Village","source_acronym":"DSNIS","date":"2019","grid3id":"KG_5DCC005078","territoire":"Kasongo-Lunda"}},{"type":"Feature","geometry":{"type":"Point","coordinates":[18.458218,-7.702322]},"properties":{"province":"Kwango","zonesante":"Kajiji","airesante":"Kajiji","localite":"Pimbi","localitetype":"Hameau","source_acronym":"DSNIS","date":"2019","grid3id":"KG_DAE24972A7","territoire":"Kahemba"}},{"type":"Feature","geometry":{"type":"Point","coordinates":[18.238232,-7.498044]},"properties":{"province":"Kwango","zonesante":"Panzi","airesante":"Kambundi","localite":"Pimbi","localitetype":"Village","source_acronym":"DSNIS","date":"2019","grid3id":"KG_79F9D8ADB9","territoire":"Kasongo-Lunda"}},{"type":"Feature","geometry":{"type":"Point","coordinates":[18.086651,-7.4192]},"properties":{"province":"Kwango","zonesante":"Panzi","airesante":"Kambandambi","localite":"Pimbi","localitetype":"Village","source_acronym":"DSNIS","date":"2019","grid3id":"KG_400AEC55BB","territoire":"Kasongo-Lunda"}},{"type":"Feature","geometry":{"type":"Point","coordinates":[19.202083,-6.11035]},"properties":{"province":"Kwango","zonesante":"Kisanji","airesante":"Malundu","localite":"Pitshi","localitetype":"Village","source_acronym":"DSNIS","date":"2019","grid3id":"KG_FEA7FD5F0F"}},{"type":"Feature","geometry":{"type":"Point","coordinates":[17.198118,-6.757566]},"properties":{"province":"Kwango","zonesante":"Kitenda","airesante":"Mwana Uta","localite":"Pokoso","localitetype":"Village","source_acronym":"DSNIS","date":"2019","grid3id":"KG_BB18C8ABA9","territoire":"Kasongo-Lunda"}},{"type":"Feature","geometry":{"type":"Point","coordinates":[17.453217,-5.503694]},"properties":{"province":"Kwango","zonesante":"Kimbao","airesante":"Kimbau","localite":"Ponton","localitetype":"Village","source_acronym":"DSNIS","date":"2019","grid3id":"KG_5CC05497E1","territoire":"Kenge"}},{"type":"Feature","geometry":{"type":"Point","coordinates":[16.53013,-4.80361]},"properties":{"province":"Kwango","zonesante":"Boko","airesante":"Takundi","localite":"Populaire","localitetype":"Hameau","source_acronym":"DSNIS","date":"2019","grid3id":"KG_2F2CD74758","territoire":"Kenge"}},{"type":"Feature","geometry":{"type":"Point","coordinates":[17.702053,-4.372792]},"properties":{"province":"Kwango","zonesante":"Kenge","airesante":"Bangongo","localite":"Posta","localitetype":"Village","source_acronym":"DSNIS","date":"2019","grid3id":"KG_113E85F1DA","territoire":"Kenge"}},{"type":"Feature","geometry":{"type":"Point","coordinates":[18.166154,-6.199678]},"properties":{"province":"Kwango","zonesante":"Feshi","airesante":"Tonu","localite":"Projet Kambanda","localitetype":"Hameau","source_acronym":"DSNIS","date":"2019","grid3id":"KG_8D4ABC88AD","territoire":"Feshi"}},{"type":"Feature","geometry":{"type":"Point","coordinates":[18.228116,-6.368724]},"properties":{"province":"Kwango","zonesante":"Feshi","airesante":"Tonu","localite":"Projet Ngonda","localitetype":"Hameau","source_acronym":"DSNIS","date":"2019","grid3id":"KG_3CFFD9D00E","territoire":"Feshi"}},{"type":"Feature","geometry":{"type":"Point","coordinates":[16.940661,-4.745657]},"properties":{"province":"Kwango","zonesante":"Boko","airesante":"Mbindanseke","localite":"Puku","localitetype":"Hameau","source_acronym":"DSNIS","date":"2019","grid3id":"KG_DB0A259C39","territoire":"Kenge"}},{"type":"Feature","geometry":{"type":"Point","coordinates":[18.406042,-7.456708]},"properties":{"province":"Kwango","zonesante":"Panzi","airesante":"Kambanzi","localite":"Pukusu","localitetype":"Village","source_acronym":"DSNIS","date":"2019","grid3id":"KG_BBAE971556","territoire":"Kasongo-Lunda"}},{"type":"Feature","geometry":{"type":"Point","coordinates":[18.183596,-6.255936]},"properties":{"province":"Kwango","zonesante":"Feshi","airesante":"Tonu","localite":"Pulumba","localitetype":"Village","source_acronym":"DSNIS","date":"2019","grid3id":"KG_934A150755","territoire":"Feshi"}},{"type":"Feature","geometry":{"type":"Point","coordinates":[17.360401,-5.663864]},"properties":{"province":"Kwango","zonesante":"Kimbao","airesante":"Kambundi Bobila","localite":"Pumbu","localitetype":"Village","source_acronym":"DSNIS","date":"2019","grid3id":"KG_6C976ECD8B","territoire":"Kenge"}},{"type":"Feature","geometry":{"type":"Point","coordinates":[17.369479,-5.054656]},"properties":{"province":"Kwango","zonesante":"Kimbao","airesante":"Kidima","localite":"Pumbu","localitetype":"Village","source_acronym":"DSNIS","date":"2019","grid3id":"KG_AF154E3FBE","territoire":"Kenge"}},{"type":"Feature","geometry":{"type":"Point","coordinates":[18.35716,-6.212563]},"properties":{"province":"Kwango","zonesante":"Feshi","airesante":"Maziamo","localite":"Quaŕtier Kasoka","localitetype":"Quartier","source_acronym":"DSNIS","date":"2019","grid3id":"KG_C993DEDD3A","territoire":"Feshi"}},{"type":"Feature","geometry":{"type":"Point","coordinates":[17.33362,-6.569436]},"properties":{"province":"Kwango","zonesante":"Wamba Lwadi","airesante":"Kapanga","localite":"Saamba","localitetype":"Village","source_acronym":"DSNIS","date":"2019","grid3id":"KG_B3A1EFDDD7","territoire":"Kasongo-Lunda"}},{"type":"Feature","geometry":{"type":"Point","coordinates":[16.817954,-6.476101]},"properties":{"province":"Kwango","zonesante":"Kasongo Lunda","airesante":"Sacre Coeur","localite":"Sacre C 0 Ur Central","localitetype":"Village","source_acronym":"DSNIS","date":"2019","grid3id":"KG_EFFDE0D1B1","territoire":"Kasongo-Lunda"}},{"type":"Feature","geometry":{"type":"Point","coordinates":[16.801147,-4.585732]},"properties":{"province":"Kwango","zonesante":"Boko","localite":"Sala Bisala","localitetype":"Village","source_acronym":"DSNIS","date":"2019","grid3id":"KG_720E847F05","territoire":"Kenge"}},{"type":"Feature","geometry":{"type":"Point","coordinates":[17.416013,-6.990827]},"properties":{"province":"Kwango","zonesante":"Kitenda","airesante":"Mayala","localite":"Salabisala","localitetype":"Village","source_acronym":"DSNIS","date":"2019","grid3id":"KG_01D70E4222","territoire":"Kasongo-Lunda"}},{"type":"Feature","geometry":{"type":"Point","coordinates":[17.288776,-7.070223]},"properties":{"province":"Kwango","zonesante":"Kitenda","airesante":"Yenga Lusundji","localite":"Salabisala","localitetype":"Village","source_acronym":"DSNIS","date":"2019","grid3id":"KG_CEB3603BD5","territoire":"Kasongo-Lunda"}},{"type":"Feature","geometry":{"type":"Point","coordinates":[19.107689,-6.314713]},"properties":{"province":"Kwango","zonesante":"Kisanji","airesante":"Kambondo","localite":"Samba","localitetype":"Village","source_acronym":"DSNIS","date":"2019","grid3id":"KG_A06AC4F2DD","territoire":"Feshi"}},{"type":"Feature","geometry":{"type":"Point","coordinates":[19.288677,-6.189505]},"properties":{"province":"Kwango","zonesante":"Kisanji","airesante":"Malundu","localite":"Samba","localitetype":"Village","source_acronym":"DSNIS","date":"2019","grid3id":"KG_367E7E9968","territoire":"Feshi"}},{"type":"Feature","geometry":{"type":"Point","coordinates":[17.837105,-5.807012]},"properties":{"province":"Kwango","zonesante":"Feshi","airesante":"Lobo","localite":"Sangambau","localitetype":"Village","source_acronym":"DSNIS","date":"2019","grid3id":"KG_A788D921B3","territoire":"Feshi"}},{"type":"Feature","geometry":{"type":"Point","coordinates":[17.409872,-6.632185]},"properties":{"province":"Kwango","zonesante":"Wamba Lwadi","airesante":"Kibinda","localite":"Sangonda","localitetype":"Village","source_acronym":"DSNIS","date":"2019","grid3id":"KG_745BDC8AEF","territoire":"Kasongo-Lunda"}},{"type":"Feature","geometry":{"type":"Point","coordinates":[17.467199,-5.804785]},"properties":{"province":"Kwango","zonesante":"Mwela Lembwa","airesante":"Kasombo","localite":"Sanzika","localitetype":"Village","source_acronym":"DSNIS","date":"2019","grid3id":"KG_069AF7F420","territoire":"Feshi"}},{"type":"Feature","geometry":{"type":"Point","coordinates":[17.367194,-4.574389]},"properties":{"province":"Kwango","zonesante":"Kenge","airesante":"Makiala","localite":"Sawana","localitetype":"Village","source_acronym":"DSNIS","date":"2019","grid3id":"KG_1C04744807","territoire":"Kenge"}},{"type":"Feature","geometry":{"type":"Point","coordinates":[17.177101,-7.284257]},"properties":{"province":"Kwango","zonesante":"Kitenda","airesante":"Sefu","localite":"Sefu","localitetype":"Village","source_acronym":"DSNIS","date":"2019","grid3id":"KG_2326685A69","territoire":"Kasongo-Lunda"}},{"type":"Feature","geometry":{"type":"Point","coordinates":[17.202209,-7.341604]},"properties":{"province":"Kwango","zonesante":"Tembo","airesante":"Swamasangu","localite":"Sefu 2","localitetype":"Village","source_acronym":"DSNIS","date":"2019","grid3id":"KG_61CDF6CD7E","territoire":"Kasongo-Lunda"}},{"type":"Feature","geometry":{"type":"Point","coordinates":[17.522542,-5.953189]},"properties":{"province":"Kwango","zonesante":"Mwela Lembwa","airesante":"Mahungu","localite":"Semance","localitetype":"Village","source_acronym":"DSNIS","date":"2019","grid3id":"KG_44CEEEEBA9","territoire":"Feshi"}},{"type":"Feature","geometry":{"type":"Point","coordinates":[16.528673,-4.660297]},"properties":{"province":"Kwango","zonesante":"Boko","airesante":"Pont Kwango","localite":"Sengor","localitetype":"Hameau","source_acronym":"DSNIS","date":"2019","grid3id":"KG_5BB5735E1C","territoire":"Kenge"}},{"type":"Feature","geometry":{"type":"Point","coordinates":[17.444478,-4.400749]},"properties":{"province":"Kwango","zonesante":"Kenge","airesante":"Kapay Lono","localite":"Seyase","localitetype":"Village","source_acronym":"DSNIS","date":"2019","grid3id":"KG_117D701C4D","territoire":"Kenge"}},{"type":"Feature","geometry":{"type":"Point","coordinates":[19.491321,-7.189752]},"properties":{"province":"Kwango","zonesante":"Kahemba","airesante":"Mwamushiko","localite":"Shaandjingu 1","localitetype":"Village","source_acronym":"DSNIS","date":"2019","grid3id":"KG_105572F88B","territoire":"Kahemba"}},{"type":"Feature","geometry":{"type":"Point","coordinates":[18.31334,-6.739166]},"properties":{"province":"Kwango","zonesante":"Feshi","airesante":"Shatungushi","localite":"Shabiba","localitetype":"Village","source_acronym":"DSNIS","date":"2019","grid3id":"KG_CF16E2EF9F","territoire":"Feshi"}},{"type":"Feature","geometry":{"type":"Point","coordinates":[18.043414,-7.189064]},"properties":{"province":"Kwango","zonesante":"Panzi","localite":"Shaboto","localitetype":"Village","source_acronym":"DSNIS","date":"2019","grid3id":"KG_D6092D9EE4","territoire":"Kasongo-Lunda"}},{"type":"Feature","geometry":{"type":"Point","coordinates":[18.005303,-7.356135]},"properties":{"province":"Kwango","zonesante":"Panzi","localite":"Shabuma","localitetype":"Village","source_acronym":"DSNIS","date":"2019","grid3id":"KG_FCA8F2D413","territoire":"Kasongo-Lunda"}},{"type":"Feature","geometry":{"type":"Point","coordinates":[18.186582,-6.689297]},"properties":{"province":"Kwango","zonesante":"Feshi","airesante":"Shatungushi","localite":"Shafidi","localitetype":"Village","source_acronym":"DSNIS","date":"2019","grid3id":"KG_743C2B1783","territoire":"Feshi"}},{"type":"Feature","geometry":{"type":"Point","coordinates":[18.784696,-6.530853]},"properties":{"province":"Kwango","zonesante":"Kisanji","airesante":"Kabanga Mukeu","localite":"Shagadiata","localitetype":"Hameau","source_acronym":"DSNIS","date":"2019","grid3id":"KG_7580FB5817","territoire":"Feshi"}},{"type":"Feature","geometry":{"type":"Point","coordinates":[18.4215,-6.6355]},"properties":{"province":"Kwango","zonesante":"Feshi","airesante":"Utadi","localite":"Shagidji","localitetype":"Village","source_acronym":"DSNIS","date":"2019","grid3id":"KG_DA8FE591F9","territoire":"Feshi"}},{"type":"Feature","geometry":{"type":"Point","coordinates":[19.491479,-7.188182]},"properties":{"province":"Kwango","zonesante":"Kahemba","airesante":"Mwamushiko","localite":"Shahamba","localitetype":"Village","source_acronym":"DSNIS","date":"2019","grid3id":"KG_15340FEB24","territoire":"Kahemba"}},{"type":"Feature","geometry":{"type":"Point","coordinates":[19.490105,-7.184391]},"properties":{"province":"Kwango","zonesante":"Kahemba","airesante":"Mwamushiko","localite":"Shahunga","localitetype":"Village","source_acronym":"DSNIS","date":"2019","grid3id":"KG_08200BF756","territoire":"Kahemba"}},{"type":"Feature","geometry":{"type":"Point","coordinates":[18.763509,-7.805207]},"properties":{"province":"Kwango","zonesante":"Kajiji","airesante":"Mutetami","localite":"Shakadiata","localitetype":"Village","source_acronym":"DSNIS","date":"2019","grid3id":"KG_0805B3EAAF","territoire":"Kahemba"}},{"type":"Feature","geometry":{"type":"Point","coordinates":[18.242247,-7.52376]},"properties":{"province":"Kwango","zonesante":"Panzi","airesante":"Kambundi","localite":"Shakafunde","localitetype":"Village","source_acronym":"DSNIS","date":"2019","grid3id":"KG_63F7228A11","territoire":"Kasongo-Lunda"}},{"type":"Feature","geometry":{"type":"Point","coordinates":[19.306832,-7.886615]},"properties":{"province":"Kwango","zonesante":"Kahemba","localite":"Shakafutshi","localitetype":"Village","source_acronym":"DSNIS","date":"2019","grid3id":"KG_4A960A1868","territoire":"Kahemba"}},{"type":"Feature","geometry":{"type":"Point","coordinates":[18.695199,-7.78088]},"properties":{"province":"Kwango","zonesante":"Kajiji","airesante":"Mutetami","localite":"Shakafutshi","localitetype":"Village","source_acronym":"DSNIS","date":"2019","grid3id":"KG_6EA32C7063","territoire":"Kahemba"}},{"type":"Feature","geometry":{"type":"Point","coordinates":[18.669698,-7.577415]},"properties":{"province":"Kwango","zonesante":"Kajiji","airesante":"Shakalongo","localite":"Shakahuku","localitetype":"Village","source_acronym":"DSNIS","date":"2019","grid3id":"KG_DBE379E0C4","territoire":"Kahemba"}},{"type":"Feature","geometry":{"type":"Point","coordinates":[18.119699,-7.468959]},"properties":{"province":"Kwango","zonesante":"Panzi","airesante":"Kibunda 2","localite":"Shakahuku","localitetype":"Village","source_acronym":"DSNIS","date":"2019","grid3id":"KG_C963087D17","territoire":"Kasongo-Lunda"}},{"type":"Feature","geometry":{"type":"Point","coordinates":[18.087847,-7.888438]},"properties":{"province":"Kwango","zonesante":"Kajiji","airesante":"Nzofu","localite":"Shakahuma","localitetype":"Hameau","source_acronym":"DSNIS","date":"2019","grid3id":"KG_04621D1643","territoire":"Kahemba"}},{"type":"Feature","geometry":{"type":"Point","coordinates":[18.3646,-7.579581]},"properties":{"province":"Kwango","zonesante":"Kajiji","airesante":"Kambangu","localite":"Shakajiji","localitetype":"Village","source_acronym":"DSNIS","date":"2019","grid3id":"KG_2622A0E0A6","territoire":"Kahemba"}},{"type":"Feature","geometry":{"type":"Point","coordinates":[18.406709,-7.553916]},"properties":{"province":"Kwango","zonesante":"Kajiji","airesante":"Kambangu","localite":"Shakalongo","localitetype":"Village","source_acronym":"DSNIS","date":"2019","grid3id":"KG_1766FAC7BB","territoire":"Kahemba"}},{"type":"Feature","geometry":{"type":"Point","coordinates":[18.371361,-7.534858]},"properties":{"province":"Kwango","zonesante":"Kajiji","airesante":"Kambangu","localite":"Shakambuy","localitetype":"Village","source_acronym":"DSNIS","date":"2019","grid3id":"KG_9126B55238","territoire":"Kahemba"}},{"type":"Feature","geometry":{"type":"Point","coordinates":[19.472996,-7.253813]},"properties":{"province":"Kwango","zonesante":"Kahemba","airesante":"Mwamushiko","localite":"Shakanzaka","localitetype":"Village","source_acronym":"DSNIS","date":"2019","grid3id":"KG_5C5E8A9739","territoire":"Kahemba"}},{"type":"Feature","geometry":{"type":"Point","coordinates":[18.276922,-7.817961]},"properties":{"province":"Kwango","zonesante":"Kajiji","airesante":"Kapinipini","localite":"Shakapasu","localitetype":"Village","source_acronym":"DSNIS","date":"2019","grid3id":"KG_EA2F426F54","territoire":"Kahemba"}},{"type":"Feature","geometry":{"type":"Point","coordinates":[18.178256,-7.694278]},"properties":{"province":"Kwango","zonesante":"Panzi","airesante":"Tshibalamba","localite":"Shakapusa","localitetype":"Hameau","source_acronym":"DSNIS","date":"2019","grid3id":"KG_E4F929CCC9","territoire":"Kasongo-Lunda"}},{"type":"Feature","geometry":{"type":"Point","coordinates":[18.320915,-7.372353]},"properties":{"province":"Kwango","zonesante":"Panzi","airesante":"Kingwangala","localite":"Shakasandji","localitetype":"Village","source_acronym":"DSNIS","date":"2019","grid3id":"KG_F15E142887","territoire":"Kasongo-Lunda"}},{"type":"Feature","geometry":{"type":"Point","coordinates":[19.472574,-7.253379]},"properties":{"province":"Kwango","zonesante":"Kahemba","airesante":"Mwamushiko","localite":"Shakasumbi","localitetype":"Village","source_acronym":"DSNIS","date":"2019","grid3id":"KG_78EADF4DBE","territoire":"Kahemba"}},{"type":"Feature","geometry":{"type":"Point","coordinates":[19.287171,-7.883172]},"properties":{"province":"Kwango","zonesante":"Kahemba","localite":"Shakasumbi","localitetype":"Village","source_acronym":"DSNIS","date":"2019","grid3id":"KG_D614FF834A","territoire":"Kahemba"}},{"type":"Feature","geometry":{"type":"Point","coordinates":[18.234304,-7.335583]},"properties":{"province":"Kwango","zonesante":"Panzi","airesante":"Kingwangala","localite":"Shakasumbi","localitetype":"Village","source_acronym":"DSNIS","date":"2019","grid3id":"KG_C842EE0213","territoire":"Kasongo-Lunda"}},{"type":"Feature","geometry":{"type":"Point","coordinates":[18.372129,-6.447406]},"properties":{"province":"Kwango","zonesante":"Feshi","airesante":"Maziamo","localite":"Shakatunda","localitetype":"Village","source_acronym":"DSNIS","date":"2019","grid3id":"KG_F1AD3B0060","territoire":"Feshi"}},{"type":"Feature","geometry":{"type":"Point","coordinates":[19.155138,-6.396887]},"properties":{"province":"Kwango","zonesante":"Kisanji","airesante":"Ngoma","localite":"Shakavula","localitetype":"Village","source_acronym":"DSNIS","date":"2019","grid3id":"KG_11CDD1B630","territoire":"Feshi"}},{"type":"Feature","geometry":{"type":"Point","coordinates":[19.205023,-6.317799]},"properties":{"province":"Kwango","zonesante":"Kisanji","airesante":"Ngungi","localite":"Shakayile","localitetype":"Village","source_acronym":"DSNIS","date":"2019","grid3id":"KG_3C942691C4","territoire":"Feshi"}},{"type":"Feature","geometry":{"type":"Point","coordinates":[18.760228,-7.385812]},"properties":{"province":"Kwango","zonesante":"Kajiji","localite":"Shakazeza","localitetype":"Village","source_acronym":"DSNIS","date":"2019","grid3id":"KG_667DF5D6A5","territoire":"Kahemba"}},{"type":"Feature","geometry":{"type":"Point","coordinates":[18.460993,-7.559264]},"properties":{"province":"Kwango","zonesante":"Kajiji","airesante":"Kambangu","localite":"Shakazeza","localitetype":"Hameau","source_acronym":"DSNIS","date":"2019","grid3id":"KG_1E60AED5E1","territoire":"Kahemba"}},{"type":"Feature","geometry":{"type":"Point","coordinates":[18.60253,-7.395788]},"properties":{"province":"Kwango","zonesante":"Panzi","airesante":"Shabenge","localite":"Shakazeza","localitetype":"Village","source_acronym":"DSNIS","date":"2019","grid3id":"KG_18ACF39374","territoire":"Kasongo-Lunda"}},{"type":"Feature","geometry":{"type":"Point","coordinates":[19.288812,-7.882399]},"properties":{"province":"Kwango","zonesante":"Kahemba","localite":"Shakhalala","localitetype":"Village","source_acronym":"DSNIS","date":"2019","grid3id":"KG_FEB4059933","territoire":"Kahemba"}},{"type":"Feature","geometry":{"type":"Point","coordinates":[19.46357,-7.274115]},"properties":{"province":"Kwango","zonesante":"Kahemba","airesante":"Mwamushiko","localite":"Shakhalani","localitetype":"Village","source_acronym":"DSNIS","date":"2019","grid3id":"KG_AB72E893AC","territoire":"Kahemba"}},{"type":"Feature","geometry":{"type":"Point","coordinates":[19.319393,-6.165017]},"properties":{"province":"Kwango","zonesante":"Kisanji","airesante":"Kitanda","localite":"Shakhusu","localitetype":"Village","source_acronym":"DSNIS","date":"2019","grid3id":"KG_777BBBFEBA","territoire":"Feshi"}},{"type":"Feature","geometry":{"type":"Point","coordinates":[19.458299,-7.278443]},"properties":{"province":"Kwango","zonesante":"Kahemba","airesante":"Mwamushiko","localite":"Shakombe","localitetype":"Village","source_acronym":"DSNIS","date":"2019","grid3id":"KG_C1E3375473","territoire":"Kahemba"}},{"type":"Feature","geometry":{"type":"Point","coordinates":[19.458179,-7.278163]},"properties":{"province":"Kwango","zonesante":"Kahemba","airesante":"Mwamushiko","localite":"Shakungu","localitetype":"Village","source_acronym":"DSNIS","date":"2019","grid3id":"KG_01FFF06E94","territoire":"Kahemba"}},{"type":"Feature","geometry":{"type":"Point","coordinates":[19.426986,-7.292465]},"properties":{"province":"Kwango","zonesante":"Kahemba","airesante":"Mwamushiko","localite":"Shaluhadi","localitetype":"Village","source_acronym":"DSNIS","date":"2019","grid3id":"KG_9BCA5314C6","territoire":"Kahemba"}},{"type":"Feature","geometry":{"type":"Point","coordinates":[18.569298,-6.529912]},"properties":{"province":"Kwango","zonesante":"Feshi","airesante":"Utadi","localite":"Shalukunda","localitetype":"Village","source_acronym":"DSNIS","date":"2019","grid3id":"KG_CCE127B2B9","territoire":"Feshi"}},{"type":"Feature","geometry":{"type":"Point","coordinates":[18.934528,-6.857444]},"properties":{"province":"Kwango","zonesante":"Kajiji","airesante":"Kadima","localite":"Shalukunda","localitetype":"Village","source_acronym":"DSNIS","date":"2019","grid3id":"KG_A328F0D379","territoire":"Kahemba"}},{"type":"Feature","geometry":{"type":"Point","coordinates":[18.116572,-6.539584]},"properties":{"province":"Kwango","zonesante":"Feshi","airesante":"Mabaya","localite":"Shamafuka","localitetype":"Hameau","source_acronym":"DSNIS","date":"2019","grid3id":"KG_AD80831DC1","territoire":"Feshi"}},{"type":"Feature","geometry":{"type":"Point","coordinates":[19.214345,-6.65135]},"properties":{"province":"Kwango","zonesante":"Kisanji","airesante":"Mukundu","localite":"Shamandamba","localitetype":"Village","source_acronym":"DSNIS","date":"2019","grid3id":"KG_2B6DDFF728","territoire":"Feshi"}},{"type":"Feature","geometry":{"type":"Point","coordinates":[19.102148,-6.70197]},"properties":{"province":"Kwango","zonesante":"Kisanji","airesante":"Kazimba","localite":"Shamandevu","localitetype":"Village","source_acronym":"DSNIS","date":"2019","grid3id":"KG_E0C9E1A368","territoire":"Feshi"}},{"type":"Feature","geometry":{"type":"Point","coordinates":[18.581598,-6.680253]},"properties":{"province":"Kwango","zonesante":"Feshi","airesante":"Utadi","localite":"Shamangwangu","localitetype":"Village","source_acronym":"DSNIS","date":"2019","grid3id":"KG_02A271C556","territoire":"Feshi"}},{"type":"Feature","geometry":{"type":"Point","coordinates":[18.573217,-6.69737]},"properties":{"province":"Kwango","zonesante":"Feshi","airesante":"Utadi","localite":"Shamangwangu","localitetype":"Village","source_acronym":"DSNIS","date":"2019","grid3id":"KG_F6EDB4D1FE","territoire":"Feshi"}},{"type":"Feature","geometry":{"type":"Point","coordinates":[18.819244,-7.912154]},"properties":{"province":"Kwango","zonesante":"Kajiji","localite":"Shamanzenze","localitetype":"Village","source_acronym":"DSNIS","date":"2019","grid3id":"KG_8E4AE815B8","territoire":"Kahemba"}},{"type":"Feature","geometry":{"type":"Point","coordinates":[18.564844,-6.807099]},"properties":{"province":"Kwango","zonesante":"Feshi","airesante":"Utadi","localite":"Shamatadi","localitetype":"Village","source_acronym":"DSNIS","date":"2019","grid3id":"KG_772F6F546C","territoire":"Kahemba"}},{"type":"Feature","geometry":{"type":"Point","coordinates":[18.042391,-7.972544]},"properties":{"province":"Kwango","zonesante":"Kajiji","airesante":"Shamatahu","localite":"Shamatahu","localitetype":"Village","source_acronym":"DSNIS","date":"2019","grid3id":"KG_2CCD70AFDC","territoire":"Kahemba"}},{"type":"Feature","geometry":{"type":"Point","coordinates":[18.283026,-6.638563]},"properties":{"province":"Kwango","zonesante":"Feshi","airesante":"Mabaya","localite":"Shambungu","localitetype":"Village","source_acronym":"DSNIS","date":"2019","grid3id":"KG_637619BDBA","territoire":"Feshi"}},{"type":"Feature","geometry":{"type":"Point","coordinates":[18.445767,-7.02581]},"properties":{"province":"Kwango","zonesante":"Panzi","airesante":"Mazinda","localite":"Shambwengena","localitetype":"Village","source_acronym":"DSNIS","date":"2019","grid3id":"KG_58D2F02C12","territoire":"Kasongo-Lunda"}},{"type":"Feature","geometry":{"type":"Point","coordinates":[18.357347,-7.343789]},"properties":{"province":"Kwango","zonesante":"Panzi","airesante":"Kingwangala","localite":"Shamudiongo","localitetype":"Village","source_acronym":"DSNIS","date":"2019","grid3id":"KG_9F5F9CCA08","territoire":"Kasongo-Lunda"}},{"type":"Feature","geometry":{"type":"Point","coordinates":[18.114384,-7.276662]},"properties":{"province":"Kwango","zonesante":"Panzi","airesante":"Mbanza Kipungu","localite":"Shamuhanga","localitetype":"Village","source_acronym":"DSNIS","date":"2019","grid3id":"KG_FB2D25E3AE","territoire":"Kasongo-Lunda"}},{"type":"Feature","geometry":{"type":"Point","coordinates":[18.027822,-7.174339]},"properties":{"province":"Kwango","zonesante":"Panzi","localite":"Shamuhembo","localitetype":"Village","source_acronym":"DSNIS","date":"2019","grid3id":"KG_BC40972436","territoire":"Kasongo-Lunda"}},{"type":"Feature","geometry":{"type":"Point","coordinates":[18.764049,-7.890936]},"properties":{"province":"Kwango","zonesante":"Kajiji","airesante":"Mutetami","localite":"Shamuhuji","localitetype":"Hameau","source_acronym":"DSNIS","date":"2019","grid3id":"KG_29C055BF06","territoire":"Kahemba"}},{"type":"Feature","geometry":{"type":"Point","coordinates":[18.191055,-6.493485]},"properties":{"province":"Kwango","zonesante":"Feshi","airesante":"Mabaya","localite":"Shamuhunga","localitetype":"Village","source_acronym":"DSNIS","date":"2019","grid3id":"KG_3814B3E167","territoire":"Feshi"}},{"type":"Feature","geometry":{"type":"Point","coordinates":[18.076561,-7.760978]},"properties":{"province":"Kwango","zonesante":"Panzi","airesante":"Tshibalamba","localite":"Shamukinzi","localitetype":"Village","source_acronym":"DSNIS","date":"2019","grid3id":"KG_B830969CC0","territoire":"Kasongo-Lunda"}},{"type":"Feature","geometry":{"type":"Point","coordinates":[18.72898,-7.789533]},"properties":{"province":"Kwango","zonesante":"Kajiji","airesante":"Mutetami","localite":"Shamukuza","localitetype":"Village","source_acronym":"DSNIS","date":"2019","grid3id":"KG_665DD106E0","territoire":"Kahemba"}},{"type":"Feature","geometry":{"type":"Point","coordinates":[18.350019,-7.870593]},"properties":{"province":"Kwango","zonesante":"Kajiji","airesante":"Shauyanga","localite":"Shamulela","localitetype":"Village","source_acronym":"DSNIS","date":"2019","grid3id":"KG_26F150D1C6","territoire":"Kahemba"}},{"type":"Feature","geometry":{"type":"Point","coordinates":[18.772607,-6.568967]},"properties":{"province":"Kwango","zonesante":"Kisanji","airesante":"Kabanga Mukeu","localite":"Shamunana","localitetype":"Village","source_acronym":"DSNIS","date":"2019","grid3id":"KG_97C25025DB","territoire":"Feshi"}},{"type":"Feature","geometry":{"type":"Point","coordinates":[18.232068,-7.302826]},"properties":{"province":"Kwango","zonesante":"Panzi","airesante":"Kingwangala","localite":"Shamungamba","localitetype":"Village","source_acronym":"DSNIS","date":"2019","grid3id":"KG_8B7C801988","territoire":"Kasongo-Lunda"}},{"type":"Feature","geometry":{"type":"Point","coordinates":[18.183327,-7.890536]},"properties":{"province":"Kwango","zonesante":"Kajiji","airesante":"Nzofu","localite":"Shamunzanza","localitetype":"Hameau","source_acronym":"DSNIS","date":"2019","grid3id":"KG_FC2DE29A97","territoire":"Kahemba"}},{"type":"Feature","geometry":{"type":"Point","coordinates":[19.538981,-6.560717]},"properties":{"province":"Kwango","zonesante":"Kahemba","airesante":"Kamba Luazo","localite":"Shamusenga","localitetype":"Village","source_acronym":"DSNIS","date":"2019","grid3id":"KG_0E01D710BA","territoire":"Kahemba"}},{"type":"Feature","geometry":{"type":"Point","coordinates":[18.219348,-6.875419]},"properties":{"province":"Kwango","zonesante":"Panzi","airesante":"Mazinda","localite":"Shamutoma","localitetype":"Village","source_acronym":"DSNIS","date":"2019","grid3id":"KG_B015E12ABC","territoire":"Kasongo-Lunda"}},{"type":"Feature","geometry":{"type":"Point","coordinates":[18.189844,-7.665717]},"properties":{"province":"Kwango","zonesante":"Panzi","airesante":"Tshibalamba","localite":"Shamuzina","localitetype":"Village","source_acronym":"DSNIS","date":"2019","grid3id":"KG_88B69B76FC","territoire":"Kasongo-Lunda"}},{"type":"Feature","geometry":{"type":"Point","coordinates":[18.482819,-7.183458]},"properties":{"province":"Kwango","zonesante":"Panzi","airesante":"Shabenge","localite":"Shamvudi","localitetype":"Village","source_acronym":"DSNIS","date":"2019","grid3id":"KG_C9AF90168B","territoire":"Kasongo-Lunda"}},{"type":"Feature","geometry":{"type":"Point","coordinates":[18.543174,-6.677721]},"properties":{"province":"Kwango","zonesante":"Feshi","airesante":"Utadi","localite":"Shamvula","localitetype":"Village","source_acronym":"DSNIS","date":"2019","grid3id":"KG_BC0C71ED06","territoire":"Feshi"}},{"type":"Feature","geometry":{"type":"Point","coordinates":[18.111737,-6.526292]},"properties":{"province":"Kwango","zonesante":"Feshi","airesante":"Mabaya","localite":"Shamvumbu","localitetype":"Hameau","source_acronym":"DSNIS","date":"2019","grid3id":"KG_3B9ACA17B5","territoire":"Feshi"}},{"type":"Feature","geometry":{"type":"Point","coordinates":[18.453592,-6.657543]},"properties":{"province":"Kwango","zonesante":"Feshi","airesante":"Utadi","localite":"Shamvumbu","localitetype":"Village","source_acronym":"DSNIS","date":"2019","grid3id":"KG_BFDC109274","territoire":"Feshi"}},{"type":"Feature","geometry":{"type":"Point","coordinates":[18.230265,-7.530273]},"properties":{"province":"Kwango","zonesante":"Panzi","airesante":"Kambundi","localite":"Shamwaku","localitetype":"Village","source_acronym":"DSNIS","date":"2019","grid3id":"KG_F0159DA38F","territoire":"Kasongo-Lunda"}},{"type":"Feature","geometry":{"type":"Point","coordinates":[18.220341,-7.496895]},"properties":{"province":"Kwango","zonesante":"Panzi","airesante":"Kambundi","localite":"Shamwaku","localitetype":"Village","source_acronym":"DSNIS","date":"2019","grid3id":"KG_F4E46B00C7","territoire":"Kasongo-Lunda"}},{"type":"Feature","geometry":{"type":"Point","coordinates":[18.950044,-7.243545]},"properties":{"province":"Kwango","zonesante":"Kahemba","airesante":"Shamusenga","localite":"Shamwata","localitetype":"Village","source_acronym":"DSNIS","date":"2019","grid3id":"KG_CDC09BD45F","territoire":"Kahemba"}},{"type":"Feature","geometry":{"type":"Point","coordinates":[18.948854,-7.243477]},"properties":{"province":"Kwango","zonesante":"Kahemba","airesante":"Shamusenga","localite":"Shamwehe","localitetype":"Village","source_acronym":"DSNIS","date":"2019","grid3id":"KG_2001E602CC","territoire":"Kahemba"}},{"type":"Feature","geometry":{"type":"Point","coordinates":[18.229382,-7.944056]},"properties":{"province":"Kwango","zonesante":"Kajiji","airesante":"Nzofu","localite":"Shamwenze","localitetype":"Village","source_acronym":"DSNIS","date":"2019","grid3id":"KG_53D5F16909","territoire":"Kahemba"}},{"type":"Feature","geometry":{"type":"Point","coordinates":[18.573128,-6.505659]},"properties":{"province":"Kwango","zonesante":"Feshi","airesante":"Utadi","localite":"Shanama","localitetype":"Hameau","source_acronym":"DSNIS","date":"2019","grid3id":"KG_3CF32F7423","territoire":"Feshi"}},{"type":"Feature","geometry":{"type":"Point","coordinates":[18.948754,-7.244397]},"properties":{"province":"Kwango","zonesante":"Kahemba","airesante":"Shamusenga","localite":"Shanama","localitetype":"Village","source_acronym":"DSNIS","date":"2019","grid3id":"KG_DF52ECF10E","territoire":"Kahemba"}},{"type":"Feature","geometry":{"type":"Point","coordinates":[18.942142,-7.250833]},"properties":{"province":"Kwango","zonesante":"Kahemba","airesante":"Shamusenga","localite":"Shanama","localitetype":"Village","source_acronym":"DSNIS","date":"2019","grid3id":"KG_CBF95B38FA","territoire":"Kahemba"}},{"type":"Feature","geometry":{"type":"Point","coordinates":[18.92497,-7.129161]},"properties":{"province":"Kwango","zonesante":"Kajiji","airesante":"Kambansengo","localite":"Shanama","localitetype":"Village","source_acronym":"DSNIS","date":"2019","grid3id":"KG_59CD6783C4","territoire":"Kahemba"}},{"type":"Feature","geometry":{"type":"Point","coordinates":[18.792836,-6.467398]},"properties":{"province":"Kwango","zonesante":"Kisanji","airesante":"Kabanga Mukeu","localite":"Shanama","localitetype":"Village","source_acronym":"DSNIS","date":"2019","grid3id":"KG_0EFAAD17B8","territoire":"Feshi"}},{"type":"Feature","geometry":{"type":"Point","coordinates":[18.957396,-6.810494]},"properties":{"province":"Kwango","zonesante":"Kisanji","airesante":"Pombo","localite":"Shanama","localitetype":"Village","source_acronym":"DSNIS","date":"2019","grid3id":"KG_29FAE3077D","territoire":"Feshi"}},{"type":"Feature","geometry":{"type":"Point","coordinates":[19.183405,-6.238474]},"properties":{"province":"Kwango","zonesante":"Kisanji","airesante":"Mukoso","localite":"Shandele","localitetype":"Hameau","source_acronym":"DSNIS","date":"2019","grid3id":"KG_BE559028CC","territoire":"Feshi"}},{"type":"Feature","geometry":{"type":"Point","coordinates":[18.940308,-7.247738]},"properties":{"province":"Kwango","zonesante":"Kahemba","airesante":"Shamusenga","localite":"Shandjingu 2","localitetype":"Village","source_acronym":"DSNIS","date":"2019","grid3id":"KG_DA6693788B","territoire":"Kahemba"}},{"type":"Feature","geometry":{"type":"Point","coordinates":[18.938357,-7.245313]},"properties":{"province":"Kwango","zonesante":"Kahemba","airesante":"Shamusenga","localite":"Shanenga","localitetype":"Village","source_acronym":"DSNIS","date":"2019","grid3id":"KG_17C4B523FB","territoire":"Kahemba"}},{"type":"Feature","geometry":{"type":"Point","coordinates":[18.692934,-7.79616]},"properties":{"province":"Kwango","zonesante":"Kajiji","airesante":"Mutetami","localite":"Shangola","localitetype":"Hameau","source_acronym":"DSNIS","date":"2019","grid3id":"KG_68E598117A","territoire":"Kahemba"}},{"type":"Feature","geometry":{"type":"Point","coordinates":[18.433176,-6.639385]},"properties":{"province":"Kwango","zonesante":"Feshi","airesante":"Utadi","localite":"Shangonge","localitetype":"Village","source_acronym":"DSNIS","date":"2019","grid3id":"KG_B1EF0F534D","territoire":"Feshi"}},{"type":"Feature","geometry":{"type":"Point","coordinates":[19.006937,-7.224995]},"properties":{"province":"Kwango","zonesante":"Kahemba","airesante":"Shamusenga","localite":"Shangonge","localitetype":"Village","source_acronym":"DSNIS","date":"2019","grid3id":"KG_E7DAFEE481","territoire":"Kahemba"}},{"type":"Feature","geometry":{"type":"Point","coordinates":[19.013974,-7.192515]},"properties":{"province":"Kwango","zonesante":"Kahemba","airesante":"Shamusenga","localite":"Shangonge","localitetype":"Village","source_acronym":"DSNIS","date":"2019","grid3id":"KG_A185B77C2A","territoire":"Kahemba"}},{"type":"Feature","geometry":{"type":"Point","coordinates":[19.015219,-7.184727]},"properties":{"province":"Kwango","zonesante":"Kahemba","airesante":"Shamusenga","localite":"Shangonge","localitetype":"Village","source_acronym":"DSNIS","date":"2019","grid3id":"KG_A1ECEE0EDF","territoire":"Kahemba"}},{"type":"Feature","geometry":{"type":"Point","coordinates":[18.449853,-7.116546]},"properties":{"province":"Kwango","zonesante":"Panzi","airesante":"Shabenge","localite":"Shankuku","localitetype":"Village","source_acronym":"DSNIS","date":"2019","grid3id":"KG_96751288CE","territoire":"Kasongo-Lunda"}},{"type":"Feature","geometry":{"type":"Point","coordinates":[18.094161,-7.438919]},"properties":{"province":"Kwango","zonesante":"Panzi","airesante":"Kambandambi","localite":"Shankunda","localitetype":"Village","source_acronym":"DSNIS","date":"2019","grid3id":"KG_FF4CB4324E","territoire":"Kasongo-Lunda"}},{"type":"Feature","geometry":{"type":"Point","coordinates":[18.90683,-7.160783]},"properties":{"province":"Kwango","zonesante":"Kajiji","airesante":"Kambansengo","localite":"Shanvula","localitetype":"Village","source_acronym":"DSNIS","date":"2019","grid3id":"KG_D0A93FD6C3","territoire":"Kahemba"}},{"type":"Feature","geometry":{"type":"Point","coordinates":[18.223833,-6.787215]},"properties":{"province":"Kwango","zonesante":"Feshi","airesante":"Shatungushi","localite":"Shapembe","localitetype":"Village","source_acronym":"DSNIS","date":"2019","grid3id":"KG_51333425B8","territoire":"Feshi"}},{"type":"Feature","geometry":{"type":"Point","coordinates":[18.586777,-6.598027]},"properties":{"province":"Kwango","zonesante":"Feshi","airesante":"Utadi","localite":"Shapembe","localitetype":"Village","source_acronym":"DSNIS","date":"2019","grid3id":"KG_987B7738F4","territoire":"Feshi"}},{"type":"Feature","geometry":{"type":"Point","coordinates":[19.029515,-7.145707]},"properties":{"province":"Kwango","zonesante":"Kahemba","airesante":"Kamba Nguya","localite":"Shapidi","localitetype":"Village","source_acronym":"DSNIS","date":"2019","grid3id":"KG_DCB51839C7","territoire":"Kahemba"}},{"type":"Feature","geometry":{"type":"Point","coordinates":[18.104287,-7.408284]},"properties":{"province":"Kwango","zonesante":"Panzi","airesante":"Kambandambi","localite":"Shapoko","localitetype":"Village","source_acronym":"DSNIS","date":"2019","grid3id":"KG_B0318B3A6F","territoire":"Kasongo-Lunda"}},{"type":"Feature","geometry":{"type":"Point","coordinates":[18.54518,-7.34218]},"properties":{"province":"Kwango","zonesante":"Panzi","airesante":"Shabenge","localite":"Shapombo","localitetype":"Village","source_acronym":"DSNIS","date":"2019","grid3id":"KG_78A4BDA04B","territoire":"Kasongo-Lunda"}},{"type":"Feature","geometry":{"type":"Point","coordinates":[18.839584,-6.700842]},"properties":{"province":"Kwango","zonesante":"Kisanji","airesante":"Shapuka","localite":"Shapuka","localitetype":"Village","source_acronym":"DSNIS","date":"2019","grid3id":"KG_482C555DBA","territoire":"Feshi"}},{"type":"Feature","geometry":{"type":"Point","coordinates":[18.304056,-6.60723]},"properties":{"province":"Kwango","zonesante":"Feshi","airesante":"Mabaya","localite":"Shapumbu","localitetype":"Village","source_acronym":"DSNIS","date":"2019","grid3id":"KG_1E61032308","territoire":"Feshi"}},{"type":"Feature","geometry":{"type":"Point","coordinates":[18.084298,-7.959273]},"properties":{"province":"Kwango","zonesante":"Kajiji","airesante":"Nzofu","localite":"Shasambalufufuta","localitetype":"Village","source_acronym":"DSNIS","date":"2019","grid3id":"KG_6ABA1E6171","territoire":"Kahemba"}},{"type":"Feature","geometry":{"type":"Point","coordinates":[19.051697,-7.115471]},"properties":{"province":"Kwango","zonesante":"Kahemba","airesante":"Kamba Nguya","localite":"Shasula","localitetype":"Village","source_acronym":"DSNIS","date":"2019","grid3id":"KG_B64F94DC56","territoire":"Kahemba"}},{"type":"Feature","geometry":{"type":"Point","coordinates":[18.667775,-7.808918]},"properties":{"province":"Kwango","zonesante":"Kajiji","airesante":"Mutetami","localite":"Shatambi","localitetype":"Hameau","source_acronym":"DSNIS","date":"2019","grid3id":"KG_0B69603FD4","territoire":"Kahemba"}},{"type":"Feature","geometry":{"type":"Point","coordinates":[18.580388,-6.564402]},"properties":{"province":"Kwango","zonesante":"Feshi","airesante":"Utadi","localite":"Shatoma","localitetype":"Village","source_acronym":"DSNIS","date":"2019","grid3id":"KG_0360BE0AF7","territoire":"Feshi"}},{"type":"Feature","geometry":{"type":"Point","coordinates":[19.053745,-7.096605]},"properties":{"province":"Kwango","zonesante":"Kahemba","airesante":"Kamba Nguya","localite":"Shatonga","localitetype":"Village","source_acronym":"DSNIS","date":"2019","grid3id":"KG_3D59A1937C","territoire":"Kahemba"}},{"type":"Feature","geometry":{"type":"Point","coordinates":[19.054056,-7.096394]},"properties":{"province":"Kwango","zonesante":"Kahemba","airesante":"Kamba Nguya","localite":"Shatshibulungu","localitetype":"Village","source_acronym":"DSNIS","date":"2019","grid3id":"KG_AC997937EA","territoire":"Kahemba"}},{"type":"Feature","geometry":{"type":"Point","coordinates":[18.177395,-7.394025]},"properties":{"province":"Kwango","zonesante":"Panzi","airesante":"Kingwangala","localite":"Shatshienfu","localitetype":"Village","source_acronym":"DSNIS","date":"2019","grid3id":"KG_E0C1B57A50","territoire":"Kasongo-Lunda"}},{"type":"Feature","geometry":{"type":"Point","coordinates":[18.198376,-6.728201]},"properties":{"province":"Kwango","zonesante":"Feshi","airesante":"Shatungushi","localite":"Shatshihenge","localitetype":"Village","source_acronym":"DSNIS","date":"2019","grid3id":"KG_C7081A0388","territoire":"Feshi"}},{"type":"Feature","geometry":{"type":"Point","coordinates":[19.0533,-7.095949]},"properties":{"province":"Kwango","zonesante":"Kahemba","airesante":"Kamba Nguya","localite":"Shatshihuna","localitetype":"Village","source_acronym":"DSNIS","date":"2019","grid3id":"KG_A71B37FB0E","territoire":"Kahemba"}},{"type":"Feature","geometry":{"type":"Point","coordinates":[19.050743,-7.072668]},"properties":{"province":"Kwango","zonesante":"Kahemba","airesante":"Kamba Nguya","localite":"Shatshikandji","localitetype":"Village","source_acronym":"DSNIS","date":"2019","grid3id":"KG_B9B8360C2F","territoire":"Kahemba"}},{"type":"Feature","geometry":{"type":"Point","coordinates":[19.053703,-7.061952]},"properties":{"province":"Kwango","zonesante":"Kahemba","airesante":"Kamba Nguya","localite":"Shatshikwekwe","localitetype":"Village","source_acronym":"DSNIS","date":"2019","grid3id":"KG_627528167E","territoire":"Kahemba"}},{"type":"Feature","geometry":{"type":"Point","coordinates":[19.060799,-7.043321]},"properties":{"province":"Kwango","zonesante":"Kahemba","airesante":"Kamba Nguya","localite":"Shatshiminia","localitetype":"Village","source_acronym":"DSNIS","date":"2019","grid3id":"KG_CCA1F1756D","territoire":"Kahemba"}},{"type":"Feature","geometry":{"type":"Point","coordinates":[18.411337,-6.99827]},"properties":{"province":"Kwango","zonesante":"Panzi","airesante":"Mazinda","localite":"Shatshionza","localitetype":"Village","source_acronym":"DSNIS","date":"2019","grid3id":"KG_421BED70C2","territoire":"Kasongo-Lunda"}},{"type":"Feature","geometry":{"type":"Point","coordinates":[19.075711,-7.02837]},"properties":{"province":"Kwango","zonesante":"Kahemba","airesante":"Kamba Nguya","localite":"Shatshipoko","localitetype":"Village","source_acronym":"DSNIS","date":"2019","grid3id":"KG_C00D89B930","territoire":"Kahemba"}},{"type":"Feature","geometry":{"type":"Point","coordinates":[18.077018,-7.36152]},"properties":{"province":"Kwango","zonesante":"Panzi","localite":"Shatshitete","localitetype":"Village","source_acronym":"DSNIS","date":"2019","grid3id":"KG_8886B3A17E","territoire":"Kasongo-Lunda"}},{"type":"Feature","geometry":{"type":"Point","coordinates":[18.858333,-6.91275]},"properties":{"province":"Kwango","zonesante":"Kajiji","airesante":"Kadima","localite":"Shatshoka","localitetype":"Village","source_acronym":"DSNIS","date":"2019","grid3id":"KG_6AF68862D9","territoire":"Kahemba"}},{"type":"Feature","geometry":{"type":"Point","coordinates":[18.217403,-6.850115]},"properties":{"province":"Kwango","zonesante":"Feshi","airesante":"Shatungushi","localite":"Shatula","localitetype":"Village","source_acronym":"DSNIS","date":"2019","grid3id":"KG_937811FA37","territoire":"Feshi"}},{"type":"Feature","geometry":{"type":"Point","coordinates":[18.216721,-6.771849]},"properties":{"province":"Kwango","zonesante":"Feshi","airesante":"Shatungushi","localite":"Shatungishi","localitetype":"Village","source_acronym":"DSNIS","date":"2019","grid3id":"KG_43A87C01A5","territoire":"Feshi"}},{"type":"Feature","geometry":{"type":"Point","coordinates":[18.395319,-7.909037]},"properties":{"province":"Kwango","zonesante":"Kajiji","airesante":"Shauyanga","localite":"Shauyanga","localitetype":"Village","source_acronym":"DSNIS","date":"2019","grid3id":"KG_1C825351E4","territoire":"Kahemba"}},{"type":"Feature","geometry":{"type":"Point","coordinates":[19.077225,-7.027784]},"properties":{"province":"Kwango","zonesante":"Kahemba","airesante":"Kamba Nguya","localite":"Shawono","localitetype":"Village","source_acronym":"DSNIS","date":"2019","grid3id":"KG_D5195047FE","territoire":"Kahemba"}},{"type":"Feature","geometry":{"type":"Point","coordinates":[19.119746,-7.006258]},"properties":{"province":"Kwango","zonesante":"Kahemba","airesante":"Kamba Nguya","localite":"Shawunga","localitetype":"Village","source_acronym":"DSNIS","date":"2019","grid3id":"KG_0F48AAEC3F","territoire":"Kahemba"}},{"type":"Feature","geometry":{"type":"Point","coordinates":[18.434568,-7.788675]},"properties":{"province":"Kwango","zonesante":"Kajiji","airesante":"Shauyanga","localite":"Shawuta","localitetype":"Hameau","source_acronym":"DSNIS","date":"2019","grid3id":"KG_51A459C9ED","territoire":"Kahemba"}},{"type":"Feature","geometry":{"type":"Point","coordinates":[19.120026,-7.005683]},"properties":{"province":"Kwango","zonesante":"Kahemba","airesante":"Kamba Nguya","localite":"Shayamva","localitetype":"Village","source_acronym":"DSNIS","date":"2019","grid3id":"KG_00EC6AAD91","territoire":"Kahemba"}},{"type":"Feature","geometry":{"type":"Point","coordinates":[18.085605,-7.238626]},"properties":{"province":"Kwango","zonesante":"Panzi","airesante":"Mbanza Kipungu","localite":"Shayamva","localitetype":"Village","source_acronym":"DSNIS","date":"2019","grid3id":"KG_1C2C18E6B2","territoire":"Kasongo-Lunda"}},{"type":"Feature","geometry":{"type":"Point","coordinates":[18.669295,-7.576928]},"properties":{"province":"Kwango","zonesante":"Kajiji","airesante":"Shakalongo","localite":"Shayenze","localitetype":"Village","source_acronym":"DSNIS","date":"2019","grid3id":"KG_C69EBD1CB2","territoire":"Kahemba"}},{"type":"Feature","geometry":{"type":"Point","coordinates":[18.788916,-6.517384]},"properties":{"province":"Kwango","zonesante":"Kisanji","airesante":"Kabanga Mukeu","localite":"Shayikulu","localitetype":"Village","source_acronym":"DSNIS","date":"2019","grid3id":"KG_DB03DDBD5D","territoire":"Feshi"}},{"type":"Feature","geometry":{"type":"Point","coordinates":[18.381827,-6.938052]},"properties":{"province":"Kwango","zonesante":"Panzi","airesante":"Mazinda","localite":"Shayimbuanda","localitetype":"Village","source_acronym":"DSNIS","date":"2019","grid3id":"KG_BCD0A4D174","territoire":"Kasongo-Lunda"}},{"type":"Feature","geometry":{"type":"Point","coordinates":[18.834351,-7.935111]},"properties":{"province":"Kwango","zonesante":"Kahemba","localite":"Shayongo","localitetype":"Village","source_acronym":"DSNIS","date":"2019","grid3id":"KG_59FB05ABF6","territoire":"Kahemba"}},{"type":"Feature","geometry":{"type":"Point","coordinates":[17.888661,-6.421641]},"properties":{"province":"Kwango","zonesante":"Mwela Lembwa","airesante":"Mafuti","localite":"Shiangongi","localitetype":"Village","source_acronym":"DSNIS","date":"2019","grid3id":"KG_7508DA6267","territoire":"Feshi"}},{"type":"Feature","geometry":{"type":"Point","coordinates":[18.810089,-6.323052]},"properties":{"province":"Kwango","zonesante":"Kisanji","airesante":"Shamwana","localite":"Shimata","localitetype":"Village","source_acronym":"DSNIS","date":"2019","grid3id":"KG_56AF57DCBE","territoire":"Feshi"}},{"type":"Feature","geometry":{"type":"Point","coordinates":[18.334553,-6.393362]},"properties":{"province":"Kwango","zonesante":"Feshi","airesante":"Maziamo","localite":"Shimuna","localitetype":"Village","source_acronym":"DSNIS","date":"2019","grid3id":"KG_36AAAE1DE4","territoire":"Feshi"}},{"type":"Feature","geometry":{"type":"Point","coordinates":[18.341212,-7.124031]},"properties":{"province":"Kwango","zonesante":"Panzi","airesante":"Mazinda","localite":"Shindula","localitetype":"Village","source_acronym":"DSNIS","date":"2019","grid3id":"KG_B6E6BD7755","territoire":"Kasongo-Lunda"}},{"type":"Feature","geometry":{"type":"Point","coordinates":[16.962251,-6.662654]},"properties":{"province":"Kwango","zonesante":"Kasongo Lunda","airesante":"Kipanzu","localite":"Siangolo","localitetype":"Village","source_acronym":"DSNIS","date":"2019","grid3id":"KG_184148B177","territoire":"Kasongo-Lunda"}},{"type":"Feature","geometry":{"type":"Point","coordinates":[18.066872,-7.513791]},"properties":{"province":"Kwango","zonesante":"Panzi","airesante":"Kibunda 2","localite":"Sindani","localitetype":"Hameau","source_acronym":"DSNIS","date":"2019","grid3id":"KG_D88B4D5E5B","territoire":"Kasongo-Lunda"}},{"type":"Feature","geometry":{"type":"Point","coordinates":[17.388714,-4.776045]},"properties":{"province":"Kwango","zonesante":"Kenge","airesante":"Misele","localite":"Stock","localitetype":"Village","source_acronym":"DSNIS","date":"2019","grid3id":"KG_FB06BC004B","territoire":"Kenge"}},{"type":"Feature","geometry":{"type":"Point","coordinates":[18.07026,-7.377943]},"properties":{"province":"Kwango","zonesante":"Panzi","localite":"Suki Pembe","localitetype":"Village","source_acronym":"DSNIS","date":"2019","grid3id":"KG_4740BC1138","territoire":"Kasongo-Lunda"}},{"type":"Feature","geometry":{"type":"Point","coordinates":[16.862398,-6.543227]},"properties":{"province":"Kwango","zonesante":"Kasongo Lunda","airesante":"Kimbembo","localite":"Sukisa","localitetype":"Hameau","source_acronym":"DSNIS","date":"2019","grid3id":"KG_635498194D","territoire":"Kasongo-Lunda"}},{"type":"Feature","geometry":{"type":"Point","coordinates":[17.919007,-7.586844]},"properties":{"province":"Kwango","zonesante":"Tembo","airesante":"Suayamfu","localite":"Swa Yamvu","localitetype":"Village","source_acronym":"DSNIS","date":"2019","grid3id":"KG_D1342E475B","territoire":"Kasongo-Lunda"}},{"type":"Feature","geometry":{"type":"Point","coordinates":[17.318089,-6.861663]},"properties":{"province":"Kwango","zonesante":"Kitenda","airesante":"Kitenda","localite":"Swa Ibanda","localitetype":"Village","source_acronym":"DSNIS","date":"2019","grid3id":"KG_27393AD068","territoire":"Kasongo-Lunda"}},{"type":"Feature","geometry":{"type":"Point","coordinates":[17.115212,-7.153088]},"properties":{"province":"Kwango","zonesante":"Kitenda","airesante":"Sefu","localite":"Swa Tenda","localitetype":"Village","source_acronym":"DSNIS","date":"2019","grid3id":"KG_DCE306D054","territoire":"Kasongo-Lunda"}},{"type":"Feature","geometry":{"type":"Point","coordinates":[17.320641,-6.871375]},"properties":{"province":"Kwango","zonesante":"Kitenda","airesante":"Kitenda","localite":"Swa Yamvu","localitetype":"Village","source_acronym":"DSNIS","date":"2019","grid3id":"KG_44F2CACCAC","territoire":"Kasongo-Lunda"}},{"type":"Feature","geometry":{"type":"Point","coordinates":[17.271547,-4.909257]},"properties":{"province":"Kwango","zonesante":"Kenge","airesante":"Swa Bangu","localite":"Swabangu","localitetype":"Village","source_acronym":"DSNIS","date":"2019","grid3id":"KG_870C1A84A2","territoire":"Kenge"}},{"type":"Feature","geometry":{"type":"Point","coordinates":[17.353902,-4.639269]},"properties":{"province":"Kwango","zonesante":"Kenge","airesante":"Makiala","localite":"Swakahumba","localitetype":"Village","source_acronym":"DSNIS","date":"2019","grid3id":"KG_579E83F469","territoire":"Kenge"}},{"type":"Feature","geometry":{"type":"Point","coordinates":[17.136044,-4.906972]},"properties":{"province":"Kwango","zonesante":"Kenge","airesante":"Kobo","localite":"Swakilembe","localitetype":"Village","source_acronym":"DSNIS","date":"2019","grid3id":"KG_7465754EBA","territoire":"Kenge"}},{"type":"Feature","geometry":{"type":"Point","coordinates":[17.744125,-6.945798]},"properties":{"province":"Kwango","zonesante":"Panzi","airesante":"Tambu Tseke","localite":"Swamutombo","localitetype":"Village","source_acronym":"DSNIS","date":"2019","grid3id":"KG_B268CB89D3","territoire":"Kasongo-Lunda"}},{"type":"Feature","geometry":{"type":"Point","coordinates":[17.133604,-6.305165]},"properties":{"province":"Kwango","zonesante":"Kasongo Lunda","airesante":"Kifuka","localite":"Swangulu","localitetype":"Village","source_acronym":"DSNIS","date":"2019","grid3id":"KG_19FA9CCB75","territoire":"Kasongo-Lunda"}},{"type":"Feature","geometry":{"type":"Point","coordinates":[17.293519,-4.777675]},"properties":{"province":"Kwango","zonesante":"Kenge","airesante":"Makiala","localite":"Swatsaku","localitetype":"Village","source_acronym":"DSNIS","date":"2019","grid3id":"KG_F77869D949","territoire":"Kenge"}},{"type":"Feature","geometry":{"type":"Point","coordinates":[16.538097,-4.906078]},"properties":{"province":"Kwango","zonesante":"Boko","airesante":"Takundi","localite":"Takimani","localitetype":"Village","source_acronym":"DSNIS","date":"2019","grid3id":"KG_751208E23E","territoire":"Kenge"}},{"type":"Feature","geometry":{"type":"Point","coordinates":[16.477485,-4.777823]},"properties":{"province":"Kwango","zonesante":"Boko","airesante":"Kabuba","localite":"Takundi","localitetype":"Village","source_acronym":"DSNIS","date":"2019","grid3id":"KG_EA4D3E7ED1","territoire":"Kenge"}},{"type":"Feature","geometry":{"type":"Point","coordinates":[17.724522,-6.567085]},"properties":{"province":"Kwango","zonesante":"Mwela Lembwa","airesante":"Kabolo","localite":"Talamaku","localitetype":"Village","source_acronym":"DSNIS","date":"2019","grid3id":"KG_2A197034D7","territoire":"Feshi"}},{"type":"Feature","geometry":{"type":"Point","coordinates":[17.462324,-6.976811]},"properties":{"province":"Kwango","zonesante":"Kitenda","airesante":"Mwela Kassa","localite":"Talameso","localitetype":"Village","source_acronym":"DSNIS","date":"2019","grid3id":"KG_694629BB6F","territoire":"Kasongo-Lunda"}},{"type":"Feature","geometry":{"type":"Point","coordinates":[16.897513,-5.388688]},"properties":{"province":"Kwango","zonesante":"Boko","airesante":"Mukukulu Tseke","localite":"Tambola","localitetype":"Village","source_acronym":"DSNIS","date":"2019","grid3id":"KG_41B78D16C8","territoire":"Kenge"}},{"type":"Feature","geometry":{"type":"Point","coordinates":[18.142927,-7.859888]},"properties":{"province":"Kwango","zonesante":"Kajiji","airesante":"Nzofu","localite":"Tambwe","localitetype":"Village","source_acronym":"DSNIS","date":"2019","grid3id":"KG_F9C7EB0492","territoire":"Kahemba"}},{"type":"Feature","geometry":{"type":"Point","coordinates":[18.582399,-6.583126]},"properties":{"province":"Kwango","zonesante":"Feshi","airesante":"Utadi","localite":"Tanda","localitetype":"Village","source_acronym":"DSNIS","date":"2019","grid3id":"KG_F265696027","territoire":"Feshi"}},{"type":"Feature","geometry":{"type":"Point","coordinates":[18.304554,-7.745754]},"properties":{"province":"Kwango","zonesante":"Kajiji","airesante":"Kajiji","localite":"Tanda","localitetype":"Hameau","source_acronym":"DSNIS","date":"2019","grid3id":"KG_95CF63AF24","territoire":"Kahemba"}},{"type":"Feature","geometry":{"type":"Point","coordinates":[16.555515,-4.812942]},"properties":{"province":"Kwango","zonesante":"Boko","airesante":"Takundi","localite":"Tandudi","localitetype":"Village","source_acronym":"DSNIS","date":"2019","grid3id":"KG_97E2BF7A7B","territoire":"Kenge"}},{"type":"Feature","geometry":{"type":"Point","coordinates":[17.047079,-4.598336]},"properties":{"province":"Kwango","zonesante":"Boko","airesante":"Tangombe","localite":"Tangombe","localitetype":"Village","source_acronym":"DSNIS","date":"2019","grid3id":"KG_DA9A8389D0","territoire":"Kenge"}},{"type":"Feature","geometry":{"type":"Point","coordinates":[17.540694,-6.428481]},"properties":{"province":"Kwango","zonesante":"Wamba Lwadi","airesante":"Kapata","localite":"Tanzambi","localitetype":"Village","source_acronym":"DSNIS","date":"2019","grid3id":"KG_6E63374F38","territoire":"Kasongo-Lunda"}},{"type":"Feature","geometry":{"type":"Point","coordinates":[16.532732,-4.813598]},"properties":{"province":"Kwango","zonesante":"Boko","airesante":"Takundi","localite":"Tasundi","localitetype":"Village","source_acronym":"DSNIS","date":"2019","grid3id":"KG_FA88F1F17D","territoire":"Kenge"}},{"type":"Feature","geometry":{"type":"Point","coordinates":[17.340828,-6.14321]},"properties":{"province":"Kwango","zonesante":"Wamba Lwadi","airesante":"Kabaka Mbangi","localite":"Tata Kiti","localitetype":"Village","source_acronym":"DSNIS","date":"2019","grid3id":"KG_B43365F9F3","territoire":"Kasongo-Lunda"}},{"type":"Feature","geometry":{"type":"Point","coordinates":[17.623674,-6.333532]},"properties":{"province":"Kwango","zonesante":"Mwela Lembwa","airesante":"Ganaketi","localite":"Tatakatoko","localitetype":"Village","source_acronym":"DSNIS","date":"2019","grid3id":"KG_3072E48419","territoire":"Feshi"}},{"type":"Feature","geometry":{"type":"Point","coordinates":[16.89674,-4.372699]},"properties":{"province":"Kwango","zonesante":"Boko","airesante":"Bitadiluasa","localite":"Tatso","localitetype":"Village","source_acronym":"DSNIS","date":"2019","grid3id":"KG_679ED4EEA0","territoire":"Kenge"}},{"type":"Feature","geometry":{"type":"Point","coordinates":[16.529398,-4.872904]},"properties":{"province":"Kwango","zonesante":"Boko","airesante":"Takundi","localite":"Tavunda","localitetype":"Village","source_acronym":"DSNIS","date":"2019","grid3id":"KG_2E8BDA4491","territoire":"Kenge"}},{"type":"Feature","geometry":{"type":"Point","coordinates":[17.002397,-4.57174]},"properties":{"province":"Kwango","zonesante":"Boko","airesante":"Tangombe","localite":"Tayana","localitetype":"Village","source_acronym":"DSNIS","date":"2019","grid3id":"KG_EBB20A29E0","territoire":"Kenge"}},{"type":"Feature","geometry":{"type":"Point","coordinates":[18.003915,-7.361678]},"properties":{"province":"Kwango","zonesante":"Panzi","airesante":"Kasandji","localite":"Tela Mina","localitetype":"Village","source_acronym":"DSNIS","date":"2019","grid3id":"KG_CBEE4D9C06","territoire":"Kasongo-Lunda"}},{"type":"Feature","geometry":{"type":"Point","coordinates":[17.449852,-6.962006]},"properties":{"province":"Kwango","zonesante":"Kitenda","airesante":"Mwela Kassa","localite":"Telama","localitetype":"Village","source_acronym":"DSNIS","date":"2019","grid3id":"KG_A99E2DA682","territoire":"Kasongo-Lunda"}},{"type":"Feature","geometry":{"type":"Point","coordinates":[17.461257,-6.940142]},"properties":{"province":"Kwango","zonesante":"Kitenda","airesante":"Mwela Kassa","localite":"Telama","localitetype":"Village","source_acronym":"DSNIS","date":"2019","grid3id":"KG_F5D30356E2","territoire":"Kasongo-Lunda"}},{"type":"Feature","geometry":{"type":"Point","coordinates":[17.824114,-5.896523]},"properties":{"province":"Kwango","zonesante":"Feshi","airesante":"Lobo","localite":"Telapasa","localitetype":"Village","source_acronym":"DSNIS","date":"2019","grid3id":"KG_D6A0E2FBAD","territoire":"Feshi"}},{"type":"Feature","geometry":{"type":"Point","coordinates":[17.336012,-6.33679]},"properties":{"province":"Kwango","zonesante":"Wamba Lwadi","airesante":"Mayimba Ngonda","localite":"Tema","localitetype":"Village","source_acronym":"DSNIS","date":"2019","grid3id":"KG_150D972479","territoire":"Kasongo-Lunda"}},{"type":"Feature","geometry":{"type":"Point","coordinates":[18.572876,-6.27899]},"properties":{"province":"Kwango","zonesante":"Feshi","airesante":"Kahoka","localite":"Tenda","localitetype":"Village","source_acronym":"DSNIS","date":"2019","grid3id":"KG_5177AE2389","territoire":"Feshi"}},{"type":"Feature","geometry":{"type":"Point","coordinates":[18.375681,-6.340818]},"properties":{"province":"Kwango","zonesante":"Feshi","airesante":"Maziamo","localite":"Terrain","localitetype":"Village","source_acronym":"DSNIS","date":"2019","grid3id":"KG_F29545FF01","territoire":"Feshi"}},{"type":"Feature","geometry":{"type":"Point","coordinates":[18.537563,-6.938639]},"properties":{"province":"Kwango","zonesante":"Kajiji","airesante":"Mudikalunga","localite":"Thanda","localitetype":"Village","source_acronym":"DSNIS","date":"2019","grid3id":"KG_4D717901CC","territoire":"Kahemba"}},{"type":"Feature","geometry":{"type":"Point","coordinates":[18.932528,-6.929639]},"properties":{"province":"Kwango","zonesante":"Kajiji","airesante":"Kadima","localite":"Thanda","localitetype":"Village","source_acronym":"DSNIS","date":"2019","grid3id":"KG_E259B704FA","territoire":"Kahemba"}},{"type":"Feature","geometry":{"type":"Point","coordinates":[17.819486,-7.236088]},"properties":{"province":"Kwango","zonesante":"Panzi","airesante":"Kiama","localite":"Tiabakwau","localitetype":"Village","source_acronym":"DSNIS","date":"2019","grid3id":"KG_DFC27748C1","territoire":"Kasongo-Lunda"}},{"type":"Feature","geometry":{"type":"Point","coordinates":[17.834768,-7.230052]},"properties":{"province":"Kwango","zonesante":"Panzi","airesante":"Kiama","localite":"Tiabakwau","localitetype":"Village","source_acronym":"DSNIS","date":"2019","grid3id":"KG_6B981BEB58","territoire":"Kasongo-Lunda"}},{"type":"Feature","geometry":{"type":"Point","coordinates":[16.925723,-4.752998]},"properties":{"province":"Kwango","zonesante":"Boko","airesante":"Mbindanseke","localite":"Tiabakweno","localitetype":"Village","source_acronym":"DSNIS","date":"2019","grid3id":"KG_3CFD74A1AA","territoire":"Kenge"}},{"type":"Feature","geometry":{"type":"Point","coordinates":[17.883076,-6.251203]},"properties":{"province":"Kwango","zonesante":"Mwela Lembwa","airesante":"Kandi Lukeni","localite":"Todi","localitetype":"Village","source_acronym":"DSNIS","date":"2019","grid3id":"KG_C52D5C7563","territoire":"Feshi"}},{"type":"Feature","geometry":{"type":"Point","coordinates":[17.338169,-6.865188]},"properties":{"province":"Kwango","zonesante":"Kitenda","airesante":"Kitenda","localite":"Tomatala","localitetype":"Village","source_acronym":"DSNIS","date":"2019","grid3id":"KG_15C90EEB27","territoire":"Kasongo-Lunda"}},{"type":"Feature","geometry":{"type":"Point","coordinates":[17.463405,-6.789083]},"properties":{"province":"Kwango","zonesante":"Kitenda","airesante":"Kazembe","localite":"Tsakala 1","localitetype":"Village","source_acronym":"DSNIS","date":"2019","grid3id":"KG_E1C1CEED4B","territoire":"Kasongo-Lunda"}},{"type":"Feature","geometry":{"type":"Point","coordinates":[16.302673,-5.753371]},"properties":{"province":"Kwango","zonesante":"Popokabaka","airesante":"Ngasa","localite":"Tsakala Bakambana","localitetype":"Village","source_acronym":"DSNIS","date":"2019","grid3id":"KG_E553B73EBF","territoire":"Popokabaka"}},{"type":"Feature","geometry":{"type":"Point","coordinates":[17.329236,-6.619291]},"properties":{"province":"Kwango","zonesante":"Wamba Lwadi","airesante":"Kapanga","localite":"Tsakala Bayila","localitetype":"Village","source_acronym":"DSNIS","date":"2019","grid3id":"KG_6423EF256B","territoire":"Kasongo-Lunda"}},{"type":"Feature","geometry":{"type":"Point","coordinates":[16.55437,-5.670902]},"properties":{"province":"Kwango","zonesante":"Popokabaka","airesante":"Lusanga","localite":"Tsakala Ngowa","localitetype":"Village","source_acronym":"DSNIS","date":"2019","grid3id":"KG_F144C2525B","territoire":"Popokabaka"}},{"type":"Feature","geometry":{"type":"Point","coordinates":[17.334994,-6.338019]},"properties":{"province":"Kwango","zonesante":"Wamba Lwadi","airesante":"Mayimba Ngonda","localite":"Tsakala Tema","localitetype":"Village","source_acronym":"DSNIS","date":"2019","grid3id":"KG_4530C00EA3","territoire":"Kasongo-Lunda"}},{"type":"Feature","geometry":{"type":"Point","coordinates":[17.429607,-6.166927]},"properties":{"province":"Kwango","zonesante":"Wamba Lwadi","airesante":"Buka Pongi","localite":"Tsaku","localitetype":"Village","source_acronym":"DSNIS","date":"2019","grid3id":"KG_4036E9343F","territoire":"Kasongo-Lunda"}},{"type":"Feature","geometry":{"type":"Point","coordinates":[17.467322,-6.142327]},"properties":{"province":"Kwango","zonesante":"Mwela Lembwa","airesante":"Ngudikama","localite":"Tsaku Luwembi","localitetype":"Village","source_acronym":"DSNIS","date":"2019","grid3id":"KG_11C438D199","territoire":"Feshi"}},{"type":"Feature","geometry":{"type":"Point","coordinates":[17.630488,-6.507766]},"properties":{"province":"Kwango","zonesante":"Mwela Lembwa","airesante":"Tsaku Malafu","localite":"Tsaku Malafu","localitetype":"Village","source_acronym":"DSNIS","date":"2019","grid3id":"KG_B892634F22","territoire":"Kasongo-Lunda"}},{"type":"Feature","geometry":{"type":"Point","coordinates":[17.704546,-5.979295]},"properties":{"province":"Kwango","zonesante":"Mwela Lembwa","airesante":"Katambi","localite":"Tsaku Tsokosi","localitetype":"Village","source_acronym":"DSNIS","date":"2019","grid3id":"KG_7C6E97ED71","territoire":"Feshi"}},{"type":"Feature","geometry":{"type":"Point","coordinates":[17.457055,-6.450777]},"properties":{"province":"Kwango","zonesante":"Wamba Lwadi","airesante":"Kapata","localite":"Tsala Vita","localitetype":"Village","source_acronym":"DSNIS","date":"2019","grid3id":"KG_ADCB07BC19","territoire":"Kasongo-Lunda"}},{"type":"Feature","geometry":{"type":"Point","coordinates":[17.343084,-6.860028]},"properties":{"province":"Kwango","zonesante":"Kitenda","airesante":"Kitenda","localite":"Tsangu","localitetype":"Village","source_acronym":"DSNIS","date":"2019","grid3id":"KG_344997B9BC","territoire":"Kasongo-Lunda"}},{"type":"Feature","geometry":{"type":"Point","coordinates":[17.258413,-6.822313]},"properties":{"province":"Kwango","zonesante":"Kitenda","airesante":"Kikuti","localite":"Tsekambanza","localitetype":"Village","source_acronym":"DSNIS","date":"2019","grid3id":"KG_6F3483FB64","territoire":"Kasongo-Lunda"}},{"type":"Feature","geometry":{"type":"Point","coordinates":[17.455769,-6.807985]},"properties":{"province":"Kwango","zonesante":"Kitenda","airesante":"Kazembe","localite":"Tseke Nganga","localitetype":"Village","source_acronym":"DSNIS","date":"2019","grid3id":"KG_B993C68A05","territoire":"Kasongo-Lunda"}},{"type":"Feature","geometry":{"type":"Point","coordinates":[17.32852,-6.976813]},"properties":{"province":"Kwango","zonesante":"Kitenda","airesante":"Yenga Lusundji","localite":"Tsela","localitetype":"Village","source_acronym":"DSNIS","date":"2019","grid3id":"KG_077F8CABC4","territoire":"Kasongo-Lunda"}},{"type":"Feature","geometry":{"type":"Point","coordinates":[18.668083,-7.577087]},"properties":{"province":"Kwango","zonesante":"Kajiji","airesante":"Shakalongo","localite":"Tshakala","localitetype":"Village","source_acronym":"DSNIS","date":"2019","grid3id":"KG_D6959F42BB","territoire":"Kahemba"}},{"type":"Feature","geometry":{"type":"Point","coordinates":[18.333123,-7.602878]},"properties":{"province":"Kwango","zonesante":"Kajiji","airesante":"Kambangu","localite":"Tshakala","localitetype":"Hameau","source_acronym":"DSNIS","date":"2019","grid3id":"KG_FEDAFBB26B","territoire":"Kahemba"}},{"type":"Feature","geometry":{"type":"Point","coordinates":[18.388967,-7.546743]},"properties":{"province":"Kwango","zonesante":"Kajiji","airesante":"Kambangu","localite":"Tshakala","localitetype":"Hameau","source_acronym":"DSNIS","date":"2019","grid3id":"KG_1FBC2D88BD","territoire":"Kahemba"}},{"type":"Feature","geometry":{"type":"Point","coordinates":[18.016422,-7.990796]},"properties":{"province":"Kwango","zonesante":"Kajiji","airesante":"Shamatahu","localite":"Tshakala","localitetype":"Village","source_acronym":"DSNIS","date":"2019","grid3id":"KG_73E3C4D6A0","territoire":"Kahemba"}},{"type":"Feature","geometry":{"type":"Point","coordinates":[18.239756,-7.529344]},"properties":{"province":"Kwango","zonesante":"Panzi","airesante":"Kambundi","localite":"Tshakala","localitetype":"Village","source_acronym":"DSNIS","date":"2019","grid3id":"KG_06838E3765","territoire":"Kasongo-Lunda"}},{"type":"Feature","geometry":{"type":"Point","coordinates":[18.216528,-7.625537]},"properties":{"province":"Kwango","zonesante":"Panzi","airesante":"Tshibalamba","localite":"Tshakala","localitetype":"Village","source_acronym":"DSNIS","date":"2019","grid3id":"KG_96092D539A","territoire":"Kasongo-Lunda"}},{"type":"Feature","geometry":{"type":"Point","coordinates":[17.565958,-6.810018]},"properties":{"province":"Kwango","zonesante":"Panzi","airesante":"Manzengele","localite":"Tshakala Manzengele","localitetype":"Village","source_acronym":"DSNIS","date":"2019","grid3id":"KG_8113973576","territoire":"Kasongo-Lunda"}},{"type":"Feature","geometry":{"type":"Point","coordinates":[17.544173,-6.517166]},"properties":{"province":"Kwango","zonesante":"Panzi","airesante":"Buka Kalau","localite":"Tshakalabuka","localitetype":"Village","source_acronym":"DSNIS","date":"2019","grid3id":"KG_EA752E533A","territoire":"Kasongo-Lunda"}},{"type":"Feature","geometry":{"type":"Point","coordinates":[18.448824,-7.683785]},"properties":{"province":"Kwango","zonesante":"Kajiji","airesante":"Kajiji","localite":"Tshala","localitetype":"Hameau","source_acronym":"DSNIS","date":"2019","grid3id":"KG_CA92AEAC86","territoire":"Kahemba"}},{"type":"Feature","geometry":{"type":"Point","coordinates":[18.392583,-7.807137]},"properties":{"province":"Kwango","zonesante":"Kajiji","airesante":"Shauyanga","localite":"Tshala","localitetype":"Village","source_acronym":"DSNIS","date":"2019","grid3id":"KG_9FD19FDFA8","territoire":"Kahemba"}},{"type":"Feature","geometry":{"type":"Point","coordinates":[18.369156,-7.799659]},"properties":{"province":"Kwango","zonesante":"Kajiji","airesante":"Shauyanga","localite":"Tshala","localitetype":"Hameau","source_acronym":"DSNIS","date":"2019","grid3id":"KG_BA5D5BAD15","territoire":"Kahemba"}},{"type":"Feature","geometry":{"type":"Point","coordinates":[18.400636,-7.491845]},"properties":{"province":"Kwango","zonesante":"Panzi","airesante":"Kambanzi","localite":"Tshala","localitetype":"Village","source_acronym":"DSNIS","date":"2019","grid3id":"KG_4EAA401EC2","territoire":"Kasongo-Lunda"}},{"type":"Feature","geometry":{"type":"Point","coordinates":[17.966507,-7.962108]},"properties":{"province":"Kwango","zonesante":"Kajiji","airesante":"Shamatahu","localite":"Tshala 2","localitetype":"Village","source_acronym":"DSNIS","date":"2019","grid3id":"KG_91D0CD95DA","territoire":"Kahemba"}},{"type":"Feature","geometry":{"type":"Point","coordinates":[18.524365,-7.928566]},"properties":{"province":"Kwango","zonesante":"Kajiji","airesante":"Shauyanga","localite":"Tshala Muyeji","localitetype":"Hameau","source_acronym":"DSNIS","date":"2019","grid3id":"KG_E612B2F144","territoire":"Kahemba"}},{"type":"Feature","geometry":{"type":"Point","coordinates":[17.990636,-7.975222]},"properties":{"province":"Kwango","zonesante":"Kajiji","airesante":"Shamatahu","localite":"Tshala Muyeji","localitetype":"Village","source_acronym":"DSNIS","date":"2019","grid3id":"KG_74F1061085","territoire":"Kahemba"}},{"type":"Feature","geometry":{"type":"Point","coordinates":[19.139429,-7.031739]},"properties":{"province":"Kwango","zonesante":"Kahemba","airesante":"Kamba Nguya","localite":"Tshambula","localitetype":"Village","source_acronym":"DSNIS","date":"2019","grid3id":"KG_5F3DBB09C0","territoire":"Kahemba"}},{"type":"Feature","geometry":{"type":"Point","coordinates":[18.689811,-7.768647]},"properties":{"province":"Kwango","zonesante":"Kajiji","airesante":"Mutetami","localite":"Tshambula","localitetype":"Village","source_acronym":"DSNIS","date":"2019","grid3id":"KG_284787A14C","territoire":"Kahemba"}},{"type":"Feature","geometry":{"type":"Point","coordinates":[18.844876,-6.725875]},"properties":{"province":"Kwango","zonesante":"Kisanji","airesante":"Shapuka","localite":"Tshaya","localitetype":"Hameau","source_acronym":"DSNIS","date":"2019","grid3id":"KG_24B2BAC0D2","territoire":"Feshi"}},{"type":"Feature","geometry":{"type":"Point","coordinates":[18.667708,-7.814919]},"properties":{"province":"Kwango","zonesante":"Kajiji","airesante":"Mutetami","localite":"Tshenda","localitetype":"Hameau","source_acronym":"DSNIS","date":"2019","grid3id":"KG_F586FD7FCA","territoire":"Kahemba"}},{"type":"Feature","geometry":{"type":"Point","coordinates":[18.572673,-6.730556]},"properties":{"province":"Kwango","zonesante":"Feshi","airesante":"Utadi","localite":"Tshiambula","localitetype":"Village","source_acronym":"DSNIS","date":"2019","grid3id":"KG_3C5C2738E6","territoire":"Feshi"}},{"type":"Feature","geometry":{"type":"Point","coordinates":[18.381416,-6.933514]},"properties":{"province":"Kwango","zonesante":"Panzi","airesante":"Mazinda","localite":"Tshiambula","localitetype":"Village","source_acronym":"DSNIS","date":"2019","grid3id":"KG_C7C3765A58","territoire":"Kasongo-Lunda"}},{"type":"Feature","geometry":{"type":"Point","coordinates":[18.347825,-7.589359]},"properties":{"province":"Kwango","zonesante":"Kajiji","airesante":"Kambangu","localite":"Tshibalamba","localitetype":"Hameau","source_acronym":"DSNIS","date":"2019","grid3id":"KG_81992CF6BB","territoire":"Kahemba"}},{"type":"Feature","geometry":{"type":"Point","coordinates":[19.134147,-7.076862]},"properties":{"province":"Kwango","zonesante":"Kahemba","airesante":"Kamba Nguya","localite":"Tshibanda","localitetype":"Village","source_acronym":"DSNIS","date":"2019","grid3id":"KG_1976A17356","territoire":"Kahemba"}},{"type":"Feature","geometry":{"type":"Point","coordinates":[19.327859,-6.166558]},"properties":{"province":"Kwango","zonesante":"Kisanji","airesante":"Kitanda","localite":"Tshibanda","localitetype":"Village","source_acronym":"DSNIS","date":"2019","grid3id":"KG_C70E5E9CCC","territoire":"Feshi"}},{"type":"Feature","geometry":{"type":"Point","coordinates":[18.371411,-7.535953]},"properties":{"province":"Kwango","zonesante":"Kajiji","airesante":"Kambangu","localite":"Tshibinda","localitetype":"Village","source_acronym":"DSNIS","date":"2019","grid3id":"KG_42761EC351","territoire":"Kahemba"}},{"type":"Feature","geometry":{"type":"Point","coordinates":[19.131822,-7.106109]},"properties":{"province":"Kwango","zonesante":"Kahemba","airesante":"Kamba Nguya","localite":"Tshiboto","localitetype":"Village","source_acronym":"DSNIS","date":"2019","grid3id":"KG_A82C609FA8","territoire":"Kahemba"}},{"type":"Feature","geometry":{"type":"Point","coordinates":[18.360843,-6.655648]},"properties":{"province":"Kwango","zonesante":"Feshi","airesante":"Utadi","localite":"Tshifunguji","localitetype":"Village","source_acronym":"DSNIS","date":"2019","grid3id":"KG_5F3C3C94CE","territoire":"Feshi"}},{"type":"Feature","geometry":{"type":"Point","coordinates":[18.548163,-7.878665]},"properties":{"province":"Kwango","zonesante":"Kajiji","airesante":"Mutetami","localite":"Tshihelu","localitetype":"Village","source_acronym":"DSNIS","date":"2019","grid3id":"KG_BB72628147","territoire":"Kahemba"}},{"type":"Feature","geometry":{"type":"Point","coordinates":[18.328112,-7.726343]},"properties":{"province":"Kwango","zonesante":"Kajiji","airesante":"Kajiji","localite":"Tshihuta","localitetype":"Village","source_acronym":"DSNIS","date":"2019","grid3id":"KG_C5F3CDB395","territoire":"Kahemba"}},{"type":"Feature","geometry":{"type":"Point","coordinates":[18.401166,-7.905597]},"properties":{"province":"Kwango","zonesante":"Kajiji","airesante":"Shauyanga","localite":"Tshihuta","localitetype":"Village","source_acronym":"DSNIS","date":"2019","grid3id":"KG_143F99D4AE","territoire":"Kahemba"}},{"type":"Feature","geometry":{"type":"Point","coordinates":[19.758996,-6.886312]},"properties":{"province":"Kwango","zonesante":"Kahemba","airesante":"Mwasenge","localite":"Tshikaba","localitetype":"Village","source_acronym":"DSNIS","date":"2019","grid3id":"KG_92614D9317","territoire":"Kahemba"}},{"type":"Feature","geometry":{"type":"Point","coordinates":[18.464046,-7.141797]},"properties":{"province":"Kwango","zonesante":"Panzi","airesante":"Shabenge","localite":"Tshikaba","localitetype":"Village","source_acronym":"DSNIS","date":"2019","grid3id":"KG_A9951564CD","territoire":"Kasongo-Lunda"}},{"type":"Feature","geometry":{"type":"Point","coordinates":[18.357751,-7.464693]},"properties":{"province":"Kwango","zonesante":"Panzi","airesante":"Kambanzi","localite":"Tshikaka","localitetype":"Village","source_acronym":"DSNIS","date":"2019","grid3id":"KG_AF94426541","territoire":"Kasongo-Lunda"}},{"type":"Feature","geometry":{"type":"Point","coordinates":[18.394198,-6.974361]},"properties":{"province":"Kwango","zonesante":"Panzi","airesante":"Mazinda","localite":"Tshikalaba","localitetype":"Village","source_acronym":"DSNIS","date":"2019","grid3id":"KG_9C47BB4DC9","territoire":"Kasongo-Lunda"}},{"type":"Feature","geometry":{"type":"Point","coordinates":[19.131806,-7.107463]},"properties":{"province":"Kwango","zonesante":"Kahemba","airesante":"Kamba Nguya","localite":"Tshikalu","localitetype":"Village","source_acronym":"DSNIS","date":"2019","grid3id":"KG_C69AE038B9","territoire":"Kahemba"}},{"type":"Feature","geometry":{"type":"Point","coordinates":[17.227766,-4.782403]},"properties":{"province":"Kwango","zonesante":"Kenge","airesante":"Bangombe","localite":"Tshikapa","localitetype":"Village","source_acronym":"DSNIS","date":"2019","grid3id":"KG_C5E90F9CEE","territoire":"Kenge"}},{"type":"Feature","geometry":{"type":"Point","coordinates":[19.132076,-7.108276]},"properties":{"province":"Kwango","zonesante":"Kahemba","airesante":"Kamba Nguya","localite":"Tshikay","localitetype":"Village","source_acronym":"DSNIS","date":"2019","grid3id":"KG_4D92C7B280","territoire":"Kahemba"}},{"type":"Feature","geometry":{"type":"Point","coordinates":[18.428515,-7.918591]},"properties":{"province":"Kwango","zonesante":"Kajiji","airesante":"Shauyanga","localite":"Tshikoji","localitetype":"Village","source_acronym":"DSNIS","date":"2019","grid3id":"KG_4331417BB0","territoire":"Kahemba"}},{"type":"Feature","geometry":{"type":"Point","coordinates":[18.390494,-6.969954]},"properties":{"province":"Kwango","zonesante":"Panzi","airesante":"Mazinda","localite":"Tshikoka","localitetype":"Village","source_acronym":"DSNIS","date":"2019","grid3id":"KG_F442CC0ACE","territoire":"Kasongo-Lunda"}},{"type":"Feature","geometry":{"type":"Point","coordinates":[18.369449,-7.659994]},"properties":{"province":"Kwango","zonesante":"Kajiji","airesante":"Kajiji","localite":"Tshikonda","localitetype":"Village","source_acronym":"DSNIS","date":"2019","grid3id":"KG_681F61B2E3","territoire":"Kahemba"}},{"type":"Feature","geometry":{"type":"Point","coordinates":[18.537069,-7.392813]},"properties":{"province":"Kwango","zonesante":"Panzi","airesante":"Shabenge","localite":"Tshikudikiya","localitetype":"Village","source_acronym":"DSNIS","date":"2019","grid3id":"KG_50D74C9DBF","territoire":"Kasongo-Lunda"}},{"type":"Feature","geometry":{"type":"Point","coordinates":[18.116134,-6.546957]},"properties":{"province":"Kwango","zonesante":"Feshi","airesante":"Mabaya","localite":"Tshikulukiye","localitetype":"Village","source_acronym":"DSNIS","date":"2019","grid3id":"KG_3ED9347204","territoire":"Feshi"}},{"type":"Feature","geometry":{"type":"Point","coordinates":[19.106654,-7.166749]},"properties":{"province":"Kwango","zonesante":"Kahemba","airesante":"Kamba Nguya","localite":"Tshimbalu","localitetype":"Village","source_acronym":"DSNIS","date":"2019","grid3id":"KG_3AFCA04B92","territoire":"Kahemba"}},{"type":"Feature","geometry":{"type":"Point","coordinates":[19.10466,-7.168355]},"properties":{"province":"Kwango","zonesante":"Kahemba","airesante":"Kamba Nguya","localite":"Tshimbula","localitetype":"Village","source_acronym":"DSNIS","date":"2019","grid3id":"KG_6DFB5836D3","territoire":"Kahemba"}},{"type":"Feature","geometry":{"type":"Point","coordinates":[19.104127,-7.168787]},"properties":{"province":"Kwango","zonesante":"Kahemba","airesante":"Kamba Nguya","localite":"Tshimbungu","localitetype":"Village","source_acronym":"DSNIS","date":"2019","grid3id":"KG_72945C01C6","territoire":"Kahemba"}},{"type":"Feature","geometry":{"type":"Point","coordinates":[18.499125,-7.641479]},"properties":{"province":"Kwango","zonesante":"Kajiji","airesante":"Kajiji","localite":"Tshingambo","localitetype":"Village","source_acronym":"DSNIS","date":"2019","grid3id":"KG_AB3BEEEEE0","territoire":"Kahemba"}},{"type":"Feature","geometry":{"type":"Point","coordinates":[18.210958,-7.637653]},"properties":{"province":"Kwango","zonesante":"Panzi","airesante":"Tshibalamba","localite":"Tshingowa","localitetype":"Village","source_acronym":"DSNIS","date":"2019","grid3id":"KG_9B7BF19106","territoire":"Kasongo-Lunda"}},{"type":"Feature","geometry":{"type":"Point","coordinates":[17.941794,-7.565867]},"properties":{"province":"Kwango","zonesante":"Panzi","airesante":"Kambandambi","localite":"Tshingowa","localitetype":"Hameau","source_acronym":"DSNIS","date":"2019","grid3id":"KG_DC5FEFF590","territoire":"Kasongo-Lunda"}},{"type":"Feature","geometry":{"type":"Point","coordinates":[17.965727,-7.967601]},"properties":{"province":"Kwango","zonesante":"Kajiji","airesante":"Shamatahu","localite":"Tshinianga","localitetype":"Village","source_acronym":"DSNIS","date":"2019","grid3id":"KG_3921DDFF02","territoire":"Kahemba"}},{"type":"Feature","geometry":{"type":"Point","coordinates":[18.153642,-7.697414]},"properties":{"province":"Kwango","zonesante":"Panzi","airesante":"Tshibalamba","localite":"Tshinvumbu","localitetype":"Hameau","source_acronym":"DSNIS","date":"2019","grid3id":"KG_D732301CC7","territoire":"Kasongo-Lunda"}},{"type":"Feature","geometry":{"type":"Point","coordinates":[18.205334,-7.646786]},"properties":{"province":"Kwango","zonesante":"Panzi","airesante":"Tshibalamba","localite":"Tshipumba","localitetype":"Village","source_acronym":"DSNIS","date":"2019","grid3id":"KG_F9F0282510","territoire":"Kasongo-Lunda"}},{"type":"Feature","geometry":{"type":"Point","coordinates":[19.076552,-7.183503]},"properties":{"province":"Kwango","zonesante":"Kahemba","airesante":"Kamba Nguya","localite":"Tshisangu","localitetype":"Village","source_acronym":"DSNIS","date":"2019","grid3id":"KG_26A5940B09","territoire":"Kahemba"}},{"type":"Feature","geometry":{"type":"Point","coordinates":[18.294622,-7.754036]},"properties":{"province":"Kwango","zonesante":"Kajiji","airesante":"Kajiji","localite":"Tshishimbi","localitetype":"Hameau","source_acronym":"DSNIS","date":"2019","grid3id":"KG_4FADFE17F1","territoire":"Kahemba"}},{"type":"Feature","geometry":{"type":"Point","coordinates":[18.923917,-6.938944]},"properties":{"province":"Kwango","zonesante":"Kajiji","airesante":"Kadima","localite":"Tshisumbi","localitetype":"Village","source_acronym":"DSNIS","date":"2019","grid3id":"KG_EE095D5271","territoire":"Kahemba"}},{"type":"Feature","geometry":{"type":"Point","coordinates":[19.058266,-7.220557]},"properties":{"province":"Kwango","zonesante":"Kahemba","airesante":"Kamba Nguya","localite":"Tshitala","localitetype":"Village","source_acronym":"DSNIS","date":"2019","grid3id":"KG_49D3E40031","territoire":"Kahemba"}},{"type":"Feature","geometry":{"type":"Point","coordinates":[18.415206,-7.8135]},"properties":{"province":"Kwango","zonesante":"Kajiji","airesante":"Shauyanga","localite":"Tshitinda","localitetype":"Village","source_acronym":"DSNIS","date":"2019","grid3id":"KG_2263E4EBEB","territoire":"Kahemba"}},{"type":"Feature","geometry":{"type":"Point","coordinates":[19.052493,-7.226085]},"properties":{"province":"Kwango","zonesante":"Kahemba","airesante":"Kamba Nguya","localite":"Tshitshunga","localitetype":"Village","source_acronym":"DSNIS","date":"2019","grid3id":"KG_296E81EEBE","territoire":"Kahemba"}},{"type":"Feature","geometry":{"type":"Point","coordinates":[18.087572,-7.243578]},"properties":{"province":"Kwango","zonesante":"Panzi","airesante":"Mbanza Kipungu","localite":"Tshiwongo","localitetype":"Hameau","source_acronym":"DSNIS","date":"2019","grid3id":"KG_BC573B9297","territoire":"Kasongo-Lunda"}},{"type":"Feature","geometry":{"type":"Point","coordinates":[18.325687,-7.661789]},"properties":{"province":"Kwango","zonesante":"Kajiji","airesante":"Kajiji","localite":"Tshmbayeka","localitetype":"Village","source_acronym":"DSNIS","date":"2019","grid3id":"KG_9AE236E71D","territoire":"Kahemba"}},{"type":"Feature","geometry":{"type":"Point","coordinates":[17.5652,-6.782173]},"properties":{"province":"Kwango","zonesante":"Panzi","airesante":"Manzengele","localite":"Tsialanga","localitetype":"Village","source_acronym":"DSNIS","date":"2019","grid3id":"KG_4923815067","territoire":"Kasongo-Lunda"}},{"type":"Feature","geometry":{"type":"Point","coordinates":[17.374621,-5.61158]},"properties":{"province":"Kwango","zonesante":"Kimbao","airesante":"Kambundi Bobila","localite":"Tsiamu","localitetype":"Village","source_acronym":"DSNIS","date":"2019","grid3id":"KG_5866FA9A5B","territoire":"Kenge"}},{"type":"Feature","geometry":{"type":"Point","coordinates":[17.915789,-5.897706]},"properties":{"province":"Kwango","zonesante":"Feshi","airesante":"Kibwika","localite":"Tsimba","localitetype":"Village","source_acronym":"DSNIS","date":"2019","grid3id":"KG_76438BFEEE","territoire":"Feshi"}},{"type":"Feature","geometry":{"type":"Point","coordinates":[17.911784,-5.888593]},"properties":{"province":"Kwango","zonesante":"Feshi","airesante":"Kibwika","localite":"Tsimba 1","localitetype":"Hameau","source_acronym":"DSNIS","date":"2019","grid3id":"KG_4A9AB95C7A","territoire":"Feshi"}},{"type":"Feature","geometry":{"type":"Point","coordinates":[17.519221,-6.042669]},"properties":{"province":"Kwango","zonesante":"Mwela Lembwa","airesante":"Mahungu","localite":"Tsinda","localitetype":"Village","source_acronym":"DSNIS","date":"2019","grid3id":"KG_8E31AACAE9","territoire":"Feshi"}},{"type":"Feature","geometry":{"type":"Point","coordinates":[16.913725,-6.206245]},"properties":{"province":"Kwango","zonesante":"Kasongo Lunda","airesante":"Kishiama","localite":"Tsipasi","localitetype":"Village","source_acronym":"DSNIS","date":"2019","grid3id":"KG_68A2586532","territoire":"Kasongo-Lunda"}},{"type":"Feature","geometry":{"type":"Point","coordinates":[17.321657,-6.95875]},"properties":{"province":"Kwango","zonesante":"Kitenda","localite":"Tsiyeno","localitetype":"Village","source_acronym":"DSNIS","date":"2019","grid3id":"KG_F9FA4E02B3","territoire":"Kasongo-Lunda"}},{"type":"Feature","geometry":{"type":"Point","coordinates":[17.616558,-6.078556]},"properties":{"province":"Kwango","zonesante":"Mwela Lembwa","airesante":"Matari","localite":"Tsona Tsay","localitetype":"Village","source_acronym":"DSNIS","date":"2019","grid3id":"KG_21ADE83744","territoire":"Feshi"}},{"type":"Feature","geometry":{"type":"Point","coordinates":[16.254925,-5.724839]},"properties":{"province":"Kwango","zonesante":"Popokabaka","airesante":"Ngasa","localite":"Tsuka N'Lumbu","localitetype":"Village","source_acronym":"DSNIS","date":"2019","grid3id":"KG_74C795CF10","territoire":"Popokabaka"}},{"type":"Feature","geometry":{"type":"Point","coordinates":[18.453955,-7.098454]},"properties":{"province":"Kwango","zonesante":"Panzi","airesante":"Shabenge","localite":"Tsula Uwime","localitetype":"Hameau","source_acronym":"DSNIS","date":"2019","grid3id":"KG_DC50826EFC","territoire":"Kasongo-Lunda"}},{"type":"Feature","geometry":{"type":"Point","coordinates":[17.447372,-6.95793]},"properties":{"province":"Kwango","zonesante":"Kitenda","airesante":"Mwela Kassa","localite":"Tula Ngolo","localitetype":"Village","source_acronym":"DSNIS","date":"2019","grid3id":"KG_F0743CEE5E","territoire":"Kasongo-Lunda"}},{"type":"Feature","geometry":{"type":"Point","coordinates":[17.638485,-7.499417]},"properties":{"province":"Kwango","zonesante":"Tembo","airesante":"Talamatunga","localite":"Tumbi","localitetype":"Village","source_acronym":"DSNIS","date":"2019","grid3id":"KG_15BB694939","territoire":"Kasongo-Lunda"}},{"type":"Feature","geometry":{"type":"Point","coordinates":[17.431305,-4.521584]},"properties":{"province":"Kwango","zonesante":"Kenge","airesante":"Kikongo Lwasa","localite":"Tumpombo","localitetype":"Village","source_acronym":"DSNIS","date":"2019","grid3id":"KG_25E6868037","territoire":"Kenge"}},{"type":"Feature","geometry":{"type":"Point","coordinates":[18.163684,-6.633852]},"properties":{"province":"Kwango","zonesante":"Feshi","airesante":"Mabaya","localite":"Tunda","localitetype":"Hameau","source_acronym":"DSNIS","date":"2019","grid3id":"KG_32BF4FC9E9","territoire":"Feshi"}},{"type":"Feature","geometry":{"type":"Point","coordinates":[18.616927,-6.329242]},"properties":{"province":"Kwango","zonesante":"Feshi","airesante":"Kahoka","localite":"V Illage Bolashi","localitetype":"Village","source_acronym":"DSNIS","date":"2019","grid3id":"KG_7AA026D8A2","territoire":"Feshi"}},{"type":"Feature","geometry":{"type":"Point","coordinates":[18.605224,-6.398202]},"properties":{"province":"Kwango","zonesante":"Feshi","airesante":"Utadi","localite":"V Illage Mbala","localitetype":"Village","source_acronym":"DSNIS","date":"2019","grid3id":"KG_38303F148B","territoire":"Feshi"}},{"type":"Feature","geometry":{"type":"Point","coordinates":[17.520822,-4.430056]},"properties":{"province":"Kwango","zonesante":"Kenge","airesante":"Kikongo Lwasa","localite":"Vega","localitetype":"Hameau","source_acronym":"DSNIS","date":"2019","grid3id":"KG_B8B6866C63","territoire":"Kenge"}},{"type":"Feature","geometry":{"type":"Point","coordinates":[16.817933,-4.517706]},"properties":{"province":"Kwango","zonesante":"Boko","airesante":"Bitadiluasa","localite":"Baringa Ngasi","localitetype":"Village","source_acronym":"DSNIS","date":"2019","grid3id":"KG_CFE02F5540","territoire":"Kenge"}},{"type":"Feature","geometry":{"type":"Point","coordinates":[16.92884,-4.665383]},"properties":{"province":"Kwango","zonesante":"Boko","localite":"Bukanga","localitetype":"Village","source_acronym":"DSNIS","date":"2019","grid3id":"KG_A0E611EC8D","territoire":"Kenge"}},{"type":"Feature","geometry":{"type":"Point","coordinates":[16.311208,-4.907461]},"properties":{"province":"Kwango","zonesante":"Boko","airesante":"Takundi","localite":"Camps Cantonier","localitetype":"Village","source_acronym":"DSNIS","date":"2019","grid3id":"KG_4D40D2D9FF","territoire":"Kenge"}},{"type":"Feature","geometry":{"type":"Point","coordinates":[16.307947,-4.784108]},"properties":{"province":"Kwango","zonesante":"Boko","airesante":"Kabuba","localite":"Kabamba","localitetype":"Village","source_acronym":"DSNIS","date":"2019","grid3id":"KG_6005503538","territoire":"Kenge"}},{"type":"Feature","geometry":{"type":"Point","coordinates":[18.190094,-6.694894]},"properties":{"province":"Kwango","zonesante":"Feshi","airesante":"Shatungushi","localite":"Kibalamba","localitetype":"Village","source_acronym":"DSNIS","date":"2019","grid3id":"KG_9971B2C09D","territoire":"Feshi"}},{"type":"Feature","geometry":{"type":"Point","coordinates":[16.761369,-4.856466]},"properties":{"province":"Kwango","zonesante":"Boko","airesante":"Mutombo","localite":"Kipolongo","localitetype":"Village","source_acronym":"DSNIS","date":"2019","grid3id":"KG_7D3EF83D70","territoire":"Kenge"}},{"type":"Feature","geometry":{"type":"Point","coordinates":[16.877884,-4.667273]},"properties":{"province":"Kwango","zonesante":"Boko","localite":"Kitungu","localitetype":"Village","source_acronym":"DSNIS","date":"2019","grid3id":"KG_C86AF08725","territoire":"Kenge"}},{"type":"Feature","geometry":{"type":"Point","coordinates":[16.286011,-4.709279]},"properties":{"province":"Kwango","zonesante":"Boko","airesante":"Kabuba","localite":"Mukanza Source Bidiondo","localitetype":"Village","source_acronym":"DSNIS","date":"2019","grid3id":"KG_41AA278A52"}},{"type":"Feature","geometry":{"type":"Point","coordinates":[16.892898,-6.66798]},"properties":{"province":"Kwango","zonesante":"Kasongo Lunda","airesante":"Kipanzu","localite":"Mukwanga","localitetype":"Village","source_acronym":"DSNIS","date":"2019","grid3id":"KG_97ADF53279","territoire":"Kasongo-Lunda"}},{"type":"Feature","geometry":{"type":"Point","coordinates":[18.288281,-5.843199]},"properties":{"province":"Kwango","zonesante":"Feshi","airesante":"Kabunda","localite":"Njinji","localitetype":"Village","source_acronym":"DSNIS","date":"2019","grid3id":"KG_6ABB394B9F"}},{"type":"Feature","geometry":{"type":"Point","coordinates":[17.284501,-6.666136]},"properties":{"province":"Kwango","zonesante":"Wamba Lwadi","airesante":"Kingulu","localite":"Visa","localitetype":"Village","source_acronym":"DSNIS","date":"2019","grid3id":"KG_B595ACE145","territoire":"Kasongo-Lunda"}},{"type":"Feature","geometry":{"type":"Point","coordinates":[17.296055,-5.146951]},"properties":{"province":"Kwango","zonesante":"Kenge","airesante":"Makiosi","localite":"Vuanga","localitetype":"Village","source_acronym":"DSNIS","date":"2019","grid3id":"KG_071E08207B","territoire":"Kenge"}},{"type":"Feature","geometry":{"type":"Point","coordinates":[17.240827,-4.900564]},"properties":{"province":"Kwango","zonesante":"Kenge","airesante":"Swa Bangu","localite":"Vukisa Kikanda","localitetype":"Village","source_acronym":"DSNIS","date":"2019","grid3id":"KG_5E8236B39C","territoire":"Kenge"}},{"type":"Feature","geometry":{"type":"Point","coordinates":[17.883231,-6.474929]},"properties":{"province":"Kwango","zonesante":"Mwela Lembwa","airesante":"Mafuti","localite":"Vulumiesi","localitetype":"Village","source_acronym":"DSNIS","date":"2019","grid3id":"KG_AA94193D4E","territoire":"Feshi"}},{"type":"Feature","geometry":{"type":"Point","coordinates":[17.402162,-7.68653]},"properties":{"province":"Kwango","zonesante":"Tembo","airesante":"Kapita Suka","localite":"Vunda","localitetype":"Village","source_acronym":"DSNIS","date":"2019","grid3id":"KG_BB0945DBA7","territoire":"Kasongo-Lunda"}},{"type":"Feature","geometry":{"type":"Point","coordinates":[17.663604,-7.996948]},"properties":{"province":"Kwango","zonesante":"Tembo","localite":"Vunda","localitetype":"Village","source_acronym":"DSNIS","date":"2019","grid3id":"KG_5154ECCC9B","territoire":"Kasongo-Lunda"}},{"type":"Feature","geometry":{"type":"Point","coordinates":[18.185531,-7.44506]},"properties":{"province":"Kwango","zonesante":"Panzi","airesante":"Kambundi","localite":"Wado","localitetype":"Hameau","source_acronym":"DSNIS","date":"2019","grid3id":"KG_B2C6F8DB82","territoire":"Kasongo-Lunda"}},{"type":"Feature","geometry":{"type":"Point","coordinates":[17.904961,-5.69319]},"properties":{"province":"Kwango","zonesante":"Feshi","airesante":"Mumbanda","localite":"Wenzi","localitetype":"Hameau","source_acronym":"DSNIS","date":"2019","grid3id":"KG_754D719D40","territoire":"Feshi"}},{"type":"Feature","geometry":{"type":"Point","coordinates":[17.511708,-4.623054]},"properties":{"province":"Kwango","zonesante":"Kenge","airesante":"Kimafu","localite":"Wingimema","localitetype":"Village","source_acronym":"DSNIS","date":"2019","grid3id":"KG_44267A4F00","territoire":"Kenge"}},{"type":"Feature","geometry":{"type":"Point","coordinates":[18.387958,-7.546168]},"properties":{"province":"Kwango","zonesante":"Kajiji","airesante":"Kambangu","localite":"Yaav","localitetype":"Hameau","source_acronym":"DSNIS","date":"2019","grid3id":"KG_FD0ABAE5E7","territoire":"Kahemba"}},{"type":"Feature","geometry":{"type":"Point","coordinates":[16.151522,-5.857431]},"properties":{"province":"Kwango","zonesante":"Popokabaka","airesante":"Kisoma","localite":"Yalala Zuwa","localitetype":"Village","source_acronym":"DSNIS","date":"2019","grid3id":"KG_0C8D3478CA","territoire":"Popokabaka"}},{"type":"Feature","geometry":{"type":"Point","coordinates":[16.955346,-6.61476]},"properties":{"province":"Kwango","zonesante":"Kasongo Lunda","airesante":"Kingunda","localite":"Yalamu","localitetype":"Village","source_acronym":"DSNIS","date":"2019","grid3id":"KG_1BF9C92778","territoire":"Kasongo-Lunda"}},{"type":"Feature","geometry":{"type":"Point","coordinates":[16.957876,-7.197356]},"properties":{"province":"Kwango","zonesante":"Kitenda","airesante":"Swakibula","localite":"Yalamu","localitetype":"Village","source_acronym":"DSNIS","date":"2019","grid3id":"KG_3581040072","territoire":"Kasongo-Lunda"}},{"type":"Feature","geometry":{"type":"Point","coordinates":[18.866667,-6.872278]},"properties":{"province":"Kwango","zonesante":"Kajiji","airesante":"Kadima","localite":"Yanva Kazamba","localitetype":"Village","source_acronym":"DSNIS","date":"2019","grid3id":"KG_66AD5B88B6","territoire":"Kahemba"}},{"type":"Feature","geometry":{"type":"Point","coordinates":[17.305058,-7.053819]},"properties":{"province":"Kwango","zonesante":"Kitenda","airesante":"Yenga Lusundji","localite":"Yenga Groupement","localitetype":"Village","source_acronym":"DSNIS","date":"2019","grid3id":"KG_CA988CC5F2","territoire":"Kasongo-Lunda"}},{"type":"Feature","geometry":{"type":"Point","coordinates":[17.473572,-4.767685]},"properties":{"province":"Kwango","zonesante":"Kenge","airesante":"Misele","localite":"Yengi","localitetype":"Village","source_acronym":"DSNIS","date":"2019","grid3id":"KG_09E0BF1482","territoire":"Kenge"}},{"type":"Feature","geometry":{"type":"Point","coordinates":[16.968279,-6.557128]},"properties":{"province":"Kwango","zonesante":"Kasongo Lunda","airesante":"Kingunda","localite":"Yolo 1","localitetype":"Village","source_acronym":"DSNIS","date":"2019","grid3id":"KG_1E985C8529","territoire":"Kasongo-Lunda"}},{"type":"Feature","geometry":{"type":"Point","coordinates":[16.968984,-6.56006]},"properties":{"province":"Kwango","zonesante":"Kasongo Lunda","airesante":"Kingunda","localite":"Yolo 2","localitetype":"Hameau","source_acronym":"DSNIS","date":"2019","grid3id":"KG_BE9015255C","territoire":"Kasongo-Lunda"}},{"type":"Feature","geometry":{"type":"Point","coordinates":[16.950406,-6.50364]},"properties":{"province":"Kwango","zonesante":"Kasongo Lunda","airesante":"Kikwati","localite":"Yombe Ep Yombe","localitetype":"Village","source_acronym":"DSNIS","date":"2019","grid3id":"KG_7EC3ECF203","territoire":"Kasongo-Lunda"}},{"type":"Feature","geometry":{"type":"Point","coordinates":[16.945613,-6.542066]},"properties":{"province":"Kwango","zonesante":"Kasongo Lunda","airesante":"Kingunda","localite":"Yuku","localitetype":"Village","source_acronym":"DSNIS","date":"2019","grid3id":"KG_9927AB9DB6","territoire":"Kasongo-Lunda"}},{"type":"Feature","geometry":{"type":"Point","coordinates":[17.892831,-6.268474]},"properties":{"province":"Kwango","zonesante":"Mwela Lembwa","airesante":"Kandi Lukeni","localite":"Zaba","localitetype":"Village","source_acronym":"DSNIS","date":"2019","grid3id":"KG_E431F54E04","territoire":"Feshi"}},{"type":"Feature","geometry":{"type":"Point","coordinates":[17.882171,-5.69383]},"properties":{"province":"Kwango","zonesante":"Feshi","airesante":"Mumbanda","localite":"Zalala","localitetype":"Village","source_acronym":"DSNIS","date":"2019","grid3id":"KG_1F5E59D21D","territoire":"Feshi"}},{"type":"Feature","geometry":{"type":"Point","coordinates":[17.477478,-6.115039]},"properties":{"province":"Kwango","zonesante":"Mwela Lembwa","airesante":"Ngudikama","localite":"Zalala Bitekwa","localitetype":"Village","source_acronym":"DSNIS","date":"2019","grid3id":"KG_CDA8E10643","territoire":"Feshi"}},{"type":"Feature","geometry":{"type":"Point","coordinates":[17.471682,-6.131662]},"properties":{"province":"Kwango","zonesante":"Mwela Lembwa","airesante":"Ngudikama","localite":"Zalala Lububi","localitetype":"Village","source_acronym":"DSNIS","date":"2019","grid3id":"KG_C9F4EA03E8","territoire":"Feshi"}},{"type":"Feature","geometry":{"type":"Point","coordinates":[18.813767,-6.398705]},"properties":{"province":"Kwango","zonesante":"Kisanji","airesante":"Shamwana","localite":"Zambo","localitetype":"Village","source_acronym":"DSNIS","date":"2019","grid3id":"KG_080BB2BCFA","territoire":"Feshi"}},{"type":"Feature","geometry":{"type":"Point","coordinates":[17.357445,-6.820994]},"properties":{"province":"Kwango","zonesante":"Kitenda","airesante":"Bamba","localite":"Zibula","localitetype":"Village","source_acronym":"DSNIS","date":"2019","grid3id":"KG_2112B3F865","territoire":"Kasongo-Lunda"}},{"type":"Feature","geometry":{"type":"Point","coordinates":[17.247125,-6.5619]},"properties":{"province":"Kwango","zonesante":"Wamba Lwadi","airesante":"Mukumbi","localite":"Zisi","localitetype":"Village","source_acronym":"DSNIS","date":"2019","grid3id":"KG_3F23AC3DFD","territoire":"Kasongo-Lunda"}},{"type":"Feature","geometry":{"type":"Point","coordinates":[19.194607,-6.11908]},"properties":{"province":"Kwango","zonesante":"Kisanji","airesante":"Malundu","localite":"Zolana","localitetype":"Village","source_acronym":"DSNIS","date":"2019","grid3id":"KG_6D38D1CD95"}},{"type":"Feature","geometry":{"type":"Point","coordinates":[17.300927,-7.06271]},"properties":{"province":"Kwango","zonesante":"Kitenda","airesante":"Yenga Lusundji","localite":"Zulungongo","localitetype":"Village","source_acronym":"DSNIS","date":"2019","grid3id":"KG_6E8817D3B3","territoire":"Kasongo-Lunda"}},{"type":"Feature","geometry":{"type":"Point","coordinates":[17.858448,-6.194431]},"properties":{"province":"Kwango","zonesante":"Mwela Lembwa","airesante":"Kandi Lukeni","localite":"Zundu","localitetype":"Village","source_acronym":"DSNIS","date":"2019","grid3id":"KG_1ACCC04100","territoire":"Feshi"}},{"type":"Feature","geometry":{"type":"Point","coordinates":[18.158873,-5.922921]},"properties":{"province":"Kwango","zonesante":"Feshi","airesante":"Kikombo","localite":"Zungu","localitetype":"Village","source_acronym":"DSNIS","date":"2019","grid3id":"KG_67E17B535F","territoire":"Feshi"}},{"type":"Feature","geometry":{"type":"Point","coordinates":[16.592194,-5.700667]},"properties":{"province":"Kwango","zonesante":"Popokabaka","airesante":"Cite Popokabaka 2","localite":"Ngangabiteki","localitetype":"Village","source_acronym":"DSNIS","date":"2019","grid3id":"KG_A7D35EBAE2","territoire":"Popokabaka"}},{"type":"Feature","geometry":{"type":"Point","coordinates":[16.585139,-5.735917]},"properties":{"province":"Kwango","zonesante":"Popokabaka","airesante":"Cite Popokabaka 2","localite":"Dibanda","localitetype":"Village","source_acronym":"DSNIS","date":"2019","grid3id":"KG_E795D3C287","territoire":"Popokabaka"}},{"type":"Feature","geometry":{"type":"Point","coordinates":[16.578306,-5.737472]},"properties":{"province":"Kwango","zonesante":"Popokabaka","airesante":"Cite Popokabaka 2","localite":"Imvulamuanga","localitetype":"Village","source_acronym":"DSNIS","date":"2019","grid3id":"KG_79A7079DD0","territoire":"Popokabaka"}},{"type":"Feature","geometry":{"type":"Point","coordinates":[16.578944,-5.749833]},"properties":{"province":"Kwango","zonesante":"Popokabaka","airesante":"Cite Popokabaka 2","localite":"Imwadinzita","localitetype":"Village","source_acronym":"DSNIS","date":"2019","grid3id":"KG_9D19F0AFD2","territoire":"Popokabaka"}},{"type":"Feature","geometry":{"type":"Point","coordinates":[17.103748,-5.888637]},"properties":{"province":"Kwango","zonesante":"Popokabaka","airesante":"Imbela","localite":"Iyala","localitetype":"Village","source_acronym":"DSNIS","date":"2019","grid3id":"KG_105641E2D2","territoire":"Popokabaka"}},{"type":"Feature","geometry":{"type":"Point","coordinates":[17.011282,-5.799554]},"properties":{"province":"Kwango","zonesante":"Popokabaka","airesante":"Imbela","localite":"Iyembe 2","localitetype":"Village","source_acronym":"DSNIS","date":"2019","grid3id":"KG_B55A5DB1FC","territoire":"Kenge"}},{"type":"Feature","geometry":{"type":"Point","coordinates":[17.122941,-5.887079]},"properties":{"province":"Kwango","zonesante":"Popokabaka","airesante":"Imbela","localite":"Lukatisiko","localitetype":"Village","source_acronym":"DSNIS","date":"2019","grid3id":"KG_B22E05DCF8","territoire":"Popokabaka"}},{"type":"Feature","geometry":{"type":"Point","coordinates":[17.125723,-5.885078]},"properties":{"province":"Kwango","zonesante":"Popokabaka","airesante":"Imbela","localite":"Luzolo","localitetype":"Village","source_acronym":"DSNIS","date":"2019","grid3id":"KG_EFC04D1AAE","territoire":"Popokabaka"}},{"type":"Feature","geometry":{"type":"Point","coordinates":[17.136236,-5.889903]},"properties":{"province":"Kwango","zonesante":"Popokabaka","airesante":"Imbela","localite":"Mubungi","localitetype":"Village","source_acronym":"DSNIS","date":"2019","grid3id":"KG_A1A332C0A2","territoire":"Popokabaka"}},{"type":"Feature","geometry":{"type":"Point","coordinates":[17.088789,-5.870788]},"properties":{"province":"Kwango","zonesante":"Popokabaka","airesante":"Imbela","localite":"N'manga Matsingi","localitetype":"Village","source_acronym":"DSNIS","date":"2019","grid3id":"KG_1B0E81AF6B","territoire":"Popokabaka"}},{"type":"Feature","geometry":{"type":"Point","coordinates":[16.7025,-5.733722]},"properties":{"province":"Kwango","zonesante":"Popokabaka","airesante":"Ingasi","localite":"Ilanga","localitetype":"Village","source_acronym":"DSNIS","date":"2019","grid3id":"KG_2E97A75B84","territoire":"Popokabaka"}},{"type":"Feature","geometry":{"type":"Point","coordinates":[16.693056,-5.74225]},"properties":{"province":"Kwango","zonesante":"Popokabaka","airesante":"Ingasi","localite":"Imbumba","localitetype":"Village","source_acronym":"DSNIS","date":"2019","grid3id":"KG_C4C4C12E16","territoire":"Popokabaka"}},{"type":"Feature","geometry":{"type":"Point","coordinates":[16.691472,-5.742361]},"properties":{"province":"Kwango","zonesante":"Popokabaka","airesante":"Ingasi","localite":"Ikangila","localitetype":"Village","source_acronym":"DSNIS","date":"2019","grid3id":"KG_4B6EFF7E10","territoire":"Popokabaka"}},{"type":"Feature","geometry":{"type":"Point","coordinates":[16.667944,-5.743194]},"properties":{"province":"Kwango","zonesante":"Popokabaka","airesante":"Ingasi","localite":"Lukengo","localitetype":"Village","source_acronym":"DSNIS","date":"2019","grid3id":"KG_446A5CEB2F","territoire":"Popokabaka"}},{"type":"Feature","geometry":{"type":"Point","coordinates":[16.617361,-5.746833]},"properties":{"province":"Kwango","zonesante":"Popokabaka","airesante":"Ingasi","localite":"N'kukulu","localitetype":"Village","source_acronym":"DSNIS","date":"2019","grid3id":"KG_AF4CE0C145","territoire":"Popokabaka"}},{"type":"Feature","geometry":{"type":"Point","coordinates":[16.663972,-5.747306]},"properties":{"province":"Kwango","zonesante":"Popokabaka","airesante":"Ingasi","localite":"Batudiayawu","localitetype":"Village","source_acronym":"DSNIS","date":"2019","grid3id":"KG_8CCC9040F7","territoire":"Popokabaka"}},{"type":"Feature","geometry":{"type":"Point","coordinates":[16.604028,-5.747778]},"properties":{"province":"Kwango","zonesante":"Popokabaka","airesante":"Ingasi","localite":"Inkudi","localitetype":"Village","source_acronym":"DSNIS","date":"2019","grid3id":"KG_4640E09BB0","territoire":"Popokabaka"}},{"type":"Feature","geometry":{"type":"Point","coordinates":[16.648556,-5.759472]},"properties":{"province":"Kwango","zonesante":"Popokabaka","airesante":"Ingasi","localite":"Ifidi","localitetype":"Village","source_acronym":"DSNIS","date":"2019","grid3id":"KG_C0943746C0","territoire":"Popokabaka"}},{"type":"Feature","geometry":{"type":"Point","coordinates":[16.589167,-5.775667]},"properties":{"province":"Kwango","zonesante":"Popokabaka","airesante":"Ingasi","localite":"Ikomba N'kungu","localitetype":"Village","source_acronym":"DSNIS","date":"2019","grid3id":"KG_AE7D8016F2","territoire":"Popokabaka"}},{"type":"Feature","geometry":{"type":"Point","coordinates":[16.608139,-5.797]},"properties":{"province":"Kwango","zonesante":"Popokabaka","airesante":"Ingasi","localite":"Tsakala Bamba","localitetype":"Village","source_acronym":"DSNIS","date":"2019","grid3id":"KG_F450BA40CC","territoire":"Popokabaka"}},{"type":"Feature","geometry":{"type":"Point","coordinates":[16.615056,-5.800611]},"properties":{"province":"Kwango","zonesante":"Popokabaka","airesante":"Ingasi","localite":"Kasodi","localitetype":"Village","source_acronym":"DSNIS","date":"2019","grid3id":"KG_9B7B51E31A","territoire":"Popokabaka"}},{"type":"Feature","geometry":{"type":"Point","coordinates":[16.639472,-5.823333]},"properties":{"province":"Kwango","zonesante":"Popokabaka","airesante":"Ingasi","localite":"Mahenga 3","localitetype":"Village","source_acronym":"DSNIS","date":"2019","grid3id":"KG_73391200E6","territoire":"Popokabaka"}},{"type":"Feature","geometry":{"type":"Point","coordinates":[16.635417,-5.825333]},"properties":{"province":"Kwango","zonesante":"Popokabaka","airesante":"Ingasi","localite":"Mahenga 2","localitetype":"Village","source_acronym":"DSNIS","date":"2019","grid3id":"KG_F7EEEF04A7","territoire":"Popokabaka"}},{"type":"Feature","geometry":{"type":"Point","coordinates":[16.581667,-5.827917]},"properties":{"province":"Kwango","zonesante":"Popokabaka","airesante":"Ingasi","localite":"Mahenga 1","localitetype":"Village","source_acronym":"DSNIS","date":"2019","grid3id":"KG_269935AA69","territoire":"Popokabaka"}},{"type":"Feature","geometry":{"type":"Point","coordinates":[16.607,-5.845194]},"properties":{"province":"Kwango","zonesante":"Popokabaka","airesante":"Ingasi","localite":"N'kila","localitetype":"Village","source_acronym":"DSNIS","date":"2019","grid3id":"KG_84A80ED9CE","territoire":"Popokabaka"}},{"type":"Feature","geometry":{"type":"Point","coordinates":[16.613111,-5.847028]},"properties":{"province":"Kwango","zonesante":"Popokabaka","airesante":"Ingasi","localite":"Ipongi","localitetype":"Village","source_acronym":"DSNIS","date":"2019","grid3id":"KG_BBD79990D5","territoire":"Popokabaka"}},{"type":"Feature","geometry":{"type":"Point","coordinates":[16.612583,-5.847472]},"properties":{"province":"Kwango","zonesante":"Popokabaka","airesante":"Ingasi","localite":"Ikawa","localitetype":"Village","source_acronym":"DSNIS","date":"2019","grid3id":"KG_B33D4BB3E9","territoire":"Popokabaka"}},{"type":"Feature","geometry":{"type":"Point","coordinates":[16.603333,-5.848028]},"properties":{"province":"Kwango","zonesante":"Popokabaka","airesante":"Ingasi","localite":"Imwela N'kila","localitetype":"Village","source_acronym":"DSNIS","date":"2019","grid3id":"KG_D4DB8A61D3","territoire":"Popokabaka"}},{"type":"Feature","geometry":{"type":"Point","coordinates":[16.613528,-5.850417]},"properties":{"province":"Kwango","zonesante":"Popokabaka","airesante":"Ingasi","localite":"Busaka 3","localitetype":"Village","source_acronym":"DSNIS","date":"2019","grid3id":"KG_44BD6F3220","territoire":"Popokabaka"}},{"type":"Feature","geometry":{"type":"Point","coordinates":[16.608,-5.850528]},"properties":{"province":"Kwango","zonesante":"Popokabaka","airesante":"Ingasi","localite":"Nganda","localitetype":"Village","source_acronym":"DSNIS","date":"2019","grid3id":"KG_B7F1CB5FBE","territoire":"Popokabaka"}},{"type":"Feature","geometry":{"type":"Point","coordinates":[16.606917,-5.853111]},"properties":{"province":"Kwango","zonesante":"Popokabaka","airesante":"Ingasi","localite":"Itsianga","localitetype":"Village","source_acronym":"DSNIS","date":"2019","grid3id":"KG_2ED7E159BB","territoire":"Popokabaka"}},{"type":"Feature","geometry":{"type":"Point","coordinates":[16.638417,-5.758611]},"properties":{"province":"Kwango","zonesante":"Popokabaka","airesante":"Ingasi","localite":"Kasanda","localitetype":"Village","source_acronym":"DSNIS","date":"2019","grid3id":"KG_C5BFF04919","territoire":"Popokabaka"}},{"type":"Feature","geometry":{"type":"Point","coordinates":[16.91937,-5.747677]},"properties":{"province":"Kwango","zonesante":"Popokabaka","airesante":"Intenga","localite":"Biluka","localitetype":"Village","source_acronym":"DSNIS","date":"2019","grid3id":"KG_1DF3BDFD31","territoire":"Popokabaka"}},{"type":"Feature","geometry":{"type":"Point","coordinates":[16.846486,-5.895547]},"properties":{"province":"Kwango","zonesante":"Popokabaka","airesante":"Intenga","localite":"Ibangu","localitetype":"Village","source_acronym":"DSNIS","date":"2019","grid3id":"KG_A73A81AF2B","territoire":"Popokabaka"}},{"type":"Feature","geometry":{"type":"Point","coordinates":[16.748907,-5.765541]},"properties":{"province":"Kwango","zonesante":"Popokabaka","airesante":"Intenga","localite":"Ikiala","localitetype":"Village","source_acronym":"DSNIS","date":"2019","grid3id":"KG_FD123FBFB2","territoire":"Popokabaka"}},{"type":"Feature","geometry":{"type":"Point","coordinates":[16.864675,-5.893482]},"properties":{"province":"Kwango","zonesante":"Popokabaka","airesante":"Intenga","localite":"Imfuyu 2","localitetype":"Village","source_acronym":"DSNIS","date":"2019","grid3id":"KG_C41FA6F2E9","territoire":"Popokabaka"}},{"type":"Feature","geometry":{"type":"Point","coordinates":[16.890551,-5.716175]},"properties":{"province":"Kwango","zonesante":"Popokabaka","airesante":"Intenga","localite":"Imombo","localitetype":"Village","source_acronym":"DSNIS","date":"2019","grid3id":"KG_3C690372E6","territoire":"Kenge"}},{"type":"Feature","geometry":{"type":"Point","coordinates":[16.809449,-5.810563]},"properties":{"province":"Kwango","zonesante":"Popokabaka","airesante":"Intenga","localite":"Impandi","localitetype":"Village","source_acronym":"DSNIS","date":"2019","grid3id":"KG_17B94D9B6C","territoire":"Popokabaka"}},{"type":"Feature","geometry":{"type":"Point","coordinates":[16.921598,-5.71191]},"properties":{"province":"Kwango","zonesante":"Popokabaka","airesante":"Intenga","localite":"Ingonglo","localitetype":"Village","source_acronym":"DSNIS","date":"2019","grid3id":"KG_96DC785433","territoire":"Kenge"}},{"type":"Feature","geometry":{"type":"Point","coordinates":[16.747515,-5.78447]},"properties":{"province":"Kwango","zonesante":"Popokabaka","airesante":"Intenga","localite":"Kavula Mbundu","localitetype":"Village","source_acronym":"DSNIS","date":"2019","grid3id":"KG_E44B18949F","territoire":"Popokabaka"}},{"type":"Feature","geometry":{"type":"Point","coordinates":[16.869195,-5.690991]},"properties":{"province":"Kwango","zonesante":"Popokabaka","airesante":"Intenga","localite":"Masebu","localitetype":"Village","source_acronym":"DSNIS","date":"2019","grid3id":"KG_1AB9FC04BD","territoire":"Popokabaka"}},{"type":"Feature","geometry":{"type":"Point","coordinates":[16.759643,-5.786233]},"properties":{"province":"Kwango","zonesante":"Popokabaka","airesante":"Intenga","localite":"Masola","localitetype":"Village","source_acronym":"DSNIS","date":"2019","grid3id":"KG_E1BD18431C","territoire":"Popokabaka"}},{"type":"Feature","geometry":{"type":"Point","coordinates":[16.901953,-5.729781]},"properties":{"province":"Kwango","zonesante":"Popokabaka","airesante":"Intenga","localite":"Mayimba","localitetype":"Village","source_acronym":"DSNIS","date":"2019","grid3id":"KG_00B78D2596","territoire":"Popokabaka"}},{"type":"Feature","geometry":{"type":"Point","coordinates":[16.84791,-5.791489]},"properties":{"province":"Kwango","zonesante":"Popokabaka","airesante":"Intenga","localite":"N'buengo","localitetype":"Village","source_acronym":"DSNIS","date":"2019","grid3id":"KG_31B914F6E6","territoire":"Popokabaka"}},{"type":"Feature","geometry":{"type":"Point","coordinates":[16.855954,-5.903737]},"properties":{"province":"Kwango","zonesante":"Popokabaka","airesante":"Intenga","localite":"N'kambu","localitetype":"Village","source_acronym":"DSNIS","date":"2019","grid3id":"KG_288C31767E","territoire":"Popokabaka"}},{"type":"Feature","geometry":{"type":"Point","coordinates":[16.924835,-5.753149]},"properties":{"province":"Kwango","zonesante":"Popokabaka","airesante":"Intenga","localite":"N'londo","localitetype":"Village","source_acronym":"DSNIS","date":"2019","grid3id":"KG_8A9EEFEA1C","territoire":"Popokabaka"}},{"type":"Feature","geometry":{"type":"Point","coordinates":[16.815985,-5.819617]},"properties":{"province":"Kwango","zonesante":"Popokabaka","airesante":"Intenga","localite":"N'ngomangoma","localitetype":"Village","source_acronym":"DSNIS","date":"2019","grid3id":"KG_205C3737A2","territoire":"Popokabaka"}},{"type":"Feature","geometry":{"type":"Point","coordinates":[16.840216,-5.806268]},"properties":{"province":"Kwango","zonesante":"Popokabaka","airesante":"Intenga","localite":"Siamina","localitetype":"Village","source_acronym":"DSNIS","date":"2019","grid3id":"KG_BEC9C7727C","territoire":"Popokabaka"}},{"type":"Feature","geometry":{"type":"Point","coordinates":[16.483265,-5.346981]},"properties":{"province":"Kwango","zonesante":"Popokabaka","airesante":"Ipongi","localite":"Busaka 2","localitetype":"Village","source_acronym":"DSNIS","date":"2019","grid3id":"KG_42EC6CE878","territoire":"Popokabaka"}},{"type":"Feature","geometry":{"type":"Point","coordinates":[16.475843,-5.354204]},"properties":{"province":"Kwango","zonesante":"Popokabaka","airesante":"Ipongi","localite":"Ikombo","localitetype":"Village","source_acronym":"DSNIS","date":"2019","grid3id":"KG_36AE26F204","territoire":"Popokabaka"}},{"type":"Feature","geometry":{"type":"Point","coordinates":[16.345293,-5.558509]},"properties":{"province":"Kwango","zonesante":"Popokabaka","localite":"Kanzenga 1","localitetype":"Village","source_acronym":"DSNIS","date":"2019","grid3id":"KG_56962A2882","territoire":"Popokabaka"}},{"type":"Feature","geometry":{"type":"Point","coordinates":[16.349679,-5.558019]},"properties":{"province":"Kwango","zonesante":"Popokabaka","localite":"Kanzenga 2","localitetype":"Village","source_acronym":"DSNIS","date":"2019","grid3id":"KG_1A80AE2FCE","territoire":"Popokabaka"}},{"type":"Feature","geometry":{"type":"Point","coordinates":[16.655583,-5.56325]},"properties":{"province":"Kwango","zonesante":"Popokabaka","airesante":"Kenge Muniungu","localite":"Inzadi 4","localitetype":"Village","source_acronym":"DSNIS","date":"2019","grid3id":"KG_B1E8F01E69","territoire":"Kenge"}},{"type":"Feature","geometry":{"type":"Point","coordinates":[16.669583,-5.563944]},"properties":{"province":"Kwango","zonesante":"Popokabaka","airesante":"Kenge Muniungu","localite":"inzadi 3","localitetype":"Village","source_acronym":"DSNIS","date":"2019","grid3id":"KG_BF780361EF","territoire":"Kenge"}},{"type":"Feature","geometry":{"type":"Point","coordinates":[16.676028,-5.569583]},"properties":{"province":"Kwango","zonesante":"Popokabaka","airesante":"Kenge Muniungu","localite":"Inzadi 2","localitetype":"Village","source_acronym":"DSNIS","date":"2019","grid3id":"KG_F1454F9B68","territoire":"Kenge"}},{"type":"Feature","geometry":{"type":"Point","coordinates":[16.687972,-5.570806]},"properties":{"province":"Kwango","zonesante":"Popokabaka","airesante":"Kenge Muniungu","localite":"Zangiti 1","localitetype":"Village","source_acronym":"DSNIS","date":"2019","grid3id":"KG_C68BFFB9EE","territoire":"Kenge"}},{"type":"Feature","geometry":{"type":"Point","coordinates":[16.70775,-5.573833]},"properties":{"province":"Kwango","zonesante":"Popokabaka","airesante":"Kenge Muniungu","localite":"Ibiabi 1","localitetype":"Village","source_acronym":"DSNIS","date":"2019","grid3id":"KG_F6B05B1DE3","territoire":"Kenge"}},{"type":"Feature","geometry":{"type":"Point","coordinates":[16.706083,-5.588361]},"properties":{"province":"Kwango","zonesante":"Popokabaka","airesante":"Kenge Muniungu","localite":"Inzawu","localitetype":"Village","source_acronym":"DSNIS","date":"2019","grid3id":"KG_8F83A2B32A","territoire":"Kenge"}},{"type":"Feature","geometry":{"type":"Point","coordinates":[16.710333,-5.58875]},"properties":{"province":"Kwango","zonesante":"Popokabaka","airesante":"Kenge Muniungu","localite":"Manianga","localitetype":"Village","source_acronym":"DSNIS","date":"2019","grid3id":"KG_F156000AB0","territoire":"Kenge"}},{"type":"Feature","geometry":{"type":"Point","coordinates":[16.731806,-5.599694]},"properties":{"province":"Kwango","zonesante":"Popokabaka","airesante":"Kenge Muniungu","localite":"Mahungu 1","localitetype":"Village","source_acronym":"DSNIS","date":"2019","grid3id":"KG_C47A4E6EFF","territoire":"Kenge"}},{"type":"Feature","geometry":{"type":"Point","coordinates":[16.72175,-5.609167]},"properties":{"province":"Kwango","zonesante":"Popokabaka","airesante":"Kenge Muniungu","localite":"Inkongo","localitetype":"Village","source_acronym":"DSNIS","date":"2019","grid3id":"KG_85CE9F9F2A","territoire":"Kenge"}},{"type":"Feature","geometry":{"type":"Point","coordinates":[16.847778,-5.610528]},"properties":{"province":"Kwango","zonesante":"Popokabaka","airesante":"Kenge Muniungu","localite":"Imaki","localitetype":"Village","source_acronym":"DSNIS","date":"2019","grid3id":"KG_A767375C64","territoire":"Kenge"}},{"type":"Feature","geometry":{"type":"Point","coordinates":[16.721417,-5.613806]},"properties":{"province":"Kwango","zonesante":"Popokabaka","airesante":"Kenge Muniungu","localite":"Zola","localitetype":"Village","source_acronym":"DSNIS","date":"2019","grid3id":"KG_86D5501E21","territoire":"Kenge"}},{"type":"Feature","geometry":{"type":"Point","coordinates":[16.851417,-5.617861]},"properties":{"province":"Kwango","zonesante":"Popokabaka","airesante":"Kenge Muniungu","localite":"N'sengo","localitetype":"Village","source_acronym":"DSNIS","date":"2019","grid3id":"KG_150E5E74BC","territoire":"Kenge"}},{"type":"Feature","geometry":{"type":"Point","coordinates":[16.754667,-5.640833]},"properties":{"province":"Kwango","zonesante":"Popokabaka","airesante":"Kenge Muniungu","localite":"Muniungu","localitetype":"Village","source_acronym":"DSNIS","date":"2019","grid3id":"KG_AE49D085ED","territoire":"Kenge"}},{"type":"Feature","geometry":{"type":"Point","coordinates":[16.785194,-5.64925]},"properties":{"province":"Kwango","zonesante":"Popokabaka","airesante":"Kenge Muniungu","localite":"Kakinga","localitetype":"Village","source_acronym":"DSNIS","date":"2019","grid3id":"KG_A9DE9B8432","territoire":"Kenge"}},{"type":"Feature","geometry":{"type":"Point","coordinates":[16.86175,-5.657889]},"properties":{"province":"Kwango","zonesante":"Popokabaka","airesante":"Kenge Muniungu","localite":"Iwana tuana","localitetype":"Village","source_acronym":"DSNIS","date":"2019","grid3id":"KG_78694CBAD8","territoire":"Kenge"}},{"type":"Feature","geometry":{"type":"Point","coordinates":[16.795167,-5.658417]},"properties":{"province":"Kwango","zonesante":"Popokabaka","airesante":"Kenge Muniungu","localite":"Masenga","localitetype":"Village","source_acronym":"DSNIS","date":"2019","grid3id":"KG_3EAEE725B3","territoire":"Kenge"}},{"type":"Feature","geometry":{"type":"Point","coordinates":[16.860389,-5.661667]},"properties":{"province":"Kwango","zonesante":"Popokabaka","airesante":"Kenge Muniungu","localite":"Tsakala N'neni","localitetype":"Village","source_acronym":"DSNIS","date":"2019","grid3id":"KG_5BE4245327","territoire":"Kenge"}},{"type":"Feature","geometry":{"type":"Point","coordinates":[16.871067,-5.67085]},"properties":{"province":"Kwango","zonesante":"Popokabaka","airesante":"Kenge Muniungu","localite":"Buseyedi","localitetype":"Village","source_acronym":"DSNIS","date":"2019","grid3id":"KG_192E30AF07","territoire":"Kenge"}},{"type":"Feature","geometry":{"type":"Point","coordinates":[16.736361,-5.673]},"properties":{"province":"Kwango","zonesante":"Popokabaka","airesante":"Kenge Muniungu","localite":"Imvudi","localitetype":"Village","source_acronym":"DSNIS","date":"2019","grid3id":"KG_159353FF4E","territoire":"Popokabaka"}},{"type":"Feature","geometry":{"type":"Point","coordinates":[16.730556,-5.681194]},"properties":{"province":"Kwango","zonesante":"Popokabaka","airesante":"Kenge Muniungu","localite":"Nkodiampuanga","localitetype":"Village","source_acronym":"DSNIS","date":"2019","grid3id":"KG_E1413D781F","territoire":"Popokabaka"}},{"type":"Feature","geometry":{"type":"Point","coordinates":[16.709028,-5.698056]},"properties":{"province":"Kwango","zonesante":"Popokabaka","airesante":"Kenge Muniungu","localite":"Mayimbi","localitetype":"Village","source_acronym":"DSNIS","date":"2019","grid3id":"KG_7572415E99","territoire":"Popokabaka"}},{"type":"Feature","geometry":{"type":"Point","coordinates":[16.721306,-5.702611]},"properties":{"province":"Kwango","zonesante":"Popokabaka","airesante":"Kenge Muniungu","localite":"Kapuku","localitetype":"Village","source_acronym":"DSNIS","date":"2019","grid3id":"KG_7604B581D2","territoire":"Popokabaka"}},{"type":"Feature","geometry":{"type":"Point","coordinates":[16.961602,-5.712392]},"properties":{"province":"Kwango","zonesante":"Popokabaka","airesante":"Mutsanga","localite":"Bukindu","localitetype":"Village","source_acronym":"DSNIS","date":"2019","grid3id":"KG_6064F6513D","territoire":"Kenge"}},{"type":"Feature","geometry":{"type":"Point","coordinates":[16.928508,-5.914256]},"properties":{"province":"Kwango","zonesante":"Popokabaka","airesante":"Mutsanga","localite":"Ibida","localitetype":"Village","source_acronym":"DSNIS","date":"2019","grid3id":"KG_A3BB53C5E5","territoire":"Popokabaka"}},{"type":"Feature","geometry":{"type":"Point","coordinates":[16.962329,-5.748709]},"properties":{"province":"Kwango","zonesante":"Popokabaka","airesante":"Mutsanga","localite":"Ibuati","localitetype":"Village","source_acronym":"DSNIS","date":"2019","grid3id":"KG_16BD52A1D6","territoire":"Kenge"}},{"type":"Feature","geometry":{"type":"Point","coordinates":[16.928087,-5.808558]},"properties":{"province":"Kwango","zonesante":"Popokabaka","airesante":"Mutsanga","localite":"Ikomba","localitetype":"Village","source_acronym":"DSNIS","date":"2019","grid3id":"KG_FC9185EE64","territoire":"Popokabaka"}},{"type":"Feature","geometry":{"type":"Point","coordinates":[16.952973,-5.738102]},"properties":{"province":"Kwango","zonesante":"Popokabaka","airesante":"Mutsanga","localite":"Imamba","localitetype":"Village","source_acronym":"DSNIS","date":"2019","grid3id":"KG_5649D29CBA","territoire":"Kenge"}},{"type":"Feature","geometry":{"type":"Point","coordinates":[16.899894,-5.832643]},"properties":{"province":"Kwango","zonesante":"Popokabaka","airesante":"Mutsanga","localite":"Impela","localitetype":"Village","source_acronym":"DSNIS","date":"2019","grid3id":"KG_F1E45EFBC4","territoire":"Popokabaka"}},{"type":"Feature","geometry":{"type":"Point","coordinates":[16.92569,-5.767631]},"properties":{"province":"Kwango","zonesante":"Popokabaka","airesante":"Mutsanga","localite":"Imputu","localitetype":"Village","source_acronym":"DSNIS","date":"2019","grid3id":"KG_A6F31BAE05","territoire":"Popokabaka"}},{"type":"Feature","geometry":{"type":"Point","coordinates":[16.910677,-5.895807]},"properties":{"province":"Kwango","zonesante":"Popokabaka","airesante":"Mutsanga","localite":"Ipascal","localitetype":"Village","source_acronym":"DSNIS","date":"2019","grid3id":"KG_1DB9DFC710","territoire":"Popokabaka"}},{"type":"Feature","geometry":{"type":"Point","coordinates":[16.918416,-5.841024]},"properties":{"province":"Kwango","zonesante":"Popokabaka","airesante":"Mutsanga","localite":"Kazembe","localitetype":"Village","source_acronym":"DSNIS","date":"2019","grid3id":"KG_1CAED47C0D","territoire":"Popokabaka"}},{"type":"Feature","geometry":{"type":"Point","coordinates":[16.946231,-5.755079]},"properties":{"province":"Kwango","zonesante":"Popokabaka","airesante":"Mutsanga","localite":"Mambote","localitetype":"Village","source_acronym":"DSNIS","date":"2019","grid3id":"KG_5748DC7B65","territoire":"Kenge"}},{"type":"Feature","geometry":{"type":"Point","coordinates":[16.913982,-5.844058]},"properties":{"province":"Kwango","zonesante":"Popokabaka","airesante":"Mutsanga","localite":"Mbedi 1","localitetype":"Village","source_acronym":"DSNIS","date":"2019","grid3id":"KG_49A3CA6906","territoire":"Popokabaka"}},{"type":"Feature","geometry":{"type":"Point","coordinates":[16.881637,-5.874086]},"properties":{"province":"Kwango","zonesante":"Popokabaka","airesante":"Mutsanga","localite":"Nkengakiasa","localitetype":"Village","source_acronym":"DSNIS","date":"2019","grid3id":"KG_030E86DDB0","territoire":"Popokabaka"}},{"type":"Feature","geometry":{"type":"Point","coordinates":[16.856513,-5.949128]},"properties":{"province":"Kwango","zonesante":"Popokabaka","airesante":"Mutsanga","localite":"Siangolo","localitetype":"Village","source_acronym":"DSNIS","date":"2019","grid3id":"KG_6E6975AE46","territoire":"Popokabaka"}},{"type":"Feature","geometry":{"type":"Point","coordinates":[16.984195,-5.73808]},"properties":{"province":"Kwango","zonesante":"Popokabaka","airesante":"Mutsanga","localite":"Zumbu","localitetype":"Village","source_acronym":"DSNIS","date":"2019","grid3id":"KG_F591000BB3","territoire":"Popokabaka"}},{"type":"Feature","geometry":{"type":"Point","coordinates":[16.899624,-5.919129]},"properties":{"province":"Kwango","zonesante":"Popokabaka","airesante":"Mutsanga","localite":"Infueteti","localitetype":"Village","source_acronym":"DSNIS","date":"2019","grid3id":"KG_5B71D7B902","territoire":"Popokabaka"}},{"type":"Feature","geometry":{"type":"Point","coordinates":[16.583333,-5.591889]},"properties":{"province":"Kwango","zonesante":"Popokabaka","airesante":"Secteur Popo","localite":"Bikuku","localitetype":"Village","source_acronym":"DSNIS","date":"2019","grid3id":"KG_34A51BF095","territoire":"Popokabaka"}},{"type":"Feature","geometry":{"type":"Point","coordinates":[16.583611,-5.620389]},"properties":{"province":"Kwango","zonesante":"Popokabaka","airesante":"Secteur Popo","localite":"Inzawu 2","localitetype":"Village","source_acronym":"DSNIS","date":"2019","grid3id":"KG_4DDB066A96","territoire":"Popokabaka"}},{"type":"Feature","geometry":{"type":"Point","coordinates":[16.582333,-5.622722]},"properties":{"province":"Kwango","zonesante":"Popokabaka","airesante":"Secteur Popo","localite":"Inzawu 1","localitetype":"Village","source_acronym":"DSNIS","date":"2019","grid3id":"KG_60E99FD401","territoire":"Popokabaka"}},{"type":"Feature","geometry":{"type":"Point","coordinates":[16.663361,-5.63925]},"properties":{"province":"Kwango","zonesante":"Popokabaka","airesante":"Secteur Popo","localite":"Makundala","localitetype":"Village","source_acronym":"DSNIS","date":"2019","grid3id":"KG_FBAA1A840A","territoire":"Popokabaka"}},{"type":"Feature","geometry":{"type":"Point","coordinates":[16.578806,-5.640167]},"properties":{"province":"Kwango","zonesante":"Popokabaka","airesante":"Secteur Popo","localite":"Ikomba Mvuemvua","localitetype":"Village","source_acronym":"DSNIS","date":"2019","grid3id":"KG_53750DE4BB","territoire":"Popokabaka"}},{"type":"Feature","geometry":{"type":"Point","coordinates":[16.6025,-5.656278]},"properties":{"province":"Kwango","zonesante":"Popokabaka","airesante":"Secteur Popo","localite":"Musumba","localitetype":"Village","source_acronym":"DSNIS","date":"2019","grid3id":"KG_EFCD3ECC36","territoire":"Popokabaka"}},{"type":"Feature","geometry":{"type":"Point","coordinates":[16.615333,-5.667111]},"properties":{"province":"Kwango","zonesante":"Popokabaka","airesante":"Secteur Popo","localite":"Makakala 2","localitetype":"Village","source_acronym":"DSNIS","date":"2019","grid3id":"KG_6EF0A2ABCC","territoire":"Popokabaka"}},{"type":"Feature","geometry":{"type":"Point","coordinates":[16.62775,-5.67175]},"properties":{"province":"Kwango","zonesante":"Popokabaka","airesante":"Secteur Popo","localite":"N'nkoko","localitetype":"Village","source_acronym":"DSNIS","date":"2019","grid3id":"KG_913D82B694","territoire":"Popokabaka"}},{"type":"Feature","geometry":{"type":"Point","coordinates":[16.618861,-5.686028]},"properties":{"province":"Kwango","zonesante":"Popokabaka","airesante":"Secteur Popo","localite":"Imanza","localitetype":"Village","source_acronym":"DSNIS","date":"2019","grid3id":"KG_32BD3A9431","territoire":"Popokabaka"}},{"type":"Feature","geometry":{"type":"Point","coordinates":[16.597583,-5.694]},"properties":{"province":"Kwango","zonesante":"Popokabaka","airesante":"Secteur Popo","localite":"Imvula","localitetype":"Village","source_acronym":"DSNIS","date":"2019","grid3id":"KG_13C63FB254","territoire":"Popokabaka"}}]}