{"type":"FeatureCollection","features":[{"type":"Feature","geometry":{"type":"Polygon","coordinates":[[[15.4069,-4.55378],[15.42233,-4.54446],[15.43653,-4.5447],[15.45003,-4.5695],[15.45105,-4.58073],[15.46196,-4.58687],[15.46868,-4.603],[15.48425,-4.6084],[15.50311,-4.60191],[15.50836,-4.60404],[15.51479,-4.60125],[15.51713,-4.59461],[15.52493,-4.58774],[15.54275,-4.59578],[15.55057,-4.6043],[15.58248,-4.60648],[15.59596,-4.60264],[15.64428,-4.60377],[15.64826,-4.58553],[15.65295,-4.58445],[15.65629,-4.57393],[15.66186,-4.57638],[15.66744,-4.56885],[15.66805,-4.57301],[15.67029,-4.57167],[15.67151,-4.58476],[15.67833,-4.59453],[15.69842,-4.60816],[15.73262,-4.61896],[15.74363,-4.63026],[15.751,-4.64749],[15.73769,-4.67944],[15.72018,-4.71059],[15.70969,-4.77613],[15.69879,-4.79392],[15.68376,-4.80719],[15.66804,-4.81032],[15.64792,-4.80757],[15.63592,-4.81043],[15.62451,-4.81852],[15.61378,-4.86167],[15.61625,-4.8781],[15.62439,-4.89236],[15.6389,-4.90369],[15.66886,-4.91593],[15.6849,-4.92725],[15.68545,-4.93725],[15.69913,-4.94681],[15.73465,-4.96209],[15.74362,-4.96963],[15.74464,-4.98829],[15.75435,-5.01819],[15.77938,-5.02349],[15.79267,-5.01931],[15.80486,-5.02479],[15.81586,-5.02062],[15.83079,-5.0254],[15.83421,-5.02354],[15.83545,-5.01736],[15.84458,-5.0141],[15.84215,-5.00957],[15.85347,-4.99701],[15.85378,-4.99203],[15.84936,-4.98821],[15.85729,-4.97613],[15.8562,-4.96463],[15.8661,-4.94768],[15.85571,-4.93795],[15.85244,-4.92486],[15.85536,-4.92452],[15.85695,-4.91867],[15.85372,-4.91157],[15.84603,-4.90766],[15.84309,-4.8998],[15.84457,-4.88279],[15.8531,-4.87759],[15.86069,-4.87815],[15.86644,-4.87307],[15.85752,-4.85909],[15.87924,-4.86661],[15.89837,-4.89291],[15.90371,-4.90638],[15.90996,-4.94374],[15.9167,-4.95723],[15.92791,-4.95883],[15.93507,-4.95219],[15.9556,-4.94495],[15.96473,-4.94504],[15.98015,-4.94669],[15.99192,-4.95501],[16.00633,-4.97156],[16.03892,-4.95847],[16.05428,-4.9631],[16.25709,-4.96995],[16.26606,-4.95872],[16.26389,-4.94308],[16.26858,-4.92792],[16.26303,-4.90736],[16.26579,-4.90671],[16.2692,-4.89545],[16.2649,-4.88919],[16.26652,-4.88038],[16.25741,-4.8674],[16.25865,-4.85889],[16.24016,-4.85329],[16.24331,-4.84072],[16.24017,-4.83505],[16.24341,-4.83358],[16.24107,-4.83102],[16.24323,-4.82637],[16.25215,-4.8235],[16.24875,-4.81622],[16.25222,-4.81109],[16.25173,-4.80405],[16.24882,-4.80516],[16.25158,-4.79789],[16.25016,-4.7917],[16.25951,-4.7787],[16.25573,-4.77179],[16.26166,-4.76698],[16.26248,-4.74776],[16.28356,-4.7371],[16.29087,-4.72841],[16.3486,-4.59975],[16.36535,-4.56736],[16.38302,-4.54502],[16.39491,-4.52151],[16.39706,-4.48913],[16.40614,-4.46516],[16.41963,-4.45659],[16.44173,-4.47537],[16.46425,-4.48357],[16.49423,-4.48352],[16.49873,-4.47383],[16.49802,-4.4556],[16.49141,-4.44366],[16.49643,-4.43444],[16.49783,-4.42147],[16.50568,-4.41201],[16.5152,-4.40996],[16.50909,-4.39074],[16.51655,-4.38766],[16.52006,-4.3802],[16.52704,-4.37492],[16.5324,-4.35682],[16.51644,-4.33326],[16.52213,-4.32384],[16.52167,-4.31213],[16.50609,-4.27873],[16.50448,-4.26934],[16.49001,-4.25923],[16.49319,-4.23956],[16.4841,-4.2389],[16.47865,-4.23484],[16.47785,-4.23043],[16.48339,-4.22288],[16.47068,-4.21892],[16.46373,-4.20353],[16.4559,-4.19573],[16.45678,-4.18583],[16.46089,-4.18306],[16.46732,-4.18395],[16.47097,-4.17956],[16.46934,-4.17359],[16.45397,-4.17158],[16.45072,-4.16262],[16.42981,-4.1528],[16.42703,-4.14499],[16.41386,-4.13361],[16.31312,-4.07092],[16.18576,-4.00104],[16.07581,-3.94791],[16.05594,-3.94229],[16.04754,-3.94335],[16.03439,-3.9637],[16.01047,-3.9714],[16.00285,-3.968],[15.99639,-3.95638],[15.98182,-3.95187],[15.94518,-3.92763],[15.93856,-3.93244],[15.93393,-3.94127],[15.92773,-3.94194],[15.91859,-3.95314],[15.90214,-3.94864],[15.89834,-3.95479],[15.89215,-3.95541],[15.88644,-3.96257],[15.85922,-3.96705],[15.8136,-3.98769],[15.79581,-3.98762],[15.789,-3.98469],[15.76533,-3.99052],[15.73964,-3.99135],[15.69858,-3.99896],[15.59473,-4.03035],[15.57369,-4.04367],[15.55636,-4.04816],[15.54561,-4.06391],[15.53326,-4.07213],[15.52795,-4.08624],[15.51977,-4.09268],[15.52076,-4.10931],[15.51213,-4.12235],[15.50383,-4.14556],[15.50746,-4.15817],[15.52538,-4.17289],[15.54674,-4.20241],[15.55179,-4.22481],[15.54689,-4.25853],[15.53494,-4.27497],[15.53518,-4.28097],[15.5246,-4.30028],[15.51002,-4.31617],[15.48279,-4.33374],[15.46923,-4.33748],[15.42219,-4.33689],[15.39695,-4.33145],[15.37761,-4.32325],[15.37167,-4.32414],[15.35338,-4.31563],[15.35429,-4.32316],[15.34653,-4.32812],[15.32632,-4.30256],[15.31968,-4.29755],[15.31147,-4.29696],[15.28989,-4.30387],[15.27818,-4.30104],[15.26561,-4.31482],[15.26462,-4.32393],[15.25679,-4.32785],[15.25805,-4.32952],[15.24453,-4.32392],[15.23625,-4.32644],[15.22941,-4.33324],[15.21842,-4.33051],[15.2121,-4.33278],[15.20659,-4.32603],[15.19858,-4.32575],[15.18874,-4.33371],[15.18334,-4.34447],[15.18204,-4.35585],[15.174,-4.36681],[15.17329,-4.39036],[15.14641,-4.41463],[15.1264,-4.44324],[15.14084,-4.44555],[15.14662,-4.45266],[15.15504,-4.45135],[15.16303,-4.45737],[15.17231,-4.47282],[15.17584,-4.48827],[15.1737,-4.50321],[15.1777,-4.51123],[15.17244,-4.52685],[15.17211,-4.53548],[15.17648,-4.54078],[15.17388,-4.54653],[15.17475,-4.55907],[15.20679,-4.56652],[15.21624,-4.5855],[15.23413,-4.5927],[15.24558,-4.6156],[15.26811,-4.61507],[15.27912,-4.62216],[15.31435,-4.62463],[15.3267,-4.63321],[15.33056,-4.64522],[15.34653,-4.64782],[15.35779,-4.64656],[15.35772,-4.64329],[15.36198,-4.64401],[15.36809,-4.63773],[15.37801,-4.63744],[15.37724,-4.63384],[15.38982,-4.625],[15.39225,-4.61313],[15.40319,-4.60117],[15.40404,-4.58944],[15.40771,-4.58829],[15.40396,-4.56702],[15.40644,-4.56437],[15.4029,-4.5602],[15.4069,-4.55378]]]},"properties":{"nom":"Kinshasa","pcode":"CD10"}},{"type":"Feature","geometry":{"type":"Polygon","coordinates":[[[12.40408,-6.02619],[12.43736,-6.05731],[12.44231,-6.05843],[12.47225,-6.05458],[12.49328,-6.04831],[12.50198,-6.04223],[12.52604,-6.04061],[12.53892,-6.03358],[12.58993,-6.02021],[12.59398,-6.01473],[12.60096,-6.01518],[12.62638,-6.00204],[12.68751,-6.00266],[12.70442,-5.9972],[12.72403,-5.9849],[12.7328,-5.96873],[12.74129,-5.96292],[12.7658,-5.96237],[12.79369,-5.9679],[12.82172,-5.9529],[12.83194,-5.9435],[12.84346,-5.92027],[12.85451,-5.91287],[12.87322,-5.909],[12.89144,-5.91073],[12.91568,-5.90133],[12.92444,-5.90437],[12.94612,-5.9032],[12.96304,-5.89919],[12.9718,-5.89345],[12.9765,-5.89428],[12.9823,-5.88723],[12.98623,-5.8893],[12.99465,-5.88266],[12.999,-5.87741],[12.99711,-5.87033],[13.00369,-5.86497],[12.98433,-5.86009],[12.98479,-5.85714],[12.99565,-5.85901],[13.0051,-5.85574],[13.08922,-5.86402],[13.09834,-5.87457],[13.10361,-5.88756],[13.11761,-5.8996],[13.13501,-5.8912],[13.14953,-5.87865],[13.18465,-5.87076],[13.18827,-5.86599],[13.19268,-5.86827],[13.19791,-5.86324],[13.21851,-5.85681],[13.23324,-5.86091],[13.24665,-5.85989],[13.27567,-5.8707],[13.2893,-5.87124],[13.30939,-5.88743],[13.32134,-5.88955],[13.32321,-5.89329],[13.33883,-5.89353],[13.35005,-5.90205],[13.35832,-5.90423],[13.36938,-5.86926],[13.38343,-5.86392],[13.39335,-5.86748],[13.39734,-5.86533],[13.39904,-5.86881],[13.42615,-5.86203],[13.43037,-5.87568],[13.44315,-5.87782],[13.48009,-5.87345],[13.53104,-5.89512],[13.55115,-5.89459],[13.57459,-5.88704],[13.60975,-5.89715],[13.61918,-5.9068],[13.65708,-5.89712],[13.68512,-5.90631],[13.70259,-5.90676],[13.7081,-5.90399],[13.73774,-5.90283],[13.74712,-5.88553],[13.83867,-5.87558],[13.89277,-5.86087],[13.97458,-5.84843],[14.00831,-5.83385],[14.02302,-5.83889],[14.03658,-5.83957],[14.03865,-5.84209],[14.0359,-5.84877],[14.04601,-5.85267],[14.0552,-5.85197],[14.06048,-5.84552],[14.07312,-5.84896],[14.0862,-5.84182],[14.09678,-5.84342],[14.10688,-5.83811],[14.12113,-5.84339],[14.13008,-5.83878],[14.13537,-5.84153],[14.1411,-5.83555],[14.14732,-5.84037],[14.14962,-5.84704],[14.15996,-5.84771],[14.16271,-5.84472],[14.16778,-5.85184],[14.16892,-5.84701],[14.17995,-5.8447],[14.18178,-5.84079],[14.18845,-5.84354],[14.19189,-5.84078],[14.20158,-5.86882],[14.2117,-5.87456],[14.21582,-5.86812],[14.22134,-5.86765],[14.2264,-5.87178],[14.23075,-5.86626],[14.23858,-5.87775],[14.23906,-5.88534],[14.25489,-5.87612],[14.26248,-5.88094],[14.265,-5.87288],[14.2735,-5.87218],[14.28405,-5.8609],[14.28704,-5.86573],[14.29876,-5.86479],[14.31085,-5.88493],[14.39883,-5.89987],[14.44564,-5.90345],[14.48101,-5.89489],[14.4884,-5.90043],[14.60974,-5.9255],[14.61155,-5.91077],[14.61913,-5.90541],[14.68034,-5.88098],[14.71621,-5.87011],[14.77635,-5.85974],[14.98192,-5.86846],[15.07095,-5.85812],[15.08613,-5.86498],[15.10959,-5.868],[15.19885,-5.86834],[15.29538,-5.87989],[15.37984,-5.87868],[15.4479,-5.88578],[15.59599,-5.87957],[15.84951,-5.87772],[16.14127,-5.86971],[16.13969,-5.85023],[16.15041,-5.81883],[16.1641,-5.8102],[16.19933,-5.80818],[16.2062,-5.79481],[16.20746,-5.77887],[16.21088,-5.77402],[16.20763,-5.76438],[16.20873,-5.75379],[16.20438,-5.75611],[16.20115,-5.75198],[16.20544,-5.73287],[16.20909,-5.72826],[16.20513,-5.71424],[16.20599,-5.69906],[16.20712,-5.69492],[16.21218,-5.69513],[16.21353,-5.68845],[16.20635,-5.67376],[16.21185,-5.67121],[16.2102,-5.66109],[16.21409,-5.65763],[16.21132,-5.65235],[16.2186,-5.63484],[16.21468,-5.63279],[16.21442,-5.62382],[16.21026,-5.61831],[16.21048,-5.61578],[16.21623,-5.61645],[16.2146,-5.61117],[16.21779,-5.60678],[16.21132,-5.59623],[16.21173,-5.58357],[16.20825,-5.57439],[16.21213,-5.56747],[16.20142,-5.53209],[16.20619,-5.51873],[16.20127,-5.49436],[16.20164,-5.47159],[16.20688,-5.46007],[16.2029,-5.44122],[16.20927,-5.42624],[16.20648,-5.41797],[16.21122,-5.39748],[16.2142,-5.39586],[16.21553,-5.38389],[16.21229,-5.37746],[16.21697,-5.34271],[16.21303,-5.33353],[16.21798,-5.3082],[16.22118,-5.30359],[16.23288,-5.24396],[16.24584,-5.21401],[16.2487,-5.18317],[16.25647,-5.17463],[16.25256,-5.17303],[16.25196,-5.13829],[16.23973,-5.12039],[16.23168,-5.11651],[16.23178,-5.10631],[16.23547,-5.09004],[16.24299,-5.0769],[16.24566,-5.05549],[16.25024,-5.05133],[16.25065,-5.03937],[16.24626,-5.03363],[16.24717,-5.03018],[16.25769,-5.02117],[16.25604,-5.00967],[16.25785,-5.00322],[16.2679,-4.99283],[16.26808,-4.98063],[16.25709,-4.96995],[16.05428,-4.9631],[16.03892,-4.95847],[16.00633,-4.97156],[15.99192,-4.95501],[15.98015,-4.94669],[15.96473,-4.94504],[15.9556,-4.94495],[15.93507,-4.95219],[15.92791,-4.95883],[15.9167,-4.95723],[15.90996,-4.94374],[15.90371,-4.90638],[15.89837,-4.89291],[15.87924,-4.86661],[15.85752,-4.85909],[15.86644,-4.87307],[15.86069,-4.87815],[15.8531,-4.87759],[15.84457,-4.88279],[15.84309,-4.8998],[15.84603,-4.90766],[15.85372,-4.91157],[15.85695,-4.91867],[15.85536,-4.92452],[15.85244,-4.92486],[15.85571,-4.93795],[15.8661,-4.94768],[15.8562,-4.96463],[15.85729,-4.97613],[15.84936,-4.98821],[15.85378,-4.99203],[15.85347,-4.99701],[15.84215,-5.00957],[15.84458,-5.0141],[15.83545,-5.01736],[15.83421,-5.02354],[15.83079,-5.0254],[15.81586,-5.02062],[15.80486,-5.02479],[15.79267,-5.01931],[15.77938,-5.02349],[15.75435,-5.01819],[15.74464,-4.98829],[15.74362,-4.96963],[15.73465,-4.96209],[15.69913,-4.94681],[15.68545,-4.93725],[15.6849,-4.92725],[15.66886,-4.91593],[15.6389,-4.90369],[15.62439,-4.89236],[15.61625,-4.8781],[15.61378,-4.86167],[15.62451,-4.81852],[15.63592,-4.81043],[15.64792,-4.80757],[15.66804,-4.81032],[15.68376,-4.80719],[15.69879,-4.79392],[15.70969,-4.77613],[15.72018,-4.71059],[15.73769,-4.67944],[15.751,-4.64749],[15.74363,-4.63026],[15.73262,-4.61896],[15.69842,-4.60816],[15.67833,-4.59453],[15.67151,-4.58476],[15.67029,-4.57167],[15.66805,-4.57301],[15.66744,-4.56885],[15.66186,-4.57638],[15.65629,-4.57393],[15.65295,-4.58445],[15.64826,-4.58553],[15.64428,-4.60377],[15.59596,-4.60264],[15.58248,-4.60648],[15.55057,-4.6043],[15.54275,-4.59578],[15.52493,-4.58774],[15.51713,-4.59461],[15.51538,-4.60074],[15.50934,-4.60395],[15.50318,-4.60189],[15.48592,-4.60814],[15.47671,-4.60788],[15.46636,-4.6],[15.46196,-4.58687],[15.45105,-4.58073],[15.45003,-4.5695],[15.43946,-4.55411],[15.43843,-4.54622],[15.42233,-4.54446],[15.40609,-4.55267],[15.4029,-4.5602],[15.40644,-4.56437],[15.40396,-4.56702],[15.40771,-4.58829],[15.40404,-4.58944],[15.40319,-4.60117],[15.39225,-4.61313],[15.38982,-4.625],[15.37724,-4.63384],[15.37801,-4.63744],[15.36809,-4.63773],[15.36198,-4.64401],[15.35772,-4.64329],[15.35779,-4.64656],[15.3343,-4.64682],[15.32889,-4.64249],[15.33047,-4.64021],[15.3267,-4.63321],[15.31435,-4.62463],[15.27912,-4.62216],[15.26811,-4.61507],[15.24558,-4.6156],[15.23413,-4.5927],[15.21624,-4.5855],[15.20679,-4.56652],[15.17475,-4.55907],[15.17388,-4.54653],[15.17648,-4.54078],[15.17211,-4.53548],[15.17244,-4.52685],[15.1777,-4.51123],[15.1737,-4.50321],[15.17584,-4.48827],[15.17231,-4.47282],[15.16303,-4.45737],[15.15504,-4.45135],[15.14662,-4.45266],[15.14084,-4.44555],[15.12671,-4.44372],[15.11317,-4.46941],[15.11187,-4.47904],[15.09666,-4.49732],[15.05618,-4.53339],[15.04462,-4.54205],[15.03614,-4.54368],[14.99423,-4.58937],[14.98145,-4.61174],[14.90584,-4.6841],[14.86506,-4.7693],[14.86394,-4.78196],[14.85306,-4.79516],[14.85023,-4.80845],[14.83605,-4.8255],[14.82115,-4.83589],[14.80762,-4.83775],[14.80281,-4.83473],[14.78011,-4.85],[14.77023,-4.84763],[14.75375,-4.86432],[14.74413,-4.86917],[14.73563,-4.86757],[14.70336,-4.89946],[14.69646,-4.90008],[14.68757,-4.9097],[14.66069,-4.91682],[14.63016,-4.91231],[14.61856,-4.90801],[14.60831,-4.89966],[14.58825,-4.89967],[14.58138,-4.88142],[14.5543,-4.85715],[14.53325,-4.85879],[14.51076,-4.85532],[14.49594,-4.84214],[14.48366,-4.84163],[14.47393,-4.84569],[14.462,-4.86173],[14.43884,-4.87325],[14.4158,-4.89358],[14.40708,-4.88502],[14.40742,-4.87047],[14.39917,-4.85646],[14.41696,-4.82461],[14.41655,-4.81287],[14.41237,-4.80557],[14.43179,-4.78757],[14.43119,-4.78136],[14.42404,-4.77442],[14.43042,-4.72851],[14.41783,-4.70768],[14.4116,-4.68945],[14.4192,-4.66763],[14.41992,-4.63521],[14.41209,-4.61976],[14.4085,-4.61747],[14.3997,-4.62119],[14.39409,-4.61372],[14.3984,-4.5924],[14.39507,-4.54755],[14.42755,-4.53339],[14.43526,-4.49877],[14.43296,-4.49325],[14.43846,-4.49232],[14.44257,-4.48288],[14.45998,-4.46997],[14.46614,-4.45109],[14.48051,-4.43633],[14.47381,-4.43594],[14.44593,-4.4231],[14.43196,-4.40387],[14.41243,-4.38784],[14.3994,-4.37181],[14.39846,-4.36494],[14.41005,-4.35351],[14.41884,-4.33475],[14.41882,-4.32696],[14.40857,-4.30773],[14.3817,-4.29813],[14.35794,-4.30266],[14.33429,-4.31729],[14.32058,-4.31412],[14.30134,-4.33008],[14.2517,-4.36117],[14.18489,-4.39774],[14.14405,-4.41236],[14.12827,-4.41555],[14.08229,-4.4146],[14.05351,-4.42008],[14.01685,-4.43241],[14.00062,-4.44979],[13.96542,-4.50239],[13.95429,-4.51199],[13.94362,-4.5161],[13.9139,-4.51517],[13.8902,-4.50783],[13.87207,-4.49775],[13.84695,-4.46511],[13.84389,-4.45524],[13.83613,-4.46035],[13.83559,-4.44862],[13.82832,-4.44005],[13.81019,-4.43317],[13.77815,-4.43315],[13.73593,-4.45783],[13.73038,-4.46927],[13.73336,-4.57819],[13.71631,-4.65093],[13.70564,-4.65962],[13.70287,-4.66693],[13.73216,-4.68709],[13.73171,-4.69624],[13.72247,-4.72048],[13.7169,-4.72505],[13.68067,-4.71953],[13.67836,-4.72685],[13.68953,-4.74013],[13.69233,-4.74836],[13.69005,-4.77169],[13.67751,-4.76985],[13.64915,-4.7497],[13.64311,-4.74833],[13.63522,-4.75473],[13.62503,-4.76844],[13.61721,-4.80824],[13.60748,-4.81921],[13.58983,-4.82102],[13.5652,-4.81231],[13.55032,-4.80178],[13.54007,-4.77845],[13.52752,-4.77661],[13.50342,-4.79946],[13.49833,-4.81227],[13.50672,-4.83103],[13.50209,-4.83926],[13.47195,-4.86531],[13.46314,-4.86942],[13.44363,-4.86803],[13.41581,-4.89271],[13.41231,-4.87928],[13.38423,-4.84733],[13.37734,-4.82341],[13.38146,-4.8165],[13.37273,-4.79856],[13.35942,-4.79741],[13.35024,-4.78683],[13.34496,-4.78522],[13.33234,-4.78913],[13.31972,-4.78292],[13.3133,-4.7866],[13.30251,-4.78223],[13.29838,-4.7751],[13.28989,-4.7705],[13.28461,-4.77142],[13.269,-4.75002],[13.25477,-4.73829],[13.25545,-4.73069],[13.26509,-4.72908],[13.25637,-4.71942],[13.24672,-4.69595],[13.23295,-4.67984],[13.20978,-4.66903],[13.20037,-4.6573],[13.19233,-4.65269],[13.18292,-4.63873],[13.15646,-4.65037],[13.1444,-4.65225],[13.10627,-4.64728],[13.10057,-4.65223],[13.09988,-4.65706],[13.10516,-4.6681],[13.10447,-4.67293],[13.10126,-4.68145],[13.093,-4.68766],[13.08431,-4.68925],[13.05239,-4.67753],[13.03014,-4.69271],[12.98609,-4.70305],[12.92346,-4.73225],[12.91428,-4.73455],[12.89202,-4.73178],[12.87665,-4.73339],[12.87275,-4.73845],[12.86311,-4.73913],[12.85715,-4.75132],[12.85829,-4.75501],[12.83948,-4.75523],[12.83122,-4.77432],[12.81515,-4.78582],[12.79243,-4.83205],[12.80161,-4.83919],[12.80023,-4.8461],[12.78623,-4.85092],[12.77039,-4.87116],[12.7502,-4.87621],[12.74331,-4.88104],[12.72449,-4.90403],[12.72196,-4.91347],[12.72403,-4.92635],[12.71576,-4.9459],[12.70268,-4.95426],[12.69028,-4.9521],[12.6664,-4.95768],[12.64484,-4.95046],[12.63428,-4.95505],[12.63268,-4.96149],[12.64047,-4.9776],[12.64047,-4.99187],[12.62898,-5.022],[12.61498,-5.02176],[12.60649,-5.02681],[12.59753,-5.04038],[12.58674,-5.04014],[12.5748,-5.05095],[12.55231,-5.05047],[12.53922,-5.06311],[12.52912,-5.06794],[12.51052,-5.07022],[12.49216,-5.06514],[12.47931,-5.06927],[12.47494,-5.07571],[12.47126,-5.09319],[12.48732,-5.11598],[12.52151,-5.1335],[12.50086,-5.13554],[12.48355,-5.14102],[12.47322,-5.1515],[12.48368,-5.15827],[12.50848,-5.15975],[12.50788,-5.7543],[12.47766,-5.75829],[12.25784,-5.7681],[12.22137,-5.77241],[12.20566,-5.77757],[12.22759,-5.8138],[12.26505,-5.85423],[12.26802,-5.8618],[12.29243,-5.88997],[12.33704,-5.92843],[12.35947,-5.96379],[12.36319,-5.96454],[12.39243,-5.99704],[12.39999,-6.01006],[12.40408,-6.02619]]]},"properties":{"nom":"Kongo-Central","pcode":"CD20"}},{"type":"Feature","geometry":{"type":"Polygon","coordinates":[[[17.29953,-7.6693],[17.29984,-7.67989],[17.2925,-7.68589],[17.29231,-7.6937],[17.30641,-7.70327],[17.31745,-7.70092],[17.31984,-7.71629],[17.33112,-7.71693],[17.32871,-7.73921],[17.32024,-7.74935],[17.32144,-7.75853],[17.32953,-7.76263],[17.34412,-7.77816],[17.38494,-7.78898],[17.39099,-7.79997],[17.38553,-7.81354],[17.38672,-7.82088],[17.39181,-7.82338],[17.40768,-7.81963],[17.41163,-7.82672],[17.40269,-7.83504],[17.40296,-7.84169],[17.42758,-7.83766],[17.43131,-7.84545],[17.42401,-7.85811],[17.4222,-7.86501],[17.42476,-7.86959],[17.43331,-7.87436],[17.44551,-7.87269],[17.45315,-7.87931],[17.4555,-7.88825],[17.44388,-7.9115],[17.44236,-7.92735],[17.45811,-7.94402],[17.4717,-7.94487],[17.46833,-7.95958],[17.47249,-7.96162],[17.48441,-7.95054],[17.48786,-7.95098],[17.4909,-7.95854],[17.48376,-8.0],[17.4956,-8.00425],[17.50754,-8.0132],[17.53259,-8.04394],[17.53108,-8.04879],[17.52432,-8.04502],[17.5172,-8.04654],[17.51397,-8.05809],[17.50473,-8.06884],[17.50548,-8.08283],[17.52827,-8.09249],[17.52938,-8.10188],[17.56033,-8.12745],[17.61132,-8.12849],[17.68525,-8.1015],[17.72112,-8.09685],[17.75719,-8.10139],[17.78372,-8.11279],[17.79682,-8.11091],[17.80529,-8.10797],[17.82524,-8.09148],[17.885,-8.079],[17.94,-8.082],[17.959,-8.091],[17.972,-8.109],[17.982,-8.113],[18.0,-8.098],[18.1,-8.099],[18.103,-8.087],[18.087,-8.068],[18.095,-8.055],[18.098,-8.04],[18.135,-8.035],[18.153,-8.009],[18.209,-7.994],[18.217,-7.989],[18.261,-7.994],[18.275,-7.989],[18.294,-7.988],[18.308,-7.994],[18.3,-8.0],[18.304,-8.014],[18.319,-8.018],[18.326,-8.013],[18.33,-8.014],[18.331,-8.019],[18.354,-8.027],[18.365,-8.021],[18.376,-8.027],[18.386,-8.018],[18.398,-8.013],[18.391,-8.0],[18.527,-8.0],[18.531,-7.994],[18.533,-7.972],[18.54496,-7.96318],[18.55568,-7.94838],[18.55816,-7.93358],[18.78,-7.922],[18.783,-7.959],[18.779,-7.96],[18.778,-7.964],[18.786,-7.969],[18.8,-7.993],[18.8,-8.0],[19.43568,-7.99854],[19.44063,-7.97963],[19.43651,-7.95825],[19.357,-7.928],[19.357,-7.913],[19.354,-7.908],[19.343,-7.902],[19.348,-7.884],[19.356,-7.879],[19.355,-7.867],[19.364,-7.861],[19.362,-7.812],[19.38,-7.788],[19.387,-7.783],[19.386,-7.774],[19.391,-7.769],[19.39,-7.758],[19.402,-7.709],[19.409,-7.701],[19.407,-7.682],[19.401,-7.675],[19.399,-7.666],[19.398,-7.651],[19.387,-7.637],[19.374,-7.608],[19.369,-7.583],[19.38,-7.577],[19.381,-7.569],[19.462,-7.571],[19.474,-7.567],[19.484,-7.556],[19.483,-7.545],[19.494,-7.533],[19.486,-7.503],[19.496,-7.5],[19.512,-7.489],[19.522,-7.474],[19.537,-7.469],[19.549,-7.474],[19.55,-7.472],[19.545,-7.457],[19.537,-7.449],[19.526,-7.445],[19.527,-7.436],[19.533,-7.432],[19.521,-7.425],[19.494,-7.368],[19.503,-7.355],[19.501,-7.342],[19.498,-7.341],[19.487,-7.313],[19.492,-7.308],[19.488,-7.302],[19.495,-7.287],[19.494,-7.266],[19.501,-7.252],[19.503,-7.234],[19.5,-7.23],[19.505,-7.209],[19.501,-7.2],[19.503,-7.193],[19.496,-7.178],[19.503,-7.17],[19.508,-7.137],[19.533,-7.088],[19.559,-7.059],[19.563,-7.058],[19.547,-7.03],[19.544,-6.999],[19.95584,-6.99942],[19.96876,-6.99183],[19.96281,-6.98559],[19.96996,-6.98195],[19.96561,-6.97779],[19.96221,-6.96858],[19.96408,-6.964],[19.95906,-6.95616],[19.95962,-6.93893],[19.9518,-6.93727],[19.9493,-6.93335],[19.9537,-6.92461],[19.95056,-6.91153],[19.9522,-6.90602],[19.94465,-6.89978],[19.9463,-6.89266],[19.93755,-6.8933],[19.93606,-6.87261],[19.93062,-6.8581],[19.90747,-6.84257],[19.9011,-6.82943],[19.90299,-6.82117],[19.90025,-6.81725],[19.89083,-6.81558],[19.88726,-6.79649],[19.87737,-6.79689],[19.87627,-6.78769],[19.86599,-6.77545],[19.85795,-6.77356],[19.85317,-6.76388],[19.8433,-6.76038],[19.84632,-6.75603],[19.83513,-6.74194],[19.83472,-6.73321],[19.82666,-6.73454],[19.82466,-6.72234],[19.81549,-6.71677],[19.81761,-6.7069],[19.81186,-6.70733],[19.81191,-6.69923],[19.80526,-6.69649],[19.79566,-6.68586],[19.78602,-6.68189],[19.78698,-6.67431],[19.77738,-6.66506],[19.77232,-6.66549],[19.76961,-6.65605],[19.7566,-6.6385],[19.75459,-6.62955],[19.74034,-6.62714],[19.7342,-6.61515],[19.72571,-6.61188],[19.70957,-6.58076],[19.70876,-6.56075],[19.712,-6.55709],[19.7024,-6.54761],[19.702,-6.53841],[19.70733,-6.53132],[19.70142,-6.51818],[19.7081,-6.51639],[19.70996,-6.51226],[19.70476,-6.49706],[19.71648,-6.49782],[19.7085,-6.48719],[19.71523,-6.47666],[19.71375,-6.45458],[19.70482,-6.44717],[19.70601,-6.44143],[19.71846,-6.43507],[19.72035,-6.42566],[19.70691,-6.40466],[19.70448,-6.38671],[19.697,-6.36827],[19.69689,-6.34873],[19.68956,-6.3434],[19.68776,-6.33695],[19.66036,-6.34437],[19.6472,-6.35417],[19.63454,-6.358],[19.61027,-6.35428],[19.57451,-6.34271],[19.5524,-6.33993],[19.51736,-6.32108],[19.5036,-6.30522],[19.4997,-6.30359],[19.49048,-6.3072],[19.47581,-6.30205],[19.4699,-6.29006],[19.45684,-6.28262],[19.44536,-6.28163],[19.42966,-6.29233],[19.42339,-6.30378],[19.39852,-6.37108],[19.39075,-6.3826],[19.36597,-6.39127],[19.35229,-6.38957],[19.34248,-6.38315],[19.33049,-6.38364],[19.33136,-6.35376],[19.324,-6.35486],[19.32068,-6.33484],[19.3143,-6.32514],[19.31329,-6.3026],[19.29918,-6.28067],[19.29837,-6.26296],[19.29472,-6.25925],[19.30477,-6.23219],[19.30555,-6.21725],[19.31364,-6.21133],[19.31913,-6.21435],[19.33471,-6.1848],[19.36837,-6.16892],[19.382,-6.15752],[19.38274,-6.14832],[19.39427,-6.1415],[19.39637,-6.13646],[19.39571,-6.13231],[19.39113,-6.12976],[19.39209,-6.12378],[19.36519,-6.12453],[19.35602,-6.12079],[19.33719,-6.1202],[19.33074,-6.12154],[19.32103,-6.13159],[19.30745,-6.13472],[19.25184,-6.1112],[19.2244,-6.10404],[19.21717,-6.09319],[19.20559,-6.10783],[19.20595,-6.12278],[19.18901,-6.14795],[19.17864,-6.18239],[19.15758,-6.18827],[19.1446,-6.19623],[19.13286,-6.1947],[19.11139,-6.17544],[19.10642,-6.17661],[19.09799,-6.18903],[19.09539,-6.21241],[19.07693,-6.21888],[19.05924,-6.26621],[19.05537,-6.27005],[19.00577,-6.27823],[18.99341,-6.28472],[18.96962,-6.30717],[18.95556,-6.31188],[18.9489,-6.31068],[18.93175,-6.29699],[18.93607,-6.29052],[18.93011,-6.2616],[18.93467,-6.25559],[18.92283,-6.24003],[18.92343,-6.22784],[18.90905,-6.2274],[18.87902,-6.24362],[18.86733,-6.24626],[18.8347,-6.20089],[18.83278,-6.18402],[18.83859,-6.18432],[18.8603,-6.20006],[18.8655,-6.20126],[18.86997,-6.19653],[18.87199,-6.1243],[18.86889,-6.12015],[18.86391,-6.12191],[18.84944,-6.14379],[18.84561,-6.14585],[18.83785,-6.14228],[18.82887,-6.12894],[18.8293,-6.12302],[18.84166,-6.10469],[18.83457,-6.09728],[18.82786,-6.09815],[18.79716,-6.11822],[18.77933,-6.12232],[18.77099,-6.13089],[18.74763,-6.13796],[18.72937,-6.12248],[18.72792,-6.11168],[18.73065,-6.10775],[18.72487,-6.10296],[18.72687,-6.09375],[18.7122,-6.06602],[18.70466,-6.03963],[18.70029,-6.03828],[18.69331,-6.0266],[18.69555,-6.01807],[18.70284,-6.00906],[18.7032,-5.99457],[18.70686,-5.99224],[18.7054,-5.98121],[18.70024,-5.97857],[18.64428,-5.97312],[18.57669,-5.99251],[18.55352,-5.98921],[18.53568,-5.99391],[18.53284,-5.99124],[18.53497,-5.9871],[18.5462,-5.97913],[18.54838,-5.97098],[18.54588,-5.94156],[18.5391,-5.92413],[18.5411,-5.91399],[18.54865,-5.90889],[18.55247,-5.89667],[18.56319,-5.88556],[18.57126,-5.85653],[18.55938,-5.85334],[18.55464,-5.85717],[18.54332,-5.88083],[18.53505,-5.88674],[18.51897,-5.86627],[18.49021,-5.86592],[18.48036,-5.85257],[18.47795,-5.84398],[18.46102,-5.83507],[18.44665,-5.81609],[18.41268,-5.81409],[18.40482,-5.80769],[18.39683,-5.78015],[18.39224,-5.78132],[18.38272,-5.79955],[18.36846,-5.7978],[18.34951,-5.81655],[18.34124,-5.83421],[18.32206,-5.83713],[18.31605,-5.85725],[18.30922,-5.86345],[18.29427,-5.86905],[18.28496,-5.86932],[18.2746,-5.86516],[18.27998,-5.84652],[18.27477,-5.84048],[18.26929,-5.84465],[18.26388,-5.86078],[18.24969,-5.87007],[18.24418,-5.86095],[18.2453,-5.82661],[18.24167,-5.80824],[18.22653,-5.77269],[18.22341,-5.76972],[18.21644,-5.77276],[18.21097,-5.78038],[18.20432,-5.7818],[18.20737,-5.79052],[18.19805,-5.8076],[18.18568,-5.81296],[18.18824,-5.81824],[18.18439,-5.82677],[18.18558,-5.8332],[18.18056,-5.83806],[18.17809,-5.84705],[18.1788,-5.85049],[18.18292,-5.8484],[18.18386,-5.85092],[18.17976,-5.85762],[18.18141,-5.86336],[18.17308,-5.88122],[18.16315,-5.88357],[18.13938,-5.86871],[18.10413,-5.87219],[18.09704,-5.86507],[18.10158,-5.85738],[18.11677,-5.85416],[18.13474,-5.84383],[18.14003,-5.82934],[18.13922,-5.81454],[18.12936,-5.80178],[18.10479,-5.82038],[18.09971,-5.81415],[18.09989,-5.79432],[18.11911,-5.76861],[18.11928,-5.7615],[18.1163,-5.75232],[18.0901,-5.7419],[18.09287,-5.72355],[18.08279,-5.71968],[18.03185,-5.7182],[18.02824,-5.69085],[17.98606,-5.70585],[17.96397,-5.7061],[17.95735,-5.70342],[17.92183,-5.6696],[17.91403,-5.66633],[17.91312,-5.64782],[17.91653,-5.64113],[17.91297,-5.63879],[17.8767,-5.63664],[17.84961,-5.62863],[17.84577,-5.639],[17.82022,-5.66881],[17.80001,-5.70895],[17.78903,-5.71637],[17.76697,-5.71442],[17.7535,-5.7089],[17.73285,-5.70975],[17.69798,-5.70192],[17.67943,-5.69339],[17.66426,-5.69776],[17.64157,-5.71971],[17.63042,-5.69746],[17.62446,-5.69979],[17.61502,-5.69662],[17.61339,-5.69203],[17.60605,-5.69345],[17.5999,-5.7036],[17.57969,-5.70463],[17.57351,-5.70765],[17.5402,-5.70783],[17.53988,-5.69104],[17.52325,-5.67572],[17.51605,-5.66173],[17.52101,-5.64399],[17.51842,-5.63319],[17.51972,-5.61915],[17.51487,-5.61458],[17.52306,-5.60097],[17.52046,-5.58741],[17.52427,-5.57037],[17.52264,-5.56669],[17.53424,-5.5457],[17.52663,-5.53976],[17.52013,-5.52806],[17.51416,-5.52764],[17.5155,-5.52188],[17.5093,-5.52145],[17.50765,-5.5141],[17.49177,-5.50843],[17.48505,-5.49627],[17.48523,-5.48868],[17.47648,-5.48344],[17.47481,-5.47171],[17.47706,-5.46411],[17.48708,-5.44888],[17.47878,-5.44363],[17.47783,-5.43788],[17.47022,-5.43125],[17.4741,-5.42755],[17.47747,-5.41442],[17.46816,-5.39192],[17.47521,-5.37831],[17.46872,-5.368],[17.47251,-5.34727],[17.47664,-5.34564],[17.47932,-5.3332],[17.47737,-5.31205],[17.48117,-5.29317],[17.47678,-5.28813],[17.48112,-5.28465],[17.48132,-5.28005],[17.47643,-5.26719],[17.48074,-5.25728],[17.47772,-5.25177],[17.48017,-5.2375],[17.4882,-5.23654],[17.48218,-5.22806],[17.49426,-5.21074],[17.49213,-5.19994],[17.50928,-5.18811],[17.51032,-5.181],[17.51702,-5.17519],[17.51947,-5.16206],[17.52607,-5.15283],[17.53274,-5.15486],[17.53588,-5.14173],[17.54115,-5.13894],[17.54498,-5.12581],[17.53669,-5.12125],[17.54352,-5.1127],[17.53503,-5.11275],[17.52537,-5.1082],[17.52235,-5.102],[17.52828,-5.09553],[17.51352,-5.08364],[17.52968,-5.05825],[17.52595,-5.04837],[17.52797,-5.03985],[17.50932,-5.03052],[17.50745,-5.02454],[17.50971,-5.01786],[17.5051,-5.01351],[17.50755,-5.00085],[17.51644,-4.99022],[17.51478,-4.98056],[17.51952,-4.96604],[17.51345,-4.9479],[17.51915,-4.93981],[17.5189,-4.93659],[17.50674,-4.93689],[17.50236,-4.93346],[17.50094,-4.92702],[17.50434,-4.91757],[17.49878,-4.90978],[17.50192,-4.8955],[17.49982,-4.88976],[17.50413,-4.88099],[17.51419,-4.87404],[17.51736,-4.86528],[17.52193,-4.8618],[17.52142,-4.85398],[17.53469,-4.84747],[17.53642,-4.82698],[17.54716,-4.8191],[17.53978,-4.8127],[17.54657,-4.79563],[17.54629,-4.7862],[17.54074,-4.7791],[17.54527,-4.76941],[17.55327,-4.76339],[17.55415,-4.75579],[17.56444,-4.74952],[17.57836,-4.69653],[17.58683,-4.69303],[17.58653,-4.6813],[17.60028,-4.678],[17.60479,-4.66302],[17.6165,-4.6648],[17.61854,-4.66065],[17.61643,-4.65329],[17.62284,-4.6505],[17.63218,-4.63825],[17.63281,-4.6295],[17.63762,-4.62833],[17.63732,-4.61429],[17.64254,-4.60575],[17.63564,-4.60142],[17.63461,-4.58209],[17.64331,-4.57998],[17.65265,-4.56865],[17.64642,-4.56247],[17.67044,-4.54945],[17.6815,-4.55814],[17.6881,-4.55051],[17.6883,-4.54453],[17.69606,-4.53712],[17.69299,-4.52241],[17.68586,-4.519],[17.6895,-4.51461],[17.67658,-4.50179],[17.67695,-4.48568],[17.67418,-4.48247],[17.64687,-4.47986],[17.65255,-4.47063],[17.65759,-4.46991],[17.66336,-4.47517],[17.67226,-4.46753],[17.66307,-4.46526],[17.66297,-4.44848],[17.66709,-4.44616],[17.67471,-4.45578],[17.68676,-4.4373],[17.68419,-4.42926],[17.69378,-4.42162],[17.696,-4.40872],[17.70407,-4.41604],[17.70873,-4.38886],[17.72046,-4.39363],[17.72796,-4.38185],[17.73923,-4.38754],[17.74333,-4.38361],[17.74838,-4.38427],[17.77008,-4.36873],[17.7773,-4.34936],[17.79722,-4.34396],[17.80337,-4.33633],[17.82212,-4.32679],[17.82573,-4.31687],[17.82004,-4.29893],[17.80651,-4.28301],[17.79388,-4.2751],[17.75882,-4.30035],[17.72152,-4.3203],[17.68093,-4.33421],[17.63822,-4.34135],[17.63285,-4.33913],[17.62617,-4.32994],[17.63411,-4.29446],[17.63844,-4.28938],[17.63654,-4.27719],[17.6245,-4.257],[17.62396,-4.2432],[17.61221,-4.23314],[17.552,-4.24137],[17.51786,-4.23775],[17.49565,-4.2537],[17.45752,-4.2921],[17.42367,-4.30143],[17.39025,-4.33192],[17.34063,-4.3685],[17.30069,-4.38548],[17.25609,-4.38915],[17.22654,-4.41672],[17.21335,-4.43368],[17.19866,-4.46668],[17.19069,-4.51154],[17.18133,-4.54223],[17.16753,-4.56083],[17.1536,-4.5665],[17.14063,-4.56496],[17.11923,-4.55181],[17.10683,-4.55003],[17.09485,-4.53996],[17.07531,-4.53246],[17.03607,-4.48386],[17.02435,-4.47908],[17.01219,-4.47891],[16.99508,-4.4974],[16.98408,-4.50341],[16.95962,-4.50546],[16.95101,-4.50109],[16.94065,-4.48097],[16.93927,-4.46619],[16.94046,-4.46186],[16.96026,-4.4469],[16.97345,-4.42912],[16.97008,-4.401],[16.96284,-4.39798],[16.94583,-4.40367],[16.93572,-4.40108],[16.92818,-4.38799],[16.91968,-4.36114],[16.91111,-4.34786],[16.86288,-4.2973],[16.85626,-4.29438],[16.85177,-4.31442],[16.85187,-4.33628],[16.84894,-4.34688],[16.8398,-4.35428],[16.82604,-4.35434],[16.81895,-4.35898],[16.80315,-4.36227],[16.79579,-4.35561],[16.78199,-4.35346],[16.77504,-4.35784],[16.76064,-4.37851],[16.7469,-4.38191],[16.74467,-4.34494],[16.74001,-4.33142],[16.73709,-4.32836],[16.72889,-4.33028],[16.71981,-4.34823],[16.7132,-4.35207],[16.70274,-4.32243],[16.69543,-4.32844],[16.67984,-4.3292],[16.66298,-4.35321],[16.64742,-4.36063],[16.63596,-4.36229],[16.62842,-4.36946],[16.61659,-4.37293],[16.61034,-4.3847],[16.60629,-4.41165],[16.61181,-4.52937],[16.61096,-4.54701],[16.60734,-4.55588],[16.5989,-4.55451],[16.58772,-4.54741],[16.54334,-4.51286],[16.51489,-4.48598],[16.46425,-4.48357],[16.44173,-4.47537],[16.41963,-4.45659],[16.40614,-4.46516],[16.39706,-4.48913],[16.39491,-4.52151],[16.38302,-4.54502],[16.36535,-4.56736],[16.3486,-4.59975],[16.29087,-4.72841],[16.28356,-4.7371],[16.26248,-4.74776],[16.26166,-4.76698],[16.25573,-4.77179],[16.25951,-4.7787],[16.25016,-4.7917],[16.25158,-4.79789],[16.24882,-4.80516],[16.25173,-4.80405],[16.25222,-4.81109],[16.24875,-4.81622],[16.25215,-4.8235],[16.2454,-4.82459],[16.24114,-4.82908],[16.24341,-4.83358],[16.24017,-4.83505],[16.24331,-4.84072],[16.24016,-4.85329],[16.25865,-4.85889],[16.25741,-4.8674],[16.26725,-4.88303],[16.2649,-4.88919],[16.26935,-4.89735],[16.26303,-4.90736],[16.26858,-4.92792],[16.26389,-4.94308],[16.26606,-4.95872],[16.25703,-4.96958],[16.26808,-4.98063],[16.26925,-4.98684],[16.2679,-4.99283],[16.25785,-5.00322],[16.25769,-5.02117],[16.24717,-5.03018],[16.24626,-5.03363],[16.25065,-5.03937],[16.25024,-5.05133],[16.24566,-5.05549],[16.24299,-5.0769],[16.23547,-5.09004],[16.23178,-5.10631],[16.23168,-5.11651],[16.23973,-5.12039],[16.25196,-5.13829],[16.25256,-5.17303],[16.25647,-5.17463],[16.2487,-5.18317],[16.24584,-5.21401],[16.23288,-5.24396],[16.22118,-5.30359],[16.21798,-5.3082],[16.21303,-5.33353],[16.21697,-5.34271],[16.21229,-5.37746],[16.21553,-5.38389],[16.2142,-5.39586],[16.21122,-5.39748],[16.20648,-5.41797],[16.20927,-5.42624],[16.2029,-5.44122],[16.20688,-5.46007],[16.20164,-5.47159],[16.20127,-5.49436],[16.20619,-5.51873],[16.20142,-5.53209],[16.21213,-5.56747],[16.20825,-5.57439],[16.21173,-5.58357],[16.21132,-5.59623],[16.21779,-5.60678],[16.2146,-5.61117],[16.21623,-5.61645],[16.21048,-5.61578],[16.21026,-5.61831],[16.21442,-5.62382],[16.21468,-5.63279],[16.2186,-5.63484],[16.21132,-5.65235],[16.21409,-5.65763],[16.2102,-5.66109],[16.21185,-5.67121],[16.20635,-5.67376],[16.21353,-5.68845],[16.21218,-5.69513],[16.20712,-5.69492],[16.20599,-5.69906],[16.20513,-5.71424],[16.20909,-5.72826],[16.20544,-5.73287],[16.20115,-5.75198],[16.20438,-5.75611],[16.20873,-5.75379],[16.20763,-5.76438],[16.21088,-5.77402],[16.20746,-5.77887],[16.2062,-5.79481],[16.19933,-5.80818],[16.1641,-5.8102],[16.15453,-5.81511],[16.15041,-5.81883],[16.13969,-5.85023],[16.13943,-5.85864],[16.19488,-5.85986],[16.22222,-5.86862],[16.36594,-5.86469],[16.38433,-5.86756],[16.40447,-5.88836],[16.44335,-5.89615],[16.44837,-5.89622],[16.42365,-5.89097],[16.42295,-5.88753],[16.4355,-5.86793],[16.44745,-5.86719],[16.44971,-5.86051],[16.45477,-5.86095],[16.46024,-5.84966],[16.46831,-5.85653],[16.47425,-5.85007],[16.4894,-5.84518],[16.5069,-5.85476],[16.51769,-5.85265],[16.52276,-5.85769],[16.52989,-5.85835],[16.5343,-5.86776],[16.55178,-5.87321],[16.57912,-5.87264],[16.5874,-5.87537],[16.58566,-5.89538],[16.59125,-5.91376],[16.59678,-5.9181],[16.59919,-5.94293],[16.59191,-5.95791],[16.58922,-5.97448],[16.59154,-5.97838],[16.60604,-5.98476],[16.59831,-6.00181],[16.6062,-6.0204],[16.60767,-6.04063],[16.59902,-6.05883],[16.6025,-6.06549],[16.62799,-6.06124],[16.63285,-6.06789],[16.63034,-6.07342],[16.62529,-6.07528],[16.60806,-6.07535],[16.60673,-6.08571],[16.61158,-6.09167],[16.63319,-6.09411],[16.64793,-6.09979],[16.64821,-6.11244],[16.64295,-6.11729],[16.64552,-6.1274],[16.65953,-6.12435],[16.67062,-6.13787],[16.68856,-6.1394],[16.69778,-6.14603],[16.70264,-6.15337],[16.72154,-6.16594],[16.72115,-6.17996],[16.72946,-6.18821],[16.73087,-6.19395],[16.7259,-6.21236],[16.71606,-6.22344],[16.71038,-6.23565],[16.71853,-6.25953],[16.70948,-6.29084],[16.71712,-6.30345],[16.71815,-6.32621],[16.7249,-6.34411],[16.72219,-6.35608],[16.71578,-6.36139],[16.69001,-6.35553],[16.68821,-6.36427],[16.69765,-6.36722],[16.70249,-6.37134],[16.70321,-6.37685],[16.69179,-6.39437],[16.6907,-6.40564],[16.69347,-6.41023],[16.70037,-6.41112],[16.71323,-6.40762],[16.7243,-6.41423],[16.7324,-6.42546],[16.72601,-6.43469],[16.71315,-6.4398],[16.71111,-6.44625],[16.71367,-6.45336],[16.72752,-6.46434],[16.73587,-6.47993],[16.73314,-6.48661],[16.72718,-6.49078],[16.72514,-6.49584],[16.72723,-6.50089],[16.7337,-6.50753],[16.75583,-6.5187],[16.7632,-6.53104],[16.76118,-6.54201],[16.75118,-6.5578],[16.74941,-6.57298],[16.75706,-6.58513],[16.76812,-6.59036],[16.77274,-6.59632],[16.77601,-6.6055],[16.77612,-6.62872],[16.7815,-6.64892],[16.78984,-6.6613],[16.78901,-6.68176],[16.80015,-6.70331],[16.81184,-6.70523],[16.82573,-6.71308],[16.83088,-6.73237],[16.82986,-6.76041],[16.8507,-6.78928],[16.87171,-6.80527],[16.87628,-6.84685],[16.89543,-6.85803],[16.91035,-6.85129],[16.91542,-6.85288],[16.92053,-6.8632],[16.93781,-6.87002],[16.94181,-6.88792],[16.93688,-6.91506],[16.94382,-6.92146],[16.94708,-6.93041],[16.93709,-6.9578],[16.93874,-6.96607],[16.95009,-6.98072],[16.96965,-6.98224],[16.97289,-6.98613],[16.97388,-7.00014],[16.98274,-7.02331],[16.97088,-7.04405],[16.97054,-7.06909],[16.96803,-7.07439],[16.96001,-7.07971],[16.95264,-7.0779],[16.94335,-7.0614],[16.93897,-7.06073],[16.92889,-7.06859],[16.92805,-7.08422],[16.9336,-7.09132],[16.94038,-7.11311],[16.9508,-7.12616],[16.95043,-7.14431],[16.95369,-7.15257],[16.96893,-7.16353],[16.97035,-7.17018],[16.96853,-7.17571],[16.95479,-7.18863],[16.95371,-7.20334],[16.9886,-7.23075],[17.00395,-7.2633],[17.00202,-7.29295],[17.00551,-7.30005],[17.01885,-7.29746],[17.03083,-7.30062],[17.04198,-7.32101],[17.06136,-7.33011],[17.07593,-7.34451],[17.08723,-7.34768],[17.10103,-7.34532],[17.11166,-7.35376],[17.11241,-7.36639],[17.1074,-7.37721],[17.11185,-7.39189],[17.10839,-7.41759],[17.11017,-7.42268],[17.11363,-7.42542],[17.13297,-7.42487],[17.13732,-7.42094],[17.13887,-7.40922],[17.14507,-7.40552],[17.15297,-7.41926],[17.16082,-7.42519],[17.17902,-7.42671],[17.18526,-7.4322],[17.18809,-7.44459],[17.18512,-7.44873],[17.17061,-7.44903],[17.15982,-7.45414],[17.15366,-7.46404],[17.15625,-7.47505],[17.16665,-7.48373],[17.18694,-7.48984],[17.19988,-7.49942],[17.20524,-7.51225],[17.19798,-7.53296],[17.2154,-7.56066],[17.22055,-7.57809],[17.23349,-7.58606],[17.23746,-7.59592],[17.24506,-7.5968],[17.24993,-7.60344],[17.2589,-7.60247],[17.27994,-7.61776],[17.29608,-7.62319],[17.30629,-7.63691],[17.30035,-7.64705],[17.29953,-7.6693]]]},"properties":{"nom":"Kwango","pcode":"CD31"}},{"type":"Feature","geometry":{"type":"Polygon","coordinates":[[[18.72566,-6.09209],[18.72487,-6.10296],[18.73065,-6.10775],[18.72792,-6.11168],[18.72937,-6.12248],[18.74763,-6.13796],[18.77099,-6.13089],[18.77933,-6.12232],[18.79716,-6.11822],[18.82786,-6.09815],[18.83457,-6.09728],[18.84166,-6.10469],[18.8293,-6.12302],[18.82887,-6.12894],[18.83785,-6.14228],[18.84561,-6.14585],[18.84944,-6.14379],[18.86391,-6.12191],[18.86889,-6.12015],[18.87199,-6.1243],[18.86997,-6.19653],[18.8655,-6.20126],[18.8603,-6.20006],[18.83859,-6.18432],[18.83278,-6.18402],[18.8347,-6.20089],[18.86733,-6.24626],[18.87902,-6.24362],[18.90905,-6.2274],[18.92343,-6.22784],[18.92283,-6.24003],[18.93467,-6.25559],[18.93011,-6.2616],[18.93607,-6.29052],[18.93175,-6.29699],[18.94402,-6.3083],[18.95556,-6.31188],[18.96962,-6.30717],[18.99341,-6.28472],[19.00577,-6.27823],[19.05537,-6.27005],[19.05924,-6.26621],[19.07693,-6.21888],[19.09539,-6.21241],[19.09799,-6.18903],[19.10642,-6.17661],[19.11139,-6.17544],[19.13286,-6.1947],[19.1446,-6.19623],[19.15758,-6.18827],[19.17864,-6.18239],[19.18901,-6.14795],[19.20595,-6.12278],[19.20559,-6.10783],[19.21717,-6.09319],[19.2244,-6.10404],[19.25184,-6.1112],[19.30745,-6.13472],[19.32103,-6.13159],[19.33074,-6.12154],[19.33719,-6.1202],[19.35602,-6.12079],[19.36519,-6.12453],[19.39209,-6.12378],[19.39113,-6.12976],[19.39571,-6.13231],[19.39637,-6.13646],[19.39427,-6.1415],[19.38274,-6.14832],[19.382,-6.15752],[19.36837,-6.16892],[19.33471,-6.1848],[19.31913,-6.21435],[19.31364,-6.21133],[19.30555,-6.21725],[19.30477,-6.23219],[19.29472,-6.25925],[19.29837,-6.26296],[19.29918,-6.28067],[19.31329,-6.3026],[19.3143,-6.32514],[19.32068,-6.33484],[19.324,-6.35486],[19.33136,-6.35376],[19.33049,-6.38364],[19.34248,-6.38315],[19.35229,-6.38957],[19.36597,-6.39127],[19.39075,-6.3826],[19.39852,-6.37108],[19.42339,-6.30378],[19.42966,-6.29233],[19.44536,-6.28163],[19.45684,-6.28262],[19.4699,-6.29006],[19.47581,-6.30205],[19.49048,-6.3072],[19.4997,-6.30359],[19.5036,-6.30522],[19.51736,-6.32108],[19.5524,-6.33993],[19.57451,-6.34271],[19.61027,-6.35428],[19.63454,-6.358],[19.6472,-6.35417],[19.66036,-6.34437],[19.68776,-6.33695],[19.69471,-6.32734],[19.6842,-6.31716],[19.68838,-6.30868],[19.68731,-6.29557],[19.69559,-6.29539],[19.69771,-6.28552],[19.6879,-6.27327],[19.69697,-6.25539],[19.69591,-6.23978],[19.68014,-6.22448],[19.6974,-6.18021],[19.69356,-6.16961],[19.69544,-6.16181],[19.70611,-6.14486],[19.71969,-6.14057],[19.72529,-6.12543],[19.74002,-6.12092],[19.74496,-6.10279],[19.76336,-6.09945],[19.77353,-6.08825],[19.78435,-6.08509],[19.79016,-6.075],[19.80442,-6.07165],[19.81508,-6.05654],[19.82938,-6.04605],[19.83542,-6.03459],[19.85496,-6.03286],[19.8688,-6.02421],[19.88404,-6.01142],[19.88573,-5.99579],[19.90035,-6.01014],[19.9087,-5.99755],[19.91881,-5.99714],[19.93033,-5.991],[19.95306,-5.99619],[19.9688,-5.9726],[19.9865,-5.97178],[19.99343,-5.96561],[20.0,-5.96657],[20.00402,-5.962],[20.00823,-5.94615],[20.02043,-5.94277],[20.02275,-5.93934],[20.02811,-5.92511],[20.02654,-5.9182],[20.03693,-5.90723],[20.03425,-5.89364],[20.04141,-5.88678],[20.05144,-5.85902],[20.07903,-5.85411],[20.09146,-5.84845],[20.09725,-5.83996],[20.10921,-5.83727],[20.11245,-5.83361],[20.11071,-5.81497],[20.11494,-5.79728],[20.12579,-5.78585],[20.15415,-5.766],[20.15209,-5.76254],[20.15583,-5.75335],[20.17106,-5.73873],[20.1686,-5.72652],[20.17302,-5.71574],[20.1681,-5.69064],[20.17636,-5.69276],[20.18188,-5.69049],[20.18129,-5.67047],[20.17606,-5.66125],[20.18411,-5.65783],[20.1862,-5.65371],[20.18259,-5.64219],[20.19073,-5.62315],[20.18182,-5.6139],[20.18139,-5.60861],[20.17338,-5.60166],[20.16536,-5.59978],[20.17275,-5.59039],[20.15446,-5.57556],[20.15664,-5.55281],[20.15094,-5.54794],[20.15584,-5.53141],[20.14526,-5.53481],[20.14481,-5.53273],[20.14743,-5.5148],[20.15642,-5.5068],[20.15172,-5.48447],[20.16411,-5.48638],[20.17859,-5.4837],[20.15528,-5.48247],[20.14678,-5.46305],[20.14917,-5.44581],[20.14604,-5.42808],[20.16863,-5.41323],[20.15067,-5.42212],[20.14264,-5.41978],[20.14015,-5.41309],[20.14163,-5.39401],[20.14535,-5.38598],[20.15729,-5.38444],[20.14974,-5.3791],[20.1446,-5.35309],[20.14622,-5.35033],[20.15747,-5.35016],[20.15496,-5.3467],[20.149,-5.34644],[20.15733,-5.3336],[20.16723,-5.32791],[20.17482,-5.32634],[20.18397,-5.33099],[20.1753,-5.32151],[20.18108,-5.31372],[20.17106,-5.29847],[20.17293,-5.29044],[20.17639,-5.28793],[20.1835,-5.28912],[20.19985,-5.27817],[20.2038,-5.2706],[20.18629,-5.23899],[20.18723,-5.23439],[20.19899,-5.22664],[20.19817,-5.20593],[20.18995,-5.19392],[20.20032,-5.18868],[20.18754,-5.17458],[20.19429,-5.15576],[20.18618,-5.12903],[20.17955,-5.12163],[20.17846,-5.1115],[20.18222,-5.09312],[20.16965,-5.0843],[20.16861,-5.06198],[20.15099,-5.05291],[20.13984,-5.03537],[20.14324,-4.99949],[20.12961,-4.97227],[20.11909,-4.96554],[20.11522,-4.95906],[20.1077,-4.90347],[20.10205,-4.88975],[20.10261,-4.87111],[20.09124,-4.85218],[20.0847,-4.82846],[20.08589,-4.82202],[20.07837,-4.81162],[20.06908,-4.78879],[20.05581,-4.78227],[20.06058,-4.74848],[20.04963,-4.73714],[20.06004,-4.72132],[20.05189,-4.7008],[20.05449,-4.68655],[20.0692,-4.67973],[20.07087,-4.66847],[20.06494,-4.66199],[20.06089,-4.65029],[20.06897,-4.63694],[20.05646,-4.61823],[20.06388,-4.6017],[20.06209,-4.59502],[20.07345,-4.57117],[20.08476,-4.55811],[20.08554,-4.54154],[20.0954,-4.54091],[20.10235,-4.52829],[20.11111,-4.52029],[20.113,-4.50857],[20.12475,-4.50012],[20.12386,-4.49367],[20.10927,-4.47656],[20.09919,-4.47605],[20.09233,-4.47095],[20.09006,-4.46541],[20.09218,-4.45576],[20.08812,-4.44354],[20.09321,-4.43437],[20.0871,-4.41891],[20.07481,-4.40205],[20.07191,-4.3873],[20.06487,-4.37415],[20.05185,-4.36487],[20.04366,-4.35286],[20.04057,-4.33167],[20.045,-4.3149],[20.03359,-4.30563],[20.03297,-4.29274],[20.03805,-4.28587],[20.02924,-4.26143],[20.01807,-4.24917],[20.01793,-4.23329],[19.99629,-4.20647],[19.98532,-4.20043],[19.98014,-4.18383],[19.97352,-4.17804],[19.96575,-4.17385],[19.95841,-4.1745],[19.94988,-4.18204],[19.94485,-4.1804],[19.93804,-4.16678],[19.92413,-4.15474],[19.90237,-4.15001],[19.89095,-4.14349],[19.87393,-4.1121],[19.85616,-4.0922],[19.84517,-4.08938],[19.82086,-4.0913],[19.81125,-4.08779],[19.7802,-4.06619],[19.76987,-4.06614],[19.76021,-4.07299],[19.75543,-4.06743],[19.73026,-4.06061],[19.71261,-4.06004],[19.69819,-4.05512],[19.68878,-4.05851],[19.6709,-4.05794],[19.66429,-4.05192],[19.61576,-4.0408],[19.60498,-4.04187],[19.58809,-4.0282],[19.58334,-4.01758],[19.56853,-4.00368],[19.54815,-3.99918],[19.5347,-3.98782],[19.50155,-3.97357],[19.49746,-3.9671],[19.47784,-3.95202],[19.46207,-3.94639],[19.45174,-3.94679],[19.44196,-3.93246],[19.39538,-3.90615],[19.38308,-3.89388],[19.36889,-3.89125],[19.3527,-3.87596],[19.32051,-3.85734],[19.30219,-3.85675],[19.2629,-3.82666],[19.24441,-3.82323],[19.20195,-3.79694],[19.17861,-3.79195],[19.15943,-3.7817],[19.15511,-3.77568],[19.13134,-3.76563],[19.09514,-3.76607],[19.06543,-3.7539],[19.04174,-3.73187],[19.0191,-3.72527],[19.0,-3.7115],[18.98832,-3.71026],[18.97588,-3.69954],[18.95452,-3.69532],[18.93149,-3.67914],[18.90738,-3.67286],[18.88392,-3.66083],[18.86123,-3.65984],[18.84743,-3.65164],[18.81599,-3.64749],[18.79945,-3.64001],[18.78363,-3.63874],[18.77094,-3.62548],[18.76588,-3.6239],[18.74503,-3.62404],[18.72618,-3.61495],[18.7118,-3.62358],[18.67412,-3.60887],[18.66627,-3.59949],[18.65799,-3.59517],[18.6422,-3.59804],[18.62998,-3.58753],[18.61852,-3.58669],[18.60398,-3.57091],[18.58127,-3.56852],[18.56534,-3.58335],[18.55251,-3.58344],[18.54988,-3.57643],[18.54198,-3.58535],[18.53443,-3.58632],[18.52453,-3.57971],[18.50204,-3.57364],[18.48738,-3.57443],[18.48145,-3.57792],[18.46284,-3.5709],[18.45409,-3.56406],[18.44789,-3.56364],[18.44128,-3.56828],[18.43783,-3.56646],[18.43779,-3.55934],[18.42514,-3.55228],[18.41291,-3.5397],[18.40327,-3.53677],[18.40377,-3.54482],[18.39578,-3.54648],[18.39254,-3.54328],[18.39777,-3.53657],[18.39091,-3.53915],[18.36313,-3.53058],[18.35525,-3.51636],[18.347,-3.51411],[18.34185,-3.49896],[18.31221,-3.48579],[18.30111,-3.46976],[18.294,-3.46819],[18.28156,-3.4586],[18.27308,-3.45727],[18.27552,-3.44575],[18.26831,-3.42831],[18.25268,-3.42058],[18.24339,-3.40016],[18.20858,-3.40267],[18.20196,-3.40571],[18.194,-3.41404],[18.17366,-3.42176],[18.16622,-3.44113],[18.15664,-3.44717],[18.15113,-3.44604],[18.13823,-3.43509],[18.10916,-3.40212],[18.08512,-3.40319],[18.06805,-3.38488],[18.04349,-3.37743],[18.03411,-3.37818],[18.01309,-3.38705],[17.99176,-3.38234],[17.96775,-3.39053],[17.95248,-3.40259],[17.93805,-3.4029],[17.92824,-3.41009],[17.87855,-3.4136],[17.86005,-3.42268],[17.84472,-3.4246],[17.83254,-3.41823],[17.82653,-3.40952],[17.8193,-3.38701],[17.79911,-3.38183],[17.75845,-3.36296],[17.71927,-3.32291],[17.7046,-3.31885],[17.68589,-3.33183],[17.6797,-3.33164],[17.66105,-3.31333],[17.64684,-3.31364],[17.62752,-3.29879],[17.6147,-3.29932],[17.5971,-3.30585],[17.57326,-3.30276],[17.55717,-3.29364],[17.52723,-3.26228],[17.50311,-3.25044],[17.48481,-3.25467],[17.47309,-3.24691],[17.44234,-3.23695],[17.43292,-3.23147],[17.43009,-3.21561],[17.42572,-3.21241],[17.40671,-3.21228],[17.40165,-3.20839],[17.39747,-3.19806],[17.37568,-3.19173],[17.36633,-3.19776],[17.35373,-3.19851],[17.35625,-3.21406],[17.37759,-3.24809],[17.38089,-3.26488],[17.36599,-3.30545],[17.3391,-3.32929],[17.34211,-3.33802],[17.35803,-3.35887],[17.35588,-3.37884],[17.34835,-3.39114],[17.33438,-3.39098],[17.33028,-3.39606],[17.3265,-3.41748],[17.32017,-3.43293],[17.28632,-3.45834],[17.27437,-3.47872],[17.27327,-3.48954],[17.27863,-3.50608],[17.27991,-3.53001],[17.29076,-3.54698],[17.28679,-3.57439],[17.30499,-3.59455],[17.31479,-3.62717],[17.32882,-3.63792],[17.33211,-3.65332],[17.32916,-3.65863],[17.31383,-3.66146],[17.30355,-3.66773],[17.30576,-3.69579],[17.29779,-3.70619],[17.27815,-3.71849],[17.26726,-3.73994],[17.25916,-3.76782],[17.24092,-3.78563],[17.23572,-3.79716],[17.2363,-3.82155],[17.2174,-3.84581],[17.2174,-3.89091],[17.19197,-3.93661],[17.18809,-3.94007],[17.17434,-3.94105],[17.17,-3.94407],[17.15476,-3.96554],[17.1381,-3.98104],[17.13407,-3.99947],[17.12679,-4.01102],[17.10829,-4.02536],[17.09914,-4.02817],[17.081,-4.02342],[17.0596,-4.00719],[17.04377,-4.00381],[17.02235,-3.98412],[17.01477,-3.98185],[16.99024,-3.98151],[16.98408,-3.98568],[16.97373,-3.98044],[16.9325,-3.98683],[16.91539,-4.00348],[16.91043,-4.02145],[16.87828,-4.05703],[16.82185,-4.09709],[16.79542,-4.08409],[16.77296,-4.08718],[16.76109,-4.09621],[16.74736,-4.10156],[16.73046,-4.11728],[16.71534,-4.11919],[16.71054,-4.12289],[16.70259,-4.13995],[16.69301,-4.15035],[16.68085,-4.1481],[16.67487,-4.14283],[16.66226,-4.14311],[16.63401,-4.13334],[16.61774,-4.13663],[16.60857,-4.13482],[16.59645,-4.14224],[16.58568,-4.14297],[16.56646,-4.15295],[16.54704,-4.16729],[16.49624,-4.18475],[16.49448,-4.19285],[16.49754,-4.20482],[16.49222,-4.20735],[16.47791,-4.2333],[16.4841,-4.2389],[16.49319,-4.23956],[16.49001,-4.25923],[16.50448,-4.26934],[16.50609,-4.27873],[16.52167,-4.31213],[16.52213,-4.32384],[16.51644,-4.33326],[16.5324,-4.35682],[16.53245,-4.36128],[16.52704,-4.37492],[16.52006,-4.3802],[16.51655,-4.38766],[16.50909,-4.39074],[16.5152,-4.40996],[16.50568,-4.41201],[16.49783,-4.42147],[16.49643,-4.43444],[16.49141,-4.44366],[16.49802,-4.4556],[16.49873,-4.47383],[16.49423,-4.48352],[16.51489,-4.48598],[16.54334,-4.51286],[16.58772,-4.54741],[16.5989,-4.55451],[16.60734,-4.55588],[16.61096,-4.54701],[16.61181,-4.52937],[16.60629,-4.41165],[16.61034,-4.3847],[16.61659,-4.37293],[16.62842,-4.36946],[16.63596,-4.36229],[16.64742,-4.36063],[16.66298,-4.35321],[16.67984,-4.3292],[16.69543,-4.32844],[16.70274,-4.32243],[16.7132,-4.35207],[16.71981,-4.34823],[16.72889,-4.33028],[16.73709,-4.32836],[16.74001,-4.33142],[16.74467,-4.34494],[16.7469,-4.38191],[16.76064,-4.37851],[16.77504,-4.35784],[16.78199,-4.35346],[16.79579,-4.35561],[16.80315,-4.36227],[16.81895,-4.35898],[16.82604,-4.35434],[16.8398,-4.35428],[16.84894,-4.34688],[16.85187,-4.33628],[16.85177,-4.31442],[16.85626,-4.29438],[16.86288,-4.2973],[16.91111,-4.34786],[16.91968,-4.36114],[16.92818,-4.38799],[16.93572,-4.40108],[16.94583,-4.40367],[16.96284,-4.39798],[16.97008,-4.401],[16.97345,-4.42912],[16.96026,-4.4469],[16.94046,-4.46186],[16.93927,-4.46619],[16.94065,-4.48097],[16.95101,-4.50109],[16.95962,-4.50546],[16.98408,-4.50341],[16.99508,-4.4974],[17.01219,-4.47891],[17.02435,-4.47908],[17.03607,-4.48386],[17.07531,-4.53246],[17.09485,-4.53996],[17.10683,-4.55003],[17.11923,-4.55181],[17.14063,-4.56496],[17.1536,-4.5665],[17.16753,-4.56083],[17.1779,-4.54883],[17.19069,-4.51154],[17.20186,-4.45679],[17.21335,-4.43368],[17.24141,-4.4015],[17.25896,-4.38809],[17.30069,-4.38548],[17.34063,-4.3685],[17.39025,-4.33192],[17.42367,-4.30143],[17.45752,-4.2921],[17.49565,-4.2537],[17.51786,-4.23775],[17.552,-4.24137],[17.61221,-4.23314],[17.62396,-4.2432],[17.6245,-4.257],[17.63654,-4.27719],[17.63844,-4.28938],[17.63411,-4.29446],[17.62617,-4.32994],[17.63285,-4.33913],[17.63822,-4.34135],[17.68093,-4.33421],[17.72152,-4.3203],[17.75882,-4.30035],[17.79121,-4.27574],[17.80651,-4.28301],[17.82509,-4.30957],[17.82212,-4.32679],[17.80337,-4.33633],[17.79334,-4.34628],[17.7773,-4.34936],[17.77008,-4.36873],[17.74838,-4.38427],[17.74333,-4.38361],[17.73923,-4.38754],[17.72796,-4.38185],[17.72046,-4.39363],[17.70873,-4.38886],[17.70407,-4.41604],[17.696,-4.40872],[17.69378,-4.42162],[17.68419,-4.42926],[17.68676,-4.4373],[17.67471,-4.45578],[17.66709,-4.44616],[17.66297,-4.44848],[17.66307,-4.46526],[17.67226,-4.46753],[17.66336,-4.47517],[17.65759,-4.46991],[17.65255,-4.47063],[17.64687,-4.47986],[17.67418,-4.48247],[17.67695,-4.48568],[17.67658,-4.50179],[17.6895,-4.51461],[17.68586,-4.519],[17.69299,-4.52241],[17.69606,-4.53712],[17.6883,-4.54453],[17.6881,-4.55051],[17.6815,-4.55814],[17.67044,-4.54945],[17.64642,-4.56247],[17.65265,-4.56865],[17.64331,-4.57998],[17.63461,-4.58209],[17.63564,-4.60142],[17.64254,-4.60575],[17.63732,-4.61429],[17.63762,-4.62833],[17.63281,-4.6295],[17.63218,-4.63825],[17.62284,-4.6505],[17.61643,-4.65329],[17.61854,-4.66065],[17.6165,-4.6648],[17.60479,-4.66302],[17.60028,-4.678],[17.58653,-4.6813],[17.58683,-4.69303],[17.57836,-4.69653],[17.56444,-4.74952],[17.55415,-4.75579],[17.55327,-4.76339],[17.54527,-4.76941],[17.54074,-4.7791],[17.54629,-4.7862],[17.54657,-4.79563],[17.53978,-4.8127],[17.54716,-4.8191],[17.53642,-4.82698],[17.53469,-4.84747],[17.52142,-4.85398],[17.52193,-4.8618],[17.51736,-4.86528],[17.51419,-4.87404],[17.50413,-4.88099],[17.49982,-4.88976],[17.50192,-4.8955],[17.49878,-4.90978],[17.50434,-4.91757],[17.50094,-4.92702],[17.50236,-4.93346],[17.50674,-4.93689],[17.5189,-4.93659],[17.51915,-4.93981],[17.51345,-4.9479],[17.51952,-4.96604],[17.51478,-4.98056],[17.51644,-4.99022],[17.50755,-5.00085],[17.5051,-5.01351],[17.50971,-5.01786],[17.50745,-5.02454],[17.50932,-5.03052],[17.52797,-5.03985],[17.52595,-5.04837],[17.52968,-5.05825],[17.51352,-5.08364],[17.52828,-5.09553],[17.52235,-5.102],[17.52537,-5.1082],[17.53503,-5.11275],[17.54352,-5.1127],[17.53669,-5.12125],[17.54498,-5.12581],[17.54115,-5.13894],[17.53588,-5.14173],[17.53274,-5.15486],[17.52607,-5.15283],[17.51947,-5.16206],[17.51702,-5.17519],[17.51032,-5.181],[17.50928,-5.18811],[17.49213,-5.19994],[17.49426,-5.21074],[17.48218,-5.22806],[17.4882,-5.23654],[17.48017,-5.2375],[17.47772,-5.25177],[17.48074,-5.25728],[17.47643,-5.26719],[17.48132,-5.28005],[17.48112,-5.28465],[17.47678,-5.28813],[17.48117,-5.29317],[17.47737,-5.31205],[17.47932,-5.3332],[17.47664,-5.34564],[17.47251,-5.34727],[17.46872,-5.368],[17.47521,-5.37831],[17.46816,-5.39192],[17.47747,-5.41442],[17.4741,-5.42755],[17.47022,-5.43125],[17.47783,-5.43788],[17.47878,-5.44363],[17.48708,-5.44888],[17.47706,-5.46411],[17.47481,-5.47171],[17.47648,-5.48344],[17.48523,-5.48868],[17.48505,-5.49627],[17.49177,-5.50843],[17.50765,-5.5141],[17.5093,-5.52145],[17.5155,-5.52188],[17.51416,-5.52764],[17.52013,-5.52806],[17.52663,-5.53976],[17.53424,-5.5457],[17.52264,-5.56669],[17.52427,-5.57037],[17.52046,-5.58741],[17.52306,-5.60097],[17.51487,-5.61458],[17.51972,-5.61915],[17.51842,-5.63319],[17.52101,-5.64399],[17.51605,-5.66173],[17.52325,-5.67572],[17.53988,-5.69104],[17.5402,-5.70783],[17.57351,-5.70765],[17.57969,-5.70463],[17.5999,-5.7036],[17.60605,-5.69345],[17.61339,-5.69203],[17.61502,-5.69662],[17.62446,-5.69979],[17.63042,-5.69746],[17.64157,-5.71971],[17.66426,-5.69776],[17.67943,-5.69339],[17.69798,-5.70192],[17.73285,-5.70975],[17.7535,-5.7089],[17.78284,-5.71733],[17.80001,-5.70895],[17.82022,-5.66881],[17.84577,-5.639],[17.84961,-5.62863],[17.8767,-5.63664],[17.91297,-5.63879],[17.91653,-5.64113],[17.91312,-5.64782],[17.91403,-5.66633],[17.92183,-5.6696],[17.95735,-5.70342],[17.96397,-5.7061],[17.98606,-5.70585],[18.02824,-5.69085],[18.03185,-5.7182],[18.08279,-5.71968],[18.09287,-5.72355],[18.0901,-5.7419],[18.1163,-5.75232],[18.11928,-5.7615],[18.11911,-5.76861],[18.09989,-5.79432],[18.09971,-5.81415],[18.10479,-5.82038],[18.12936,-5.80178],[18.13922,-5.81454],[18.14003,-5.82934],[18.13474,-5.84383],[18.11677,-5.85416],[18.10158,-5.85738],[18.09704,-5.86507],[18.10413,-5.87219],[18.13938,-5.86871],[18.16315,-5.88357],[18.17308,-5.88122],[18.18141,-5.86336],[18.17976,-5.85762],[18.18386,-5.85092],[18.18292,-5.8484],[18.1788,-5.85049],[18.17809,-5.84705],[18.18056,-5.83806],[18.18558,-5.8332],[18.18439,-5.82677],[18.18824,-5.81824],[18.18568,-5.81296],[18.19805,-5.8076],[18.20737,-5.79052],[18.20432,-5.7818],[18.21097,-5.78038],[18.21644,-5.77276],[18.22341,-5.76972],[18.22653,-5.77269],[18.24167,-5.80824],[18.2453,-5.82661],[18.24418,-5.86095],[18.24969,-5.87007],[18.26388,-5.86078],[18.26929,-5.84465],[18.27477,-5.84048],[18.27998,-5.84652],[18.2746,-5.86516],[18.28496,-5.86932],[18.29427,-5.86905],[18.30922,-5.86345],[18.31605,-5.85725],[18.32206,-5.83713],[18.34124,-5.83421],[18.34951,-5.81655],[18.36846,-5.7978],[18.38272,-5.79955],[18.39224,-5.78132],[18.39683,-5.78015],[18.40482,-5.80769],[18.41268,-5.81409],[18.44665,-5.81609],[18.46102,-5.83507],[18.47795,-5.84398],[18.48036,-5.85257],[18.49021,-5.86592],[18.51897,-5.86627],[18.53505,-5.88674],[18.54332,-5.88083],[18.55464,-5.85717],[18.55938,-5.85334],[18.57126,-5.85653],[18.56319,-5.88556],[18.55247,-5.89667],[18.54865,-5.90889],[18.5411,-5.91399],[18.5391,-5.92413],[18.54588,-5.94156],[18.54838,-5.97098],[18.5462,-5.97913],[18.53497,-5.9871],[18.53284,-5.99124],[18.53568,-5.99391],[18.55352,-5.98921],[18.57669,-5.99251],[18.64428,-5.97312],[18.7054,-5.98121],[18.70686,-5.99224],[18.70207,-5.99756],[18.70284,-6.00906],[18.69555,-6.01807],[18.69331,-6.0266],[18.70029,-6.03828],[18.70466,-6.03963],[18.7122,-6.06602],[18.72566,-6.09209]]]},"properties":{"nom":"Kwilu","pcode":"CD32"}},{"type":"Feature","geometry":{"type":"Polygon","coordinates":[[[17.35625,-3.21406],[17.35373,-3.19851],[17.36633,-3.19776],[17.37568,-3.19173],[17.39289,-3.19647],[17.39747,-3.19806],[17.40165,-3.20839],[17.40671,-3.21228],[17.42572,-3.21241],[17.43009,-3.21561],[17.43292,-3.23147],[17.44234,-3.23695],[17.47309,-3.24691],[17.48481,-3.25467],[17.50311,-3.25044],[17.52723,-3.26228],[17.55717,-3.29364],[17.57326,-3.30276],[17.5971,-3.30585],[17.6147,-3.29932],[17.62752,-3.29879],[17.64684,-3.31364],[17.66105,-3.31333],[17.6797,-3.33164],[17.68589,-3.33183],[17.69934,-3.32049],[17.71101,-3.31927],[17.71927,-3.32291],[17.75845,-3.36296],[17.79911,-3.38183],[17.8193,-3.38701],[17.82653,-3.40952],[17.83254,-3.41823],[17.84472,-3.4246],[17.86005,-3.42268],[17.87855,-3.4136],[17.92824,-3.41009],[17.93805,-3.4029],[17.95248,-3.40259],[17.96775,-3.39053],[17.99176,-3.38234],[18.01309,-3.38705],[18.03411,-3.37818],[18.04349,-3.37743],[18.06805,-3.38488],[18.08512,-3.40319],[18.10916,-3.40212],[18.13823,-3.43509],[18.15113,-3.44604],[18.15664,-3.44717],[18.16622,-3.44113],[18.17366,-3.42176],[18.194,-3.41404],[18.20196,-3.40571],[18.20858,-3.40267],[18.24339,-3.40016],[18.25268,-3.42058],[18.26831,-3.42831],[18.27552,-3.44575],[18.27308,-3.45727],[18.28156,-3.4586],[18.294,-3.46819],[18.30111,-3.46976],[18.31221,-3.48579],[18.34185,-3.49896],[18.347,-3.51411],[18.35525,-3.51636],[18.36313,-3.53058],[18.39091,-3.53915],[18.39777,-3.53657],[18.39254,-3.54328],[18.39578,-3.54648],[18.40377,-3.54482],[18.40327,-3.53677],[18.41291,-3.5397],[18.42514,-3.55228],[18.43779,-3.55934],[18.43783,-3.56646],[18.44128,-3.56828],[18.44789,-3.56364],[18.45409,-3.56406],[18.46284,-3.5709],[18.48145,-3.57792],[18.48738,-3.57443],[18.50204,-3.57364],[18.52453,-3.57971],[18.53443,-3.58632],[18.54198,-3.58535],[18.54988,-3.57643],[18.55251,-3.58344],[18.56534,-3.58335],[18.58127,-3.56852],[18.60398,-3.57091],[18.61852,-3.58669],[18.62998,-3.58753],[18.6422,-3.59804],[18.65799,-3.59517],[18.66627,-3.59949],[18.67412,-3.60887],[18.7118,-3.62358],[18.72618,-3.61495],[18.74503,-3.62404],[18.77094,-3.62548],[18.78363,-3.63874],[18.79945,-3.64001],[18.81599,-3.64749],[18.84743,-3.65164],[18.86123,-3.65984],[18.88392,-3.66083],[18.90738,-3.67286],[18.93149,-3.67914],[18.95452,-3.69532],[18.97588,-3.69954],[18.98832,-3.71026],[19.0,-3.7115],[19.0191,-3.72527],[19.04174,-3.73187],[19.06543,-3.7539],[19.09514,-3.76607],[19.13134,-3.76563],[19.15511,-3.77568],[19.15943,-3.7817],[19.17861,-3.79195],[19.20195,-3.79694],[19.24441,-3.82323],[19.2629,-3.82666],[19.29464,-3.85256],[19.30219,-3.85675],[19.32051,-3.85734],[19.3527,-3.87596],[19.36889,-3.89125],[19.38308,-3.89388],[19.39538,-3.90615],[19.44196,-3.93246],[19.45174,-3.94679],[19.46207,-3.94639],[19.47784,-3.95202],[19.49746,-3.9671],[19.50155,-3.97357],[19.5347,-3.98782],[19.54815,-3.99918],[19.56853,-4.00368],[19.58334,-4.01758],[19.58809,-4.0282],[19.60498,-4.04187],[19.61576,-4.0408],[19.66429,-4.05192],[19.6709,-4.05794],[19.68878,-4.05851],[19.69819,-4.05512],[19.71261,-4.06004],[19.73026,-4.06061],[19.75543,-4.06743],[19.76021,-4.07299],[19.76987,-4.06614],[19.7802,-4.06619],[19.81125,-4.08779],[19.82086,-4.0913],[19.84517,-4.08938],[19.85616,-4.0922],[19.87393,-4.1121],[19.89095,-4.14349],[19.90237,-4.15001],[19.92413,-4.15474],[19.93804,-4.16678],[19.94485,-4.1804],[19.94988,-4.18204],[19.95841,-4.1745],[19.96575,-4.17385],[19.98014,-4.18383],[19.98532,-4.20043],[19.99629,-4.20647],[20.01793,-4.23329],[20.01807,-4.24917],[20.02924,-4.26143],[20.03805,-4.28587],[20.07163,-4.29098],[20.09216,-4.28733],[20.1013,-4.29198],[20.13044,-4.29445],[20.13772,-4.30047],[20.14088,-4.30877],[20.15531,-4.31392],[20.16444,-4.32133],[20.16619,-4.33629],[20.16984,-4.34046],[20.18496,-4.34284],[20.2006,-4.33488],[20.2164,-4.33865],[20.23125,-4.34885],[20.23417,-4.3613],[20.23069,-4.36887],[20.23406,-4.382],[20.25422,-4.38695],[20.26013,-4.39733],[20.26608,-4.39898],[20.28172,-4.39055],[20.29525,-4.3897],[20.30812,-4.38356],[20.33994,-4.39823],[20.35254,-4.39877],[20.36151,-4.39351],[20.35972,-4.38476],[20.37264,-4.36711],[20.36288,-4.34819],[20.38284,-4.29976],[20.39881,-4.29702],[20.41573,-4.28433],[20.42695,-4.28911],[20.44658,-4.28918],[20.46005,-4.29546],[20.46924,-4.29457],[20.47463,-4.29069],[20.47976,-4.271],[20.48487,-4.26563],[20.50638,-4.26197],[20.53558,-4.24556],[20.59323,-4.22215],[20.60608,-4.2213],[20.61391,-4.21328],[20.63068,-4.20738],[20.62753,-4.19379],[20.6356,-4.18302],[20.63729,-4.16439],[20.64855,-4.15892],[20.65643,-4.14777],[20.66213,-4.10341],[20.66171,-4.05829],[20.65336,-3.99955],[20.64346,-3.97113],[20.64673,-3.89146],[20.64159,-3.74435],[20.6306,-3.5618],[20.63102,-3.48703],[20.62559,-3.42617],[20.62883,-3.40827],[20.62533,-3.34633],[20.62748,-3.31638],[20.6388,-3.2937],[20.65784,-3.23605],[20.65583,-3.22614],[20.6582,-3.20936],[20.67197,-3.15076],[20.68417,-3.13655],[20.69019,-3.10689],[20.72661,-2.99804],[20.77583,-2.87285],[20.80683,-2.80393],[20.81696,-2.78971],[20.86543,-2.74858],[20.86448,-2.70234],[20.87465,-2.67709],[20.92319,-2.60652],[20.94989,-2.5581],[20.95739,-2.53442],[20.95744,-2.51498],[20.96213,-2.48982],[21.01634,-2.49444],[21.02225,-2.40371],[21.01176,-2.38378],[20.98688,-2.37124],[20.96091,-2.34697],[20.95482,-2.3244],[20.92981,-2.29024],[20.92781,-2.27689],[20.90552,-2.24712],[20.88873,-2.21461],[20.87802,-2.20536],[20.8602,-2.20297],[20.84354,-2.19323],[20.83195,-2.17662],[20.79756,-2.14379],[20.78597,-2.12649],[20.76751,-2.11191],[20.73953,-2.08073],[20.71073,-2.027],[20.68637,-2.00342],[20.65752,-1.9605],[20.65018,-1.96552],[20.64649,-1.97309],[20.64159,-1.99423],[20.6255,-2.01323],[20.58351,-2.02488],[20.54328,-2.03132],[20.53786,-2.03478],[20.52144,-2.06012],[20.50743,-2.07155],[20.49531,-2.07397],[20.47082,-2.08947],[20.43303,-2.09653],[20.41422,-2.11183],[20.39766,-2.11955],[20.38518,-2.10512],[20.32615,-2.06502],[20.31569,-2.05277],[20.28854,-2.04067],[20.24744,-2.02894],[20.2395,-2.01763],[20.23864,-2.00636],[20.24188,-1.99925],[20.23553,-1.98748],[20.22348,-1.975],[20.18492,-1.95845],[20.16584,-1.93466],[20.16132,-1.92452],[20.15355,-1.91914],[19.96954,-1.89572],[19.93304,-1.89501],[19.92764,-1.89725],[19.91366,-1.89181],[19.90138,-1.87909],[19.89746,-1.84968],[19.83959,-1.66345],[19.82432,-1.64663],[19.80065,-1.63674],[19.76724,-1.60001],[19.74918,-1.58625],[19.73224,-1.57842],[19.72933,-1.58075],[19.72737,-1.60419],[19.71223,-1.61306],[19.68958,-1.65821],[19.6604,-1.68355],[19.65255,-1.69661],[19.64437,-1.75792],[19.63434,-1.77754],[19.62093,-1.78836],[19.60745,-1.79446],[19.60128,-1.80202],[19.54337,-1.80008],[19.53128,-1.7954],[19.5026,-1.77429],[19.51785,-1.74726],[19.52036,-1.71003],[19.51518,-1.69574],[19.51326,-1.67296],[19.49281,-1.65306],[19.48899,-1.64338],[19.49039,-1.60039],[19.49468,-1.57206],[19.47556,-1.54192],[19.4572,-1.47981],[19.43327,-1.43148],[19.43568,-1.41695],[19.45683,-1.37501],[19.44065,-1.36486],[19.39579,-1.29621],[19.35525,-1.14321],[19.32901,-1.13111],[19.30036,-1.05893],[19.28395,-1.03394],[19.26536,-0.99598],[19.25965,-0.9886],[19.22681,-0.97361],[19.20159,-0.94351],[19.19421,-0.93863],[19.17232,-0.93352],[19.16697,-0.91912],[19.15995,-0.9146],[19.15724,-0.88757],[19.15392,-0.88183],[19.15855,-0.87896],[19.16129,-0.86819],[19.16854,-0.86246],[19.16363,-0.814],[19.16613,-0.80085],[19.15057,-0.78756],[19.15231,-0.76005],[19.14542,-0.74318],[19.14596,-0.72619],[19.14198,-0.72117],[19.14508,-0.71423],[19.14092,-0.71124],[19.14235,-0.70801],[19.13617,-0.69796],[19.14188,-0.69365],[19.14408,-0.68002],[19.12826,-0.67953],[19.11494,-0.68394],[19.08585,-0.71676],[19.07784,-0.74362],[19.05537,-0.77052],[18.99765,-0.80143],[18.9835,-0.80185],[18.95878,-0.80913],[18.94998,-0.82001],[18.91409,-0.83495],[18.89504,-0.85449],[18.80939,-0.79921],[18.79266,-0.82178],[18.769,-0.868],[18.749,-0.935],[18.743,-1.012],[18.752,-1.023],[18.818,-1.038],[18.851,-1.078],[18.869,-1.133],[18.871,-1.166],[18.83,-1.184],[18.798,-1.144],[18.745,-1.118],[18.72,-1.183],[18.76114,-1.23627],[18.75108,-1.23542],[18.72632,-1.22295],[18.69729,-1.2213],[18.66014,-1.23397],[18.64142,-1.23639],[18.61797,-1.2485],[18.58443,-1.25538],[18.57213,-1.26075],[18.55404,-1.25489],[18.54125,-1.25498],[18.52232,-1.26085],[18.51339,-1.257],[18.49523,-1.24125],[18.4746,-1.2315],[18.45227,-1.20613],[18.44602,-1.19353],[18.43844,-1.18806],[18.40597,-1.18042],[18.39292,-1.173],[18.37488,-1.15564],[18.35218,-1.14522],[18.32852,-1.12305],[18.2878,-1.11656],[18.24534,-1.11483],[18.20534,-1.10687],[18.17066,-1.10739],[18.13699,-1.10278],[18.13153,-1.10641],[18.13091,-1.11265],[18.13401,-1.16001],[18.13013,-1.1699],[18.12746,-1.20438],[17.91039,-1.37626],[17.73208,-1.41148],[17.71025,-1.42786],[17.63276,-1.44756],[17.61266,-1.45808],[17.59088,-1.45758],[17.54587,-1.47785],[17.50643,-1.4798],[17.48076,-1.50474],[17.11355,-1.78642],[17.10765,-1.78636],[17.10093,-1.77815],[17.09429,-1.77808],[17.07016,-1.80292],[17.06353,-1.80432],[17.04868,-1.79455],[17.02654,-1.7943],[17.01691,-1.7905],[17.00272,-1.77261],[16.94061,-1.75935],[16.9214,-1.75692],[16.90483,-1.76079],[16.85815,-1.78168],[16.83654,-1.78025],[16.81888,-1.76499],[16.81446,-1.76567],[16.79007,-1.80233],[16.78876,-1.82114],[16.79407,-1.83634],[16.80476,-1.83536],[16.81537,-1.82551],[16.82788,-1.82159],[16.83793,-1.83056],[16.84691,-1.84597],[16.86682,-1.84933],[16.8879,-1.85752],[16.91212,-1.8558],[16.94268,-1.86609],[16.94501,-2.00127],[16.62375,-1.99665],[16.61183,-1.98934],[16.58351,-1.94668],[16.57981,-1.9368],[16.57973,-1.91978],[16.55899,-1.88192],[16.56027,-1.86283],[16.504,-1.874],[16.406,-1.992],[16.36953,-2.02923],[16.324,-2.069],[16.242,-2.123],[16.201,-2.198],[16.191,-2.225],[16.19,-2.273],[16.185,-2.32],[16.184,-2.383],[16.18699,-2.40919],[16.20918,-2.51768],[16.235,-2.603],[16.237,-2.625],[16.22219,-2.65551],[16.21506,-2.67988],[16.19368,-2.71858],[16.19341,-2.75084],[16.205,-2.785],[16.18,-2.875],[16.179,-2.928],[16.182,-2.957],[16.191,-2.977],[16.195,-3.016],[16.178,-3.03389],[16.1723,-3.07258],[16.178,-3.102],[16.18,-3.138],[16.19098,-3.179],[16.19266,-3.1989],[16.18641,-3.22241],[16.18407,-3.25049],[16.18928,-3.26734],[16.21938,-3.29008],[16.22239,-3.29627],[16.21123,-3.3396],[16.1871,-3.39544],[16.13243,-3.47679],[16.11289,-3.53628],[16.08658,-3.57648],[16.05815,-3.60887],[16.03717,-3.66032],[16.02357,-3.68226],[16.01285,-3.70903],[16.01704,-3.70675],[16.01615,-3.71365],[16.01342,-3.71734],[16.00975,-3.71676],[16.00102,-3.73855],[15.98174,-3.76789],[15.94369,-3.84107],[15.92628,-3.88383],[15.91796,-3.91906],[15.91042,-3.92815],[15.91117,-3.93423],[15.90591,-3.93786],[15.90214,-3.94864],[15.91859,-3.95314],[15.94587,-3.92763],[15.98182,-3.95187],[15.99639,-3.95638],[16.00285,-3.968],[16.01047,-3.9714],[16.03439,-3.9637],[16.04754,-3.94335],[16.05594,-3.94229],[16.07581,-3.94791],[16.23115,-4.02519],[16.3816,-4.11174],[16.41386,-4.13361],[16.42703,-4.14499],[16.42981,-4.1528],[16.45072,-4.16262],[16.45397,-4.17158],[16.46934,-4.17359],[16.47097,-4.17956],[16.46732,-4.18395],[16.46089,-4.18306],[16.45678,-4.18583],[16.4559,-4.19573],[16.46373,-4.20353],[16.47068,-4.21892],[16.48339,-4.22288],[16.49348,-4.20563],[16.49754,-4.20482],[16.49448,-4.19285],[16.49624,-4.18475],[16.54704,-4.16729],[16.55343,-4.16059],[16.58568,-4.14297],[16.59645,-4.14224],[16.60857,-4.13482],[16.61774,-4.13663],[16.63401,-4.13334],[16.66226,-4.14311],[16.67487,-4.14283],[16.68085,-4.1481],[16.69301,-4.15035],[16.70259,-4.13995],[16.71054,-4.12289],[16.71534,-4.11919],[16.73046,-4.11728],[16.74736,-4.10156],[16.76109,-4.09621],[16.77296,-4.08718],[16.79542,-4.08409],[16.81726,-4.09688],[16.82734,-4.09454],[16.86342,-4.06515],[16.87828,-4.05703],[16.91043,-4.02145],[16.91539,-4.00348],[16.9325,-3.98683],[16.97373,-3.98044],[16.98408,-3.98568],[16.99024,-3.98151],[17.01477,-3.98185],[17.02235,-3.98412],[17.04377,-4.00381],[17.0596,-4.00719],[17.081,-4.02342],[17.09914,-4.02817],[17.10829,-4.02536],[17.12679,-4.01102],[17.13407,-3.99947],[17.1381,-3.98104],[17.15476,-3.96554],[17.17,-3.94407],[17.17434,-3.94105],[17.18809,-3.94007],[17.20697,-3.91259],[17.2174,-3.89091],[17.2174,-3.84581],[17.2363,-3.82155],[17.23572,-3.79716],[17.24092,-3.78563],[17.25916,-3.76782],[17.26726,-3.73994],[17.27815,-3.71849],[17.29779,-3.70619],[17.30576,-3.69579],[17.30355,-3.66773],[17.31383,-3.66146],[17.32916,-3.65863],[17.33211,-3.65332],[17.32882,-3.63792],[17.31479,-3.62717],[17.30499,-3.59455],[17.28679,-3.57439],[17.29076,-3.54698],[17.27991,-3.53001],[17.27863,-3.50608],[17.27327,-3.48954],[17.27437,-3.47872],[17.28632,-3.45834],[17.32017,-3.43293],[17.3265,-3.41748],[17.33028,-3.39606],[17.33438,-3.39098],[17.34835,-3.39114],[17.35588,-3.37884],[17.35803,-3.35887],[17.34211,-3.33802],[17.3391,-3.32929],[17.36599,-3.30545],[17.38089,-3.26488],[17.37759,-3.24809],[17.35625,-3.21406]]]},"properties":{"nom":"Maï-Ndombe","pcode":"CD33"}},{"type":"Feature","geometry":{"type":"Polygon","coordinates":[[[16.589,-1.745],[16.538,-1.829],[16.504,-1.874],[16.56027,-1.86283],[16.55899,-1.88192],[16.57973,-1.91978],[16.57981,-1.9368],[16.58351,-1.94668],[16.61183,-1.98934],[16.62375,-1.99665],[16.63422,-1.99824],[16.94501,-2.00127],[16.94268,-1.86609],[16.91212,-1.8558],[16.8879,-1.85752],[16.86682,-1.84933],[16.84691,-1.84597],[16.83793,-1.83056],[16.82788,-1.82159],[16.81537,-1.82551],[16.80476,-1.83536],[16.79407,-1.83634],[16.78876,-1.82114],[16.79007,-1.80233],[16.81446,-1.76567],[16.81888,-1.76499],[16.83654,-1.78025],[16.85815,-1.78168],[16.90483,-1.76079],[16.9214,-1.75692],[16.94061,-1.75935],[17.00272,-1.77261],[17.01691,-1.7905],[17.02654,-1.7943],[17.04868,-1.79455],[17.06353,-1.80432],[17.07016,-1.80292],[17.09429,-1.77808],[17.10093,-1.77815],[17.10765,-1.78636],[17.11355,-1.78642],[17.48076,-1.50474],[17.50643,-1.4798],[17.54587,-1.47785],[17.59088,-1.45758],[17.61266,-1.45808],[17.63276,-1.44756],[17.71025,-1.42786],[17.73208,-1.41148],[17.91039,-1.37626],[18.12746,-1.20438],[18.13013,-1.1699],[18.13401,-1.16001],[18.13091,-1.11265],[18.13153,-1.10641],[18.13699,-1.10278],[18.17066,-1.10739],[18.20534,-1.10687],[18.24534,-1.11483],[18.2878,-1.11656],[18.32852,-1.12305],[18.35218,-1.14522],[18.37488,-1.15564],[18.39292,-1.173],[18.40597,-1.18042],[18.43844,-1.18806],[18.44602,-1.19353],[18.45227,-1.20613],[18.4746,-1.2315],[18.49523,-1.24125],[18.51339,-1.257],[18.52232,-1.26085],[18.54125,-1.25498],[18.55404,-1.25489],[18.57213,-1.26075],[18.58443,-1.25538],[18.61797,-1.2485],[18.64142,-1.23639],[18.66014,-1.23397],[18.69729,-1.2213],[18.72632,-1.22295],[18.75108,-1.23542],[18.76114,-1.23627],[18.72,-1.183],[18.745,-1.118],[18.798,-1.144],[18.83,-1.184],[18.871,-1.166],[18.869,-1.133],[18.851,-1.078],[18.818,-1.038],[18.752,-1.023],[18.743,-1.012],[18.749,-0.935],[18.769,-0.868],[18.79266,-0.82178],[18.80939,-0.79921],[18.89504,-0.85449],[18.91409,-0.83495],[18.94998,-0.82001],[18.95878,-0.80913],[18.9835,-0.80185],[18.99765,-0.80143],[19.05537,-0.77052],[19.07784,-0.74362],[19.08585,-0.71676],[19.11494,-0.68394],[19.12826,-0.67953],[19.14408,-0.68002],[19.14188,-0.69365],[19.13617,-0.69796],[19.14235,-0.70801],[19.14092,-0.71124],[19.14508,-0.71423],[19.14198,-0.72117],[19.14596,-0.72619],[19.14542,-0.74318],[19.15231,-0.76005],[19.15057,-0.78756],[19.16613,-0.80085],[19.16363,-0.814],[19.16854,-0.86246],[19.16129,-0.86819],[19.15855,-0.87896],[19.15392,-0.88183],[19.15724,-0.88757],[19.15995,-0.9146],[19.16697,-0.91912],[19.17232,-0.93352],[19.19421,-0.93863],[19.20159,-0.94351],[19.22681,-0.97361],[19.25965,-0.9886],[19.26536,-0.99598],[19.28395,-1.03394],[19.30036,-1.05893],[19.32901,-1.13111],[19.35525,-1.14321],[19.39579,-1.29621],[19.44065,-1.36486],[19.47457,-1.38614],[19.47717,-1.39085],[19.55044,-1.23696],[19.5727,-1.19818],[19.61865,-1.10442],[19.61281,-1.09267],[19.61096,-1.07892],[19.61596,-1.04128],[19.6119,-0.98878],[19.68116,-0.98878],[19.69075,-1.00196],[19.67767,-1.02832],[19.67374,-1.05399],[19.68034,-1.08822],[19.68707,-1.1007],[19.68076,-1.12287],[19.68553,-1.13676],[19.68258,-1.15149],[19.7025,-1.1571],[19.71723,-1.16706],[19.84629,-1.16678],[19.85573,-1.1496],[19.86173,-1.14636],[19.86741,-1.13705],[19.88532,-1.129],[19.89463,-1.11756],[19.9071,-1.10943],[19.92177,-1.10493],[19.93377,-1.10707],[19.94284,-1.09846],[19.95176,-1.09649],[19.97287,-1.09772],[19.98553,-1.09396],[20.00133,-1.09588],[20.01408,-1.08576],[20.03623,-1.08234],[20.05353,-1.07126],[20.0853,-1.06177],[20.10925,-1.04163],[20.13549,-1.03406],[20.14908,-1.02566],[20.15702,-1.01713],[20.14114,-0.98687],[20.14314,-0.95218],[20.16768,-0.92477],[20.17524,-0.90592],[20.18423,-0.89902],[20.19861,-0.87904],[20.20074,-0.87077],[20.19769,-0.83737],[20.20366,-0.83325],[20.20801,-0.82404],[20.22343,-0.81192],[20.23041,-0.78868],[20.24922,-0.77489],[20.25532,-0.76486],[20.26744,-0.73422],[20.26724,-0.71324],[20.27108,-0.69848],[20.28203,-0.68553],[20.28659,-0.67119],[20.28504,-0.6635],[20.27856,-0.65343],[20.26887,-0.64971],[20.25858,-0.65029],[20.25662,-0.64147],[20.25027,-0.63771],[20.24508,-0.62455],[20.23221,-0.61347],[20.22707,-0.60302],[20.22256,-0.60306],[20.21808,-0.61209],[20.20149,-0.59675],[20.18699,-0.59333],[20.17984,-0.60056],[20.17307,-0.59684],[20.17261,-0.57648],[20.16567,-0.57397],[20.15397,-0.5616],[20.16254,-0.55475],[20.15305,-0.54346],[20.1518,-0.52959],[20.14181,-0.52616],[20.12045,-0.51003],[20.11756,-0.49916],[20.12145,-0.49343],[20.11159,-0.4893],[20.10682,-0.48361],[20.09976,-0.48863],[20.09416,-0.4847],[20.09144,-0.47195],[20.09403,-0.46225],[20.09102,-0.45239],[20.0975,-0.44478],[20.10569,-0.42251],[20.09162,-0.4182],[20.08876,-0.42012],[20.08805,-0.42909],[20.07961,-0.43113],[20.07164,-0.42024],[20.06713,-0.42179],[20.07034,-0.42419],[20.06344,-0.42251],[20.0632,-0.41365],[20.05679,-0.41593],[20.04484,-0.39408],[20.03545,-0.4027],[20.02986,-0.39181],[20.01203,-0.39157],[20.00538,-0.37338],[19.99367,-0.37164],[19.99628,-0.36362],[19.9873,-0.36211],[19.98362,-0.3669],[19.9791,-0.36618],[19.97874,-0.35505],[19.97316,-0.35003],[19.97399,-0.34153],[19.98196,-0.33615],[19.98802,-0.34261],[19.99664,-0.34172],[19.99629,-0.33622],[19.99248,-0.33167],[19.9806,-0.32844],[19.97828,-0.31629],[19.97531,-0.31928],[19.97626,-0.31426],[19.97269,-0.31533],[19.9702,-0.32515],[19.96604,-0.3285],[19.95712,-0.32503],[19.95296,-0.30899],[19.94096,-0.32203],[19.93156,-0.32143],[19.93686,-0.31539],[19.93281,-0.30965],[19.9302,-0.3112],[19.92877,-0.30019],[19.91582,-0.29756],[19.91083,-0.29026],[19.90193,-0.28705],[19.91572,-0.28681],[19.91869,-0.27951],[19.9156,-0.27209],[19.90158,-0.26336],[19.90063,-0.25366],[19.90419,-0.24804],[19.91771,-0.2435],[19.92155,-0.235],[19.93403,-0.22925],[19.93094,-0.22028],[19.93397,-0.21585],[19.94812,-0.21956],[19.95929,-0.20449],[19.98669,-0.19731],[19.99525,-0.20293],[20.00167,-0.20186],[20.00369,-0.20545],[20.00119,-0.21107],[20.00678,-0.21717],[20.02336,-0.207],[20.03573,-0.21275],[20.06247,-0.21024],[20.07751,-0.21514],[20.09177,-0.2325],[20.0976,-0.24482],[20.10604,-0.25212],[20.10627,-0.25643],[20.12547,-0.25727],[20.15115,-0.27905],[20.16303,-0.27511],[20.16232,-0.26852],[20.15561,-0.26122],[20.14312,-0.26122],[20.13908,-0.25763],[20.1354,-0.24746],[20.13932,-0.23729],[20.14889,-0.23083],[20.19109,-0.22401],[20.20925,-0.2169],[20.22308,-0.21916],[20.25879,-0.24853],[20.31705,-0.26442],[20.37373,-0.26027],[20.41661,-0.24249],[20.44147,-0.15798],[20.47877,-0.12454],[20.55289,-0.10585],[20.61789,-0.06437],[20.62834,-0.03683],[20.61369,-0.03038],[20.58676,-0.03062],[20.56203,-0.00157],[20.52817,0.00379],[20.47224,0.00634],[20.46481,0.01427],[20.4654,0.03513],[20.47574,0.04563],[20.53718,0.0853],[20.56401,0.09923],[20.57009,0.1057],[20.57687,0.12127],[20.57472,0.13812],[20.54835,0.15424],[20.51727,0.16061],[20.49522,0.17602],[20.46852,0.20172],[20.44715,0.24195],[20.43064,0.25029],[20.39853,0.29295],[20.37901,0.30539],[20.37252,0.31613],[20.36195,0.32407],[20.35351,0.34788],[20.33994,0.35947],[20.29506,0.37512],[20.3017,0.39655],[20.29771,0.40846],[20.30263,0.41908],[20.30003,0.42755],[20.31179,0.43869],[20.32066,0.44246],[20.33326,0.46073],[20.33827,0.48582],[20.35229,0.49951],[20.35879,0.51222],[20.36382,0.53501],[20.35703,0.55244],[20.35847,0.57426],[20.42706,0.66411],[20.43005,0.67345],[20.42554,0.69504],[20.40988,0.7324],[20.40565,0.76914],[20.40596,0.83281],[20.40001,0.8585],[20.40516,0.89326],[20.41412,0.91081],[20.43286,0.93398],[20.44016,0.95796],[20.43256,0.9657],[20.43118,1.01512],[20.43781,1.06185],[20.44776,1.07321],[20.45845,1.07745],[20.47559,1.10014],[20.48807,1.10877],[20.55587,1.23564],[20.55937,1.22854],[20.57398,1.22868],[20.57496,1.22133],[20.5795,1.22367],[20.58296,1.22025],[20.5866,1.22305],[20.58781,1.21501],[20.59856,1.21304],[20.60111,1.20939],[20.62099,1.20865],[20.62721,1.20296],[20.63172,1.20876],[20.63948,1.20951],[20.64181,1.2047],[20.66021,1.19085],[20.66613,1.19297],[20.68015,1.1839],[20.69089,1.18239],[20.70228,1.22754],[20.71321,1.2509],[20.71394,1.26922],[20.70816,1.28284],[20.65109,1.36412],[20.64101,1.39224],[20.63736,1.41693],[20.64283,1.44889],[20.66046,1.48727],[20.6571,1.51295],[20.65982,1.56699],[20.68163,1.58814],[20.69556,1.6359],[20.69942,1.67418],[20.69759,1.69551],[20.69362,1.70539],[20.68514,1.70774],[20.66715,1.69987],[20.64735,1.69592],[20.61504,1.69865],[20.59717,1.68318],[20.56709,1.66642],[20.54371,1.67568],[20.48771,1.67303],[20.45103,1.68157],[20.40471,1.66618],[20.38687,1.6746],[20.35277,1.70218],[20.32772,1.73035],[20.29836,1.73174],[20.2376,1.7525],[20.20209,1.7488],[20.13049,1.75658],[20.09943,1.75336],[20.072,1.74379],[20.01039,1.714],[19.95973,1.70849],[19.91955,1.67837],[19.87948,1.66084],[19.78393,1.63566],[19.73959,1.63486],[19.70591,1.62872],[19.67986,1.61177],[19.64022,1.5964],[19.58284,1.54469],[19.53797,1.52724],[19.51263,1.50355],[19.44673,1.45808],[19.40424,1.43939],[19.36594,1.41429],[19.29704,1.38877],[19.2129,1.34984],[19.21006,1.45923],[19.21626,1.56029],[19.21187,1.56507],[19.20853,1.57746],[19.21536,1.62238],[19.23045,1.64279],[19.26237,1.67005],[19.31841,1.70862],[19.35602,1.718],[19.38606,1.72982],[19.3933,1.73703],[19.43222,1.75378],[19.47674,1.77911],[19.56861,1.80262],[19.59715,1.80523],[19.60084,1.8025],[19.68203,1.81969],[19.73235,1.81722],[19.79988,1.8308],[19.82214,1.84322],[19.82459,1.85015],[19.81897,1.88621],[19.81355,1.90019],[19.83101,1.93832],[19.83847,1.94645],[19.84851,1.94817],[19.85779,1.95792],[19.86441,1.95822],[19.88168,1.94666],[19.88824,1.95294],[19.88924,1.96745],[19.90717,1.98028],[19.90408,1.99221],[19.90507,2.00695],[19.60032,2.00518],[19.51188,2.02196],[19.31629,2.07699],[19.12547,2.12636],[19.09449,2.11566],[19.07338,2.10116],[19.06471,2.09968],[19.0419,2.07435],[19.0371,2.07406],[19.02224,2.05273],[18.99372,2.0478],[18.98875,2.04177],[18.9893,2.03395],[18.97132,2.02684],[18.9582,2.01381],[18.9502,2.01395],[18.94681,2.01],[18.93924,2.01199],[18.91857,2.00002],[18.90299,2.00329],[18.89463,1.99445],[18.87182,1.98959],[18.86641,1.98286],[18.8568,1.98367],[18.8491,1.97668],[18.84678,1.97964],[18.83128,1.97441],[18.82463,1.97709],[18.82149,1.97199],[18.81041,1.9813],[18.80012,1.98187],[18.79764,1.97839],[18.78238,1.97315],[18.77841,1.98024],[18.77233,1.97281],[18.76273,1.97224],[18.75731,1.96642],[18.75312,1.95257],[18.73502,1.93672],[18.72522,1.91429],[18.70866,1.90282],[18.69901,1.90685],[18.69515,1.9045],[18.68941,1.90628],[18.68649,1.90233],[18.67269,1.90953],[18.66387,1.9207],[18.64967,1.92353],[18.64246,1.93403],[18.62296,1.93955],[18.61439,1.94865],[18.60432,1.94945],[18.60117,1.96529],[18.59067,1.97699],[18.40919,1.97761],[18.09767,1.98798],[18.086,1.984],[18.091,1.968],[18.07882,1.95035],[18.081,1.931],[18.068,1.88],[18.068,1.858],[18.06,1.849],[18.058,1.821],[18.058,1.804],[18.064,1.784],[18.066,1.763],[18.088,1.678],[18.087,1.665],[18.078,1.654],[18.076,1.633],[18.079,1.617],[18.072,1.59],[18.072,1.558],[18.066,1.54],[18.068,1.521],[18.06,1.503],[18.038,1.477],[18.019,1.444],[18.008,1.406],[17.976,1.338],[17.971,1.309],[17.92773,1.25105],[17.93984,1.23025],[17.94298,1.21874],[17.945,1.186],[17.942,1.164],[17.929,1.135],[17.915,1.115],[17.883,1.084],[17.864,1.052],[17.86,1.03],[17.85,1.012],[17.853,0.997],[17.852,0.978],[17.845,0.936],[17.845,0.919],[17.85352,0.89344],[17.85952,0.89421],[17.85352,0.89343],[17.861,0.871],[17.883,0.838],[17.887,0.803],[17.895,0.775],[17.885,0.739],[17.891,0.707],[17.88069,0.68501],[17.874,0.66],[17.873,0.612],[17.876,0.594],[17.886,0.572],[17.905,0.549],[17.944,0.512],[17.953,0.495],[17.96,0.466],[17.963,0.408],[17.954,0.365],[17.942,0.342],[17.923,0.316],[17.895,0.288],[17.855,0.26],[17.821,0.216],[17.787,0.143],[17.775,0.108],[17.758,0.018],[17.771,0.0],[17.725,-0.095],[17.714,-0.128],[17.712,-0.157],[17.716,-0.199],[17.71516,-0.23393],[17.722,-0.275],[17.735,-0.307],[17.74,-0.333],[17.742,-0.381],[17.728,-0.442],[17.719,-0.503],[17.71,-0.541],[17.7,-0.568],[17.684,-0.595],[17.655,-0.625],[17.633,-0.663],[17.58491,-0.68758],[17.5621,-0.72919],[17.56,-0.752],[17.493,-0.839],[17.42119,-0.91038],[17.42286,-0.91203],[17.42119,-0.91038],[17.385,-0.942],[17.33,-0.999],[17.295,-1.014],[17.255,-1.041],[17.237,-1.047],[17.183,-1.048],[17.164,-1.052],[17.111,-1.074],[17.041,-1.123],[16.99,-1.143],[16.977,-1.151],[16.897,-1.214],[16.846,-1.264],[16.796,-1.331],[16.741,-1.433],[16.672,-1.582],[16.589,-1.745]]]},"properties":{"nom":"Equateur","pcode":"CD41"}},{"type":"Feature","geometry":{"type":"Polygon","coordinates":[[[19.57956,2.00912],[19.60032,2.00518],[19.71112,2.00389],[19.90507,2.00695],[19.90774,2.01503],[19.91907,2.02527],[19.91891,2.01789],[19.93166,2.02286],[19.93344,2.02794],[19.92562,2.03223],[19.92234,2.04071],[19.92589,2.05179],[19.93956,2.0563],[19.94204,2.06001],[19.93698,2.08573],[19.95133,2.11372],[19.96378,2.12695],[19.95376,2.14503],[19.96373,2.15387],[19.97537,2.15675],[19.98185,2.17154],[19.99547,2.18203],[20.00481,2.18512],[20.01496,2.17671],[20.0193,2.17721],[20.02269,2.1807],[20.02684,2.20098],[20.04115,2.21033],[20.03781,2.22456],[20.04515,2.24535],[20.0572,2.25283],[20.07279,2.24907],[20.08247,2.26436],[20.10112,2.27466],[20.0976,2.28453],[20.09937,2.2903],[20.11278,2.29871],[20.10652,2.30762],[20.11031,2.31687],[20.10912,2.32146],[20.09621,2.33237],[20.10299,2.34095],[20.13248,2.3424],[20.14226,2.34756],[20.1626,2.3496],[20.17051,2.35911],[20.18826,2.36872],[20.19725,2.38468],[20.22117,2.39481],[20.23273,2.40574],[20.23915,2.40442],[20.24978,2.39371],[20.25596,2.39331],[20.26116,2.39911],[20.25807,2.41174],[20.2651,2.41733],[20.28041,2.41932],[20.29293,2.40218],[20.29704,2.40245],[20.31448,2.42034],[20.34336,2.41464],[20.3647,2.43187],[20.37592,2.43083],[20.38767,2.4215],[20.40017,2.4306],[20.4348,2.42103],[20.44589,2.43333],[20.47959,2.42606],[20.49393,2.43402],[20.49929,2.42302],[20.50962,2.41921],[20.50565,2.40398],[20.51122,2.39529],[20.5208,2.39814],[20.52596,2.40901],[20.53527,2.41646],[20.5465,2.41426],[20.55551,2.40445],[20.56254,2.4105],[20.56679,2.4209],[20.5716,2.42071],[20.58016,2.41043],[20.58816,2.41074],[20.62346,2.42764],[20.63766,2.42593],[20.64015,2.42825],[20.63916,2.4363],[20.65129,2.43572],[20.66566,2.44045],[20.67074,2.43521],[20.66652,2.42182],[20.67071,2.4138],[20.67598,2.4127],[20.69032,2.42066],[20.69947,2.42097],[20.71323,2.44135],[20.72285,2.44006],[20.73517,2.44385],[20.7391,2.43928],[20.73715,2.42707],[20.74413,2.41425],[20.76423,2.41811],[20.77431,2.4159],[20.77879,2.42699],[20.77845,2.43872],[20.78392,2.44107],[20.79428,2.43403],[20.80182,2.43479],[20.8123,2.46549],[20.81909,2.47338],[20.84203,2.49223],[20.86122,2.4947],[20.87394,2.5054],[20.90364,2.56044],[20.9163,2.57781],[20.9071,2.60994],[20.90273,2.61198],[20.89225,2.63214],[20.88164,2.64217],[20.87255,2.66119],[20.83332,2.69766],[20.82302,2.7238],[20.82435,2.72772],[20.80474,2.74527],[20.79665,2.78064],[20.80039,2.79655],[20.7964,2.80826],[20.79741,2.82276],[20.79324,2.82802],[20.77976,2.82583],[20.76647,2.82778],[20.76114,2.83509],[20.7679,2.84689],[20.75384,2.85804],[20.76013,2.87053],[20.75757,2.87488],[20.73672,2.87814],[20.73551,2.88519],[20.74368,2.89201],[20.74568,2.8994],[20.74264,2.90604],[20.72817,2.9119],[20.72834,2.91811],[20.74169,2.93504],[20.73845,2.93915],[20.71482,2.94492],[20.72429,2.96089],[20.72401,2.96617],[20.71939,2.97097],[20.72273,2.98135],[20.71808,2.98891],[20.71849,2.99444],[20.72857,2.99361],[20.73356,2.99895],[20.72869,3.00535],[20.72836,3.01685],[20.71799,3.02481],[20.72154,3.03612],[20.70271,3.06864],[20.70428,3.07187],[20.70795,3.07122],[20.71513,3.06207],[20.71833,3.06187],[20.7208,3.06742],[20.71313,3.08024],[20.72686,3.10568],[20.72837,3.11583],[20.71889,3.12633],[20.72413,3.12937],[20.72813,3.14206],[20.72347,3.15192],[20.73221,3.17248],[20.73343,3.18835],[20.70099,3.16511],[20.64709,3.11201],[20.59292,3.04425],[20.48844,2.93397],[20.39471,2.82687],[20.38231,2.81683],[20.32352,2.85045],[20.27569,2.88531],[20.26181,2.90037],[20.2221,2.92672],[20.2086,2.9518],[20.20987,2.95858],[20.20422,2.97532],[20.1804,3.01005],[20.17456,3.03515],[20.19804,3.08483],[20.2217,3.11849],[20.22847,3.14004],[20.24795,3.16066],[20.28441,3.18904],[20.2857,3.23672],[20.27817,3.26199],[20.28115,3.30321],[20.27267,3.31943],[20.22744,3.35256],[20.22014,3.37228],[20.21134,3.38302],[20.2102,3.40967],[20.22329,3.44894],[20.21728,3.46827],[20.20917,3.47649],[20.13851,3.52318],[20.11649,3.54966],[20.11127,3.56711],[20.11455,3.58348],[20.12542,3.59625],[20.14996,3.63954],[20.134,3.65504],[20.13198,3.67412],[20.13734,3.68822],[20.13496,3.6974],[20.13712,3.71077],[20.13097,3.73097],[20.14126,3.73222],[20.1923,3.76127],[20.21832,3.77142],[20.21363,3.78335],[20.19696,3.80045],[20.16778,3.80845],[20.14669,3.80962],[20.13588,3.81389],[20.12409,3.82413],[20.11608,3.82359],[20.09993,3.84122],[20.0583,3.85201],[20.02164,3.87026],[19.99608,3.87385],[19.94743,3.90815],[19.91201,3.94307],[19.88958,3.97003],[19.88788,3.97969],[19.89135,3.99883],[19.90102,4.01711],[19.90287,4.03785],[19.91561,4.04741],[19.91917,4.05781],[19.90346,4.07008],[19.8938,4.07367],[19.88006,4.07284],[19.85797,4.08067],[19.84768,4.07826],[19.83047,4.08016],[19.8282,4.07783],[19.82034,4.08443],[19.79306,4.08484],[19.78877,4.07904],[19.77509,4.07176],[19.77115,4.07587],[19.7652,4.07511],[19.76171,4.07991],[19.75438,4.07915],[19.73096,4.06095],[19.72016,4.06406],[19.71518,4.05779],[19.70374,4.05537],[19.69508,4.07347],[19.68653,4.07982],[19.67739,4.07743],[19.6759,4.06636],[19.66369,4.07222],[19.66029,4.06781],[19.6559,4.07191],[19.65468,4.07857],[19.6517,4.07877],[19.64281,4.07361],[19.63797,4.07633],[19.62813,4.07507],[19.60901,4.06221],[19.60417,4.06469],[19.5962,4.05977],[19.58905,4.06407],[19.5687,4.05925],[19.56063,4.064],[19.55191,4.0646],[19.55031,4.04295],[19.5406,4.05021],[19.52895,4.04686],[19.52218,4.05807],[19.51185,4.06003],[19.50901,4.04688],[19.49948,4.03803],[19.49864,4.03043],[19.49046,4.0232],[19.48198,4.02381],[19.47953,4.01641],[19.46969,4.01539],[19.46812,4.01215],[19.47096,4.00343],[19.47058,3.97465],[19.46832,3.97163],[19.45867,3.97383],[19.4571,3.97082],[19.46178,3.96213],[19.46006,3.95106],[19.46924,3.95],[19.46927,3.94724],[19.45626,3.94181],[19.45564,3.93582],[19.45222,3.93371],[19.44854,3.93505],[19.44472,3.9502],[19.43587,3.94136],[19.43234,3.94984],[19.42048,3.94465],[19.4249,3.93848],[19.4311,3.93809],[19.43099,3.92658],[19.4246,3.92351],[19.42282,3.91912],[19.43048,3.91],[19.42578,3.89936],[19.41802,3.89628],[19.41488,3.91121],[19.39549,3.92412],[19.38853,3.93279],[19.38091,3.95919],[19.36798,3.96779],[19.3538,3.98652],[19.32701,4.00557],[19.30502,4.00418],[19.28671,4.02331],[19.26642,4.03345],[19.27442,4.05725],[19.26823,4.07328],[19.27238,4.07818],[19.29652,4.07972],[19.30767,4.08566],[19.3343,4.15781],[19.3426,4.16636],[19.35125,4.19023],[19.35703,4.19742],[19.45956,4.45035],[19.47681,4.48281],[19.51017,4.5646],[19.51857,4.57321],[19.51865,4.58725],[19.51235,4.59708],[19.49141,4.60376],[19.47404,4.619],[19.46971,4.63852],[19.47495,4.66321],[19.47074,4.67076],[19.45851,4.67753],[19.42089,4.67759],[19.40459,4.65739],[19.39365,4.65129],[19.39219,4.63769],[19.38474,4.62679],[19.37994,4.62513],[19.37364,4.63473],[19.35806,4.63364],[19.34646,4.64549],[19.33016,4.64646],[19.32819,4.65933],[19.31093,4.6642],[19.30861,4.66671],[19.31201,4.67112],[19.30624,4.67428],[19.30409,4.68163],[19.29833,4.68433],[19.29148,4.68149],[19.28834,4.67501],[19.28535,4.67544],[19.27578,4.69053],[19.25535,4.69191],[19.24234,4.68602],[19.23016,4.68796],[19.22933,4.68035],[19.22634,4.68101],[19.22369,4.69226],[19.21566,4.69286],[19.21077,4.69971],[19.20556,4.69298],[19.18954,4.69027],[19.18622,4.6999],[19.17958,4.69868],[19.16348,4.7031],[19.16223,4.71184],[19.1539,4.71842],[19.15234,4.73475],[19.14506,4.72983],[19.12459,4.73467],[19.11414,4.76632],[19.09509,4.76726],[19.08732,4.76441],[19.08245,4.76919],[19.07244,4.76171],[19.07509,4.77141],[19.07227,4.7769],[19.06795,4.7734],[19.05787,4.77237],[19.05837,4.76869],[19.05223,4.76425],[19.04216,4.7616],[19.04074,4.76573],[19.03336,4.76887],[19.01397,4.768],[19.01,4.753],[18.994,4.738],[18.985,4.734],[18.947,4.696],[18.938,4.673],[18.932,4.666],[18.906,4.656],[18.903,4.645],[18.891,4.634],[18.89,4.625],[18.875,4.602],[18.856,4.59],[18.84,4.571],[18.832,4.558],[18.823,4.532],[18.811,4.461],[18.794,4.423],[18.78014,4.41959],[18.774,4.398],[18.763,4.387],[18.753,4.379],[18.7331,4.38668],[18.69889,4.37022],[18.676,4.353],[18.648,4.349],[18.63973,4.35735],[18.607,4.358],[18.578,4.344],[18.549,4.316],[18.546,4.308],[18.551,4.289],[18.571,4.247],[18.618,4.167],[18.641,4.109],[18.649,4.076],[18.652,3.978],[18.648,3.962],[18.636,3.939],[18.608,3.909],[18.602,3.896],[18.595,3.841],[18.598,3.803],[18.587,3.751],[18.591,3.704],[18.602,3.676],[18.611,3.633],[18.618,3.533],[18.64,3.449],[18.639,3.417],[18.632,3.397],[18.633,3.386],[18.645,3.359],[18.65,3.331],[18.645,3.305],[18.638,3.29],[18.635,3.26],[18.643,3.221],[18.642,3.209],[18.626,3.159],[18.595,3.106],[18.585,3.098],[18.544,3.08],[18.533,3.07],[18.517,3.014],[18.505,2.996],[18.475,2.97],[18.468,2.958],[18.463,2.942],[18.453,2.927],[18.44,2.882],[18.439,2.856],[18.446,2.837],[18.445,2.822],[18.43091,2.7927],[18.42734,2.77837],[18.429,2.768],[18.421,2.752],[18.401,2.733],[18.394,2.71],[18.384,2.699],[18.343,2.622],[18.339,2.599],[18.33,2.585],[18.312,2.574],[18.295,2.553],[18.268,2.538],[18.242,2.507],[18.228,2.464],[18.227,2.44],[18.214,2.417],[18.212,2.399],[18.19,2.37],[18.19,2.359],[18.185,2.345],[18.154,2.305],[18.106,2.267],[18.095,2.238],[18.091,2.202],[18.089,2.09],[18.071,2.051],[18.072,2.039],[18.065,2.027],[18.067,2.021],[18.084,2.005],[18.086,1.984],[18.09767,1.98798],[18.40919,1.97761],[18.59067,1.97699],[18.60117,1.96529],[18.60432,1.94945],[18.61439,1.94865],[18.62296,1.93955],[18.64246,1.93403],[18.64967,1.92353],[18.66387,1.9207],[18.67269,1.90953],[18.68649,1.90233],[18.68941,1.90628],[18.69515,1.9045],[18.69901,1.90685],[18.70866,1.90282],[18.72522,1.91429],[18.73502,1.93672],[18.75537,1.95582],[18.75731,1.96642],[18.76273,1.97224],[18.77233,1.97281],[18.77841,1.98024],[18.78238,1.97315],[18.79764,1.97839],[18.80012,1.98187],[18.81041,1.9813],[18.82149,1.97199],[18.82463,1.97709],[18.83128,1.97441],[18.84678,1.97964],[18.8491,1.97668],[18.8568,1.98367],[18.86641,1.98286],[18.87182,1.98959],[18.89463,1.99445],[18.90299,2.00329],[18.91857,2.00002],[18.93924,2.01199],[18.94681,2.01],[18.9502,2.01395],[18.9582,2.01381],[18.97132,2.02684],[18.9893,2.03395],[18.98875,2.04177],[18.99372,2.0478],[19.02224,2.05273],[19.0371,2.07406],[19.0419,2.07435],[19.06471,2.09968],[19.07338,2.10116],[19.09449,2.11566],[19.12547,2.12636],[19.31629,2.07699],[19.51188,2.02196],[19.57956,2.00912]]]},"properties":{"nom":"Sud-Ubangi","pcode":"CD42"}},{"type":"Feature","geometry":{"type":"Polygon","coordinates":[[[20.73545,3.19024],[20.75044,3.20741],[20.76641,3.214],[20.77011,3.23429],[20.77864,3.22838],[20.79473,3.2474],[20.80022,3.24745],[20.8206,3.22185],[20.8274,3.20419],[20.85028,3.18046],[20.88405,3.16741],[20.88867,3.16308],[20.90755,3.12596],[20.92485,3.11115],[20.93088,3.102],[20.94719,3.09668],[20.96649,3.11073],[20.9796,3.11138],[21.03304,3.06439],[21.03952,3.05676],[21.04241,3.04481],[21.04566,3.00654],[21.14481,2.92244],[21.1479,2.92904],[21.1546,3.07176],[21.16471,3.09629],[21.1662,3.14097],[21.17028,3.16325],[21.18151,3.16196],[21.18574,3.14957],[21.19127,3.14616],[21.208,3.14331],[21.21132,3.13045],[21.22193,3.12134],[21.24028,3.11689],[21.24398,3.11278],[21.24667,3.11901],[21.25011,3.11858],[21.25407,3.1101],[21.26441,3.10628],[21.27387,3.09784],[21.2744,3.08887],[21.27966,3.08937],[21.28982,3.07956],[21.29449,3.06832],[21.3027,3.07253],[21.30547,3.0698],[21.30912,3.07098],[21.3094,3.0643],[21.31467,3.06389],[21.32091,3.05681],[21.3335,3.05691],[21.33703,3.04543],[21.34805,3.04161],[21.35537,3.04306],[21.36878,3.02637],[21.3938,3.01898],[21.40156,3.0218],[21.40661,3.01908],[21.40829,3.01104],[21.41836,3.01066],[21.43469,3.00113],[21.4343,2.99261],[21.43922,2.97976],[21.44288,2.97957],[21.45098,2.96951],[21.45716,2.96864],[21.4713,2.94781],[21.47977,2.94765],[21.48247,2.95273],[21.48568,2.95253],[21.49999,2.93745],[21.51212,2.93824],[21.52456,2.92776],[21.53374,2.92576],[21.54308,2.93021],[21.55641,2.92434],[21.56324,2.9283],[21.56876,2.92467],[21.57375,2.93023],[21.57933,2.91969],[21.5922,2.91335],[21.60819,2.91808],[21.61509,2.91284],[21.61621,2.91676],[21.62147,2.91727],[21.627,2.91179],[21.63378,2.92289],[21.64708,2.92046],[21.65344,2.92581],[21.66356,2.9206],[21.67545,2.92184],[21.68326,2.91822],[21.6903,2.92518],[21.72395,2.92476],[21.74563,2.93322],[21.78139,2.9259],[21.78457,2.92892],[21.82732,2.90693],[21.84151,2.90704],[21.87318,2.89578],[21.88939,2.90143],[21.90108,2.89852],[21.91707,2.90302],[21.94687,2.89634],[21.96692,2.90892],[21.98047,2.90327],[21.99006,2.90588],[22.00244,2.90321],[22.05104,2.92291],[22.0602,2.92229],[22.07637,2.93323],[22.08714,2.93216],[22.10856,2.94429],[22.14516,2.94824],[22.15994,2.96101],[22.1858,2.96235],[22.20451,2.97054],[22.21224,2.97773],[22.22139,2.97757],[22.23849,2.9869],[22.2833,2.99528],[22.30357,3.0097],[22.31777,3.00865],[22.34191,3.02632],[22.35469,3.03193],[22.36476,3.03154],[22.37236,3.02492],[22.41621,3.00728],[22.46227,2.99978],[22.47377,2.9925],[22.48072,2.98011],[22.48645,2.97854],[22.50885,3.01622],[22.50895,3.03509],[22.518,3.05034],[22.51425,3.0639],[22.52142,3.08581],[22.53302,3.09694],[22.5433,3.09978],[22.55733,3.12381],[22.55591,3.17049],[22.60716,3.2752],[22.62118,3.2959],[22.62497,3.31492],[22.61219,3.34329],[22.61662,3.36929],[22.65471,3.40802],[22.6658,3.42902],[22.6815,3.44504],[22.70528,3.45254],[22.72883,3.477],[22.74684,3.48979],[22.78687,3.50395],[22.80691,3.51702],[22.81969,3.52779],[22.82874,3.54559],[22.8418,3.55401],[22.8821,3.56203],[22.93356,3.56554],[23.02361,3.59062],[23.03681,3.59942],[23.04673,3.61156],[23.05668,3.63256],[23.08425,3.63585],[23.09123,3.63933],[23.09903,3.64956],[23.10849,3.67573],[23.12328,3.6962],[23.14031,3.70031],[23.15627,3.71399],[23.18094,3.72497],[23.19076,3.73101],[23.21067,3.75306],[23.24641,3.7714],[23.2367,3.78561],[23.24305,3.79232],[23.26244,3.78141],[23.28525,3.77768],[23.32324,3.74867],[23.35183,3.71282],[23.40728,3.68834],[23.42239,3.69027],[23.4251,3.69788],[23.43398,3.70737],[23.44931,3.71068],[23.46912,3.73151],[23.48356,3.73045],[23.48858,3.73347],[23.52414,3.76567],[23.53049,3.77652],[23.53212,3.81221],[23.52911,3.81863],[23.48262,3.81308],[23.46106,3.81802],[23.45573,3.82835],[23.43331,3.82246],[23.414,3.83225],[23.40231,3.83333],[23.40282,3.82459],[23.39306,3.80795],[23.36974,3.79769],[23.36351,3.808],[23.34557,3.81642],[23.33658,3.82696],[23.32514,3.82459],[23.32169,3.82802],[23.32416,3.8354],[23.31123,3.83196],[23.30103,3.83457],[23.29783,3.83156],[23.28516,3.83636],[23.26896,3.83665],[23.25537,3.8442],[23.25465,3.84949],[23.24869,3.84991],[23.22638,3.8629],[23.20769,3.86429],[23.19803,3.85237],[23.18864,3.85162],[23.17837,3.84511],[23.15452,3.84772],[23.14875,3.85552],[23.15365,3.87764],[23.15044,3.87739],[23.1409,3.8649],[23.11842,3.86638],[23.1113,3.87278],[23.10648,3.87298],[23.09779,3.86924],[23.08915,3.85906],[23.07726,3.85484],[23.06897,3.86077],[23.05847,3.85426],[23.04949,3.8618],[23.03278,3.85825],[23.02154,3.86002],[23.01267,3.85006],[23.00556,3.85071],[22.99006,3.83818],[22.98635,3.84575],[22.98151,3.85032],[22.97462,3.85143],[22.96937,3.85964],[22.95945,3.85893],[22.94919,3.85196],[22.93703,3.85326],[22.9288,3.85045],[22.91808,3.84301],[22.91349,3.84413],[22.90141,3.83462],[22.89567,3.83619],[22.89034,3.84513],[22.88183,3.85014],[22.86858,3.84361],[22.85457,3.84928],[22.849,3.85983],[22.84418,3.86164],[22.82889,3.85164],[22.82631,3.85968],[22.81397,3.85592],[22.78215,3.88563],[22.78385,3.90475],[22.78635,3.90822],[22.79804,3.90806],[22.80054,3.91153],[22.79854,3.93684],[22.80946,3.96505],[22.82208,3.98188],[22.83705,3.98715],[22.81173,4.01878],[22.80029,4.02015],[22.78683,4.03379],[22.7757,4.0292],[22.76008,4.03022],[22.76086,4.04494],[22.7475,4.07366],[22.73432,4.07503],[22.72222,4.08307],[22.71435,4.10268],[22.70983,4.10162],[22.6941,4.08405],[22.68027,4.09243],[22.67351,4.12221],[22.66761,4.12325],[22.64846,4.11373],[22.62911,4.12806],[22.62148,4.12909],[22.59991,4.12167],[22.58533,4.12199],[22.55763,4.13454],[22.54688,4.13626],[22.51836,4.12602],[22.49893,4.11436],[22.47689,4.11927],[22.46292,4.1171],[22.4449,4.12441],[22.409,4.126],[22.387,4.118],[22.359,4.118],[22.34,4.114],[22.266,4.114],[22.24,4.124],[22.219,4.126],[22.164,4.154],[22.127,4.192],[22.095,4.212],[22.069,4.215],[22.059,4.22],[22.031,4.222],[22.007,4.239],[21.993,4.24],[21.982,4.237],[21.96499,4.225],[21.955,4.224],[21.935,4.233],[21.912,4.234],[21.875,4.241],[21.859,4.24],[21.83,4.259],[21.817,4.262],[21.805,4.27],[21.772,4.27],[21.761,4.277],[21.752,4.293],[21.735,4.304],[21.677,4.296],[21.66,4.309],[21.651,4.309],[21.624,4.285],[21.597,4.272],[21.584,4.259],[21.565,4.247],[21.541,4.248],[21.495,4.258],[21.469,4.269],[21.451,4.265],[21.44681,4.27814],[21.43175,4.28418],[21.41971,4.28267],[21.399,4.273],[21.377,4.278],[21.327,4.298],[21.3,4.321],[21.289,4.335],[21.282,4.338],[21.251,4.329],[21.237,4.295],[21.219,4.287],[21.211,4.287],[21.192,4.304],[21.175,4.302],[21.152,4.321],[21.119,4.336],[21.101,4.37],[21.075,4.392],[21.054,4.401],[21.024,4.402],[21.009,4.408],[20.988,4.422],[20.97,4.428],[20.934,4.43],[20.911,4.439],[20.885,4.438],[20.865,4.446],[20.857,4.446],[20.81,4.419],[20.728,4.421],[20.664,4.412],[20.65602,4.42173],[20.63748,4.41637],[20.631,4.405],[20.624,4.402],[20.606,4.403],[20.555,4.438],[20.533,4.442],[20.509,4.476],[20.501,4.481],[20.478,4.485],[20.462,4.503],[20.453,4.525],[20.45,4.545],[20.452,4.574],[20.461,4.599],[20.453,4.627],[20.43,4.648],[20.405,4.677],[20.384,4.694],[20.358,4.737],[20.34065,4.75268],[20.308,4.773],[20.281,4.775],[20.239,4.804],[20.196,4.827],[20.17,4.853],[20.163,4.87],[20.1507,4.88477],[20.108,4.897],[20.092,4.906],[20.068,4.924],[20.051,4.946],[20.024,4.966],[19.988,4.977],[19.972,4.979],[19.941,4.972],[19.915,4.98],[19.874,5.017],[19.869,5.024],[19.855,5.064],[19.848,5.074],[19.825,5.093],[19.793,5.101],[19.776,5.102],[19.725,5.119],[19.696,5.133],[19.613,5.128],[19.555,5.146],[19.51638,5.13493],[19.508,5.125],[19.49,5.122],[19.43,5.13],[19.403,5.121],[19.378,5.099],[19.359,5.073],[19.309,5.046],[19.285,5.026],[19.241,5.007],[19.226,4.988],[19.212,4.95],[19.202,4.942],[19.188,4.939],[19.136,4.941],[19.113,4.933],[19.098,4.922],[19.077,4.895],[19.068,4.878],[19.059,4.844],[19.019,4.787],[19.01397,4.768],[19.03336,4.76887],[19.04074,4.76573],[19.04216,4.7616],[19.05223,4.76425],[19.05837,4.76869],[19.05787,4.77237],[19.06795,4.7734],[19.07227,4.7769],[19.07509,4.77141],[19.07244,4.76171],[19.08245,4.76919],[19.08732,4.76441],[19.09509,4.76726],[19.11414,4.76632],[19.12459,4.73467],[19.14506,4.72983],[19.15234,4.73475],[19.1539,4.71842],[19.16223,4.71184],[19.16348,4.7031],[19.17958,4.69868],[19.18622,4.6999],[19.18954,4.69027],[19.20556,4.69298],[19.21077,4.69971],[19.21566,4.69286],[19.22369,4.69226],[19.22634,4.68101],[19.22933,4.68035],[19.23016,4.68796],[19.24234,4.68602],[19.25535,4.69191],[19.27578,4.69053],[19.28535,4.67544],[19.28834,4.67501],[19.29148,4.68149],[19.29833,4.68433],[19.30409,4.68163],[19.30624,4.67428],[19.31201,4.67112],[19.30861,4.66671],[19.31093,4.6642],[19.32819,4.65933],[19.33016,4.64646],[19.34646,4.64549],[19.35806,4.63364],[19.37364,4.63473],[19.37994,4.62513],[19.38474,4.62679],[19.39219,4.63769],[19.39365,4.65129],[19.40459,4.65739],[19.42089,4.67759],[19.45851,4.67753],[19.47074,4.67076],[19.47495,4.66321],[19.46971,4.63852],[19.47404,4.619],[19.49141,4.60376],[19.51235,4.59708],[19.51865,4.58725],[19.51857,4.57321],[19.51017,4.5646],[19.47681,4.48281],[19.45956,4.45035],[19.35703,4.19742],[19.35125,4.19023],[19.3426,4.16636],[19.3343,4.15781],[19.30767,4.08566],[19.30254,4.08104],[19.26918,4.07572],[19.26832,4.07007],[19.27295,4.06598],[19.27442,4.05725],[19.26642,4.03345],[19.28671,4.02331],[19.30502,4.00418],[19.32701,4.00557],[19.3538,3.98652],[19.36798,3.96779],[19.38091,3.95919],[19.38853,3.93279],[19.39549,3.92412],[19.41488,3.91121],[19.41802,3.89628],[19.42578,3.89936],[19.43048,3.91],[19.42282,3.91912],[19.4246,3.92351],[19.43099,3.92658],[19.4311,3.93809],[19.4249,3.93848],[19.42048,3.94465],[19.43234,3.94984],[19.43587,3.94136],[19.44472,3.9502],[19.44854,3.93505],[19.45222,3.93371],[19.45564,3.93582],[19.45626,3.94181],[19.46927,3.94724],[19.46924,3.95],[19.46006,3.95106],[19.46178,3.96213],[19.4571,3.97082],[19.45867,3.97383],[19.46832,3.97163],[19.47058,3.97465],[19.47096,4.00343],[19.46812,4.01215],[19.46969,4.01539],[19.47953,4.01641],[19.48198,4.02381],[19.49046,4.0232],[19.49864,4.03043],[19.49948,4.03803],[19.50901,4.04688],[19.51185,4.06003],[19.52218,4.05807],[19.52895,4.04686],[19.5406,4.05021],[19.55031,4.04295],[19.55191,4.0646],[19.56063,4.064],[19.5687,4.05925],[19.58905,4.06407],[19.5962,4.05977],[19.60417,4.06469],[19.60901,4.06221],[19.62813,4.07507],[19.63797,4.07633],[19.64281,4.07361],[19.6517,4.07877],[19.65468,4.07857],[19.6559,4.07191],[19.66029,4.06781],[19.66369,4.07222],[19.6759,4.06636],[19.67739,4.07743],[19.68653,4.07982],[19.69508,4.07347],[19.70374,4.05537],[19.71518,4.05779],[19.72016,4.06406],[19.73096,4.06095],[19.75438,4.07915],[19.76171,4.07991],[19.7652,4.07511],[19.77875,4.07249],[19.79306,4.08484],[19.82034,4.08443],[19.8282,4.07783],[19.83047,4.08016],[19.84768,4.07826],[19.85797,4.08067],[19.88006,4.07284],[19.8938,4.07367],[19.90346,4.07008],[19.91917,4.05781],[19.91561,4.04741],[19.90287,4.03785],[19.90102,4.01711],[19.89135,3.99883],[19.88788,3.97969],[19.88958,3.97003],[19.93659,3.91725],[19.98078,3.88227],[19.99608,3.87385],[20.02164,3.87026],[20.0583,3.85201],[20.09993,3.84122],[20.11608,3.82359],[20.12409,3.82413],[20.13588,3.81389],[20.14669,3.80962],[20.16778,3.80845],[20.19696,3.80045],[20.21363,3.78335],[20.21832,3.77142],[20.1923,3.76127],[20.14126,3.73222],[20.13097,3.73097],[20.13712,3.71077],[20.13496,3.6974],[20.13734,3.68822],[20.13198,3.67412],[20.134,3.65504],[20.14996,3.63954],[20.12542,3.59625],[20.11455,3.58348],[20.11127,3.56711],[20.11649,3.54966],[20.13851,3.52318],[20.20917,3.47649],[20.21728,3.46827],[20.22329,3.44894],[20.2102,3.40967],[20.21134,3.38302],[20.22014,3.37228],[20.22744,3.35256],[20.27267,3.31943],[20.28115,3.30321],[20.27817,3.26199],[20.2857,3.23672],[20.28441,3.18904],[20.24795,3.16066],[20.22847,3.14004],[20.2217,3.11849],[20.19804,3.08483],[20.17456,3.03515],[20.1804,3.01005],[20.20422,2.97532],[20.20987,2.95858],[20.2086,2.9518],[20.2221,2.92672],[20.26181,2.90037],[20.27569,2.88531],[20.32352,2.85045],[20.38231,2.81683],[20.39471,2.82687],[20.48844,2.93397],[20.59292,3.04425],[20.64709,3.11201],[20.70099,3.16511],[20.73545,3.19024]]]},"properties":{"nom":"Nord-Ubangi","pcode":"CD43"}},{"type":"Feature","geometry":{"type":"Polygon","coordinates":[[[21.87069,1.5698],[21.87571,1.70123],[21.89059,1.70378],[21.89807,1.71166],[21.94828,1.72227],[22.05186,1.75922],[22.17776,1.76195],[22.19804,1.75923],[22.27132,1.73767],[22.28116,1.73798],[22.30275,1.75073],[22.32397,1.7574],[22.33412,1.75274],[22.37244,1.71068],[22.37738,1.72337],[22.37416,1.7426],[22.3621,1.75425],[22.35763,1.78431],[22.38137,1.78839],[22.38886,1.79534],[22.40826,1.80008],[22.421,1.80914],[22.43023,1.8283],[22.42936,1.85544],[22.43541,1.87181],[22.46774,1.8909],[22.48033,1.88892],[22.49113,1.91315],[22.49129,1.92374],[22.48229,1.96784],[22.47533,1.98206],[22.46221,1.99531],[22.45032,1.99615],[22.44526,2.00002],[22.41299,2.03684],[22.38253,2.04375],[22.36798,2.06435],[22.36204,2.09884],[22.36413,2.15544],[22.35448,2.16204],[22.38653,2.15721],[22.38701,2.15399],[22.43897,2.14654],[22.49097,2.13286],[22.51919,2.11972],[22.57734,2.10746],[22.60532,2.09707],[22.62293,2.09696],[22.64473,2.08607],[22.68087,2.04996],[22.68648,2.06587],[22.69355,2.06937],[22.70182,2.0623],[22.71325,2.06237],[22.72706,2.04912],[22.73962,2.05105],[22.7481,2.04765],[22.78008,2.01773],[22.78396,2.01752],[22.80192,2.03443],[22.80878,2.03517],[22.82666,2.02793],[22.84187,2.04413],[22.85967,2.04908],[22.87348,2.07033],[22.88858,2.06905],[22.89221,2.07414],[22.89027,2.09253],[22.89774,2.10293],[22.90505,2.10275],[22.91862,2.09156],[22.92388,2.09115],[22.93816,2.11102],[22.94886,2.11799],[22.94582,2.12901],[22.93388,2.13607],[22.93407,2.14251],[22.95842,2.16015],[22.97421,2.15842],[22.97113,2.17565],[22.97815,2.18605],[22.98478,2.18701],[22.9972,2.1756],[23.00452,2.17517],[23.00679,2.17818],[23.00328,2.18966],[23.00729,2.20625],[23.02094,2.21899],[23.03054,2.21882],[23.04865,2.21158],[23.04962,2.20399],[23.07576,2.19196],[23.0898,2.17778],[23.10493,2.17166],[23.13076,2.13662],[23.14727,2.12844],[23.15533,2.11906],[23.16723,2.11867],[23.17575,2.10791],[23.17741,2.09941],[23.21033,2.08612],[23.22426,2.08545],[23.23276,2.08601],[23.27117,2.10612],[23.31256,2.08986],[23.31529,2.0984],[23.32188,2.10557],[23.31952,2.11844],[23.32194,2.13341],[23.32647,2.14103],[23.31442,2.16788],[23.31549,2.17939],[23.31197,2.19478],[23.31967,2.20818],[23.32095,2.2236],[23.31342,2.25899],[23.31747,2.27098],[23.32906,2.28209],[23.36212,2.26066],[23.37042,2.25035],[23.3892,2.2454],[23.4133,2.23082],[23.42542,2.22974],[23.42889,2.22332],[23.44976,2.21262],[23.45599,2.20415],[23.48491,2.18499],[23.52494,2.1836],[23.54615,2.19316],[23.57977,2.19312],[23.5612,2.36002],[23.57258,2.39625],[23.56686,2.41615],[23.54729,2.43569],[23.54289,2.44556],[23.53645,2.45128],[23.52041,2.45556],[23.48758,2.47585],[23.45794,2.49846],[23.45192,2.51108],[23.4327,2.51166],[23.42726,2.50288],[23.41317,2.5265],[23.40009,2.53356],[23.39111,2.52947],[23.38287,2.54382],[23.37394,2.54514],[23.35942,2.56508],[23.34988,2.55098],[23.34795,2.52888],[23.33864,2.51755],[23.34423,2.50078],[23.34268,2.49272],[23.33602,2.48758],[23.32601,2.48733],[23.31592,2.49187],[23.31418,2.47621],[23.31699,2.46587],[23.31453,2.45642],[23.30838,2.4511],[23.29031,2.45168],[23.28198,2.46798],[23.27376,2.46491],[23.27418,2.47022],[23.28401,2.47258],[23.29365,2.46666],[23.29793,2.4775],[23.25656,2.50992],[23.24027,2.51811],[23.169,2.5377],[23.12126,2.56179],[23.10707,2.56309],[23.09844,2.55314],[23.0889,2.5597],[23.06458,2.5636],[23.04724,2.57449],[22.8988,2.72447],[22.88702,2.73862],[22.87898,2.75737],[22.886,2.77722],[22.8849,2.79477],[22.90582,2.80989],[22.91625,2.80984],[22.93244,2.80276],[22.94284,2.79218],[22.94857,2.77462],[22.95406,2.85296],[22.98316,2.88967],[23.02107,2.95969],[23.03334,2.98888],[23.05973,3.03344],[23.05081,3.03362],[23.02804,3.05027],[23.01973,3.07139],[23.01219,3.07084],[22.99998,3.05685],[22.99127,3.05338],[22.96586,3.07747],[22.94154,3.08166],[22.92378,3.08068],[22.9056,3.07714],[22.89166,3.06784],[22.85788,3.02003],[22.84397,3.01658],[22.82775,3.01899],[22.81155,3.0249],[22.78842,3.04021],[22.78152,3.05427],[22.7817,3.10573],[22.75975,3.12395],[22.72612,3.11883],[22.71572,3.12765],[22.69604,3.13299],[22.65961,3.15244],[22.5953,3.15389],[22.57736,3.16098],[22.57449,3.16918],[22.58851,3.20245],[22.60597,3.22285],[22.62346,3.25435],[22.65138,3.28376],[22.6529,3.30452],[22.64858,3.31243],[22.61592,3.33333],[22.62497,3.31492],[22.62118,3.2959],[22.60716,3.2752],[22.55591,3.17049],[22.55733,3.12381],[22.5433,3.09978],[22.53302,3.09694],[22.52142,3.08581],[22.51425,3.0639],[22.518,3.05034],[22.50895,3.03509],[22.50885,3.01622],[22.48645,2.97854],[22.48072,2.98011],[22.47377,2.9925],[22.46227,2.99978],[22.41621,3.00728],[22.37236,3.02492],[22.36476,3.03154],[22.35469,3.03193],[22.34191,3.02632],[22.31777,3.00865],[22.30357,3.0097],[22.2833,2.99528],[22.23849,2.9869],[22.22139,2.97757],[22.21224,2.97773],[22.20451,2.97054],[22.1858,2.96235],[22.15994,2.96101],[22.14516,2.94824],[22.10856,2.94429],[22.08714,2.93216],[22.07637,2.93323],[22.0602,2.92229],[22.05104,2.92291],[22.00244,2.90321],[21.99006,2.90588],[21.98047,2.90327],[21.96463,2.90868],[21.95509,2.89917],[21.94687,2.89634],[21.91707,2.90302],[21.90108,2.89852],[21.88939,2.90143],[21.87318,2.89578],[21.84151,2.90704],[21.82732,2.90693],[21.78457,2.92892],[21.78139,2.9259],[21.74563,2.93322],[21.72395,2.92476],[21.6903,2.92518],[21.68326,2.91822],[21.67545,2.92184],[21.66356,2.9206],[21.65344,2.92581],[21.64708,2.92046],[21.63378,2.92289],[21.627,2.91179],[21.62147,2.91727],[21.61621,2.91676],[21.61509,2.91284],[21.60819,2.91808],[21.5922,2.91335],[21.57933,2.91969],[21.57375,2.93023],[21.56876,2.92467],[21.56324,2.9283],[21.55641,2.92434],[21.54308,2.93021],[21.53374,2.92576],[21.52456,2.92776],[21.51212,2.93824],[21.49999,2.93745],[21.48568,2.95253],[21.48247,2.95273],[21.47977,2.94765],[21.4713,2.94781],[21.45716,2.96864],[21.45098,2.96951],[21.44288,2.97957],[21.43922,2.97976],[21.4343,2.99261],[21.43469,3.00113],[21.41836,3.01066],[21.40829,3.01104],[21.40661,3.01908],[21.40156,3.0218],[21.3938,3.01898],[21.36878,3.02637],[21.35537,3.04306],[21.34805,3.04161],[21.33703,3.04543],[21.3335,3.05691],[21.32091,3.05681],[21.31467,3.06389],[21.3094,3.0643],[21.30912,3.07098],[21.30547,3.0698],[21.3027,3.07253],[21.29449,3.06832],[21.28982,3.07956],[21.27966,3.08937],[21.2744,3.08887],[21.27387,3.09784],[21.26441,3.10628],[21.25407,3.1101],[21.25011,3.11858],[21.24667,3.11901],[21.24398,3.11278],[21.24028,3.11689],[21.22193,3.12134],[21.21132,3.13045],[21.208,3.14331],[21.19127,3.14616],[21.18574,3.14957],[21.18151,3.16196],[21.17028,3.16325],[21.1662,3.14097],[21.16471,3.09629],[21.1546,3.07176],[21.1479,2.92904],[21.14481,2.92244],[21.04566,3.00654],[21.03952,3.05676],[20.98253,3.11022],[20.96649,3.11073],[20.94719,3.09668],[20.93088,3.102],[20.92485,3.11115],[20.90755,3.12596],[20.88867,3.16308],[20.88405,3.16741],[20.85028,3.18046],[20.8274,3.20419],[20.8206,3.22185],[20.81229,3.22961],[20.80598,3.24336],[20.79473,3.2474],[20.77864,3.22838],[20.77011,3.23429],[20.76641,3.214],[20.75044,3.20741],[20.73343,3.18835],[20.73221,3.17248],[20.72347,3.15192],[20.72813,3.14206],[20.72413,3.12937],[20.71889,3.12633],[20.72837,3.11583],[20.72686,3.10568],[20.71313,3.08024],[20.7208,3.06742],[20.71833,3.06187],[20.71513,3.06207],[20.70795,3.07122],[20.70428,3.07187],[20.70271,3.06864],[20.72154,3.03612],[20.71799,3.02481],[20.72836,3.01685],[20.72869,3.00535],[20.73356,2.99895],[20.72857,2.99361],[20.71849,2.99444],[20.71808,2.98891],[20.72273,2.98135],[20.71939,2.97097],[20.72401,2.96617],[20.72429,2.96089],[20.71482,2.94492],[20.73845,2.93915],[20.74169,2.93504],[20.72834,2.91811],[20.72817,2.9119],[20.74264,2.90604],[20.74568,2.8994],[20.74368,2.89201],[20.73551,2.88519],[20.73672,2.87814],[20.75229,2.87759],[20.76013,2.87053],[20.75384,2.85804],[20.76815,2.84459],[20.76114,2.83509],[20.76647,2.82778],[20.77976,2.82583],[20.79324,2.82802],[20.79741,2.82276],[20.7964,2.80826],[20.80039,2.79655],[20.79665,2.78064],[20.80474,2.74527],[20.82435,2.72772],[20.82302,2.7238],[20.83332,2.69766],[20.87255,2.66119],[20.88164,2.64217],[20.89225,2.63214],[20.89624,2.62135],[20.90918,2.60674],[20.90998,2.59455],[20.9163,2.57781],[20.90364,2.56044],[20.87394,2.5054],[20.86122,2.4947],[20.84203,2.49223],[20.81909,2.47338],[20.8123,2.46549],[20.80182,2.43479],[20.79428,2.43403],[20.78392,2.44107],[20.77845,2.43872],[20.77879,2.42699],[20.77431,2.4159],[20.76423,2.41811],[20.74413,2.41425],[20.73715,2.42707],[20.7391,2.43928],[20.73517,2.44385],[20.72285,2.44006],[20.71323,2.44135],[20.69947,2.42097],[20.69032,2.42066],[20.67598,2.4127],[20.67071,2.4138],[20.66652,2.42182],[20.67074,2.43521],[20.66566,2.44045],[20.65129,2.43572],[20.63916,2.4363],[20.64015,2.42825],[20.63766,2.42593],[20.62346,2.42764],[20.58816,2.41074],[20.58016,2.41043],[20.5716,2.42071],[20.56679,2.4209],[20.56254,2.4105],[20.55551,2.40445],[20.5465,2.41426],[20.53527,2.41646],[20.52596,2.40901],[20.5208,2.39814],[20.51122,2.39529],[20.50565,2.40398],[20.50962,2.41921],[20.49929,2.42302],[20.49393,2.43402],[20.47959,2.42606],[20.44589,2.43333],[20.4348,2.42103],[20.40017,2.4306],[20.38767,2.4215],[20.37592,2.43083],[20.3647,2.43187],[20.34336,2.41464],[20.31448,2.42034],[20.29704,2.40245],[20.29293,2.40218],[20.28041,2.41932],[20.2651,2.41733],[20.25807,2.41174],[20.26116,2.39911],[20.25596,2.39331],[20.24978,2.39371],[20.23915,2.40442],[20.23273,2.40574],[20.22117,2.39481],[20.19725,2.38468],[20.18826,2.36872],[20.17051,2.35911],[20.1626,2.3496],[20.14226,2.34756],[20.13248,2.3424],[20.10299,2.34095],[20.09621,2.33237],[20.10912,2.32146],[20.11031,2.31687],[20.10652,2.30762],[20.11278,2.29871],[20.09937,2.2903],[20.0976,2.28453],[20.10112,2.27466],[20.08247,2.26436],[20.07279,2.24907],[20.0572,2.25283],[20.04515,2.24535],[20.03781,2.22456],[20.04115,2.21033],[20.02684,2.20098],[20.02269,2.1807],[20.0193,2.17721],[20.01496,2.17671],[20.00481,2.18512],[19.99547,2.18203],[19.98185,2.17154],[19.97537,2.15675],[19.96373,2.15387],[19.95376,2.14503],[19.96378,2.12695],[19.95133,2.11372],[19.93698,2.08573],[19.94204,2.06001],[19.93956,2.0563],[19.92589,2.05179],[19.92234,2.04071],[19.92562,2.03223],[19.93344,2.02794],[19.93166,2.02286],[19.91891,2.01789],[19.91907,2.02527],[19.90774,2.01503],[19.90408,1.99221],[19.90717,1.98028],[19.88924,1.96745],[19.88824,1.95294],[19.88168,1.94666],[19.86441,1.95822],[19.85779,1.95792],[19.84851,1.94817],[19.83847,1.94645],[19.83101,1.93832],[19.81355,1.90019],[19.81897,1.88621],[19.82459,1.85015],[19.82214,1.84322],[19.79988,1.8308],[19.73235,1.81722],[19.68203,1.81969],[19.60084,1.8025],[19.59715,1.80523],[19.56861,1.80262],[19.47674,1.77911],[19.43222,1.75378],[19.3933,1.73703],[19.38606,1.72982],[19.35602,1.718],[19.31841,1.70862],[19.26237,1.67005],[19.23045,1.64279],[19.21536,1.62238],[19.20853,1.57746],[19.21187,1.56507],[19.21626,1.56029],[19.21006,1.45923],[19.2129,1.34984],[19.29704,1.38877],[19.36594,1.41429],[19.40424,1.43939],[19.44673,1.45808],[19.51263,1.50355],[19.53797,1.52724],[19.58284,1.54469],[19.64022,1.5964],[19.67986,1.61177],[19.70591,1.62872],[19.73959,1.63486],[19.78393,1.63566],[19.87948,1.66084],[19.91955,1.67837],[19.95973,1.70849],[20.01039,1.714],[20.072,1.74379],[20.09943,1.75336],[20.13049,1.75658],[20.20209,1.7488],[20.2376,1.7525],[20.29836,1.73174],[20.32772,1.73035],[20.35277,1.70218],[20.38687,1.6746],[20.40471,1.66618],[20.45103,1.68157],[20.48771,1.67303],[20.54371,1.67568],[20.56709,1.66642],[20.59717,1.68318],[20.61504,1.69865],[20.64735,1.69592],[20.68921,1.70842],[20.69471,1.7037],[20.6988,1.6866],[20.69556,1.6359],[20.68163,1.58814],[20.65982,1.56699],[20.6571,1.51295],[20.66046,1.48727],[20.64283,1.44889],[20.63736,1.41693],[20.64101,1.39224],[20.65109,1.36412],[20.69887,1.29872],[20.71394,1.26922],[20.71474,1.25643],[20.70228,1.22754],[20.69229,1.17965],[20.70668,1.17955],[20.71312,1.17409],[20.71743,1.17804],[20.72839,1.17791],[20.73405,1.18325],[20.74364,1.18403],[20.7528,1.18204],[20.77004,1.16978],[20.77685,1.17444],[20.78164,1.17426],[20.78465,1.17014],[20.79235,1.17804],[20.80082,1.17604],[20.80284,1.17905],[20.80725,1.17173],[20.81203,1.17407],[20.81799,1.17091],[20.82324,1.17187],[20.83093,1.17976],[20.84373,1.17942],[20.85143,1.18615],[20.8709,1.17857],[20.88162,1.18137],[20.8869,1.17865],[20.88716,1.17498],[20.89604,1.17805],[20.90793,1.17677],[20.90599,1.17145],[20.91005,1.17073],[20.92527,1.179],[20.93903,1.17222],[20.9468,1.17229],[20.94904,1.17737],[20.95273,1.17349],[20.95679,1.17951],[20.97502,1.18358],[20.98989,1.18164],[20.99989,1.18747],[21.00236,1.19232],[21.00556,1.19097],[21.01434,1.18024],[21.02139,1.10021],[21.01448,1.07955],[21.02269,1.06169],[21.00801,1.03428],[20.99797,1.00046],[20.9994,0.97524],[21.01098,0.95802],[21.04634,0.93796],[21.11374,0.90981],[21.13016,0.91741],[21.17449,0.88799],[21.21134,0.87765],[21.23304,0.85859],[21.29922,0.84792],[21.3419,0.81885],[21.38946,0.81652],[21.41285,0.80019],[21.45984,0.80345],[21.47733,0.79392],[21.53121,0.74723],[21.56981,0.74811],[21.5808,0.74457],[21.60586,0.72772],[21.63387,0.72562],[21.64866,0.7571],[21.66416,0.81961],[21.66597,0.84503],[21.66436,0.86587],[21.65808,0.8825],[21.65979,0.88623],[21.72768,0.90266],[21.76364,0.88881],[21.79572,0.85809],[21.86357,0.8651],[21.90999,0.9162],[21.95081,0.94505],[21.96708,0.9511],[22.01059,0.95023],[22.03738,0.94644],[22.09021,0.93502],[22.10586,0.92804],[22.10218,0.95701],[22.08589,1.01228],[22.05397,1.07984],[22.04471,1.09394],[22.01729,1.12314],[21.93769,1.14285],[21.93469,1.23202],[21.89815,1.30929],[21.88338,1.32365],[21.86307,1.33215],[21.86208,1.39516],[21.86643,1.42065],[21.87069,1.5698]]]},"properties":{"nom":"Mongala","pcode":"CD44"}},{"type":"Feature","geometry":{"type":"Polygon","coordinates":[[[22.19509,-1.81131],[22.23284,-1.82207],[22.49271,-1.9168],[22.49797,-1.91305],[22.5061,-1.89849],[22.52271,-1.86035],[22.57376,-1.76639],[22.58959,-1.75084],[22.60738,-1.76951],[22.60952,-1.77687],[22.6225,-1.77714],[22.61877,-1.78564],[22.62175,-1.80234],[22.62967,-1.80119],[22.63815,-1.81556],[22.64444,-1.81625],[22.64885,-1.81081],[22.66312,-1.80589],[22.67466,-1.80939],[22.6903,-1.80833],[22.71598,-1.82114],[22.72268,-1.82869],[22.74776,-1.83888],[22.75929,-1.85549],[22.77648,-1.86011],[22.78874,-1.85635],[22.79548,-1.85751],[22.81172,-1.86454],[22.82493,-1.86275],[22.83065,-1.86646],[22.83039,-1.87489],[22.84284,-1.87591],[22.86844,-1.8849],[22.90961,-1.87694],[22.93155,-1.87814],[22.93657,-1.88298],[22.94846,-1.88508],[22.96079,-1.89453],[22.99003,-1.90632],[23.03826,-1.91448],[23.07324,-1.91501],[23.10294,-1.92427],[23.14681,-1.94482],[23.17811,-1.96144],[23.2014,-1.97919],[23.21076,-1.98887],[23.24132,-2.04366],[23.25547,-2.06254],[23.28754,-2.08779],[23.303,-2.07394],[23.32746,-2.02926],[23.42395,-1.99739],[23.44592,-2.02762],[23.45973,-2.03018],[23.58552,-1.99041],[23.58237,-1.93889],[23.58764,-1.9343],[23.58537,-1.91774],[23.59249,-1.88464],[23.57608,-1.83908],[23.5649,-1.82067],[23.5592,-1.80112],[23.56231,-1.79334],[23.57914,-1.79413],[23.66124,-1.82446],[23.6781,-1.82165],[23.68537,-1.81514],[23.69386,-1.79073],[23.71402,-1.7735],[23.76761,-1.76512],[23.77728,-1.75983],[23.79729,-1.74088],[23.81117,-1.73564],[23.87432,-1.73397],[23.94703,-1.739],[23.95471,-1.73696],[23.95577,-1.71578],[23.96491,-1.70894],[23.96771,-1.69834],[23.98788,-1.69748],[23.99908,-1.70323],[24.02788,-1.7028],[24.04091,-1.70787],[24.05759,-1.70466],[24.08525,-1.70906],[24.09622,-1.7047],[24.10239,-1.70907],[24.1216,-1.70495],[24.13325,-1.71415],[24.14765,-1.71485],[24.16685,-1.70889],[24.17005,-1.71257],[24.18834,-1.71258],[24.19588,-1.71673],[24.26718,-1.7091],[24.44404,-1.71531],[24.42283,-1.66772],[24.40559,-1.65237],[24.40924,-1.62576],[24.38527,-1.42139],[24.36836,-1.39344],[24.35989,-1.32484],[24.126,-1.32277],[24.07195,-1.30742],[24.04681,-1.32671],[24.01756,-1.33496],[24.00499,-1.35173],[23.97483,-1.35239],[23.95539,-1.37421],[23.93437,-1.37879],[23.90929,-1.33885],[23.9054,-1.31926],[23.89827,-1.31088],[23.85031,-1.28862],[23.84174,-1.27885],[23.83672,-1.24665],[23.82242,-1.23698],[23.80373,-1.21455],[23.80433,-1.19214],[23.80003,-1.18795],[23.73898,-1.16013],[23.72868,-1.16016],[23.7024,-1.15016],[23.67747,-1.14912],[23.65823,-1.15338],[23.65099,-1.1492],[23.64834,-1.13801],[23.67063,-1.07491],[23.66549,-1.04692],[23.6385,-1.01059],[23.58115,-1.00937],[23.56089,-0.99683],[23.50969,-0.98578],[23.43916,-0.92718],[23.40161,-0.90068],[23.3855,-0.89793],[23.36867,-0.86717],[23.3558,-0.8532],[23.30814,-0.81974],[23.29862,-0.79036],[23.28226,-0.78241],[23.25526,-0.76108],[23.257,-0.75127],[23.27774,-0.7456],[23.2968,-0.74834],[23.30964,-0.75743],[23.31307,-0.75675],[23.32084,-0.74528],[23.32844,-0.70302],[23.33348,-0.69154],[23.34718,-0.68329],[23.38235,-0.67279],[23.39768,-0.64984],[23.42708,-0.64919],[23.44312,-0.64147],[23.53435,-0.61278],[23.53925,-0.59456],[23.50239,-0.57016],[23.47438,-0.54434],[23.45666,-0.49186],[23.45499,-0.45239],[23.44586,-0.44733],[23.4315,-0.43215],[23.41875,-0.41352],[23.41122,-0.40915],[23.39867,-0.41096],[23.37172,-0.42355],[23.35597,-0.42306],[23.32811,-0.43863],[23.31008,-0.43906],[23.28952,-0.45051],[23.24478,-0.45755],[23.21737,-0.47358],[23.19543,-0.49719],[23.17692,-0.50634],[23.15909,-0.52376],[23.1262,-0.53656],[23.107,-0.55719],[23.10083,-0.55948],[23.09904,-0.54064],[23.10751,-0.52274],[23.11856,-0.46626],[23.12885,-0.44883],[23.12659,-0.43803],[23.13508,-0.41209],[23.08877,-0.40593],[22.94362,-0.40365],[23.01016,-0.32893],[23.04191,-0.30948],[23.08463,-0.27719],[23.13839,-0.28949],[23.19224,-0.28723],[23.27559,-0.29524],[23.27698,-0.28537],[23.29251,-0.27414],[23.31972,-0.23584],[23.3275,-0.21863],[23.35651,-0.18769],[23.34582,-0.16379],[23.32144,-0.14286],[23.30824,-0.12378],[23.29341,-0.12077],[23.26311,-0.08926],[23.2426,-0.07407],[23.22937,-0.07289],[23.22413,-0.06921],[23.15349,0.00751],[23.14115,0.0118],[23.09351,0.05312],[23.06816,0.08694],[23.05263,0.11376],[23.04904,0.15086],[23.03778,0.16388],[23.03476,0.17328],[23.02925,0.17876],[23.01394,0.18188],[22.98681,0.2157],[22.97151,0.26545],[22.95628,0.28052],[22.94127,0.30799],[22.93018,0.33694],[22.93014,0.34421],[22.95878,0.35336],[22.96786,0.36031],[22.97123,0.36883],[22.96976,0.38444],[22.9527,0.41168],[22.95606,0.4225],[22.95197,0.45487],[22.94233,0.46422],[22.92748,0.5025],[22.9372,0.55151],[22.94668,0.56834],[22.93706,0.5738],[22.93698,0.58575],[22.93238,0.59124],[22.92461,0.59302],[22.9161,0.6033],[22.91015,0.60556],[22.89633,0.6257],[22.87522,0.64211],[22.87098,0.66253],[22.84609,0.69891],[22.85017,0.70307],[22.8453,0.71476],[22.85183,0.72975],[22.8495,0.73731],[22.85356,0.74378],[22.85,0.76421],[22.85745,0.77713],[22.8535,0.78791],[22.85457,0.7978],[22.84901,0.81063],[22.84869,0.82534],[22.83907,0.82987],[22.83995,0.83494],[22.83093,0.85189],[22.83293,0.86155],[22.82863,0.87427],[22.82229,0.88217],[22.82193,0.90171],[22.83282,0.91304],[22.82388,0.91758],[22.82039,0.9279],[22.82307,0.93643],[22.8203,0.94192],[22.82227,0.9555],[22.82589,0.96034],[22.8233,0.97206],[22.82555,0.97644],[22.81815,0.99134],[22.80503,1.00619],[22.79761,1.02453],[22.7928,1.02611],[22.78519,1.03733],[22.78355,1.04421],[22.78843,1.06586],[22.78362,1.06767],[22.78243,1.07524],[22.77483,1.08508],[22.77868,1.08924],[22.77429,1.09657],[22.7592,1.09877],[22.74951,1.1141],[22.74899,1.12468],[22.74025,1.13336],[22.74133,1.14302],[22.73647,1.15104],[22.74029,1.16256],[22.73496,1.1731],[22.72721,1.16983],[22.72355,1.17164],[22.72098,1.18013],[22.72596,1.18729],[22.71796,1.18701],[22.71196,1.1964],[22.71416,1.2086],[22.70271,1.21427],[22.70084,1.22001],[22.69056,1.22041],[22.68711,1.22313],[22.69054,1.22737],[22.68179,1.23321],[22.68083,1.24103],[22.68652,1.24429],[22.67482,1.25133],[22.68135,1.26517],[22.67286,1.27109],[22.66954,1.28878],[22.65443,1.29349],[22.6553,1.29995],[22.64909,1.30703],[22.65499,1.31213],[22.65519,1.31604],[22.64762,1.32174],[22.64687,1.33024],[22.63862,1.33502],[22.63992,1.34422],[22.62731,1.35127],[22.63002,1.35681],[22.62125,1.36985],[22.61763,1.36477],[22.60664,1.36745],[22.60522,1.37457],[22.5988,1.3789],[22.59876,1.38534],[22.59068,1.39632],[22.5861,1.39836],[22.5779,1.39508],[22.56272,1.40947],[22.56033,1.42509],[22.55688,1.42874],[22.53508,1.44124],[22.52754,1.44119],[22.52292,1.44829],[22.51448,1.44685],[22.51054,1.4551],[22.5025,1.46033],[22.49793,1.46122],[22.49249,1.45566],[22.48948,1.46093],[22.48399,1.46158],[22.48396,1.46664],[22.47682,1.47395],[22.47572,1.46819],[22.46911,1.46585],[22.46312,1.4734],[22.46513,1.47962],[22.46304,1.48397],[22.45717,1.47381],[22.43455,1.4748],[22.42971,1.4819],[22.42312,1.47495],[22.40658,1.48772],[22.39562,1.48603],[22.39263,1.48946],[22.39646,1.49707],[22.38479,1.49906],[22.38508,1.49032],[22.38054,1.48731],[22.3718,1.49888],[22.36448,1.50147],[22.36263,1.49867],[22.35373,1.49815],[22.35081,1.49077],[22.34647,1.49028],[22.3373,1.49459],[22.33313,1.50237],[22.32721,1.50027],[22.32376,1.50345],[22.31674,1.49328],[22.31126,1.49278],[22.30003,1.49868],[22.29045,1.49539],[22.28538,1.50249],[22.27717,1.49967],[22.27,1.51111],[22.26338,1.51061],[22.2597,1.51426],[22.25126,1.5119],[22.24727,1.52636],[22.25428,1.53699],[22.25717,1.54828],[22.25357,1.57102],[22.26193,1.58488],[22.26717,1.6185],[22.26482,1.62815],[22.26838,1.64082],[22.28484,1.67199],[22.30914,1.6815],[22.33381,1.69592],[22.37244,1.71068],[22.33412,1.75274],[22.32397,1.7574],[22.30275,1.75073],[22.28116,1.73798],[22.27132,1.73767],[22.19804,1.75923],[22.17776,1.76195],[22.07264,1.76138],[22.05186,1.75922],[21.94828,1.72227],[21.89807,1.71166],[21.89059,1.70378],[21.87571,1.70123],[21.86141,1.33989],[21.86583,1.32893],[21.88338,1.32365],[21.89815,1.30929],[21.93469,1.23202],[21.93769,1.14285],[22.01729,1.12314],[22.04471,1.09394],[22.08044,1.0277],[22.10218,0.95701],[22.10586,0.92804],[22.09021,0.93502],[22.03738,0.94644],[22.01059,0.95023],[21.96708,0.9511],[21.95081,0.94505],[21.90999,0.9162],[21.86357,0.8651],[21.79572,0.85809],[21.76364,0.88881],[21.72768,0.90266],[21.65979,0.88623],[21.65808,0.8825],[21.66436,0.86587],[21.66597,0.84503],[21.66416,0.81961],[21.64866,0.7571],[21.63387,0.72562],[21.60586,0.72772],[21.5808,0.74457],[21.56981,0.74811],[21.53121,0.74723],[21.47733,0.79392],[21.45984,0.80345],[21.41285,0.80019],[21.38946,0.81652],[21.3419,0.81885],[21.29922,0.84792],[21.23304,0.85859],[21.21134,0.87765],[21.17449,0.88799],[21.13016,0.91741],[21.11374,0.90981],[21.04634,0.93796],[21.01098,0.95802],[20.9994,0.97524],[20.99797,1.00046],[21.00801,1.03428],[21.02269,1.06169],[21.01448,1.07955],[21.02139,1.10021],[21.01434,1.18024],[21.00556,1.19097],[21.00236,1.19232],[20.99989,1.18747],[20.98989,1.18164],[20.97502,1.18358],[20.95679,1.17951],[20.95273,1.17349],[20.94904,1.17737],[20.9468,1.17229],[20.93903,1.17222],[20.92527,1.179],[20.91005,1.17073],[20.90599,1.17145],[20.90793,1.17677],[20.89604,1.17805],[20.88716,1.17498],[20.8869,1.17865],[20.88162,1.18137],[20.8709,1.17857],[20.85143,1.18615],[20.84373,1.17942],[20.83093,1.17976],[20.82324,1.17187],[20.81799,1.17091],[20.81203,1.17407],[20.80725,1.17173],[20.80284,1.17905],[20.80082,1.17604],[20.79235,1.17804],[20.78465,1.17014],[20.78164,1.17426],[20.77685,1.17444],[20.77004,1.16978],[20.7528,1.18204],[20.74364,1.18403],[20.73405,1.18325],[20.72839,1.17791],[20.71743,1.17804],[20.71312,1.17409],[20.70668,1.17955],[20.69229,1.17965],[20.69089,1.18239],[20.68015,1.1839],[20.66613,1.19297],[20.66021,1.19085],[20.64181,1.2047],[20.63948,1.20951],[20.63172,1.20876],[20.62721,1.20296],[20.62099,1.20865],[20.60111,1.20939],[20.59856,1.21304],[20.58781,1.21501],[20.5866,1.22305],[20.58296,1.22025],[20.5795,1.22367],[20.57496,1.22133],[20.57398,1.22868],[20.55937,1.22854],[20.55587,1.23564],[20.48807,1.10877],[20.47559,1.10014],[20.45845,1.07745],[20.44776,1.07321],[20.43781,1.06185],[20.43118,1.01512],[20.43256,0.9657],[20.44016,0.95796],[20.43286,0.93398],[20.41412,0.91081],[20.40516,0.89326],[20.40001,0.8585],[20.40596,0.83281],[20.40565,0.76914],[20.40988,0.7324],[20.42554,0.69504],[20.43005,0.67345],[20.42706,0.66411],[20.35847,0.57426],[20.35703,0.55244],[20.36382,0.53501],[20.35879,0.51222],[20.35229,0.49951],[20.33827,0.48582],[20.33326,0.46073],[20.32066,0.44246],[20.31179,0.43869],[20.30003,0.42755],[20.30263,0.41908],[20.29771,0.40846],[20.3017,0.39655],[20.29506,0.37512],[20.33994,0.35947],[20.35351,0.34788],[20.36195,0.32407],[20.37252,0.31613],[20.37901,0.30539],[20.39853,0.29295],[20.43064,0.25029],[20.44715,0.24195],[20.46852,0.20172],[20.49522,0.17602],[20.51727,0.16061],[20.54835,0.15424],[20.57472,0.13812],[20.57687,0.12127],[20.57009,0.1057],[20.56401,0.09923],[20.53718,0.0853],[20.47574,0.04563],[20.4654,0.03513],[20.46481,0.01427],[20.47224,0.00634],[20.52817,0.00379],[20.56203,-0.00157],[20.58676,-0.03062],[20.61369,-0.03038],[20.62834,-0.03683],[20.61789,-0.06437],[20.55289,-0.10585],[20.47877,-0.12454],[20.44147,-0.15798],[20.41661,-0.24249],[20.37373,-0.26027],[20.31705,-0.26442],[20.25879,-0.24853],[20.22308,-0.21916],[20.20925,-0.2169],[20.19109,-0.22401],[20.14889,-0.23083],[20.13932,-0.23729],[20.1354,-0.24746],[20.13908,-0.25763],[20.14312,-0.26122],[20.15561,-0.26122],[20.16232,-0.26852],[20.16303,-0.27511],[20.15115,-0.27905],[20.12547,-0.25727],[20.10627,-0.25643],[20.10604,-0.25212],[20.0976,-0.24482],[20.09177,-0.2325],[20.07751,-0.21514],[20.06247,-0.21024],[20.03573,-0.21275],[20.02336,-0.207],[20.00678,-0.21717],[20.00119,-0.21107],[20.00369,-0.20545],[20.00167,-0.20186],[19.99525,-0.20293],[19.98669,-0.19731],[19.95929,-0.20449],[19.94812,-0.21956],[19.93397,-0.21585],[19.93094,-0.22028],[19.93403,-0.22925],[19.92155,-0.235],[19.91771,-0.2435],[19.90419,-0.24804],[19.90063,-0.25366],[19.90158,-0.26336],[19.9156,-0.27209],[19.91869,-0.2831],[19.91227,-0.28789],[19.90193,-0.28705],[19.91083,-0.29026],[19.91582,-0.29756],[19.92877,-0.30019],[19.9302,-0.3112],[19.93281,-0.30965],[19.93686,-0.31539],[19.93156,-0.32143],[19.94096,-0.32203],[19.95296,-0.30899],[19.95712,-0.32503],[19.96604,-0.3285],[19.9702,-0.32515],[19.97269,-0.31533],[19.97626,-0.31426],[19.97531,-0.31928],[19.97828,-0.31629],[19.9806,-0.32844],[19.99248,-0.33167],[19.99629,-0.33622],[19.99664,-0.34172],[19.98802,-0.34261],[19.98196,-0.33615],[19.97399,-0.34153],[19.97316,-0.35003],[19.97874,-0.35505],[19.9791,-0.36618],[19.98362,-0.3669],[19.9873,-0.36211],[19.99628,-0.36362],[19.99367,-0.37164],[20.00538,-0.37338],[20.01203,-0.39157],[20.02986,-0.39181],[20.03545,-0.4027],[20.04484,-0.39408],[20.05679,-0.41593],[20.0632,-0.41365],[20.06344,-0.42251],[20.07034,-0.42419],[20.06713,-0.42179],[20.07164,-0.42024],[20.07961,-0.43113],[20.08805,-0.42909],[20.08876,-0.42012],[20.09162,-0.4182],[20.10569,-0.42251],[20.0975,-0.44478],[20.09102,-0.45239],[20.09403,-0.46225],[20.09144,-0.47195],[20.09416,-0.4847],[20.09976,-0.48863],[20.10682,-0.48361],[20.11159,-0.4893],[20.12145,-0.49343],[20.11756,-0.49916],[20.12045,-0.51003],[20.14181,-0.52616],[20.1518,-0.52959],[20.15305,-0.54346],[20.16254,-0.55475],[20.15397,-0.5616],[20.16567,-0.57397],[20.17261,-0.57648],[20.17307,-0.59684],[20.17984,-0.60056],[20.18699,-0.59333],[20.20149,-0.59675],[20.21808,-0.61209],[20.22256,-0.60306],[20.22707,-0.60302],[20.23221,-0.61347],[20.24508,-0.62455],[20.25027,-0.63771],[20.25662,-0.64147],[20.25858,-0.65029],[20.26887,-0.64971],[20.27856,-0.65343],[20.28504,-0.6635],[20.28659,-0.67119],[20.28203,-0.68553],[20.27108,-0.69848],[20.26724,-0.71324],[20.26744,-0.73422],[20.25532,-0.76486],[20.24922,-0.77489],[20.23041,-0.78868],[20.22343,-0.81192],[20.20801,-0.82404],[20.20366,-0.83325],[20.19769,-0.83737],[20.20074,-0.87077],[20.19861,-0.87904],[20.18423,-0.89902],[20.17524,-0.90592],[20.16768,-0.92477],[20.14314,-0.95218],[20.14114,-0.98687],[20.15702,-1.01797],[20.13771,-1.03302],[20.10925,-1.04163],[20.0853,-1.06177],[20.05353,-1.07126],[20.03623,-1.08234],[20.01408,-1.08576],[20.00133,-1.09588],[19.98553,-1.09396],[19.97287,-1.09772],[19.95176,-1.09649],[19.94284,-1.09846],[19.93377,-1.10707],[19.92177,-1.10493],[19.9071,-1.10943],[19.89463,-1.11756],[19.88532,-1.129],[19.86741,-1.13705],[19.86173,-1.14636],[19.85573,-1.1496],[19.84629,-1.16678],[19.71723,-1.16706],[19.7025,-1.1571],[19.68258,-1.15149],[19.68553,-1.13676],[19.68076,-1.12287],[19.68707,-1.1007],[19.68034,-1.08822],[19.67374,-1.05399],[19.67767,-1.02832],[19.69075,-1.00196],[19.68116,-0.98878],[19.6119,-0.98878],[19.61596,-1.04128],[19.61096,-1.07892],[19.61281,-1.09267],[19.61865,-1.10442],[19.5727,-1.19818],[19.55044,-1.23696],[19.47766,-1.39018],[19.45683,-1.37501],[19.43568,-1.41695],[19.43327,-1.43148],[19.4572,-1.47981],[19.47556,-1.54192],[19.49468,-1.57206],[19.49039,-1.60039],[19.48899,-1.64338],[19.49281,-1.65306],[19.51326,-1.67296],[19.51518,-1.69574],[19.52036,-1.71003],[19.51785,-1.74726],[19.5026,-1.77429],[19.53128,-1.7954],[19.54337,-1.80008],[19.60128,-1.80202],[19.60745,-1.79446],[19.62093,-1.78836],[19.63434,-1.77754],[19.64437,-1.75792],[19.65255,-1.69661],[19.6604,-1.68355],[19.68958,-1.65821],[19.71223,-1.61306],[19.72737,-1.60419],[19.72933,-1.58075],[19.73224,-1.57842],[19.74918,-1.58625],[19.76724,-1.60001],[19.80065,-1.63674],[19.82432,-1.64663],[19.83959,-1.66345],[19.89746,-1.84968],[19.90138,-1.87909],[19.91366,-1.89181],[19.92764,-1.89725],[19.93304,-1.89501],[19.96954,-1.89572],[20.15355,-1.91914],[20.16132,-1.92452],[20.16584,-1.93466],[20.18492,-1.95845],[20.22348,-1.975],[20.23553,-1.98748],[20.24188,-1.99925],[20.23864,-2.00636],[20.2395,-2.01763],[20.24744,-2.02894],[20.28854,-2.04067],[20.31569,-2.05277],[20.32615,-2.06502],[20.38518,-2.10512],[20.39766,-2.11955],[20.41422,-2.11183],[20.43303,-2.09653],[20.47082,-2.08947],[20.49531,-2.07397],[20.50743,-2.07155],[20.52144,-2.06012],[20.53786,-2.03478],[20.54328,-2.03132],[20.58351,-2.02488],[20.6255,-2.01323],[20.64159,-1.99423],[20.64649,-1.97309],[20.65018,-1.96552],[20.65752,-1.9605],[20.68637,-2.00342],[20.71073,-2.027],[20.73953,-2.08073],[20.76751,-2.11191],[20.78597,-2.12649],[20.79756,-2.14379],[20.83195,-2.17662],[20.84354,-2.19323],[20.8602,-2.20297],[20.87802,-2.20536],[20.88873,-2.21461],[20.90552,-2.24712],[20.92781,-2.27689],[20.92981,-2.29024],[20.95482,-2.3244],[20.96091,-2.34697],[20.98688,-2.37124],[21.01176,-2.38378],[21.02314,-2.40883],[21.01634,-2.49444],[21.03874,-2.49845],[21.05432,-2.49369],[21.06805,-2.49422],[21.08448,-2.50464],[21.09408,-2.5056],[21.12203,-2.49653],[21.13256,-2.49612],[21.15973,-2.51073],[21.17481,-2.51424],[21.20227,-2.51275],[21.24464,-2.50281],[21.26659,-2.50613],[21.27461,-2.50409],[21.31199,-2.48125],[21.35385,-2.48441],[21.39141,-2.47307],[21.42066,-2.48193],[21.44325,-2.49766],[21.4127,-2.44589],[21.40778,-2.34025],[21.41009,-2.3096],[21.41647,-2.3163],[21.43452,-2.32051],[21.48566,-2.34763],[21.51422,-2.35763],[21.53681,-2.37383],[21.5615,-2.37875],[21.56652,-2.38337],[21.57286,-2.40157],[21.59522,-2.41937],[21.63407,-2.43125],[21.64642,-2.43129],[21.65302,-2.44259],[21.68107,-2.46892],[21.69637,-2.47565],[21.75535,-2.49128],[21.76883,-2.498],[21.77612,-2.50631],[21.8129,-2.52484],[21.83096,-2.53043],[21.84408,-2.53239],[21.8765,-2.50627],[21.90887,-2.47647],[21.95162,-2.42902],[21.99209,-2.3942],[22.04254,-2.31573],[22.06115,-2.30083],[22.08347,-2.30191],[22.09328,-2.30706],[22.09375,-2.36253],[22.1304,-2.39845],[22.13115,-2.43366],[22.13797,-2.43988],[22.14862,-2.44865],[22.15511,-2.44908],[22.19168,-2.42891],[22.20079,-2.42771],[22.21621,-2.41608],[22.22417,-2.40237],[22.21299,-2.38748],[22.21014,-2.34078],[22.20263,-2.3258],[22.19545,-2.2761],[22.18798,-2.24756],[22.18664,-2.23375],[22.19286,-2.21698],[22.18332,-2.19556],[22.18566,-2.17694],[22.1818,-2.16451],[22.18122,-2.12541],[22.17715,-2.10953],[22.16237,-2.07889],[22.15989,-2.06693],[22.16202,-2.04141],[22.14453,-1.99697],[22.14712,-1.97306],[22.15103,-1.96456],[22.15132,-1.93524],[22.13895,-1.90591],[22.13972,-1.8985],[22.13361,-1.87729],[22.15913,-1.85014],[22.1688,-1.84689],[22.19509,-1.81131]]]},"properties":{"nom":"Tshuapa","pcode":"CD45"}},{"type":"Feature","geometry":{"type":"Polygon","coordinates":[[[25.0245,-1.96857],[25.04907,-1.97033],[25.05567,-1.98061],[25.06823,-1.9755],[25.08583,-1.97493],[25.11844,-1.97626],[25.13496,-1.98527],[25.16007,-1.98532],[25.18848,-1.98026],[25.19707,-1.98284],[25.20169,-1.99247],[25.19707,-2.00976],[25.19839,-2.01425],[25.20764,-2.02004],[25.20896,-2.02774],[25.17857,-2.05139],[25.17262,-2.06228],[25.17593,-2.07767],[25.20037,-2.08798],[25.2116,-2.08608],[25.23209,-2.07587],[25.24008,-2.11198],[25.31987,-2.08426],[25.4226,-2.05465],[25.43034,-2.0342],[25.43993,-2.01993],[25.45774,-2.00543],[25.47829,-1.98034],[25.49611,-1.96423],[25.5345,-1.95155],[25.55642,-1.92991],[25.5715,-1.92368],[25.60145,-1.92181],[25.62338,-1.90523],[25.65651,-1.89232],[25.67066,-1.87529],[25.67429,-1.85459],[25.67748,-1.85068],[25.69895,-1.83915],[25.71334,-1.82465],[25.76042,-1.8177],[25.77231,-1.82389],[25.79017,-1.84249],[25.80115,-1.84317],[25.82331,-1.83394],[25.84343,-1.83299],[25.852,-1.76607],[25.84802,-1.70882],[25.86326,-1.66857],[25.86301,-1.65546],[25.8687,-1.63936],[25.86631,-1.57867],[25.85476,-1.50603],[25.86634,-1.46487],[25.8599,-1.43775],[25.861,-1.41154],[25.88959,-1.43196],[25.89283,-1.45426],[25.92898,-1.47857],[25.92854,-1.49076],[25.93358,-1.49535],[25.95826,-1.49416],[25.98204,-1.50263],[25.9994,-1.50077],[26.01537,-1.4881],[26.01419,-1.46856],[26.03405,-1.45819],[26.03905,-1.44392],[26.03424,-1.42968],[26.02645,-1.42395],[26.01728,-1.40764],[26.03005,-1.39452],[26.06158,-1.39699],[26.06956,-1.3848],[26.06744,-1.3471],[26.07173,-1.32686],[26.06667,-1.31033],[26.06937,-1.28803],[26.07461,-1.2825],[26.08192,-1.28134],[26.07961,-1.26482],[26.05894,-1.25959],[26.06027,-1.23888],[26.07428,-1.19166],[26.08028,-1.15543],[26.08695,-1.14767],[26.11162,-1.14773],[26.13229,-1.1413],[26.14096,-1.1329],[26.13229,-1.1167],[26.08294,-1.0907],[26.07361,-0.96251],[26.11279,-0.95311],[26.12626,-0.95446],[26.14612,-0.94914],[26.16344,-0.93257],[26.17006,-0.9298],[26.20964,-0.92268],[26.22832,-0.91107],[26.24365,-0.89427],[26.25966,-0.85546],[26.24899,-0.8399],[26.24498,-0.82695],[26.23698,-0.77449],[26.23765,-0.68775],[26.23024,-0.668],[26.23594,-0.66409],[26.2407,-0.64915],[26.25208,-0.63557],[26.25662,-0.62477],[26.25789,-0.57699],[26.27347,-0.4984],[26.18829,-0.4371],[26.15228,-0.415],[26.12361,-0.38969],[26.10911,-0.37261],[26.1312,-0.3496],[26.151,-0.32178],[26.17077,-0.28409],[26.15773,-0.27033],[26.1422,-0.26255],[26.11498,-0.22701],[26.10425,-0.22427],[26.09968,-0.21991],[26.08184,-0.19836],[26.06498,-0.16127],[26.04825,-0.08589],[26.03558,-0.06061],[26.03357,-0.04895],[26.03958,-0.03958],[26.05163,-0.03632],[26.05641,-0.02966],[26.05707,-0.0138],[26.06433,-0.01429],[26.07208,-0.02279],[26.07363,-0.02742],[26.06411,-0.03077],[26.06501,-0.03403],[26.07949,-0.03686],[26.09112,-0.03213],[26.08655,-0.0443],[26.07836,-0.04982],[26.08064,-0.05303],[26.09181,-0.05072],[26.09501,-0.05416],[26.10141,-0.07648],[26.1112,-0.07583],[26.11686,-0.0828],[26.12261,-0.07987],[26.1236,-0.08525],[26.13219,-0.08698],[26.13635,-0.07659],[26.14023,-0.07727],[26.1448,-0.08277],[26.14322,-0.09333],[26.14984,-0.09286],[26.16605,-0.09949],[26.17357,-0.0942],[26.18318,-0.11094],[26.19448,-0.10625],[26.19777,-0.12049],[26.19257,-0.13229],[26.20571,-0.1342],[26.21216,-0.12948],[26.21278,-0.13969],[26.2157,-0.14281],[26.22305,-0.13646],[26.22628,-0.13697],[26.24349,-0.15887],[26.25458,-0.16231],[26.25848,-0.17464],[26.2679,-0.18086],[26.27299,-0.1995],[26.27954,-0.20029],[26.30131,-0.19199],[26.30977,-0.20209],[26.31279,-0.21954],[26.32172,-0.22813],[26.3208,-0.23991],[26.32645,-0.25868],[26.33605,-0.2672],[26.34373,-0.26066],[26.36286,-0.27318],[26.36977,-0.27909],[26.38599,-0.30458],[26.39901,-0.30893],[26.40515,-0.30694],[26.41866,-0.31957],[26.43075,-0.31919],[26.43171,-0.33641],[26.44254,-0.34694],[26.44844,-0.3683],[26.45738,-0.38183],[26.47084,-0.38433],[26.49813,-0.37872],[26.52494,-0.38329],[26.53997,-0.3766],[26.55991,-0.37844],[26.61476,-0.35209],[26.61676,-0.35695],[26.666,-0.32695],[26.70914,-0.31605],[26.74603,-0.29138],[26.75534,-0.27391],[26.79065,-0.25246],[26.80367,-0.25702],[26.81647,-0.26687],[26.84087,-0.25923],[26.84837,-0.25048],[26.84721,-0.24543],[26.83098,-0.23445],[26.82797,-0.21793],[26.83251,-0.20896],[26.84596,-0.20571],[26.84575,-0.21421],[26.85715,-0.21073],[26.88573,-0.23041],[26.88895,-0.2405],[26.89557,-0.24163],[26.90581,-0.22898],[26.92022,-0.24386],[26.94194,-0.25827],[26.94993,-0.25779],[26.95634,-0.26604],[26.97507,-0.27012],[26.98007,-0.26506],[26.98534,-0.27216],[26.99402,-0.27581],[27.00245,-0.27165],[27.00953,-0.27393],[27.01071,-0.28679],[27.02879,-0.30419],[27.03862,-0.30944],[27.0482,-0.3085],[27.07018,-0.32933],[27.07134,-0.3353],[27.06315,-0.3452],[27.07276,-0.3516],[27.06982,-0.36286],[27.07285,-0.38008],[27.08223,-0.38809],[27.08861,-0.386],[27.0973,-0.39011],[27.10367,-0.38619],[27.11783,-0.38799],[27.12062,-0.40566],[27.13575,-0.42376],[27.1931,-0.44656],[27.23146,-0.44989],[27.25154,-0.44822],[27.2568,-0.4528],[27.27848,-0.45319],[27.28532,-0.44972],[27.30039,-0.45266],[27.30887,-0.46389],[27.32052,-0.46431],[27.32602,-0.4721],[27.33492,-0.47116],[27.34452,-0.47618],[27.34796,-0.48122],[27.35021,-0.50478],[27.35858,-0.51564],[27.37524,-0.51329],[27.38415,-0.5174],[27.39898,-0.51321],[27.41976,-0.51659],[27.43526,-0.51286],[27.44663,-0.50111],[27.45985,-0.49418],[27.47193,-0.49115],[27.49522,-0.49268],[27.49855,-0.5285],[27.51914,-0.54153],[27.54215,-0.53203],[27.5529,-0.53613],[27.55951,-0.5345],[27.57167,-0.55191],[27.59569,-0.564],[27.60143,-0.57294],[27.62083,-0.57241],[27.63526,-0.58683],[27.66047,-0.59542],[27.88686,-0.59617],[27.90375,-0.59396],[27.91159,-0.58485],[27.93562,-0.5763],[27.94146,-0.55446],[27.95102,-0.5489],[27.96267,-0.55001],[27.97041,-0.54469],[27.97872,-0.51319],[27.97565,-0.4884],[27.97808,-0.47002],[27.9693,-0.44433],[27.95715,-0.43197],[27.94198,-0.40654],[27.95148,-0.38767],[27.97038,-0.37611],[27.9856,-0.36089],[27.99619,-0.3287],[28.00937,-0.31694],[28.03558,-0.30902],[28.07323,-0.30795],[28.088,-0.29457],[28.09621,-0.29362],[28.10074,-0.28649],[28.11348,-0.27771],[28.13357,-0.27969],[28.15313,-0.26537],[28.15285,-0.25389],[28.14367,-0.24176],[28.14499,-0.23004],[28.138,-0.19885],[28.11864,-0.15394],[28.11832,-0.1335],[28.11366,-0.11102],[28.11634,-0.09838],[28.11033,-0.08027],[28.10771,-0.05687],[28.10198,-0.05069],[28.10376,-0.03921],[28.10119,-0.0259],[28.09129,-0.00505],[28.10068,0.00467],[28.10227,0.01271],[28.09702,0.02235],[28.1025,0.02832],[28.09839,0.04187],[28.1066,0.063],[28.09952,0.07908],[28.10682,0.09378],[28.10248,0.10296],[28.10431,0.10641],[28.12803,0.11583],[28.13077,0.11927],[28.1278,0.12455],[28.13692,0.12777],[28.13966,0.13811],[28.1522,0.14477],[28.15403,0.15097],[28.1376,0.18358],[28.12026,0.1868],[28.12711,0.19254],[28.12802,0.21023],[28.13417,0.22079],[28.12003,0.23412],[28.10178,0.23342],[28.09676,0.24514],[28.0833,0.24743],[28.07622,0.26512],[28.0696,0.26489],[28.06618,0.26971],[28.06778,0.28051],[28.06207,0.28488],[28.05454,0.30739],[28.0559,0.32447],[28.06202,0.33204],[28.05658,0.33956],[28.05905,0.37659],[28.05635,0.38046],[28.05041,0.38137],[28.04197,0.37747],[28.03946,0.38121],[28.04402,0.3947],[28.03444,0.40274],[28.04539,0.41108],[28.05178,0.40786],[28.04789,0.42778],[28.03694,0.43169],[28.0326,0.43674],[28.02598,0.43628],[28.02484,0.4391],[28.03002,0.44772],[28.02666,0.46339],[28.01297,0.46109],[28.00407,0.47396],[27.98284,0.47142],[27.95979,0.4744],[27.95363,0.48083],[27.94108,0.47852],[27.93492,0.48037],[27.92099,0.49185],[27.91757,0.49185],[27.91073,0.48036],[27.90502,0.4822],[27.90114,0.49139],[27.89201,0.48334],[27.88106,0.48035],[27.86371,0.48816],[27.85413,0.48792],[27.84112,0.49297],[27.83724,0.50032],[27.82993,0.50354],[27.81691,0.51801],[27.7966,0.52972],[27.8552,0.55757],[27.89306,0.5617],[27.92273,0.59844],[27.95525,0.62185],[27.9691,0.62124],[27.97664,0.61343],[27.99307,0.61274],[28.00904,0.6332],[28.01794,0.63619],[28.01088,0.64981],[27.93453,0.74895],[27.94624,0.76177],[27.9387,0.76563],[27.93615,0.78989],[27.9545,0.84637],[28.00074,0.93313],[27.98795,0.93083],[27.98201,0.94072],[27.97425,0.94025],[27.95074,0.92117],[27.94571,0.92025],[27.92927,0.92254],[27.91968,0.93265],[27.91238,0.92552],[27.90713,0.92506],[27.89251,0.93402],[27.88612,0.93149],[27.87773,0.94644],[27.92246,1.0043],[27.92872,1.01676],[27.93608,1.03702],[27.93334,1.04277],[27.92671,1.04645],[27.91712,1.04713],[27.90479,1.04322],[27.89543,1.04897],[27.8751,1.0508],[27.86346,1.04573],[27.86072,1.03953],[27.85296,1.03883],[27.83537,1.04986],[27.8244,1.06342],[27.80294,1.05996],[27.78284,1.06524],[27.77302,1.05834],[27.76936,1.06569],[27.75703,1.0735],[27.75315,1.07373],[27.74675,1.06729],[27.74082,1.06844],[27.73941,1.12154],[27.77091,1.14961],[27.75637,1.19488],[27.75551,1.21165],[27.77853,1.22102],[27.78355,1.22884],[27.76803,1.24448],[27.76508,1.25664],[27.78261,1.30148],[27.77379,1.30872],[27.76511,1.3078],[27.75551,1.31331],[27.75071,1.32043],[27.73998,1.32203],[27.72672,1.33146],[27.71141,1.33559],[27.70021,1.34869],[27.67668,1.35052],[27.66389,1.34384],[27.65064,1.34476],[27.64562,1.34107],[27.63351,1.34106],[27.62345,1.34864],[27.6207,1.35853],[27.61271,1.36243],[27.59925,1.34104],[27.5723,1.33987],[27.56885,1.35964],[27.55718,1.37366],[27.53387,1.38951],[27.51625,1.41525],[27.50026,1.41892],[27.49431,1.42604],[27.49202,1.43639],[27.48401,1.44627],[27.47826,1.49295],[27.46248,1.50903],[27.4492,1.53524],[27.44965,1.54697],[27.44621,1.55686],[27.43248,1.57156],[27.41946,1.57385],[27.39822,1.56417],[27.3845,1.56692],[27.37559,1.56507],[27.36987,1.5722],[27.37032,1.58323],[27.35134,1.59241],[27.32256,1.5864],[27.31822,1.57996],[27.31,1.57696],[27.29492,1.57786],[27.27708,1.58681],[27.24143,1.58976],[27.19474,1.60344],[27.21581,1.6148],[27.21441,1.63113],[27.22379,1.62309],[27.22699,1.62379],[27.23476,1.62793],[27.24023,1.63852],[27.2448,1.64014],[27.24732,1.62887],[27.26219,1.62268],[27.27681,1.62384],[27.28526,1.63259],[27.28113,1.64018],[27.2875,1.66433],[27.28681,1.67215],[27.29822,1.68643],[27.29616,1.69034],[27.29843,1.70184],[27.30506,1.70254],[27.30848,1.71128],[27.30915,1.72186],[27.30617,1.7283],[27.31324,1.74004],[27.31667,1.74027],[27.32442,1.75661],[27.33447,1.76306],[27.33995,1.77343],[27.34566,1.77826],[27.35891,1.77804],[27.36668,1.78472],[27.36874,1.78288],[27.37193,1.79024],[27.36826,1.79875],[27.36986,1.80312],[27.36025,1.81116],[27.35267,1.84037],[27.35404,1.84658],[27.36568,1.85879],[27.34989,1.87602],[27.39512,1.87218],[27.40156,1.87349],[27.4098,1.88516],[27.4071,1.89291],[27.38207,1.92708],[27.37856,1.94646],[27.35701,1.96255],[27.35719,1.99552],[27.32848,2.01481],[27.32699,2.02902],[27.31377,2.03651],[27.29412,2.02377],[27.26669,2.04719],[27.25368,2.048],[27.25369,2.04064],[27.2473,2.03189],[27.23107,2.02589],[27.22719,2.01852],[27.22698,2.00886],[27.23476,2.00334],[27.24004,1.98564],[27.24851,1.97598],[27.24257,1.96815],[27.24624,1.96172],[27.24258,1.95826],[27.22473,1.95843],[27.22247,1.95318],[27.22478,1.93961],[27.21884,1.93339],[27.21953,1.92948],[27.21291,1.92119],[27.21018,1.91129],[27.19258,1.91242],[27.17956,1.90298],[27.16995,1.90572],[27.15282,1.90202],[27.14916,1.8965],[27.14299,1.89603],[27.13681,1.9043],[27.11096,1.91531],[27.07463,1.90836],[27.04786,1.92397],[27.04404,1.94119],[27.0348,1.94143],[27.02861,1.95292],[27.00782,1.9453],[26.99957,1.95472],[26.98403,1.95516],[26.98264,1.96712],[26.97463,1.97102],[26.97073,1.97884],[26.96181,1.98595],[26.95266,1.98893],[26.95127,1.99468],[26.94212,1.99812],[26.93662,2.00754],[26.94004,2.01698],[26.93774,2.02089],[26.94139,2.0271],[26.93703,2.04228],[26.93862,2.04643],[26.9345,2.05148],[26.93541,2.05769],[26.92853,2.06297],[26.92646,2.07125],[26.93193,2.08046],[26.93101,2.08506],[26.92735,2.08529],[26.9294,2.09196],[26.92802,2.09564],[26.92322,2.09426],[26.91587,2.11725],[26.91061,2.11747],[26.90694,2.12506],[26.90145,2.12758],[26.9019,2.1331],[26.89503,2.13631],[26.89364,2.14943],[26.88171,2.17011],[26.8689,2.17309],[26.86861,2.16426],[26.85928,2.14602],[26.82625,2.14997],[26.81536,2.13044],[26.80912,2.12738],[26.8008,2.12936],[26.7888,2.14874],[26.78048,2.14992],[26.775,2.15632],[26.7747,2.17892],[26.76948,2.19188],[26.76375,2.19381],[26.74555,2.19306],[26.71906,2.17404],[26.6422,2.1025],[26.62635,2.09672],[26.62658,2.11038],[26.62215,2.12043],[26.60265,2.11628],[26.5972,2.11033],[26.60399,2.09498],[26.59987,2.06771],[26.5843,2.05325],[26.50394,2.04693],[26.49561,2.05127],[26.4825,2.11298],[26.47521,2.11572],[26.43522,2.0851],[26.42485,2.0653],[26.39781,2.05943],[26.36868,2.06306],[26.35619,2.06852],[26.3418,2.08778],[26.34222,2.09453],[26.33076,2.10785],[26.33119,2.11705],[26.32593,2.11704],[26.3241,2.12094],[26.32544,2.13498],[26.3164,2.21001],[26.32783,2.21613],[26.3299,2.22556],[26.32883,2.23924],[26.31321,2.25],[26.31317,2.26997],[26.31833,2.29616],[26.32663,2.30549],[26.32661,2.3181],[26.3169,2.36436],[26.27134,2.36256],[26.26215,2.35736],[26.25658,2.34786],[26.24603,2.34359],[26.21769,2.34158],[26.19692,2.32266],[26.19306,2.31253],[26.16511,2.32949],[26.15368,2.32762],[26.1135,2.30082],[26.11398,2.29162],[26.10508,2.28401],[26.08748,2.27913],[26.05361,2.28548],[26.03944,2.28476],[26.02642,2.27759],[26.0127,2.27709],[25.99053,2.27013],[25.97941,2.23904],[25.96598,2.21691],[25.9676,2.21139],[25.95824,2.20286],[25.93145,2.2159],[25.92139,2.21518],[25.91612,2.21884],[25.89407,2.25548],[25.87998,2.25151],[25.86398,2.25392],[25.8403,2.2652],[25.82046,2.26438],[25.80702,2.27831],[25.7923,2.27434],[25.76222,2.25808],[25.74045,2.22655],[25.72893,2.22517],[25.6598,2.17849],[25.60699,2.16769],[25.60205,2.17442],[25.5842,2.17736],[25.54077,2.17239],[25.5275,2.17396],[25.51994,2.17784],[25.50685,2.19529],[25.48877,2.19983],[25.47161,2.20184],[25.43641,2.19919],[25.42632,2.20606],[25.41534,2.20671],[25.41305,2.20924],[25.41554,2.21431],[25.41279,2.2166],[25.38464,2.22409],[25.36996,2.23716],[25.36195,2.23828],[25.35324,2.24423],[25.33323,2.275],[25.3179,2.27701],[25.31193,2.28298],[25.3053,2.28456],[25.28267,2.27942],[25.2632,2.28925],[25.24924,2.28942],[25.21144,2.30816],[25.19201,2.30647],[25.17171,2.29144],[25.16422,2.27393],[25.15557,2.26538],[25.12954,2.25286],[25.12299,2.23144],[25.11232,2.21115],[25.09884,2.2088],[25.09399,2.21959],[25.08254,2.2253],[25.0683,2.23905],[25.06344,2.25376],[25.05909,2.25673],[25.05291,2.25717],[25.04655,2.24725],[25.04171,2.25552],[25.03464,2.24997],[25.0259,2.26236],[25.02319,2.2543],[25.01792,2.25658],[25.01263,2.26553],[25.00603,2.25745],[24.99369,2.2551],[24.98612,2.26013],[24.97471,2.2525],[24.96554,2.26028],[24.96234,2.25981],[24.95986,2.24921],[24.95255,2.24712],[24.95002,2.25079],[24.95297,2.25678],[24.95088,2.26437],[24.93397,2.26085],[24.92595,2.26634],[24.91866,2.25849],[24.90246,2.24945],[24.89701,2.23999],[24.87931,2.26201],[24.87697,2.27557],[24.86665,2.28266],[24.86119,2.27551],[24.86374,2.26632],[24.86163,2.26419],[24.84453,2.26338],[24.44827,2.28143],[24.44012,2.26977],[24.42502,2.25931],[24.40995,2.25937],[24.36469,2.23968],[24.35659,2.24322],[24.337,2.27489],[24.31037,2.28085],[24.27321,2.25995],[24.22455,2.26367],[24.21527,2.2602],[24.19546,2.2287],[24.17225,2.22003],[24.1044,2.2057],[24.07547,2.21576],[24.05981,2.21056],[24.05806,2.20706],[24.06559,2.20645],[24.05802,2.19712],[24.0574,2.18484],[24.06084,2.17606],[24.08568,2.15431],[24.05847,2.13471],[24.04748,2.1365],[24.04064,2.13416],[24.03222,2.12422],[24.01208,2.1278],[24.00067,2.12452],[23.98791,2.11548],[23.97854,2.11406],[23.97489,2.11197],[23.97154,2.09768],[23.96268,2.08729],[23.96157,2.07877],[23.94627,2.0757],[23.93048,2.07929],[23.91996,2.07809],[23.90392,2.08445],[23.89956,2.08765],[23.8827,2.12023],[23.87628,2.12433],[23.8447,2.12877],[23.82412,2.12866],[23.79968,2.12393],[23.77383,2.12517],[23.73162,2.15094],[23.72242,2.16055],[23.71234,2.16441],[23.69809,2.17607],[23.66487,2.18876],[23.64861,2.19143],[23.59396,2.19113],[23.60277,2.20959],[23.60157,2.21993],[23.60534,2.24204],[23.61167,2.25427],[23.60329,2.28023],[23.60644,2.29014],[23.58521,2.32269],[23.58444,2.33811],[23.56962,2.37696],[23.57258,2.39625],[23.5612,2.36002],[23.57977,2.19312],[23.54615,2.19316],[23.52494,2.1836],[23.48491,2.18499],[23.45599,2.20415],[23.44976,2.21262],[23.42889,2.22332],[23.42542,2.22974],[23.4133,2.23082],[23.3892,2.2454],[23.37042,2.25035],[23.36212,2.26066],[23.32906,2.28209],[23.31747,2.27098],[23.31342,2.25899],[23.32095,2.2236],[23.31967,2.20818],[23.31197,2.19478],[23.31549,2.17939],[23.31442,2.16788],[23.32647,2.14103],[23.32194,2.13341],[23.31952,2.11844],[23.32188,2.10557],[23.31529,2.0984],[23.31256,2.08986],[23.27117,2.10612],[23.23276,2.08601],[23.21033,2.08612],[23.18796,2.09303],[23.17741,2.09941],[23.17575,2.10791],[23.16723,2.11867],[23.15533,2.11906],[23.14727,2.12844],[23.13076,2.13662],[23.10493,2.17166],[23.0898,2.17778],[23.07576,2.19196],[23.04962,2.20399],[23.04865,2.21158],[23.03054,2.21882],[23.02094,2.21899],[23.00729,2.20625],[23.00328,2.18966],[23.00679,2.17818],[23.00452,2.17517],[22.9972,2.1756],[22.98478,2.18701],[22.97815,2.18605],[22.97113,2.17565],[22.97421,2.15842],[22.95842,2.16015],[22.93407,2.14251],[22.93388,2.13607],[22.94582,2.12901],[22.94886,2.11799],[22.93816,2.11102],[22.92388,2.09115],[22.91862,2.09156],[22.90505,2.10275],[22.89774,2.10293],[22.89027,2.09253],[22.89221,2.07414],[22.88858,2.06905],[22.87348,2.07033],[22.85967,2.04908],[22.84187,2.04413],[22.82666,2.02793],[22.80878,2.03517],[22.80192,2.03443],[22.79034,2.02193],[22.78008,2.01773],[22.7481,2.04765],[22.73962,2.05105],[22.72706,2.04912],[22.71325,2.06237],[22.70182,2.0623],[22.69355,2.06937],[22.68648,2.06587],[22.68087,2.04996],[22.64473,2.08607],[22.62293,2.09696],[22.60532,2.09707],[22.57734,2.10746],[22.51919,2.11972],[22.49097,2.13286],[22.43897,2.14654],[22.38701,2.15399],[22.38653,2.15721],[22.35448,2.16204],[22.36413,2.15544],[22.36204,2.09884],[22.36798,2.06435],[22.38253,2.04375],[22.41299,2.03684],[22.44526,2.00002],[22.45032,1.99615],[22.46221,1.99531],[22.47533,1.98206],[22.48229,1.96784],[22.49113,1.91315],[22.48033,1.88892],[22.46774,1.8909],[22.43541,1.87181],[22.42936,1.85544],[22.43023,1.8283],[22.421,1.80914],[22.40826,1.80008],[22.38886,1.79534],[22.38137,1.78839],[22.35763,1.78431],[22.3621,1.75425],[22.37416,1.7426],[22.37738,1.72337],[22.37244,1.71068],[22.33381,1.69592],[22.30914,1.6815],[22.28484,1.67199],[22.26838,1.64082],[22.26482,1.62815],[22.26717,1.6185],[22.26193,1.58488],[22.25357,1.57102],[22.25717,1.54828],[22.25428,1.53699],[22.24727,1.52636],[22.25126,1.5119],[22.2597,1.51426],[22.26338,1.51061],[22.27,1.51111],[22.27717,1.49967],[22.28538,1.50249],[22.29045,1.49539],[22.30003,1.49868],[22.31126,1.49278],[22.31674,1.49328],[22.32376,1.50345],[22.32721,1.50027],[22.33313,1.50237],[22.3373,1.49459],[22.34647,1.49028],[22.35081,1.49077],[22.35373,1.49815],[22.36263,1.49867],[22.36448,1.50147],[22.3718,1.49888],[22.38054,1.48731],[22.38508,1.49032],[22.38479,1.49906],[22.39646,1.49707],[22.39263,1.48946],[22.39562,1.48603],[22.40658,1.48772],[22.42312,1.47495],[22.42971,1.4819],[22.43455,1.4748],[22.45717,1.47381],[22.46304,1.48397],[22.46513,1.47962],[22.46312,1.4734],[22.46911,1.46585],[22.47572,1.46819],[22.47682,1.47395],[22.48396,1.46664],[22.48399,1.46158],[22.48948,1.46093],[22.49249,1.45566],[22.49793,1.46122],[22.5025,1.46033],[22.51054,1.4551],[22.51448,1.44685],[22.52292,1.44829],[22.52754,1.44119],[22.53508,1.44124],[22.55688,1.42874],[22.56033,1.42509],[22.56272,1.40947],[22.5779,1.39508],[22.5861,1.39836],[22.59068,1.39632],[22.59876,1.38534],[22.5988,1.3789],[22.60522,1.37457],[22.60664,1.36745],[22.61763,1.36477],[22.62125,1.36985],[22.63002,1.35681],[22.62731,1.35127],[22.63992,1.34422],[22.63862,1.33502],[22.64687,1.33024],[22.64762,1.32174],[22.65519,1.31604],[22.65499,1.31213],[22.64909,1.30703],[22.6553,1.29995],[22.65443,1.29349],[22.66954,1.28878],[22.67286,1.27109],[22.68135,1.26517],[22.67482,1.25133],[22.68652,1.24429],[22.68083,1.24103],[22.68179,1.23321],[22.69054,1.22737],[22.68711,1.22313],[22.69056,1.22041],[22.70084,1.22001],[22.70271,1.21427],[22.71416,1.2086],[22.71196,1.1964],[22.71796,1.18701],[22.72596,1.18729],[22.72098,1.18013],[22.72355,1.17164],[22.72721,1.16983],[22.73496,1.1731],[22.74029,1.16256],[22.73647,1.15104],[22.74133,1.14302],[22.74025,1.13336],[22.74899,1.12468],[22.74951,1.1141],[22.7592,1.09877],[22.77429,1.09657],[22.77868,1.08924],[22.77483,1.08508],[22.78243,1.07524],[22.78362,1.06767],[22.78843,1.06586],[22.78355,1.04421],[22.78519,1.03733],[22.7928,1.02611],[22.79761,1.02453],[22.80503,1.00619],[22.81815,0.99134],[22.82555,0.97644],[22.8233,0.97206],[22.82589,0.96034],[22.82227,0.9555],[22.8203,0.94192],[22.82307,0.93643],[22.82039,0.9279],[22.82388,0.91758],[22.83282,0.91304],[22.82193,0.90171],[22.82229,0.88217],[22.82863,0.87427],[22.83293,0.86155],[22.83093,0.85189],[22.83995,0.83494],[22.83907,0.82987],[22.84869,0.82534],[22.84901,0.81063],[22.85457,0.7978],[22.8535,0.78791],[22.85745,0.77713],[22.85,0.76421],[22.85356,0.74378],[22.8495,0.73731],[22.85183,0.72975],[22.8453,0.71476],[22.85017,0.70307],[22.84609,0.69891],[22.87098,0.66253],[22.87522,0.64211],[22.89633,0.6257],[22.91015,0.60556],[22.9161,0.6033],[22.92461,0.59302],[22.93238,0.59124],[22.93698,0.58575],[22.93706,0.5738],[22.94668,0.56834],[22.9372,0.55151],[22.92748,0.5025],[22.94233,0.46422],[22.95197,0.45487],[22.95606,0.4225],[22.9527,0.41168],[22.96976,0.38444],[22.97123,0.36883],[22.96786,0.36031],[22.95878,0.35336],[22.93014,0.34421],[22.93018,0.33694],[22.94127,0.30799],[22.95628,0.28052],[22.97151,0.26545],[22.98681,0.2157],[23.01394,0.18188],[23.02925,0.17876],[23.03476,0.17328],[23.03778,0.16388],[23.04904,0.15086],[23.05263,0.11376],[23.06816,0.08694],[23.09351,0.05312],[23.14115,0.0118],[23.15349,0.00751],[23.22413,-0.06921],[23.22937,-0.07289],[23.2426,-0.07407],[23.26311,-0.08926],[23.29341,-0.12077],[23.30824,-0.12378],[23.32144,-0.14286],[23.34582,-0.16379],[23.35651,-0.18769],[23.3275,-0.21863],[23.31972,-0.23584],[23.29251,-0.27414],[23.27698,-0.28537],[23.27559,-0.29524],[23.19224,-0.28723],[23.13839,-0.28949],[23.08463,-0.27719],[23.04191,-0.30948],[23.01016,-0.32893],[22.94362,-0.40365],[23.08877,-0.40593],[23.13508,-0.41209],[23.12659,-0.43803],[23.12885,-0.44883],[23.11856,-0.46626],[23.10751,-0.52274],[23.09904,-0.54064],[23.10083,-0.55948],[23.107,-0.55719],[23.1262,-0.53656],[23.15909,-0.52376],[23.17692,-0.50634],[23.19543,-0.49719],[23.21737,-0.47358],[23.24478,-0.45755],[23.28952,-0.45051],[23.31008,-0.43906],[23.32811,-0.43863],[23.35597,-0.42306],[23.37172,-0.42355],[23.39867,-0.41096],[23.41122,-0.40915],[23.41875,-0.41352],[23.4315,-0.43215],[23.44586,-0.44733],[23.45499,-0.45239],[23.45666,-0.49186],[23.47438,-0.54434],[23.50239,-0.57016],[23.53925,-0.59456],[23.53435,-0.61278],[23.44312,-0.64147],[23.42708,-0.64919],[23.39768,-0.64984],[23.38235,-0.67279],[23.34718,-0.68329],[23.33348,-0.69154],[23.32844,-0.70302],[23.32084,-0.74528],[23.31307,-0.75675],[23.30964,-0.75743],[23.2968,-0.74834],[23.27774,-0.7456],[23.257,-0.75127],[23.25526,-0.76108],[23.28226,-0.78241],[23.29862,-0.79036],[23.30814,-0.81974],[23.3558,-0.8532],[23.36867,-0.86717],[23.3855,-0.89793],[23.40161,-0.90068],[23.43916,-0.92718],[23.50969,-0.98578],[23.56089,-0.99683],[23.58115,-1.00937],[23.6385,-1.01059],[23.66549,-1.04692],[23.67063,-1.07491],[23.64834,-1.13801],[23.65099,-1.1492],[23.65823,-1.15338],[23.67747,-1.14912],[23.7024,-1.15016],[23.72868,-1.16016],[23.73898,-1.16013],[23.80003,-1.18795],[23.80433,-1.19214],[23.80373,-1.21455],[23.82242,-1.23698],[23.83672,-1.24665],[23.84174,-1.27885],[23.85031,-1.28862],[23.89827,-1.31088],[23.9054,-1.31926],[23.90929,-1.33885],[23.93437,-1.37879],[23.95539,-1.37421],[23.97483,-1.35239],[24.00499,-1.35173],[24.01756,-1.33496],[24.04681,-1.32671],[24.07195,-1.30742],[24.126,-1.32277],[24.35989,-1.32484],[24.36836,-1.39344],[24.38527,-1.42139],[24.40924,-1.62576],[24.40559,-1.65237],[24.42283,-1.66772],[24.48942,-1.81872],[24.5151,-1.90405],[24.53254,-1.91239],[24.57327,-1.94342],[24.59839,-1.98078],[24.97824,-1.98155],[24.98989,-1.97465],[25.0245,-1.96857]]]},"properties":{"nom":"Tshopo","pcode":"CD51"}},{"type":"Feature","geometry":{"type":"Polygon","coordinates":[[[24.86119,2.27551],[24.86665,2.28266],[24.87697,2.27557],[24.87931,2.26201],[24.89701,2.23999],[24.90246,2.24945],[24.91866,2.25849],[24.92595,2.26634],[24.93397,2.26085],[24.95088,2.26437],[24.95297,2.25678],[24.95002,2.25079],[24.95255,2.24712],[24.95986,2.24921],[24.96234,2.25981],[24.96554,2.26028],[24.97471,2.2525],[24.98612,2.26013],[24.99369,2.2551],[25.00603,2.25745],[25.01263,2.26553],[25.01792,2.25658],[25.02319,2.2543],[25.0259,2.26236],[25.03464,2.24997],[25.04171,2.25552],[25.04655,2.24725],[25.05291,2.25717],[25.05909,2.25673],[25.06344,2.25376],[25.0683,2.23905],[25.08254,2.2253],[25.09399,2.21959],[25.09654,2.21063],[25.10707,2.20906],[25.11232,2.21115],[25.12299,2.23144],[25.12954,2.25286],[25.15557,2.26538],[25.16422,2.27393],[25.16966,2.2889],[25.18265,2.30023],[25.19201,2.30647],[25.21144,2.30816],[25.24924,2.28942],[25.2632,2.28925],[25.28267,2.27942],[25.3053,2.28456],[25.31193,2.28298],[25.3179,2.27701],[25.33323,2.275],[25.35324,2.24423],[25.36195,2.23828],[25.36996,2.23716],[25.38464,2.22409],[25.41279,2.2166],[25.41554,2.21431],[25.41305,2.20924],[25.41534,2.20671],[25.42632,2.20606],[25.43641,2.19919],[25.47161,2.20184],[25.48877,2.19983],[25.50685,2.19529],[25.51994,2.17784],[25.5275,2.17396],[25.54077,2.17239],[25.5842,2.17736],[25.60205,2.17442],[25.60699,2.16769],[25.6598,2.17849],[25.72893,2.22517],[25.74045,2.22655],[25.76222,2.25808],[25.7923,2.27434],[25.80702,2.27831],[25.82046,2.26438],[25.8403,2.2652],[25.86398,2.25392],[25.87998,2.25151],[25.89407,2.25548],[25.91612,2.21884],[25.92139,2.21518],[25.93145,2.2159],[25.95824,2.20286],[25.9676,2.21139],[25.96598,2.21691],[25.97941,2.23904],[25.99053,2.27013],[26.0127,2.27709],[26.02642,2.27759],[26.03944,2.28476],[26.05361,2.28548],[26.08748,2.27913],[26.10508,2.28401],[26.11398,2.29162],[26.1135,2.30082],[26.15368,2.32762],[26.16511,2.32949],[26.19306,2.31253],[26.19692,2.32266],[26.21769,2.34158],[26.24603,2.34359],[26.25658,2.34786],[26.26215,2.35736],[26.27134,2.36256],[26.3169,2.36436],[26.32661,2.3181],[26.32663,2.30549],[26.31833,2.29616],[26.31317,2.26997],[26.31321,2.25],[26.32883,2.23924],[26.3299,2.22556],[26.32783,2.21613],[26.3164,2.21001],[26.32544,2.13498],[26.3241,2.12094],[26.32593,2.11704],[26.33119,2.11705],[26.33076,2.10785],[26.34222,2.09453],[26.3418,2.08778],[26.35619,2.06852],[26.36868,2.06306],[26.39781,2.05943],[26.42485,2.0653],[26.43522,2.0851],[26.47521,2.11572],[26.4825,2.11298],[26.49561,2.05127],[26.50394,2.04693],[26.5843,2.05325],[26.59987,2.06771],[26.60399,2.09498],[26.5972,2.11033],[26.60265,2.11628],[26.62215,2.12043],[26.62658,2.11038],[26.62635,2.09672],[26.6422,2.1025],[26.71906,2.17404],[26.74555,2.19306],[26.76375,2.19381],[26.76948,2.19188],[26.7747,2.17892],[26.775,2.15632],[26.78048,2.14992],[26.7888,2.14874],[26.8008,2.12936],[26.80912,2.12738],[26.81536,2.13044],[26.82625,2.14997],[26.85928,2.14602],[26.86861,2.16426],[26.8689,2.17309],[26.88171,2.17011],[26.89364,2.14943],[26.89503,2.13631],[26.9019,2.1331],[26.90145,2.12758],[26.90694,2.12506],[26.91061,2.11747],[26.91587,2.11725],[26.92322,2.09426],[26.92802,2.09564],[26.9294,2.09196],[26.92735,2.08529],[26.93101,2.08506],[26.93193,2.08046],[26.92646,2.07125],[26.92853,2.06297],[26.93541,2.05769],[26.9345,2.05148],[26.93862,2.04643],[26.93703,2.04228],[26.94139,2.0271],[26.93774,2.02089],[26.94004,2.01698],[26.93662,2.00754],[26.94212,1.99812],[26.95127,1.99468],[26.95266,1.98893],[26.96181,1.98595],[26.97073,1.97884],[26.97463,1.97102],[26.98264,1.96712],[26.98403,1.95516],[26.99957,1.95472],[27.00782,1.9453],[27.02861,1.95292],[27.0348,1.94143],[27.04404,1.94119],[27.04507,1.95525],[27.03545,1.96766],[27.03612,1.97479],[27.04183,1.98377],[27.04316,2.01092],[27.05228,2.02336],[27.05931,2.06248],[27.05357,2.08225],[27.0558,2.12206],[27.07202,2.13612],[27.08505,2.13636],[27.08709,2.14649],[27.09485,2.15915],[27.1024,2.15778],[27.1065,2.16492],[27.11405,2.16539],[27.12157,2.18519],[27.12132,2.19761],[27.12612,2.20337],[27.1261,2.21971],[27.13364,2.22409],[27.16374,2.28671],[27.17128,2.29086],[27.17792,2.28995],[27.18847,2.32802],[27.1911,2.35186],[27.18835,2.36014],[27.1666,2.37507],[27.15309,2.38978],[27.14506,2.40519],[27.13705,2.40679],[27.15145,2.41877],[27.15762,2.41901],[27.16426,2.41396],[27.16697,2.44065],[27.14839,2.48435],[27.14898,2.54386],[27.1442,2.56312],[27.13545,2.57546],[27.12997,2.56878],[27.11007,2.57014],[27.10184,2.56506],[27.05563,2.56201],[27.0332,2.56566],[27.02566,2.55644],[27.01814,2.53733],[27.0138,2.53526],[26.98978,2.53223],[26.9804,2.53682],[26.97308,2.53497],[26.95614,2.53862],[26.94196,2.53791],[26.91956,2.5289],[26.90147,2.53647],[26.89324,2.53484],[26.90328,2.55005],[26.90965,2.571],[26.91008,2.58872],[26.93497,2.6189],[26.93175,2.62718],[26.93333,2.64053],[26.96238,2.65139],[26.95662,2.67279],[26.95799,2.679],[26.97078,2.68961],[26.97854,2.70389],[26.98701,2.70436],[26.9948,2.69609],[27.00393,2.70298],[26.99916,2.7136],[27.0001,2.72173],[27.01053,2.72588],[27.04519,2.72244],[27.09766,2.7731],[27.11182,2.79521],[27.12482,2.82837],[27.12754,2.84701],[27.12272,2.85575],[27.13456,2.90295],[27.13958,2.91032],[27.15425,2.89883],[27.1634,2.89585],[27.16937,2.88481],[27.17646,2.88689],[27.18127,2.88298],[27.18266,2.87378],[27.18627,2.87062],[27.19662,2.87173],[27.22319,2.85404],[27.24678,2.84394],[27.26122,2.82025],[27.26947,2.81496],[27.28598,2.78783],[27.30453,2.77657],[27.32743,2.75381],[27.37313,2.73629],[27.38405,2.7366],[27.39494,2.74984],[27.42435,2.75895],[27.44,2.76828],[27.46089,2.76123],[27.47509,2.78257],[27.4879,2.78908],[27.50404,2.78881],[27.50641,2.79069],[27.50496,2.80174],[27.49973,2.80758],[27.49972,2.81525],[27.51823,2.81639],[27.52245,2.84172],[27.53667,2.8506],[27.56661,2.83094],[27.59464,2.81946],[27.6046,2.81882],[27.60791,2.82595],[27.60263,2.85959],[27.61069,2.86473],[27.62323,2.86246],[27.64438,2.86754],[27.65575,2.87982],[27.66095,2.89555],[27.66092,2.91281],[27.63811,2.92755],[27.58825,2.94178],[27.55198,2.95839],[27.55311,2.9722],[27.54577,2.98968],[27.5682,2.99223],[27.57851,2.98487],[27.67355,3.01324],[27.69056,3.0561],[27.70477,3.07216],[27.70571,3.07981],[27.69241,3.0829],[27.663,3.0738],[27.6478,3.07788],[27.6601,3.1026],[27.64674,3.14211],[27.64861,3.15645],[27.6609,3.18596],[27.65509,3.24738],[27.66548,3.27692],[27.65771,3.30279],[27.64535,3.29864],[27.62954,3.30668],[27.6245,3.31266],[27.61626,3.31197],[27.61191,3.30391],[27.60893,3.30414],[27.59244,3.3177],[27.5881,3.30297],[27.58078,3.29376],[27.56429,3.29121],[27.55856,3.29673],[27.55308,3.28913],[27.54505,3.29649],[27.53773,3.28935],[27.5288,3.28727],[27.52353,3.29602],[27.5178,3.299],[27.5059,3.29899],[27.49102,3.29],[27.48988,3.28034],[27.48324,3.28332],[27.48004,3.27826],[27.47638,3.27802],[27.47156,3.28492],[27.47315,3.29666],[27.47086,3.3015],[27.46238,3.30655],[27.45597,3.30332],[27.46216,3.29504],[27.45713,3.28652],[27.43722,3.2819],[27.42188,3.28281],[27.42533,3.26417],[27.42099,3.25288],[27.41137,3.25126],[27.40404,3.25747],[27.40379,3.27404],[27.39532,3.27127],[27.38297,3.26182],[27.39214,3.25378],[27.39146,3.24595],[27.38161,3.24893],[27.37726,3.24709],[27.37268,3.25192],[27.36466,3.24938],[27.35827,3.23487],[27.35255,3.2298],[27.34087,3.22933],[27.33287,3.22172],[27.32689,3.24013],[27.31797,3.23874],[27.30928,3.22561],[27.30035,3.22721],[27.28816,3.27106],[27.2834,3.2788],[27.2739,3.28279],[27.25872,3.27729],[27.24638,3.27749],[27.2435,3.2967],[27.2539,3.32049],[27.27286,3.33168],[27.28608,3.37266],[27.28508,3.40046],[27.28031,3.413],[27.29453,3.42714],[27.29828,3.45103],[27.31346,3.45749],[27.31911,3.47847],[27.3371,3.505],[27.37405,3.54847],[27.36925,3.57633],[27.36727,3.6233],[27.36251,3.63008],[27.34635,3.64088],[27.33116,3.64304],[27.32164,3.65469],[27.33391,3.69663],[27.33293,3.71293],[27.34239,3.73158],[27.32904,3.78129],[27.31022,3.81396],[27.28796,3.84409],[27.27627,3.85167],[27.25449,3.85671],[27.25651,3.87014],[27.25968,3.8733],[27.27738,3.87929],[27.27071,3.89862],[27.25832,3.91426],[27.256,3.93705],[27.25072,3.9451],[27.2326,3.95705],[27.22709,3.96786],[27.22363,3.98719],[27.22932,4.01091],[27.22013,4.02977],[27.22356,4.03645],[27.22103,4.0475],[27.21805,4.05071],[27.20085,4.05438],[27.19119,4.079],[27.20077,4.12159],[27.21359,4.13473],[27.21448,4.15176],[27.22909,4.20242],[27.22609,4.21485],[27.22792,4.22175],[27.24052,4.22476],[27.24089,4.31172],[27.24651,4.33102],[27.26547,4.36638],[27.26691,4.4178],[27.29194,4.45141],[27.2947,4.45947],[27.29219,4.46472],[27.28104,4.47087],[27.27279,4.47063],[27.2556,4.46164],[27.21731,4.45837],[27.1944,4.44407],[27.18843,4.44452],[27.18109,4.44912],[27.15517,4.4553],[27.1453,4.46703],[27.13268,4.47161],[27.11204,4.47412],[27.09001,4.48284],[27.07786,4.4819],[27.04021,4.5074],[27.03082,4.50186],[27.01682,4.51105],[26.98885,4.50663],[26.98082,4.50984],[26.96958,4.5066],[26.95995,4.51004],[26.96976,4.53768],[26.96998,4.54758],[26.98051,4.56209],[26.97935,4.569],[26.972,4.57566],[26.96832,4.58486],[26.97037,4.59269],[26.98113,4.60422],[26.9814,4.62448],[26.97672,4.63597],[26.99413,4.65165],[27.00259,4.66823],[27.01382,4.67631],[27.02779,4.69313],[27.0096,4.72984],[26.98893,4.75222],[26.97741,4.78489],[26.98383,4.78835],[27.01067,4.78701],[27.03543,4.79717],[27.04641,4.8179],[27.04684,4.83839],[27.03908,4.84524],[27.01363,4.85271],[26.99884,4.8642],[26.98879,4.88475],[26.98687,4.92072],[26.98228,4.93759],[26.95038,4.97583],[26.96533,4.98869],[26.96608,4.99477],[26.94703,4.99728],[26.94427,5.00234],[26.92934,5.01083],[26.93137,5.034],[26.94087,5.04371],[26.93652,5.05785],[26.93645,5.08152],[26.94437,5.08761],[26.96502,5.09269],[26.98068,5.09212],[26.98748,5.09548],[26.98831,5.12187],[26.9701,5.1521],[26.93511,5.13419],[26.93213,5.12775],[26.93605,5.12131],[26.92511,5.11373],[26.91223,5.08836],[26.91225,5.08008],[26.90537,5.07339],[26.89114,5.0736],[26.88863,5.06807],[26.89139,5.06301],[26.88429,5.05334],[26.88499,5.04551],[26.8756,5.03997],[26.87216,5.03375],[26.85632,5.03902],[26.84828,5.04499],[26.85011,5.05121],[26.84597,5.05465],[26.83151,5.05923],[26.82578,5.04979],[26.8212,5.04771],[26.80812,5.04907],[26.80374,5.05873],[26.79777,5.05849],[26.79386,5.06308],[26.79316,5.07252],[26.78375,5.07549],[26.78901,5.08149],[26.78648,5.08608],[26.78144,5.08354],[26.77134,5.0856],[26.77245,5.10171],[26.76649,5.09871],[26.75777,5.10053],[26.75387,5.0973],[26.74996,5.10351],[26.74078,5.10188],[26.73254,5.09474],[26.72518,5.10002],[26.72153,5.09172],[26.71784,5.09954],[26.71095,5.10252],[26.70936,5.09354],[26.69721,5.08823],[26.69055,5.08752],[26.68779,5.09097],[26.68893,5.09696],[26.68136,5.09625],[26.68115,5.08406],[26.66969,5.07736],[26.65546,5.07618],[26.6504,5.08561],[26.64558,5.08491],[26.64098,5.08858],[26.63824,5.08144],[26.6309,5.08281],[26.62746,5.08027],[26.63345,5.06901],[26.62887,5.06348],[26.62129,5.06783],[26.6215,5.07888],[26.61461,5.08025],[26.61941,5.08808],[26.60199,5.08161],[26.59649,5.07377],[26.59236,5.07468],[26.58959,5.0825],[26.58523,5.08203],[26.5834,5.07766],[26.57514,5.08086],[26.57171,5.07303],[26.57448,5.06337],[26.56439,5.06358],[26.56094,5.06679],[26.55977,5.07646],[26.55725,5.07645],[26.55039,5.06401],[26.55453,5.0585],[26.5488,5.0571],[26.54033,5.0465],[26.53848,5.04995],[26.54375,5.05733],[26.54166,5.06791],[26.53386,5.0672],[26.53342,5.05684],[26.52679,5.04417],[26.51899,5.04531],[26.51531,5.05036],[26.50912,5.04391],[26.49969,5.05585],[26.49487,5.05538],[26.49282,5.04848],[26.48801,5.04639],[26.48318,5.05237],[26.48476,5.06158],[26.47857,5.05857],[26.47053,5.06316],[26.46366,5.05854],[26.45584,5.06566],[26.45284,5.07302],[26.46178,5.07718],[26.45694,5.08637],[26.45899,5.09512],[26.45095,5.09626],[26.44431,5.09049],[26.44087,5.09117],[26.43879,5.09554],[26.4429,5.10568],[26.44105,5.11396],[26.43371,5.11095],[26.42407,5.113],[26.42244,5.12243],[26.41303,5.12126],[26.41188,5.12356],[26.41416,5.133],[26.40544,5.13275],[26.39949,5.12123],[26.39718,5.12905],[26.39075,5.13226],[26.39372,5.13664],[26.39094,5.14745],[26.37993,5.14811],[26.3664,5.14279],[26.35122,5.15542],[26.34206,5.14688],[26.32829,5.14846],[26.32577,5.14523],[26.32717,5.13626],[26.31889,5.14268],[26.31588,5.15326],[26.31267,5.15257],[26.30972,5.14197],[26.30329,5.14081],[26.3012,5.15139],[26.29521,5.16081],[26.28306,5.15595],[26.28213,5.15986],[26.2874,5.1654],[26.28555,5.1693],[26.25456,5.17153],[26.2605,5.18581],[26.25429,5.19109],[26.25381,5.198],[26.24578,5.19567],[26.24329,5.18347],[26.23824,5.1853],[26.23224,5.19817],[26.23956,5.20556],[26.23749,5.20854],[26.22326,5.2069],[26.22123,5.19401],[26.21593,5.20412],[26.20972,5.20848],[26.21843,5.21425],[26.21175,5.22183],[26.20804,5.23701],[26.20025,5.23423],[26.19683,5.22179],[26.19065,5.21764],[26.18444,5.21992],[26.19154,5.22707],[26.18691,5.24156],[26.16904,5.22909],[26.16008,5.23206],[26.15778,5.23758],[26.16347,5.256],[26.16093,5.25852],[26.14671,5.2578],[26.13636,5.26399],[26.13387,5.25063],[26.13066,5.25016],[26.11671,5.22988],[26.10315,5.23882],[26.09282,5.23787],[26.09053,5.23349],[26.10088,5.22524],[26.09748,5.21402],[26.09955,5.2082],[26.09267,5.20657],[26.08646,5.21346],[26.07682,5.21321],[26.07109,5.20744],[26.06792,5.19408],[26.0631,5.1943],[26.05389,5.2021],[26.05363,5.21338],[26.04653,5.21083],[26.03829,5.20229],[26.02772,5.20687],[26.01647,5.20569],[26.01096,5.2082],[26.0093,5.22845],[26.00103,5.22981],[25.99257,5.22012],[25.98517,5.23966],[25.97714,5.23527],[25.96662,5.22304],[25.96117,5.20393],[25.96624,5.1945],[25.96395,5.19174],[25.95913,5.19218],[25.95015,5.20459],[25.8948,5.20545],[25.88378,5.21867],[25.86197,5.21976],[25.84707,5.21189],[25.84299,5.19531],[25.8359,5.18678],[25.83199,5.18953],[25.83128,5.19551],[25.82485,5.19963],[25.82066,5.21711],[25.80896,5.21523],[25.80849,5.21938],[25.81695,5.22976],[25.82012,5.24587],[25.79628,5.23683],[25.79008,5.23773],[25.80082,5.25318],[25.7925,5.27272],[25.78767,5.27339],[25.77003,5.26368],[25.77211,5.25954],[25.78496,5.25912],[25.78338,5.25152],[25.77078,5.24205],[25.74922,5.23669],[25.73996,5.26497],[25.72848,5.26355],[25.72021,5.26698],[25.70887,5.29709],[25.67969,5.30529],[25.67439,5.31217],[25.66087,5.30615],[25.66289,5.32157],[25.65873,5.328],[25.64496,5.32704],[25.63719,5.31689],[25.64204,5.30724],[25.63999,5.30286],[25.63058,5.30352],[25.62386,5.32145],[25.60344,5.32024],[25.60182,5.32276],[25.61235,5.33407],[25.6245,5.33779],[25.62678,5.34148],[25.62263,5.34745],[25.59716,5.34553],[25.58772,5.35471],[25.5879,5.36989],[25.58145,5.37517],[25.55505,5.37646],[25.54606,5.3861],[25.54079,5.38585],[25.53531,5.37663],[25.55029,5.35827],[25.54754,5.35458],[25.52804,5.3529],[25.51131,5.34387],[25.49747,5.36408],[25.4869,5.36589],[25.47641,5.34767],[25.46033,5.349],[25.4459,5.34067],[25.42921,5.32059],[25.41498,5.321],[25.4099,5.32743],[25.40849,5.33962],[25.40411,5.3426],[25.40022,5.34051],[25.395,5.32232],[25.37618,5.32087],[25.36771,5.31555],[25.36958,5.30497],[25.38151,5.308],[25.38429,5.29996],[25.37103,5.28518],[25.35725,5.28629],[25.34403,5.26047],[25.33594,5.2105],[25.322,5.19503],[25.32065,5.18743],[25.33223,5.15641],[25.3412,5.15022],[25.35267,5.15372],[25.35521,5.14912],[25.3487,5.10698],[25.32951,5.08183],[25.3277,5.07423],[25.33054,5.05192],[25.32735,5.04316],[25.31797,5.03622],[25.24757,5.0247],[25.23131,5.01428],[25.2017,5.0174],[25.19119,5.00378],[25.17995,5.00489],[25.16729,5.01566],[25.16357,5.02692],[25.15416,5.02827],[25.14913,5.02227],[25.14757,5.01144],[25.13363,4.99712],[25.11009,4.9885],[25.08842,4.9378],[25.07302,4.94465],[25.06104,4.95772],[25.04655,4.96572],[25.02774,4.96588],[25.02268,4.96862],[25.01712,4.98241],[25.01062,4.98932],[25.0,4.99316],[24.98335,4.9931],[24.95331,4.9863],[24.9394,4.96461],[24.93368,4.96114],[24.91922,4.96338],[24.89077,4.96166],[24.88397,4.9423],[24.87848,4.93767],[24.82295,4.93929],[24.81129,4.93026],[24.80446,4.91642],[24.79165,4.90694],[24.78454,4.90553],[24.77995,4.90804],[24.78058,4.92116],[24.77736,4.92322],[24.77208,4.92274],[24.75975,4.90887],[24.73475,4.90624],[24.72091,4.9239],[24.662,4.917],[24.656,4.924],[24.668,4.937],[24.676,4.96],[24.67391,4.9695],[24.633,4.975],[24.623,5.014],[24.614,5.03],[24.56531,5.03623],[24.54827,5.04904],[24.53923,5.07592],[24.53436,5.08051],[24.49438,5.09276],[24.48563,5.09939],[24.47507,5.09889],[24.46724,5.1046],[24.45439,5.10455],[24.43882,5.09711],[24.43795,5.0879],[24.44859,5.06954],[24.44724,5.06355],[24.43595,5.0594],[24.43094,5.06347],[24.4073,5.11055],[24.39582,5.1126],[24.38966,5.10885],[24.38217,5.09683],[24.37605,5.07381],[24.36093,5.06798],[24.3573,5.05991],[24.36309,5.04935],[24.36885,5.04618],[24.39015,5.05316],[24.40278,5.05138],[24.40946,5.0445],[24.41248,5.03669],[24.41104,5.03178],[24.39188,5.0226],[24.38098,5.01096],[24.37394,5.00828],[24.36283,5.00677],[24.34859,5.00993],[24.33301,5.00341],[24.31923,5.00703],[24.29905,5.00394],[24.27348,4.97827],[24.27328,4.97229],[24.28439,4.95024],[24.28007,4.93924],[24.2528,4.9349],[24.25048,4.9404],[24.25201,4.95607],[24.23632,4.95954],[24.19129,4.93049],[24.16878,4.89859],[24.15961,4.89624],[24.13621,4.89751],[24.11663,4.9126],[24.10538,4.91347],[24.08423,4.90747],[24.04087,4.87586],[24.01817,4.87367],[24.00827,4.86949],[23.98883,4.88126],[23.97217,4.88139],[23.96538,4.87676],[23.95765,4.86324],[23.96238,4.83664],[23.9616,4.81101],[23.95886,4.80823],[23.94921,4.80953],[23.93693,4.82473],[23.92294,4.83503],[23.90507,4.83761],[23.88466,4.83104],[23.87021,4.81653],[23.85622,4.81077],[23.83309,4.81862],[23.831,4.82298],[23.83349,4.8294],[23.80642,4.8112],[23.78028,4.78355],[23.7432,4.782],[23.72361,4.78512],[23.70915,4.78235],[23.67167,4.76136],[23.66094,4.75255],[23.64867,4.73153],[23.64295,4.72828],[23.62942,4.7282],[23.62435,4.73324],[23.61999,4.73276],[23.60768,4.7198],[23.59524,4.72801],[23.58882,4.72821],[23.53673,4.69109],[23.5326,4.69175],[23.53776,4.69533],[23.52636,4.69125],[23.50068,4.67327],[23.46489,4.67346],[23.45732,4.66953],[23.43009,4.64789],[23.42747,4.62509],[23.43175,4.60095],[23.4297,4.59702],[23.41274,4.5962],[23.38338,4.6189],[23.37228,4.62062],[23.33997,4.61633],[23.32299,4.62225],[23.30646,4.64358],[23.28603,4.65193],[23.28401,4.66314],[23.2692,4.68132],[23.2328,4.68964],[23.21796,4.70361],[23.20282,4.72635],[23.1883,4.73577],[23.17159,4.73821],[23.1595,4.73612],[23.14293,4.72343],[23.11335,4.70791],[23.06308,4.75226],[23.03226,4.76585],[22.99643,4.81024],[22.97478,4.84697],[22.94132,4.8154],[22.91148,4.81925],[22.89781,4.80949],[22.88909,4.77968],[22.89073,4.7737],[22.90435,4.75998],[22.90081,4.75341],[22.87656,4.73914],[22.87367,4.71697],[22.85974,4.70309],[22.84565,4.70818],[22.82459,4.73488],[22.81904,4.7354],[22.80908,4.72515],[22.79051,4.71453],[22.78334,4.70443],[22.783,4.69152],[22.76241,4.65071],[22.7426,4.62843],[22.73898,4.61918],[22.73427,4.59478],[22.73278,4.5517],[22.70943,4.52015],[22.7072,4.49131],[22.69898,4.47172],[22.69403,4.46673],[22.68822,4.46134],[22.68103,4.46174],[22.67206,4.46702],[22.66273,4.48062],[22.62716,4.48469],[22.59921,4.47174],[22.59717,4.4584],[22.60096,4.444],[22.59814,4.42143],[22.58589,4.40149],[22.58997,4.38931],[22.62004,4.37764],[22.6235,4.37212],[22.61941,4.35047],[22.60863,4.34814],[22.57496,4.32873],[22.56925,4.32087],[22.56219,4.29855],[22.54621,4.27076],[22.54445,4.26154],[22.54614,4.2482],[22.5561,4.23469],[22.55044,4.21541],[22.53168,4.19558],[22.52045,4.18957],[22.49369,4.15958],[22.46988,4.14341],[22.45588,4.12797],[22.44522,4.12434],[22.46292,4.1171],[22.47689,4.11927],[22.49893,4.11436],[22.51836,4.12602],[22.54688,4.13626],[22.55763,4.13454],[22.58533,4.12199],[22.59991,4.12167],[22.62148,4.12909],[22.62911,4.12806],[22.64846,4.11373],[22.66761,4.12325],[22.67351,4.12221],[22.68027,4.09243],[22.6941,4.08405],[22.70983,4.10162],[22.71435,4.10268],[22.72222,4.08307],[22.73432,4.07503],[22.7475,4.07366],[22.76086,4.04494],[22.76008,4.03022],[22.7757,4.0292],[22.78683,4.03379],[22.80029,4.02015],[22.81173,4.01878],[22.83705,3.98715],[22.82208,3.98188],[22.80946,3.96505],[22.79854,3.93684],[22.80054,3.91153],[22.79804,3.90806],[22.78635,3.90822],[22.78385,3.90475],[22.78215,3.88563],[22.81397,3.85592],[22.82631,3.85968],[22.82889,3.85164],[22.84418,3.86164],[22.849,3.85983],[22.85457,3.84928],[22.86858,3.84361],[22.88183,3.85014],[22.89034,3.84513],[22.89567,3.83619],[22.90141,3.83462],[22.91349,3.84413],[22.91808,3.84301],[22.9288,3.85045],[22.93703,3.85326],[22.94919,3.85196],[22.95945,3.85893],[22.96937,3.85964],[22.97462,3.85143],[22.98151,3.85032],[22.98635,3.84575],[22.99006,3.83818],[23.00556,3.85071],[23.01267,3.85006],[23.02154,3.86002],[23.03278,3.85825],[23.04949,3.8618],[23.05847,3.85426],[23.06897,3.86077],[23.07726,3.85484],[23.08915,3.85906],[23.09779,3.86924],[23.10648,3.87298],[23.1113,3.87278],[23.11842,3.86638],[23.1409,3.8649],[23.15044,3.87739],[23.15365,3.87764],[23.14875,3.85552],[23.15452,3.84772],[23.17837,3.84511],[23.18864,3.85162],[23.19803,3.85237],[23.20769,3.86429],[23.22638,3.8629],[23.24869,3.84991],[23.25465,3.84949],[23.25537,3.8442],[23.26896,3.83665],[23.28516,3.83636],[23.29783,3.83156],[23.30103,3.83457],[23.31123,3.83196],[23.32416,3.8354],[23.32169,3.82802],[23.32514,3.82459],[23.33658,3.82696],[23.34557,3.81642],[23.36351,3.808],[23.36974,3.79769],[23.39306,3.80795],[23.40282,3.82459],[23.40231,3.83333],[23.414,3.83225],[23.43331,3.82246],[23.45573,3.82835],[23.46106,3.81802],[23.48262,3.81308],[23.52911,3.81863],[23.53212,3.81221],[23.53049,3.77652],[23.52414,3.76567],[23.48858,3.73347],[23.48356,3.73045],[23.46912,3.73151],[23.44931,3.71068],[23.43398,3.70737],[23.4251,3.69788],[23.42239,3.69027],[23.40728,3.68834],[23.35183,3.71282],[23.32324,3.74867],[23.28525,3.77768],[23.26244,3.78141],[23.24305,3.79232],[23.2367,3.78561],[23.24641,3.7714],[23.21067,3.75306],[23.19076,3.73101],[23.18094,3.72497],[23.15627,3.71399],[23.14031,3.70031],[23.12328,3.6962],[23.10849,3.67573],[23.09903,3.64956],[23.09123,3.63933],[23.08425,3.63585],[23.05668,3.63256],[23.04673,3.61156],[23.03681,3.59942],[23.02361,3.59062],[22.99505,3.58078],[22.93356,3.56554],[22.8821,3.56203],[22.8418,3.55401],[22.82874,3.54559],[22.81969,3.52779],[22.80691,3.51702],[22.78687,3.50395],[22.74684,3.48979],[22.72883,3.477],[22.70528,3.45254],[22.6815,3.44504],[22.6658,3.42902],[22.65471,3.40802],[22.61662,3.36929],[22.61219,3.34329],[22.61592,3.33333],[22.64858,3.31243],[22.6529,3.30452],[22.65138,3.28376],[22.62346,3.25435],[22.60597,3.22285],[22.58851,3.20245],[22.57449,3.16918],[22.57736,3.16098],[22.5953,3.15389],[22.65961,3.15244],[22.69604,3.13299],[22.71572,3.12765],[22.72612,3.11883],[22.75975,3.12395],[22.7817,3.10573],[22.78152,3.05427],[22.78842,3.04021],[22.81155,3.0249],[22.82775,3.01899],[22.84397,3.01658],[22.85788,3.02003],[22.89166,3.06784],[22.9056,3.07714],[22.92378,3.08068],[22.94154,3.08166],[22.96586,3.07747],[22.99127,3.05338],[22.99998,3.05685],[23.01219,3.07084],[23.01973,3.07139],[23.02804,3.05027],[23.05081,3.03362],[23.05973,3.03344],[23.03334,2.98888],[23.02107,2.95969],[22.98316,2.88967],[22.95406,2.85296],[22.94857,2.77462],[22.94284,2.79218],[22.93244,2.80276],[22.91625,2.80984],[22.90582,2.80989],[22.8849,2.79477],[22.886,2.77722],[22.87898,2.75737],[22.88702,2.73862],[22.8988,2.72447],[23.02962,2.59065],[23.06458,2.5636],[23.0889,2.5597],[23.09844,2.55314],[23.10707,2.56309],[23.12126,2.56179],[23.169,2.5377],[23.24027,2.51811],[23.25656,2.50992],[23.29793,2.4775],[23.29365,2.46666],[23.28401,2.47258],[23.27418,2.47022],[23.27376,2.46491],[23.28198,2.46798],[23.28685,2.45626],[23.29375,2.45032],[23.30838,2.4511],[23.31453,2.45642],[23.31699,2.46587],[23.31418,2.47621],[23.31592,2.49187],[23.32601,2.48733],[23.33602,2.48758],[23.34268,2.49272],[23.34423,2.50078],[23.33864,2.51755],[23.34795,2.52888],[23.34988,2.55098],[23.35942,2.56508],[23.37394,2.54514],[23.38287,2.54382],[23.39111,2.52947],[23.40009,2.53356],[23.41317,2.5265],[23.42726,2.50288],[23.4327,2.51166],[23.45192,2.51108],[23.45794,2.49846],[23.48758,2.47585],[23.52041,2.45556],[23.53645,2.45128],[23.54289,2.44556],[23.54729,2.43569],[23.56686,2.41615],[23.57258,2.39625],[23.56962,2.37696],[23.58444,2.33811],[23.58521,2.32269],[23.60644,2.29014],[23.60329,2.28023],[23.61167,2.25427],[23.60534,2.24204],[23.60157,2.21993],[23.60277,2.20959],[23.59396,2.19113],[23.64861,2.19143],[23.66487,2.18876],[23.69809,2.17607],[23.71234,2.16441],[23.72242,2.16055],[23.73162,2.15094],[23.77383,2.12517],[23.79968,2.12393],[23.82412,2.12866],[23.8447,2.12877],[23.87628,2.12433],[23.8827,2.12023],[23.89031,2.1083],[23.89956,2.08765],[23.91996,2.07809],[23.96021,2.07738],[23.96268,2.08729],[23.97154,2.09768],[23.97489,2.11197],[24.01208,2.1278],[24.03222,2.12422],[24.04064,2.13416],[24.04748,2.1365],[24.05847,2.13471],[24.08568,2.15431],[24.06084,2.17606],[24.0574,2.18484],[24.05802,2.19712],[24.06559,2.20645],[24.05806,2.20706],[24.05981,2.21056],[24.07547,2.21576],[24.1044,2.2057],[24.17225,2.22003],[24.19546,2.2287],[24.21527,2.2602],[24.22455,2.26367],[24.27321,2.25995],[24.31037,2.28085],[24.31964,2.28081],[24.337,2.27489],[24.35659,2.24322],[24.36469,2.23968],[24.40995,2.25937],[24.42502,2.25931],[24.44012,2.26977],[24.44827,2.28143],[24.84453,2.26338],[24.86163,2.26419],[24.86374,2.26632],[24.86119,2.27551]]]},"properties":{"nom":"Bas-Uele","pcode":"CD52"}},{"type":"Feature","geometry":{"type":"Polygon","coordinates":[[[28.3218,2.33524],[28.34912,2.32116],[28.37887,2.29638],[28.39957,2.25163],[28.40999,2.25193],[28.58058,2.33397],[28.5879,2.32637],[28.59018,2.31257],[28.60115,2.29645],[28.60138,2.2884],[28.60937,2.26907],[28.61417,2.26976],[28.61966,2.26469],[28.62515,2.26561],[28.62812,2.26285],[28.63612,2.24144],[28.64641,2.24351],[28.67133,2.23222],[28.68116,2.23152],[28.69557,2.22484],[28.69716,2.21863],[28.71431,2.21102],[28.71865,2.20412],[28.73879,2.20496],[28.75121,2.1971],[28.76483,2.18177],[28.7749,2.19465],[28.77651,2.20109],[28.77262,2.20615],[28.77972,2.21696],[28.77698,2.22663],[28.7699,2.23239],[28.75917,2.2623],[28.75299,2.2676],[28.75072,2.28141],[28.74134,2.28395],[28.73792,2.2943],[28.72306,2.3072],[28.713,2.32193],[28.70935,2.3362],[28.7457,2.31294],[28.75302,2.30373],[28.76537,2.30901],[28.77451,2.30233],[28.78183,2.30186],[28.79897,2.30745],[28.85714,2.29015],[28.96878,2.27047],[28.97759,2.28559],[28.97691,2.29112],[28.98815,2.32401],[29.00052,2.34355],[28.99709,2.34793],[29.00053,2.35713],[28.99825,2.36496],[28.98751,2.37279],[28.98638,2.38913],[28.97815,2.39719],[28.96879,2.41676],[28.96971,2.42918],[28.98252,2.42043],[28.99028,2.40661],[28.99875,2.40776],[29.00515,2.41373],[29.01911,2.41878],[29.03167,2.39483],[29.0439,2.40407],[29.03992,2.42181],[29.07205,2.43725],[29.08239,2.4294],[29.09555,2.42579],[29.08671,2.44356],[29.09375,2.45203],[29.11036,2.44557],[29.11949,2.45474],[29.12715,2.45682],[29.14786,2.44467],[29.17518,2.40131],[29.19085,2.43667],[29.19927,2.44442],[29.20426,2.45574],[29.20299,2.52946],[29.20864,2.53793],[29.22925,2.54372],[29.2354,2.52415],[29.26873,2.46612],[29.27236,2.44357],[29.28402,2.44194],[29.29843,2.43433],[29.30161,2.42443],[29.3103,2.41797],[29.31785,2.4198],[29.32791,2.41381],[29.36794,2.41766],[29.38922,2.42499],[29.41027,2.42358],[29.41668,2.42702],[29.42149,2.4353],[29.43155,2.43367],[29.44391,2.43619],[29.45295,2.4524],[29.4794,2.46006],[29.47918,2.46742],[29.50711,2.47958],[29.52793,2.48276],[29.54899,2.49286],[29.57439,2.49488],[29.58147,2.48889],[29.58719,2.48819],[29.62151,2.49365],[29.63157,2.49133],[29.63382,2.47349],[29.64999,2.42526],[29.64742,2.39397],[29.63915,2.3735],[29.64756,2.33309],[29.64121,2.32461],[29.64319,2.31468],[29.66041,2.30183],[29.6651,2.28622],[29.64548,2.27072],[29.60741,2.28366],[29.60594,2.27587],[29.62124,2.21413],[29.61008,2.21064],[29.61332,2.18935],[29.62302,2.18718],[29.65599,2.1894],[29.66332,2.19422],[29.67452,2.19489],[29.68069,2.19212],[29.69031,2.19762],[29.71705,2.18952],[29.73463,2.17315],[29.74765,2.16783],[29.765,2.15261],[29.79486,2.10263],[29.80879,2.09156],[29.8337,2.083],[29.83986,2.07815],[29.85266,2.07675],[29.86868,2.08039],[29.89721,2.05618],[29.89768,2.06607],[29.90181,2.07296],[29.89682,2.08885],[29.9037,2.09942],[29.90349,2.10954],[29.89915,2.11231],[29.89046,2.11049],[29.87699,2.12179],[29.87127,2.11973],[29.87291,2.13905],[29.86903,2.14665],[29.86149,2.14989],[29.85143,2.1483],[29.87061,2.1837],[29.87504,2.17563],[29.87917,2.18598],[29.88397,2.18436],[29.90388,2.18846],[29.9105,2.18476],[29.91439,2.18659],[29.92984,2.24983],[29.93671,2.25166],[29.94496,2.26062],[29.9468,2.26751],[29.95092,2.26981],[29.96665,2.24469],[29.97124,2.25135],[29.97512,2.24697],[29.98244,2.2488],[29.98865,2.26535],[29.98752,2.27134],[29.99783,2.27937],[30.0,2.27487],[30.01383,2.27684],[30.02726,2.28298],[30.03332,2.31363],[30.04299,2.32869],[30.05356,2.36584],[30.05719,2.36887],[30.07216,2.3603],[30.09817,2.36727],[30.10665,2.36598],[30.1146,2.37136],[30.1256,2.36988],[30.13554,2.4831],[30.14404,2.50279],[30.1444,2.51153],[30.14965,2.51274],[30.18706,2.55584],[30.19419,2.57282],[30.18471,2.58432],[30.20826,2.59296],[30.21327,2.60452],[30.20863,2.66932],[30.1964,2.7006],[30.18531,2.70986],[30.17925,2.73714],[30.18559,2.76809],[30.17699,2.78248],[30.16094,2.78924],[30.14862,2.8024],[30.15177,2.8127],[30.16045,2.81772],[30.18026,2.81996],[30.205,2.81628],[30.2137,2.82454],[30.20885,2.84468],[30.21065,2.87686],[30.20117,2.88549],[30.19638,2.88314],[30.19422,2.87138],[30.16621,2.8782],[30.14335,2.87495],[30.12109,2.87907],[30.11473,2.87463],[30.11188,2.882],[30.11691,2.89808],[30.12994,2.90626],[30.14603,2.90727],[30.16705,2.90301],[30.18871,2.90457],[30.20625,2.92281],[30.17507,2.94708],[30.16121,2.99914],[30.14504,3.01115],[30.13962,3.02535],[30.17024,3.0537],[30.23414,3.08815],[30.28023,3.15201],[30.33367,3.19764],[30.35911,3.22955],[30.35341,3.24835],[30.34289,3.26779],[30.34652,3.29199],[30.34275,3.30207],[30.33699,3.30476],[30.34213,3.31655],[30.35466,3.32313],[30.36815,3.3571],[30.36681,3.40747],[30.40088,3.39243],[30.4117,3.40911],[30.41716,3.41262],[30.42313,3.4327],[30.4023,3.44639],[30.38481,3.47709],[30.37427,3.50165],[30.37574,3.51409],[30.37048,3.53358],[30.37224,3.54028],[30.38315,3.54868],[30.40839,3.54619],[30.43137,3.56209],[30.45569,3.55913],[30.49265,3.57896],[30.54099,3.59491],[30.56547,3.62428],[30.56485,3.63899],[30.56945,3.65906],[30.56335,3.67257],[30.57987,3.70154],[30.57151,3.76504],[30.55572,3.82738],[30.52612,3.84859],[30.49886,3.84132],[30.47156,3.82694],[30.45302,3.83115],[30.44563,3.83839],[30.43032,3.87098],[30.41546,3.8706],[30.40387,3.8662],[30.37907,3.89517],[30.33588,3.9192],[30.31974,3.93242],[30.2914,3.93551],[30.28589,3.94724],[30.26613,3.95664],[30.25374,3.95234],[30.22827,3.93082],[30.20226,3.9274],[30.2017,3.9384],[30.20736,3.96158],[30.19752,3.97143],[30.19093,4.0155],[30.17336,4.03035],[30.18016,4.09227],[30.16909,4.10733],[30.15517,4.10661],[30.12858,4.1116],[30.05725,4.13937],[30.03877,4.15714],[30.02997,4.19251],[30.01706,4.20986],[30.00718,4.21489],[29.97906,4.22088],[29.96983,4.233],[29.96716,4.25695],[29.9784,4.27807],[29.97916,4.30777],[29.94835,4.33481],[29.91473,4.35575],[29.89773,4.35799],[29.86459,4.3518],[29.84856,4.36339],[29.84395,4.37026],[29.83079,4.37719],[29.82253,4.37606],[29.81026,4.38752],[29.81001,4.45363],[29.81514,4.51495],[29.82699,4.53363],[29.84079,4.56891],[29.82269,4.57816],[29.78968,4.60239],[29.77189,4.60551],[29.73317,4.60536],[29.69312,4.63884],[29.65011,4.6657],[29.5935,4.66908],[29.58155,4.67624],[29.53745,4.67846],[29.52014,4.6862],[29.49453,4.68489],[29.47553,4.66739],[29.46849,4.63853],[29.47516,4.60791],[29.41298,4.5073],[29.36902,4.46264],[29.32697,4.40659],[29.31034,4.3921],[29.27338,4.39735],[29.25677,4.37745],[29.25384,4.36482],[29.24075,4.35996],[29.21457,4.35264],[29.19906,4.35618],[29.15062,4.40166],[29.1392,4.42746],[29.12489,4.43041],[29.09452,4.42608],[29.08855,4.43086],[29.09384,4.44951],[29.08845,4.4549],[29.06878,4.45722],[29.05445,4.46498],[29.0347,4.48894],[29.02814,4.49071],[29.00017,4.48098],[28.99182,4.48275],[28.94282,4.47895],[28.91974,4.48005],[28.88393,4.49433],[28.83033,4.48931],[28.81838,4.49767],[28.81864,4.50684],[28.8264,4.51509],[28.82114,4.54064],[28.80487,4.5662],[28.78699,4.57128],[28.7589,4.54685],[28.72764,4.54342],[28.71902,4.53858],[28.70427,4.49976],[28.70259,4.47181],[28.67919,4.43685],[28.65957,4.42505],[28.6036,4.41581],[28.5932,4.40826],[28.59089,4.38931],[28.58229,4.37816],[28.52392,4.37161],[28.51175,4.36134],[28.49492,4.3219],[28.4804,4.30321],[28.46492,4.29864],[28.45364,4.28777],[28.41449,4.28282],[28.38538,4.29951],[28.36764,4.31647],[28.36131,4.32473],[28.35902,4.33624],[28.33793,4.33877],[28.32142,4.33648],[28.3166,4.33233],[28.28932,4.3328],[28.27258,4.32751],[28.25539,4.32797],[28.23865,4.32958],[28.20013,4.34615],[28.15651,4.39505],[28.13998,4.43405],[28.12236,4.4436],[28.10272,4.43691],[28.08575,4.43503],[28.0768,4.438],[28.03892,4.46699],[28.03283,4.48286],[28.02835,4.53465],[28.01459,4.54616],[27.98799,4.54892],[27.98088,4.54454],[27.96414,4.54799],[27.94418,4.55696],[27.90541,4.54067],[27.87631,4.53921],[27.83846,4.56268],[27.82929,4.56336],[27.81827,4.57095],[27.80589,4.5675],[27.79717,4.57025],[27.78684,4.58636],[27.7781,4.63308],[27.77122,4.64252],[27.76365,4.64619],[27.79105,4.68501],[27.789,4.75409],[27.78179,4.76968],[27.77521,4.77566],[27.73292,4.77188],[27.71087,4.7736],[27.70545,4.78859],[27.70046,4.8227],[27.70343,4.83121],[27.69952,4.84548],[27.68436,4.87125],[27.67664,4.87499],[27.65385,4.87353],[27.62105,4.86637],[27.61026,4.86752],[27.60063,4.86176],[27.58985,4.8606],[27.56689,4.87332],[27.56208,4.88411],[27.53696,4.90864],[27.52733,4.93442],[27.49113,4.9436],[27.47826,4.96546],[27.46448,4.97948],[27.4624,4.99467],[27.44034,5.02043],[27.44628,5.05288],[27.4426,5.06347],[27.43157,5.07773],[27.39414,5.0961],[27.34066,5.11078],[27.31815,5.1264],[27.23183,5.15231],[27.196,5.17206],[27.18176,5.18493],[27.15805,5.19924],[27.14294,5.20421],[27.10741,5.20634],[27.07868,5.20413],[27.02913,5.18703],[27.00115,5.16697],[26.9701,5.1521],[26.98831,5.12187],[26.98748,5.09548],[26.98068,5.09212],[26.96502,5.09269],[26.94437,5.08761],[26.93645,5.08152],[26.93652,5.05785],[26.94087,5.04371],[26.93137,5.034],[26.9289,5.02491],[26.92934,5.01083],[26.94427,5.00234],[26.94703,4.99728],[26.96608,4.99477],[26.96533,4.98869],[26.95038,4.97583],[26.98228,4.93759],[26.98687,4.92072],[26.98879,4.88475],[26.99884,4.8642],[27.01363,4.85271],[27.03908,4.84524],[27.04684,4.83839],[27.04641,4.8179],[27.03543,4.79717],[27.01067,4.78701],[26.98383,4.78835],[26.97741,4.78489],[26.98893,4.75222],[27.0096,4.72984],[27.02779,4.69313],[27.01382,4.67631],[27.00259,4.66823],[26.99413,4.65165],[26.97672,4.63597],[26.9814,4.62448],[26.98113,4.60422],[26.97037,4.59269],[26.96832,4.58486],[26.972,4.57566],[26.97935,4.569],[26.98051,4.56209],[26.96998,4.54758],[26.96976,4.53768],[26.95995,4.51004],[26.96958,4.5066],[26.98082,4.50984],[26.98885,4.50663],[27.01682,4.51105],[27.03082,4.50186],[27.04021,4.5074],[27.07786,4.4819],[27.09001,4.48284],[27.11204,4.47412],[27.13268,4.47161],[27.1453,4.46703],[27.15517,4.4553],[27.18109,4.44912],[27.18843,4.44452],[27.1944,4.44407],[27.21731,4.45837],[27.2556,4.46164],[27.27279,4.47063],[27.28104,4.47087],[27.29219,4.46472],[27.2947,4.45947],[27.29194,4.45141],[27.26691,4.4178],[27.26547,4.36638],[27.24651,4.33102],[27.24089,4.31172],[27.24052,4.22476],[27.22792,4.22175],[27.22609,4.21485],[27.22909,4.20242],[27.21448,4.15176],[27.21359,4.13473],[27.20077,4.12159],[27.19119,4.079],[27.20085,4.05438],[27.21805,4.05071],[27.22103,4.0475],[27.22356,4.03645],[27.22013,4.02977],[27.22932,4.01091],[27.22363,3.98719],[27.22709,3.96786],[27.2326,3.95705],[27.25072,3.9451],[27.256,3.93705],[27.25832,3.91426],[27.27071,3.89862],[27.27738,3.87929],[27.25968,3.8733],[27.25651,3.87014],[27.25449,3.85671],[27.27627,3.85167],[27.28796,3.84409],[27.31022,3.81396],[27.32904,3.78129],[27.34239,3.73158],[27.33293,3.71293],[27.33391,3.69663],[27.32164,3.65469],[27.33116,3.64304],[27.34635,3.64088],[27.36251,3.63008],[27.36727,3.6233],[27.36925,3.57633],[27.37405,3.54847],[27.3371,3.505],[27.31911,3.47847],[27.31346,3.45749],[27.29828,3.45103],[27.29453,3.42714],[27.28031,3.413],[27.28508,3.40046],[27.28608,3.37266],[27.27286,3.33168],[27.2539,3.32049],[27.2435,3.2967],[27.24638,3.27749],[27.25872,3.27729],[27.2739,3.28279],[27.2834,3.2788],[27.28816,3.27106],[27.30035,3.22721],[27.30928,3.22561],[27.31797,3.23874],[27.32689,3.24013],[27.33287,3.22172],[27.34087,3.22933],[27.35255,3.2298],[27.35827,3.23487],[27.36466,3.24938],[27.37268,3.25192],[27.37726,3.24709],[27.38161,3.24893],[27.39146,3.24595],[27.39214,3.25378],[27.38297,3.26182],[27.39532,3.27127],[27.40379,3.27404],[27.40404,3.25747],[27.41137,3.25126],[27.42099,3.25288],[27.42533,3.26417],[27.42188,3.28281],[27.43722,3.2819],[27.45713,3.28652],[27.46216,3.29504],[27.45597,3.30332],[27.46238,3.30655],[27.47086,3.3015],[27.47315,3.29666],[27.47156,3.28492],[27.47638,3.27802],[27.48004,3.27826],[27.48324,3.28332],[27.48988,3.28034],[27.49102,3.29],[27.5059,3.29899],[27.5178,3.299],[27.52353,3.29602],[27.5288,3.28727],[27.53773,3.28935],[27.54505,3.29649],[27.55308,3.28913],[27.55856,3.29673],[27.56429,3.29121],[27.58078,3.29376],[27.5881,3.30297],[27.59244,3.3177],[27.60893,3.30414],[27.61191,3.30391],[27.61626,3.31197],[27.6245,3.31266],[27.62954,3.30668],[27.64535,3.29864],[27.65771,3.30279],[27.66548,3.27692],[27.65509,3.24738],[27.6609,3.18596],[27.64861,3.15645],[27.64674,3.14211],[27.6601,3.1026],[27.6478,3.07788],[27.663,3.0738],[27.69241,3.0829],[27.70571,3.07981],[27.70477,3.07216],[27.69056,3.0561],[27.67355,3.01324],[27.57851,2.98487],[27.5682,2.99223],[27.54577,2.98968],[27.55311,2.9722],[27.55198,2.95839],[27.58825,2.94178],[27.63811,2.92755],[27.66092,2.91281],[27.66095,2.89555],[27.65575,2.87982],[27.64438,2.86754],[27.62323,2.86246],[27.61069,2.86473],[27.60263,2.85959],[27.60791,2.82595],[27.6046,2.81882],[27.59464,2.81946],[27.56661,2.83094],[27.53667,2.8506],[27.52245,2.84172],[27.51823,2.81639],[27.49972,2.81525],[27.49973,2.80758],[27.50496,2.80174],[27.50641,2.79069],[27.50404,2.78881],[27.4879,2.78908],[27.47509,2.78257],[27.46089,2.76123],[27.44,2.76828],[27.42435,2.75895],[27.39494,2.74984],[27.38405,2.7366],[27.37313,2.73629],[27.32743,2.75381],[27.30453,2.77657],[27.28598,2.78783],[27.26947,2.81496],[27.26122,2.82025],[27.24678,2.84394],[27.22319,2.85404],[27.19662,2.87173],[27.18627,2.87062],[27.18266,2.87378],[27.18127,2.88298],[27.17646,2.88689],[27.16937,2.88481],[27.1634,2.89585],[27.15425,2.89883],[27.13958,2.91032],[27.13456,2.90295],[27.12272,2.85575],[27.12754,2.84701],[27.12482,2.82837],[27.11182,2.79521],[27.09766,2.7731],[27.04519,2.72244],[27.01053,2.72588],[27.0001,2.72173],[26.99916,2.7136],[27.00393,2.70298],[26.9948,2.69609],[26.98701,2.70436],[26.97557,2.70135],[26.97078,2.68961],[26.95799,2.679],[26.95662,2.67279],[26.96238,2.65139],[26.93333,2.64053],[26.93175,2.62718],[26.93497,2.6189],[26.91008,2.58872],[26.90965,2.571],[26.90328,2.55005],[26.89324,2.53484],[26.90147,2.53647],[26.91956,2.5289],[26.94196,2.53791],[26.95614,2.53862],[26.97308,2.53497],[26.9804,2.53682],[26.98978,2.53223],[27.0138,2.53526],[27.01814,2.53733],[27.02566,2.55644],[27.0332,2.56566],[27.05563,2.56201],[27.10184,2.56506],[27.11007,2.57014],[27.12997,2.56878],[27.13545,2.57546],[27.1442,2.56312],[27.14898,2.54386],[27.14839,2.48435],[27.16697,2.44065],[27.16426,2.41396],[27.15762,2.41901],[27.15145,2.41877],[27.13705,2.40679],[27.14506,2.40519],[27.15309,2.38978],[27.1666,2.37507],[27.18835,2.36014],[27.1911,2.35186],[27.18847,2.32802],[27.17792,2.28995],[27.17128,2.29086],[27.16374,2.28671],[27.13364,2.22409],[27.1261,2.21971],[27.12612,2.20337],[27.12132,2.19761],[27.12157,2.18519],[27.11405,2.16539],[27.1065,2.16492],[27.1024,2.15778],[27.09485,2.15915],[27.08709,2.14649],[27.08505,2.13636],[27.07202,2.13612],[27.0558,2.12206],[27.05357,2.08225],[27.05931,2.06248],[27.05228,2.02336],[27.04316,2.01092],[27.04183,1.98377],[27.03612,1.97479],[27.03545,1.96766],[27.04507,1.95525],[27.04404,1.94119],[27.04786,1.92397],[27.07463,1.90836],[27.11096,1.91531],[27.13681,1.9043],[27.14299,1.89603],[27.14916,1.8965],[27.15282,1.90202],[27.16995,1.90572],[27.17956,1.90298],[27.19258,1.91242],[27.21018,1.91129],[27.21291,1.92119],[27.21953,1.92948],[27.21884,1.93339],[27.22478,1.93961],[27.22247,1.95318],[27.22473,1.95843],[27.24258,1.95826],[27.24624,1.96172],[27.24257,1.96815],[27.24851,1.97598],[27.24004,1.98564],[27.23476,2.00334],[27.22698,2.00886],[27.22879,2.02381],[27.2473,2.03189],[27.25369,2.04064],[27.25368,2.048],[27.26669,2.04719],[27.29412,2.02377],[27.31377,2.03651],[27.32699,2.02903],[27.32848,2.01481],[27.35719,1.99552],[27.35701,1.96255],[27.37856,1.94646],[27.38207,1.92708],[27.4071,1.89291],[27.4098,1.88516],[27.40156,1.87349],[27.39512,1.87218],[27.34989,1.87602],[27.36568,1.85879],[27.35404,1.84658],[27.35267,1.84037],[27.36025,1.81116],[27.36986,1.80312],[27.36826,1.79875],[27.37193,1.79024],[27.36874,1.78288],[27.36668,1.78472],[27.35891,1.77804],[27.34566,1.77826],[27.33995,1.77343],[27.33447,1.76306],[27.32442,1.75661],[27.31667,1.74027],[27.31324,1.74004],[27.30617,1.7283],[27.30915,1.72186],[27.30848,1.71128],[27.30506,1.70254],[27.29843,1.70184],[27.29616,1.69034],[27.29822,1.68643],[27.28681,1.67215],[27.2875,1.66433],[27.28113,1.64018],[27.28526,1.63259],[27.27681,1.62384],[27.26219,1.62268],[27.24732,1.62887],[27.2448,1.64014],[27.24023,1.63852],[27.23476,1.62793],[27.22699,1.62379],[27.22379,1.62309],[27.21441,1.63113],[27.21581,1.6148],[27.19474,1.60344],[27.24143,1.58976],[27.27708,1.58681],[27.29492,1.57786],[27.31,1.57696],[27.31822,1.57996],[27.32256,1.5864],[27.35134,1.59241],[27.37032,1.58323],[27.36987,1.5722],[27.37559,1.56507],[27.3845,1.56692],[27.39822,1.56417],[27.41946,1.57385],[27.43248,1.57156],[27.44699,1.5546],[27.50469,1.57025],[27.51247,1.56519],[27.52458,1.56451],[27.54241,1.55579],[27.55155,1.55465],[27.57418,1.53879],[27.58082,1.52983],[27.58718,1.51257],[27.58095,1.47498],[27.5839,1.46189],[27.60778,1.45355],[27.61825,1.45337],[27.63581,1.4754],[27.65046,1.47793],[27.66345,1.47444],[27.67393,1.46401],[27.69153,1.45811],[27.75058,1.44961],[27.77349,1.44325],[27.76799,1.4598],[27.75063,1.46439],[27.75085,1.47359],[27.77529,1.48326],[27.79129,1.48419],[27.79677,1.48994],[27.8112,1.52487],[27.80656,1.54451],[27.75622,1.61196],[27.7399,1.60481],[27.71561,1.60896],[27.70725,1.59422],[27.70139,1.59153],[27.69385,1.59445],[27.6658,1.59076],[27.64154,1.57165],[27.63692,1.58337],[27.6431,1.65447],[27.59613,1.70557],[27.56005,1.75741],[27.55333,1.77336],[27.5558,1.79937],[27.56665,1.82804],[27.57835,1.84458],[27.58505,1.84726],[27.60601,1.83199],[27.6278,1.82136],[27.68225,1.80829],[27.69397,1.81553],[27.71654,1.84585],[27.73913,1.85754],[27.75002,1.85642],[27.76343,1.85246],[27.78272,1.82884],[27.84721,1.8277],[27.86736,1.79197],[27.87827,1.77874],[27.8858,1.77861],[27.90086,1.79416],[27.92016,1.76124],[27.93823,1.72113],[27.94246,1.72046],[27.94611,1.72621],[27.93994,1.73242],[27.9413,1.74853],[27.96267,1.75583],[27.98173,1.75572],[28.0211,1.74688],[28.15391,1.70169],[28.1803,1.69005],[28.21214,1.68437],[28.21548,1.68989],[28.19954,1.71019],[28.19071,1.73781],[28.19191,1.77641],[28.18813,1.78486],[28.19063,1.79598],[28.2517,1.84144],[28.28895,1.85427],[28.29856,1.87411],[28.3168,2.31445],[28.3139,2.33613],[28.3218,2.33524]]]},"properties":{"nom":"Haut-Uele","pcode":"CD53"}},{"type":"Feature","geometry":{"type":"Polygon","coordinates":[[[30.24588,1.08541],[30.25747,1.09129],[30.2711,1.11948],[30.28472,1.12767],[30.29035,1.13508],[30.30104,1.1398],[30.30667,1.14767],[30.32005,1.15701],[30.33267,1.15187],[30.33629,1.15559],[30.34018,1.17608],[30.363,1.20046],[30.38915,1.19087],[30.40828,1.19751],[30.42476,1.19424],[30.4728,1.21177],[30.51084,1.2081],[30.54063,1.24628],[30.57874,1.31009],[30.6325,1.41103],[30.70096,1.496],[30.81295,1.583],[30.81895,1.585],[31.03495,1.759],[31.14994,1.909],[31.17651,1.93477],[31.24494,2.017],[31.30494,2.119],[31.30494,2.157],[31.203,2.224],[31.199,2.296],[31.19,2.296],[31.162,2.284],[31.137,2.285],[31.127,2.269],[31.124,2.269],[31.076,2.303],[31.069,2.343],[31.057,2.36551],[31.03544,2.38545],[31.02179,2.38339],[30.98438,2.40883],[30.961,2.406],[30.944,2.393],[30.938,2.375],[30.941,2.353],[30.937,2.34],[30.931,2.336],[30.886,2.344],[30.881,2.346],[30.858,2.39],[30.834,2.426],[30.803,2.43],[30.775,2.441],[30.755,2.437],[30.748,2.453],[30.747,2.481],[30.759,2.5],[30.761,2.512],[30.755,2.588],[30.773,2.609],[30.804,2.697],[30.829,2.756],[30.839,2.768],[30.848,2.773],[30.87,2.801],[30.879,2.823],[30.89044,2.87136],[30.88888,2.88282],[30.864,2.912],[30.846,2.962],[30.828,2.978],[30.812,3.0],[30.788,3.01],[30.78,3.017],[30.769,3.032],[30.763,3.048],[30.779,3.068],[30.80465,3.17157],[30.833,3.264],[30.843,3.274],[30.87074,3.27988],[30.887,3.316],[30.89,3.34],[30.936,3.402],[30.933,3.482],[30.929,3.496],[30.909,3.505],[30.897,3.502],[30.868,3.481],[30.862,3.481],[30.854,3.486],[30.847,3.497],[30.846,3.508],[30.86,3.547],[30.862,3.563],[30.857,3.569],[30.814,3.58],[30.799,3.59],[30.791,3.603],[30.786,3.621],[30.784,3.657],[30.778,3.669],[30.771,3.675],[30.761,3.672],[30.755,3.666],[30.746,3.638],[30.735,3.624],[30.719,3.621],[30.687,3.634],[30.667,3.636],[30.623,3.607],[30.592,3.594],[30.573,3.592],[30.559,3.596],[30.54099,3.59491],[30.49265,3.57896],[30.45569,3.55913],[30.43137,3.56209],[30.40839,3.54619],[30.38315,3.54868],[30.37224,3.54028],[30.37048,3.53358],[30.37574,3.51409],[30.37427,3.50165],[30.38481,3.47709],[30.4023,3.44639],[30.42313,3.4327],[30.41716,3.41262],[30.4117,3.40911],[30.40088,3.39243],[30.36681,3.40747],[30.36815,3.3571],[30.35466,3.32313],[30.34213,3.31655],[30.33699,3.30476],[30.34275,3.30207],[30.34652,3.29199],[30.34289,3.26779],[30.35341,3.24835],[30.35911,3.22955],[30.33367,3.19764],[30.28023,3.15201],[30.23414,3.08815],[30.17024,3.0537],[30.13962,3.02535],[30.14504,3.01115],[30.16121,2.99914],[30.17507,2.94708],[30.20625,2.92281],[30.18871,2.90457],[30.16705,2.90301],[30.14603,2.90727],[30.12994,2.90626],[30.11691,2.89808],[30.11317,2.89233],[30.11188,2.882],[30.11473,2.87463],[30.12109,2.87907],[30.14335,2.87495],[30.16621,2.8782],[30.19422,2.87138],[30.19865,2.88546],[30.21065,2.87686],[30.20885,2.84468],[30.2137,2.82454],[30.205,2.81628],[30.18026,2.81996],[30.16045,2.81772],[30.15177,2.8127],[30.14862,2.8024],[30.16094,2.78924],[30.17699,2.78248],[30.18559,2.76809],[30.17925,2.73714],[30.18531,2.70986],[30.1964,2.7006],[30.20863,2.66932],[30.21327,2.60452],[30.20826,2.59296],[30.18471,2.58432],[30.19419,2.57282],[30.18706,2.55584],[30.14965,2.51274],[30.1444,2.51153],[30.14404,2.50279],[30.13554,2.4831],[30.1256,2.36988],[30.1146,2.37136],[30.10665,2.36598],[30.09817,2.36727],[30.07216,2.3603],[30.05719,2.36887],[30.05356,2.36584],[30.04299,2.32869],[30.03332,2.31363],[30.02726,2.28298],[30.01383,2.27684],[30.0,2.27487],[29.99783,2.27937],[29.98752,2.27134],[29.98865,2.26535],[29.98244,2.2488],[29.97512,2.24697],[29.97124,2.25135],[29.96665,2.24469],[29.95092,2.26981],[29.9468,2.26751],[29.94496,2.26062],[29.93671,2.25166],[29.92984,2.24983],[29.91439,2.18659],[29.9105,2.18476],[29.90388,2.18846],[29.88397,2.18436],[29.87917,2.18598],[29.87504,2.17563],[29.87061,2.1837],[29.85143,2.1483],[29.86149,2.14989],[29.86903,2.14665],[29.87291,2.13905],[29.87127,2.11973],[29.87699,2.12179],[29.89046,2.11049],[29.89915,2.11231],[29.90349,2.10954],[29.9037,2.09942],[29.89682,2.08885],[29.90181,2.07296],[29.89768,2.06607],[29.89721,2.05618],[29.86868,2.08039],[29.85266,2.07675],[29.83986,2.07815],[29.8337,2.083],[29.80879,2.09156],[29.79486,2.10263],[29.765,2.15261],[29.74765,2.16783],[29.73463,2.17315],[29.71705,2.18952],[29.69031,2.19762],[29.68069,2.19212],[29.67452,2.19489],[29.66332,2.19422],[29.65599,2.1894],[29.62302,2.18718],[29.61332,2.18935],[29.61008,2.21064],[29.62124,2.21413],[29.60594,2.27587],[29.60741,2.28366],[29.64548,2.27072],[29.6651,2.28622],[29.66041,2.30183],[29.64319,2.31468],[29.64121,2.32461],[29.64756,2.33309],[29.63915,2.3735],[29.64742,2.39397],[29.64999,2.42526],[29.63382,2.47349],[29.63157,2.49133],[29.61373,2.49344],[29.60069,2.4884],[29.58719,2.48819],[29.58147,2.48889],[29.57439,2.49488],[29.54899,2.49286],[29.52793,2.48276],[29.50711,2.47958],[29.47918,2.46742],[29.4794,2.46006],[29.45295,2.4524],[29.44391,2.43619],[29.43155,2.43367],[29.42149,2.4353],[29.41668,2.42702],[29.41027,2.42358],[29.38922,2.42499],[29.36794,2.41766],[29.32791,2.41381],[29.31785,2.4198],[29.3103,2.41797],[29.30161,2.42443],[29.29843,2.43433],[29.28402,2.44194],[29.27236,2.44357],[29.26873,2.46612],[29.2354,2.52415],[29.22925,2.54372],[29.20864,2.53793],[29.20299,2.52946],[29.20426,2.45574],[29.19927,2.44442],[29.19085,2.43667],[29.17518,2.40131],[29.14786,2.44467],[29.12715,2.45682],[29.11949,2.45474],[29.11036,2.44557],[29.09375,2.45203],[29.08671,2.44356],[29.09555,2.42579],[29.08239,2.4294],[29.07205,2.43725],[29.03992,2.42181],[29.0439,2.40407],[29.03167,2.39483],[29.01911,2.41878],[29.00515,2.41373],[28.99875,2.40776],[28.99028,2.40661],[28.98252,2.42043],[28.96971,2.42918],[28.96879,2.41676],[28.97815,2.39719],[28.98638,2.38913],[28.98751,2.37279],[28.99825,2.36496],[29.00053,2.35713],[28.99709,2.34793],[29.00052,2.34355],[28.98815,2.32401],[28.97691,2.29112],[28.97759,2.28559],[28.96878,2.27047],[28.85714,2.29015],[28.79897,2.30745],[28.78183,2.30186],[28.77451,2.30233],[28.76537,2.30901],[28.75302,2.30373],[28.7457,2.31294],[28.70935,2.3362],[28.713,2.32193],[28.72306,2.3072],[28.73792,2.2943],[28.74134,2.28395],[28.75072,2.28141],[28.75299,2.2676],[28.75917,2.2623],[28.7699,2.23239],[28.77698,2.22663],[28.77972,2.21696],[28.77262,2.20615],[28.77651,2.20109],[28.7749,2.19465],[28.76483,2.18177],[28.75121,2.1971],[28.73879,2.20496],[28.71865,2.20412],[28.71431,2.21102],[28.69716,2.21863],[28.69557,2.22484],[28.68116,2.23152],[28.67133,2.23222],[28.64641,2.24351],[28.63612,2.24144],[28.62812,2.26285],[28.62515,2.26561],[28.61966,2.26469],[28.61417,2.26976],[28.60937,2.26907],[28.60138,2.2884],[28.60115,2.29645],[28.59018,2.31257],[28.5879,2.32637],[28.58058,2.33397],[28.40999,2.25193],[28.39957,2.25163],[28.37887,2.29638],[28.34912,2.32116],[28.32213,2.3352],[28.3139,2.33613],[28.3168,2.31445],[28.29856,1.87411],[28.28895,1.85427],[28.2517,1.84144],[28.19063,1.79598],[28.18813,1.78486],[28.19191,1.77641],[28.19071,1.73781],[28.19954,1.71019],[28.21548,1.68989],[28.21214,1.68437],[28.1803,1.69005],[28.15391,1.70169],[28.0211,1.74688],[27.98173,1.75572],[27.96267,1.75583],[27.9413,1.74853],[27.93994,1.73242],[27.94611,1.72621],[27.94246,1.72046],[27.93823,1.72113],[27.92016,1.76124],[27.90086,1.79416],[27.8858,1.77861],[27.87827,1.77874],[27.86736,1.79197],[27.84721,1.8277],[27.78272,1.82884],[27.76343,1.85246],[27.75002,1.85642],[27.73913,1.85754],[27.71654,1.84585],[27.69397,1.81553],[27.68225,1.80829],[27.6278,1.82136],[27.60601,1.83199],[27.58505,1.84726],[27.57835,1.84458],[27.56665,1.82804],[27.5558,1.79937],[27.55333,1.77336],[27.56005,1.75741],[27.59613,1.70557],[27.6431,1.65447],[27.63692,1.58337],[27.64154,1.57165],[27.6658,1.59076],[27.69385,1.59445],[27.70139,1.59153],[27.70725,1.59422],[27.71561,1.60896],[27.7399,1.60481],[27.75622,1.61196],[27.80656,1.54451],[27.8112,1.52487],[27.80361,1.50444],[27.79973,1.50213],[27.79905,1.49477],[27.79129,1.48419],[27.77529,1.48326],[27.75085,1.47359],[27.75063,1.46439],[27.76799,1.4598],[27.77349,1.44325],[27.75058,1.44961],[27.69153,1.45811],[27.67393,1.46401],[27.66345,1.47444],[27.65046,1.47793],[27.63581,1.4754],[27.61825,1.45337],[27.60778,1.45355],[27.5839,1.46189],[27.58095,1.47498],[27.58718,1.51257],[27.57418,1.53879],[27.55155,1.55465],[27.54241,1.55579],[27.52458,1.56451],[27.51247,1.56519],[27.50469,1.57025],[27.44699,1.5546],[27.4492,1.53524],[27.46248,1.50903],[27.48032,1.48766],[27.47827,1.47662],[27.48401,1.44627],[27.49202,1.43639],[27.49431,1.42604],[27.50026,1.41892],[27.51625,1.41525],[27.53387,1.38951],[27.55718,1.37366],[27.56885,1.35964],[27.5723,1.33987],[27.59925,1.34104],[27.61271,1.36243],[27.6207,1.35853],[27.62345,1.34864],[27.63351,1.34106],[27.64562,1.34107],[27.65064,1.34476],[27.66389,1.34384],[27.67668,1.35052],[27.70021,1.34869],[27.71141,1.33559],[27.72672,1.33146],[27.73998,1.32203],[27.75071,1.32043],[27.75551,1.31331],[27.76511,1.3078],[27.77379,1.30872],[27.78261,1.30148],[27.76508,1.25664],[27.76803,1.24448],[27.78355,1.22884],[27.77853,1.22102],[27.75551,1.21165],[27.75637,1.19488],[27.77091,1.14961],[27.73941,1.12154],[27.74082,1.06844],[27.74675,1.06729],[27.75315,1.07373],[27.75703,1.0735],[27.76936,1.06569],[27.77302,1.05834],[27.78284,1.06524],[27.80294,1.05996],[27.8244,1.06342],[27.83537,1.04986],[27.85296,1.03883],[27.86072,1.03953],[27.86346,1.04573],[27.8751,1.0508],[27.89543,1.04897],[27.90479,1.04322],[27.91712,1.04713],[27.93334,1.04277],[27.93608,1.03702],[27.92246,1.0043],[27.87773,0.94644],[27.88612,0.93149],[27.89251,0.93402],[27.90713,0.92506],[27.91238,0.92552],[27.91968,0.93265],[27.92927,0.92254],[27.94571,0.92025],[27.95074,0.92117],[27.97425,0.94025],[27.98201,0.94072],[27.98795,0.93083],[28.00074,0.93313],[27.9545,0.84637],[27.93615,0.78989],[27.9387,0.76563],[27.94624,0.76177],[27.93453,0.74895],[28.01088,0.64981],[28.01794,0.63619],[28.02753,0.63297],[28.04282,0.63964],[28.0451,0.6509],[28.06176,0.66331],[28.06815,0.66423],[28.06952,0.67641],[28.07385,0.67894],[28.09599,0.67344],[28.1591,0.68522],[28.2485,0.68802],[28.33775,0.69783],[28.35165,0.68629],[28.35804,0.68698],[28.37539,0.67778],[28.37812,0.66192],[28.3909,0.66353],[28.39273,0.65778],[28.41007,0.65249],[28.42331,0.63548],[28.43427,0.63502],[28.44248,0.62835],[28.44636,0.62973],[28.44704,0.62123],[28.45891,0.60675],[28.47716,0.59318],[28.47693,0.58721],[28.48218,0.58606],[28.48789,0.57778],[28.505,0.56675],[28.50018,0.55992],[28.49769,0.54469],[28.50704,0.53389],[28.52325,0.54491],[28.52896,0.54215],[28.55474,0.54421],[28.55428,0.53249],[28.55885,0.52881],[28.55496,0.51962],[28.57802,0.52742],[28.59194,0.54028],[28.60495,0.53821],[28.61568,0.54693],[28.63166,0.54486],[28.63874,0.55427],[28.6465,0.55864],[28.65358,0.57242],[28.65739,0.57242],[28.66037,0.58137],[28.67429,0.57155],[28.68987,0.57072],[28.80344,0.57652],[28.90092,0.58763],[28.93208,0.58205],[28.97181,0.5629],[28.99142,0.56032],[29.00548,0.56342],[29.01701,0.58389],[29.04615,0.58952],[29.06763,0.61229],[29.07267,0.62883],[29.09892,0.63914],[29.10396,0.65362],[29.11012,0.65016],[29.11766,0.65176],[29.12794,0.66117],[29.16288,0.67676],[29.16493,0.66517],[29.16253,0.66167],[29.17335,0.65606],[29.177,0.64824],[29.1818,0.6549],[29.18727,0.64548],[29.19457,0.64455],[29.20369,0.63856],[29.2046,0.6335],[29.21874,0.62521],[29.22215,0.61694],[29.25361,0.61878],[29.26371,0.60363],[29.28603,0.587],[29.2905,0.58665],[29.29171,0.59397],[29.28075,0.61787],[29.29501,0.64615],[29.29626,0.66062],[29.30859,0.67964],[29.32541,0.68689],[29.32974,0.68436],[29.32617,0.6737],[29.33952,0.65608],[29.33134,0.64432],[29.3281,0.62825],[29.33012,0.62529],[29.34747,0.62274],[29.3591,0.61629],[29.36617,0.61674],[29.36502,0.611],[29.38126,0.59632],[29.39218,0.60293],[29.43372,0.60851],[29.45688,0.61539],[29.47392,0.6253],[29.46952,0.64872],[29.43191,0.65133],[29.41134,0.6658],[29.39428,0.67145],[29.38945,0.68369],[29.37675,0.69704],[29.36286,0.6931],[29.34701,0.70979],[29.34762,0.71341],[29.36123,0.72361],[29.37009,0.747],[29.37056,0.75343],[29.36435,0.76381],[29.36955,0.78756],[29.36973,0.82211],[29.37751,0.82782],[29.40456,0.80997],[29.40959,0.81501],[29.41576,0.8157],[29.41988,0.82327],[29.4297,0.83015],[29.44204,0.83404],[29.44708,0.84737],[29.45806,0.86022],[29.4754,0.85284],[29.48611,0.84202],[29.49457,0.80102],[29.50964,0.79021],[29.53686,0.78872],[29.52912,0.81304],[29.52821,0.83753],[29.52164,0.8471],[29.52291,0.86117],[29.53735,0.86334],[29.55979,0.87484],[29.57253,0.87096],[29.58595,0.86188],[29.60014,0.86123],[29.62319,0.85346],[29.62749,0.85632],[29.62735,0.88162],[29.63399,0.88611],[29.64087,0.90105],[29.64853,0.90153],[29.65912,0.90768],[29.66365,0.90612],[29.69599,0.86833],[29.70469,0.86441],[29.72679,0.86551],[29.73525,0.87445],[29.74096,0.8749],[29.74532,0.88731],[29.74351,0.89696],[29.75615,0.90796],[29.79464,0.90638],[29.79811,0.90963],[29.80776,0.91054],[29.82165,0.93078],[29.83806,0.94141],[29.85148,0.93995],[29.86121,0.9542],[29.86018,0.89742],[29.86496,0.88983],[29.87524,0.89073],[29.87683,0.88819],[29.87496,0.86659],[29.88794,0.84749],[29.89524,0.84379],[29.89977,0.82425],[29.90887,0.81365],[29.90703,0.8051],[29.92369,0.79868],[29.94495,0.81703],[29.95385,0.81333],[29.95705,0.81631],[29.95569,0.82275],[29.96462,0.83192],[29.98677,0.83716],[29.99113,0.84428],[29.99889,0.84518],[30.00879,0.85435],[30.01565,0.85374],[30.0199,0.8616],[30.02699,0.86053],[30.03173,0.8661],[30.04453,0.87145],[30.06343,0.87083],[30.07267,0.88196],[30.10452,0.89335],[30.11299,0.89184],[30.11647,0.89583],[30.13653,0.89141],[30.14459,0.8853],[30.15423,0.90218],[30.16129,0.90364],[30.17167,0.9157],[30.17305,0.93502],[30.1782,0.94496],[30.19137,0.95177],[30.19462,0.96789],[30.20733,0.97607],[30.22448,0.99487],[30.22626,0.99995],[30.22271,1.01048],[30.23145,1.0262],[30.24138,1.05848],[30.24588,1.08541]]]},"properties":{"nom":"Ituri","pcode":"CD54"}},{"type":"Feature","geometry":{"type":"Polygon","coordinates":[[[28.85752,-1.71526],[28.86269,-1.70703],[28.88296,-1.72875],[28.9033,-1.73313],[28.91701,-1.74224],[28.93557,-1.74487],[28.96918,-1.74166],[28.97946,-1.73301],[28.98388,-1.70984],[28.99906,-1.68975],[29.02667,-1.66938],[29.03561,-1.65809],[29.04949,-1.62728],[29.06109,-1.61217],[29.06698,-1.60949],[29.09397,-1.62129],[29.09693,-1.61991],[29.09931,-1.62375],[29.11524,-1.63028],[29.13164,-1.62865],[29.13721,-1.64232],[29.14098,-1.64306],[29.14422,-1.6389],[29.14864,-1.6395],[29.1584,-1.63403],[29.16513,-1.64418],[29.16357,-1.64996],[29.16905,-1.66338],[29.17906,-1.66869],[29.19455,-1.67074],[29.21365,-1.68175],[29.22188,-1.68152],[29.22379,-1.68362],[29.22157,-1.68672],[29.22647,-1.68627],[29.23087,-1.69624],[29.2423,-1.70016],[29.25238,-1.66229],[29.26189,-1.64301],[29.2828,-1.63706],[29.29128,-1.63051],[29.31378,-1.59096],[29.32602,-1.57995],[29.33581,-1.5572],[29.37791,-1.5279],[29.44358,-1.52994],[29.45667,-1.52245],[29.46646,-1.51363],[29.48596,-1.47658],[29.5118,-1.44757],[29.52317,-1.42753],[29.53019,-1.42087],[29.55285,-1.42169],[29.57516,-1.39769],[29.59583,-1.39515],[29.60095,-1.39116],[29.60903,-1.36707],[29.60985,-1.33815],[29.60307,-1.30928],[29.6006,-1.26808],[29.61116,-1.24102],[29.60447,-1.22488],[29.58784,-1.2081],[29.59381,-1.18587],[29.59517,-1.16243],[29.58752,-1.12502],[29.59503,-1.06209],[29.59173,-1.00517],[29.59378,-0.98725],[29.59967,-0.98767],[29.60087,-0.98117],[29.59675,-0.97683],[29.60082,-0.9716],[29.5958,-0.96641],[29.59538,-0.93364],[29.58837,-0.90988],[29.59284,-0.90354],[29.59932,-0.90251],[29.61507,-0.90121],[29.62759,-0.90484],[29.63532,-0.89194],[29.62887,-0.88569],[29.63115,-0.88074],[29.62708,-0.87262],[29.63024,-0.86729],[29.62679,-0.85962],[29.63063,-0.84782],[29.63999,-0.83538],[29.64084,-0.82248],[29.63197,-0.80379],[29.63333,-0.79729],[29.62737,-0.79124],[29.63115,-0.78793],[29.62846,-0.7864],[29.62799,-0.77772],[29.63211,-0.77184],[29.62877,-0.75756],[29.6324,-0.74727],[29.62604,-0.70578],[29.63193,-0.69748],[29.63657,-0.67287],[29.64135,-0.67192],[29.64766,-0.65879],[29.64918,-0.64522],[29.65911,-0.62817],[29.64979,-0.59767],[29.66572,-0.59022],[29.67927,-0.56717],[29.67445,-0.55558],[29.66811,-0.55499],[29.66548,-0.55117],[29.671,-0.52197],[29.66748,-0.50775],[29.677,-0.49667],[29.67418,-0.49168],[29.68394,-0.46243],[29.68371,-0.44665],[29.68039,-0.44569],[29.74622,-0.16442],[29.74177,-0.11025],[29.74925,-0.09892],[29.75806,-0.06638],[29.75427,-0.05608],[29.74574,-0.04814],[29.74448,-0.04113],[29.76019,-0.02538],[29.7606,-0.02156],[29.76016,-0.01725],[29.73963,0.00953],[29.73104,0.06507],[29.73424,0.07073],[29.74809,0.08023],[29.74801,0.10684],[29.76326,0.12759],[29.79038,0.15029],[29.8261,0.16615],[29.83943,0.18388],[29.86138,0.302],[29.87351,0.3373],[29.87324,0.35698],[29.88303,0.38561],[29.88758,0.39128],[29.89866,0.39582],[29.9595,0.40735],[29.99232,0.48203],[29.98869,0.54304],[29.98168,0.5526],[29.95855,0.61541],[29.94967,0.62977],[29.91084,0.65438],[29.91886,0.68608],[29.9381,0.70626],[29.94247,0.71866],[29.94135,0.74509],[29.94824,0.75197],[29.95079,0.76852],[29.96177,0.77953],[29.96032,0.78693],[29.97166,0.81444],[29.98833,0.83302],[29.98677,0.83716],[29.9701,0.8349],[29.95569,0.82275],[29.95705,0.81631],[29.95385,0.81333],[29.94495,0.81703],[29.92369,0.79868],[29.90703,0.8051],[29.90887,0.81365],[29.89977,0.82425],[29.89524,0.84379],[29.88794,0.84749],[29.87496,0.86659],[29.87683,0.88819],[29.87524,0.89073],[29.86496,0.88983],[29.86018,0.89742],[29.86121,0.9542],[29.85148,0.93995],[29.83806,0.94141],[29.82165,0.93078],[29.80776,0.91054],[29.79811,0.90963],[29.79464,0.90638],[29.75615,0.90796],[29.74351,0.89696],[29.74532,0.88731],[29.74096,0.8749],[29.73525,0.87445],[29.72679,0.86551],[29.70469,0.86441],[29.69599,0.86833],[29.66365,0.90612],[29.65912,0.90768],[29.64853,0.90153],[29.64087,0.90105],[29.63399,0.88611],[29.62735,0.88162],[29.62749,0.85632],[29.62319,0.85346],[29.60014,0.86123],[29.58595,0.86188],[29.57253,0.87096],[29.55979,0.87484],[29.53735,0.86334],[29.52291,0.86117],[29.52164,0.8471],[29.52821,0.83753],[29.52912,0.81304],[29.53686,0.78872],[29.50964,0.79021],[29.49457,0.80102],[29.48611,0.84202],[29.4754,0.85284],[29.45806,0.86022],[29.44708,0.84737],[29.44204,0.83404],[29.4297,0.83015],[29.41988,0.82327],[29.41576,0.8157],[29.40959,0.81501],[29.40456,0.80997],[29.37751,0.82782],[29.36973,0.82211],[29.36955,0.78756],[29.36435,0.76381],[29.37056,0.75343],[29.37009,0.747],[29.36123,0.72361],[29.34762,0.71341],[29.34701,0.70979],[29.36286,0.6931],[29.37675,0.69704],[29.38945,0.68369],[29.39428,0.67145],[29.41134,0.6658],[29.43191,0.65133],[29.46952,0.64872],[29.47392,0.6253],[29.45688,0.61539],[29.43372,0.60851],[29.39218,0.60293],[29.38126,0.59632],[29.36502,0.611],[29.36617,0.61674],[29.3591,0.61629],[29.34747,0.62274],[29.33012,0.62529],[29.3281,0.62825],[29.33134,0.64432],[29.33952,0.65608],[29.32617,0.6737],[29.32974,0.68436],[29.32541,0.68689],[29.30436,0.67558],[29.29626,0.66062],[29.29501,0.64615],[29.28075,0.61787],[29.29016,0.60038],[29.2905,0.58665],[29.28271,0.58857],[29.27665,0.59614],[29.26371,0.60363],[29.25361,0.61878],[29.22215,0.61694],[29.21874,0.62521],[29.2046,0.6335],[29.20369,0.63856],[29.19457,0.64455],[29.18727,0.64548],[29.1818,0.6549],[29.177,0.64824],[29.17335,0.65606],[29.16253,0.66167],[29.16493,0.66517],[29.16288,0.67676],[29.12794,0.66117],[29.11766,0.65176],[29.11012,0.65016],[29.10396,0.65362],[29.09892,0.63914],[29.07267,0.62883],[29.06763,0.61229],[29.04615,0.58952],[29.01701,0.58389],[29.00548,0.56342],[28.99142,0.56032],[28.97181,0.5629],[28.93208,0.58205],[28.90092,0.58763],[28.80344,0.57652],[28.68987,0.57072],[28.67429,0.57155],[28.66037,0.58137],[28.65739,0.57242],[28.65358,0.57242],[28.6465,0.55864],[28.63874,0.55427],[28.63166,0.54486],[28.61568,0.54693],[28.60495,0.53821],[28.59194,0.54028],[28.57802,0.52742],[28.55496,0.51962],[28.55885,0.52881],[28.55428,0.53249],[28.55474,0.54421],[28.52896,0.54215],[28.52325,0.54491],[28.50704,0.53389],[28.49838,0.54193],[28.50018,0.55992],[28.505,0.56675],[28.48789,0.57778],[28.48218,0.58606],[28.47693,0.58721],[28.47716,0.59318],[28.45891,0.60675],[28.44704,0.62123],[28.44636,0.62973],[28.44248,0.62835],[28.43427,0.63502],[28.42331,0.63548],[28.41007,0.65249],[28.39273,0.65778],[28.3909,0.66353],[28.37812,0.66192],[28.37539,0.67778],[28.35804,0.68698],[28.35165,0.68629],[28.34343,0.69502],[28.33775,0.69783],[28.31431,0.697],[28.2485,0.68802],[28.1591,0.68522],[28.09599,0.67344],[28.07385,0.67894],[28.06952,0.67641],[28.06815,0.66423],[28.06176,0.66331],[28.0451,0.6509],[28.04282,0.63964],[28.02753,0.63297],[28.01794,0.63619],[28.00904,0.6332],[27.99307,0.61274],[27.97664,0.61343],[27.9691,0.62124],[27.95525,0.62185],[27.92273,0.59844],[27.89306,0.5617],[27.8552,0.55757],[27.7966,0.53002],[27.81691,0.51801],[27.82993,0.50354],[27.83724,0.50032],[27.84112,0.49297],[27.85413,0.48792],[27.86371,0.48816],[27.88106,0.48035],[27.89201,0.48334],[27.90114,0.49139],[27.90502,0.4822],[27.91073,0.48036],[27.91757,0.49185],[27.92099,0.49185],[27.93492,0.48037],[27.94108,0.47852],[27.95363,0.48083],[27.95979,0.4744],[27.98284,0.47142],[28.00407,0.47396],[28.01297,0.46109],[28.02666,0.46339],[28.03002,0.44772],[28.02484,0.4391],[28.02598,0.43628],[28.0326,0.43674],[28.03694,0.43169],[28.04789,0.42778],[28.05178,0.40786],[28.04539,0.41108],[28.03444,0.40274],[28.04402,0.3947],[28.03946,0.38121],[28.04197,0.37747],[28.05041,0.38137],[28.05635,0.38046],[28.05905,0.37659],[28.05658,0.33956],[28.06202,0.33204],[28.0559,0.32447],[28.05454,0.30739],[28.06207,0.28488],[28.06778,0.28051],[28.06618,0.26971],[28.0696,0.26489],[28.07622,0.26512],[28.0833,0.24743],[28.09676,0.24514],[28.10178,0.23342],[28.12003,0.23412],[28.13417,0.22079],[28.12802,0.21023],[28.12711,0.19254],[28.12026,0.1868],[28.1376,0.18358],[28.15403,0.15097],[28.1522,0.14477],[28.13966,0.13811],[28.13692,0.12777],[28.1278,0.12455],[28.13077,0.11927],[28.12803,0.11583],[28.10431,0.10641],[28.10248,0.10296],[28.10682,0.09378],[28.09952,0.07908],[28.1066,0.063],[28.09839,0.04187],[28.1025,0.02832],[28.09702,0.02235],[28.10227,0.01271],[28.10068,0.00467],[28.09129,-0.00505],[28.10119,-0.0259],[28.10376,-0.03921],[28.10198,-0.05069],[28.10771,-0.05687],[28.11033,-0.08027],[28.11634,-0.09838],[28.11366,-0.11102],[28.11832,-0.1335],[28.11864,-0.15394],[28.138,-0.19885],[28.14499,-0.23004],[28.14367,-0.24176],[28.15285,-0.25389],[28.15313,-0.26537],[28.13357,-0.27969],[28.11348,-0.27771],[28.10074,-0.28649],[28.09621,-0.29362],[28.088,-0.29457],[28.07323,-0.30795],[28.03558,-0.30902],[28.00937,-0.31694],[27.99619,-0.3287],[27.9856,-0.36089],[27.97038,-0.37611],[27.95148,-0.38767],[27.94198,-0.40654],[27.95715,-0.43197],[27.9693,-0.44433],[27.97808,-0.47002],[27.97565,-0.4884],[27.97872,-0.51319],[27.97041,-0.54469],[27.96267,-0.55001],[27.94738,-0.54984],[27.93807,-0.56159],[27.93562,-0.5763],[27.91159,-0.58485],[27.90375,-0.59396],[27.84101,-0.59602],[27.83463,-0.60977],[27.83076,-0.61139],[27.82442,-0.62519],[27.82272,-0.65369],[27.82729,-0.65597],[27.83098,-0.66629],[27.82691,-0.67389],[27.80551,-0.69028],[27.80518,-0.72129],[27.80819,-0.73139],[27.80412,-0.73945],[27.80643,-0.74679],[27.8053,-0.75001],[27.80004,-0.74704],[27.78008,-0.78043],[27.7831,-0.79283],[27.77882,-0.80709],[27.77954,-0.81536],[27.76708,-0.8409],[27.77222,-0.87076],[27.76635,-0.88571],[27.75244,-0.89151],[27.72026,-0.89484],[27.71661,-0.89784],[27.70632,-0.89305],[27.69796,-0.91537],[27.67952,-0.92992],[27.66307,-0.92814],[27.65326,-0.93047],[27.64617,-0.92705],[27.63843,-0.93443],[27.62994,-0.92389],[27.62081,-0.92438],[27.60707,-0.91593],[27.58925,-0.91369],[27.57506,-0.9034],[27.55542,-0.90508],[27.54814,-0.90993],[27.51727,-0.899],[27.49969,-0.90044],[27.46366,-0.91481],[27.44173,-0.9135],[27.3859,-0.94516],[27.37244,-0.94819],[27.34684,-0.94253],[27.33454,-0.95015],[27.3108,-0.95505],[27.28576,-0.9788],[27.27617,-0.97791],[27.27435,-0.98022],[27.27669,-0.99583],[27.26875,-1.01171],[27.26854,-1.01815],[27.27752,-1.03834],[27.27825,-1.05259],[27.26665,-1.06756],[27.26829,-1.07836],[27.2841,-1.09233],[27.29039,-1.12931],[27.32155,-1.15564],[27.33809,-1.18179],[27.33445,-1.18893],[27.32716,-1.1924],[27.30268,-1.18144],[27.28761,-1.18379],[27.27712,-1.19026],[27.26518,-1.17283],[27.25057,-1.17402],[27.22825,-1.19271],[27.22714,-1.20489],[27.23537,-1.20509],[27.26473,-1.23925],[27.28236,-1.25207],[27.28674,-1.26447],[27.30918,-1.27911],[27.32638,-1.29767],[27.34534,-1.29738],[27.3648,-1.30674],[27.34823,-1.33921],[27.34694,-1.36082],[27.39142,-1.45005],[27.40331,-1.45867],[27.41148,-1.45813],[27.43057,-1.44622],[27.44942,-1.45933],[27.45846,-1.4947],[27.49862,-1.53871],[27.50789,-1.57523],[27.50818,-1.58972],[27.5153,-1.60096],[27.52562,-1.60897],[27.52841,-1.62207],[27.54077,-1.62708],[27.54789,-1.63786],[27.56069,-1.6369],[27.57147,-1.64721],[27.57809,-1.6442],[27.58727,-1.65635],[27.59734,-1.65884],[27.60607,-1.66939],[27.61545,-1.67281],[27.618,-1.6813],[27.62304,-1.68497],[27.64545,-1.68673],[27.65346,-1.69107],[27.65807,-1.70071],[27.65581,-1.70738],[27.65903,-1.71059],[27.66839,-1.70872],[27.67278,-1.72112],[27.67737,-1.72524],[27.67332,-1.74296],[27.68045,-1.75236],[27.68072,-1.76409],[27.68464,-1.77166],[27.69401,-1.77094],[27.69745,-1.77414],[27.72052,-1.76946],[27.73657,-1.78205],[27.73911,-1.79009],[27.74666,-1.78937],[27.74202,-1.83101],[27.75625,-1.84475],[27.75172,-1.85558],[27.75406,-1.86821],[27.74859,-1.87306],[27.75054,-1.90433],[27.74291,-1.93908],[27.74653,-1.97768],[27.73968,-2.00057],[27.78457,-2.02876],[27.83839,-2.03388],[27.8616,-2.01327],[27.88502,-2.00145],[27.90866,-1.9992],[27.94975,-2.00025],[27.96198,-2.01628],[27.97365,-2.00917],[27.98466,-2.00684],[27.98864,-2.00846],[27.99062,-2.02522],[27.99789,-2.03245],[28.01163,-2.01179],[28.04303,-2.004],[28.08714,-1.99868],[28.10079,-2.00834],[28.09486,-2.02506],[28.10012,-2.04742],[28.09976,-2.06577],[28.1475,-2.04691],[28.16706,-2.04596],[28.15117,-2.02004],[28.15497,-2.00094],[28.17165,-1.99393],[28.24004,-1.99055],[28.26639,-1.99396],[28.3042,-1.99051],[28.31571,-1.97869],[28.32712,-1.97616],[28.33839,-1.98913],[28.35034,-1.994],[28.37433,-1.99322],[28.38227,-1.97789],[28.37704,-1.96086],[28.35019,-1.94757],[28.35386,-1.93992],[28.36237,-1.92766],[28.37203,-1.92152],[28.4244,-1.89988],[28.45078,-1.89295],[28.44974,-1.86513],[28.48157,-1.87671],[28.51106,-1.87681],[28.52419,-1.89675],[28.54157,-1.8969],[28.55853,-1.90464],[28.56676,-1.90483],[28.57926,-1.89075],[28.59112,-1.88448],[28.61716,-1.88022],[28.62998,-1.88361],[28.64099,-1.89091],[28.64735,-1.88307],[28.67775,-1.86771],[28.70031,-1.82862],[28.69574,-1.80597],[28.66887,-1.79392],[28.6751,-1.77002],[28.66595,-1.74735],[28.66768,-1.73976],[28.6846,-1.74186],[28.69932,-1.76324],[28.7161,-1.78018],[28.74948,-1.78185],[28.76451,-1.77143],[28.81661,-1.7675],[28.82527,-1.76147],[28.8359,-1.73981],[28.85752,-1.71526]]]},"properties":{"nom":"Nord-Kivu","pcode":"CD61"}},{"type":"Feature","geometry":{"type":"MultiPolygon","coordinates":[[[[27.92925,-4.12763],[27.94225,-4.1272],[27.94137,-4.12212],[27.9669,-4.10502],[27.98568,-4.10903],[27.98312,-4.11144],[28.00343,-4.11885],[28.03621,-4.12253],[28.02976,-4.13949],[28.01664,-4.14584],[28.02441,-4.16311],[28.01629,-4.17123],[28.02151,-4.17497],[28.01681,-4.18473],[28.01781,-4.19091],[28.03102,-4.18557],[28.03924,-4.19001],[28.04937,-4.18058],[28.06114,-4.18354],[28.07425,-4.18948],[28.0719,-4.19633],[28.08288,-4.19612],[28.09365,-4.2086],[28.10014,-4.2128],[28.10679,-4.21187],[28.11956,-4.22721],[28.12628,-4.21559],[28.13615,-4.22377],[28.1457,-4.22299],[28.166,-4.21191],[28.16973,-4.19724],[28.17555,-4.19089],[28.1748,-4.18562],[28.17826,-4.1855],[28.17418,-4.18089],[28.18216,-4.16855],[28.179,-4.16474],[28.18514,-4.15732],[28.17465,-4.13629],[28.18597,-4.11919],[28.19817,-4.1213],[28.20517,-4.12657],[28.21035,-4.13663],[28.22472,-4.17802],[28.24266,-4.19964],[28.30758,-4.24314],[28.35845,-4.28203],[28.3733,-4.27314],[28.37894,-4.27441],[28.39345,-4.3038],[28.39715,-4.30606],[28.4,-4.32699],[28.39637,-4.33483],[28.40247,-4.36425],[28.41678,-4.37513],[28.4457,-4.38725],[28.48085,-4.39671],[28.4918,-4.4085],[28.49388,-4.4546],[28.50338,-4.46102],[28.55314,-4.46006],[28.55279,-4.52339],[28.56744,-4.54062],[28.60729,-4.67661],[28.61963,-4.69132],[28.63488,-4.70096],[28.6593,-4.70571],[28.66391,-4.71076],[28.6655,-4.72056],[28.67467,-4.72574],[28.67757,-4.7359],[28.68385,-4.73957],[28.67955,-4.75073],[28.68903,-4.756],[28.68466,-4.76851],[28.6877,-4.77395],[28.68497,-4.77812],[28.68991,-4.79949],[28.69761,-4.80352],[28.69514,-4.81],[28.70391,-4.81081],[28.71608,-4.81997],[28.71734,-4.82505],[28.71254,-4.82838],[28.71315,-4.8342],[28.72806,-4.84491],[28.72692,-4.84817],[28.73466,-4.84894],[28.73725,-4.85304],[28.75004,-4.90088],[28.76825,-4.91416],[28.76887,-4.91776],[28.75548,-4.9237],[28.75998,-4.93881],[28.75099,-4.94515],[28.74909,-4.94368],[28.75456,-4.96093],[28.76155,-4.96046],[28.76965,-4.96732],[28.77671,-4.96596],[28.77127,-4.97302],[28.77609,-4.98384],[28.78498,-4.99428],[28.78874,-4.99116],[28.79572,-4.99347],[28.80351,-5.01033],[29.37208,-5.00791],[29.35524,-4.85811],[29.35226,-4.79868],[29.35963,-4.65217],[29.37843,-4.50187],[29.38908,-4.37833],[29.38488,-4.32403],[29.38593,-4.26678],[29.37904,-4.20195],[29.35252,-4.11245],[29.30213,-4.00125],[29.27231,-3.97414],[29.23106,-3.95078],[29.22585,-3.8964],[29.22515,-3.83073],[29.23121,-3.74861],[29.23587,-3.56323],[29.22821,-3.53829],[29.2159,-3.45799],[29.19694,-3.38441],[29.19694,-3.35725],[29.19749,-3.34736],[29.20294,-3.34708],[29.22035,-3.33277],[29.23081,-3.30145],[29.22897,-3.28522],[29.241,-3.27759],[29.23892,-3.27274],[29.24176,-3.26926],[29.23244,-3.25903],[29.23116,-3.24363],[29.22576,-3.22994],[29.22621,-3.22382],[29.23178,-3.2206],[29.23118,-3.21582],[29.23465,-3.21333],[29.22778,-3.20562],[29.22907,-3.20125],[29.22234,-3.19867],[29.22462,-3.1876],[29.23144,-3.18486],[29.22441,-3.18039],[29.23294,-3.16859],[29.22821,-3.15991],[29.23957,-3.14904],[29.23967,-3.13956],[29.24444,-3.1387],[29.24411,-3.12895],[29.24982,-3.12974],[29.24725,-3.12358],[29.25383,-3.12463],[29.25616,-3.117],[29.26106,-3.11478],[29.25124,-3.10979],[29.25426,-3.10155],[29.24699,-3.09672],[29.25402,-3.09548],[29.25255,-3.08999],[29.25968,-3.08615],[29.25502,-3.08306],[29.25507,-3.07563],[29.25859,-3.0742],[29.25726,-3.06617],[29.24946,-3.06233],[29.25317,-3.05126],[29.23993,-3.04139],[29.24083,-3.03597],[29.23225,-3.03344],[29.2366,-3.02534],[29.229,-3.02603],[29.22602,-3.02022],[29.2197,-3.02249],[29.20525,-3.02037],[29.20385,-3.02323],[29.19655,-3.01714],[29.19339,-3.00873],[29.18517,-3.00887],[29.18557,-3.00073],[29.17756,-2.9921],[29.16834,-2.99702],[29.16625,-2.99315],[29.17212,-2.98393],[29.16634,-2.97217],[29.16912,-2.97035],[29.16646,-2.96624],[29.16848,-2.95982],[29.16171,-2.9574],[29.15394,-2.94684],[29.14307,-2.94684],[29.12862,-2.93014],[29.12225,-2.93085],[29.10892,-2.92223],[29.10181,-2.92443],[29.09601,-2.91852],[29.08936,-2.89948],[29.09444,-2.88282],[29.09316,-2.87611],[29.09,-2.87083],[29.08534,-2.87293],[29.07593,-2.86389],[29.06932,-2.86375],[29.07051,-2.8579],[29.06623,-2.85429],[29.06918,-2.84963],[29.06131,-2.84325],[29.06008,-2.83457],[29.05195,-2.82642],[29.05086,-2.82064],[29.04592,-2.81931],[29.02785,-2.82631],[29.02319,-2.82167],[29.01397,-2.82107],[29.00601,-2.81606],[29.001,-2.80021],[29.00249,-2.78241],[29.02697,-2.76044],[29.03819,-2.76104],[29.04055,-2.74479],[29.03463,-2.73396],[29.02053,-2.71926],[28.99545,-2.69953],[28.98844,-2.69994],[28.98269,-2.69416],[28.9772,-2.69492],[28.96826,-2.7041],[28.95916,-2.69385],[28.9472,-2.69103],[28.94359,-2.69349],[28.93952,-2.68926],[28.94038,-2.68464],[28.93557,-2.68147],[28.91807,-2.68112],[28.90978,-2.66529],[28.89709,-2.66102],[28.89542,-2.65277],[28.90398,-2.64969],[28.90557,-2.64624],[28.90265,-2.63549],[28.90399,-2.62668],[28.90226,-2.62443],[28.90088,-2.62782],[28.89852,-2.62142],[28.90202,-2.60887],[28.89743,-2.59983],[28.89998,-2.58487],[28.8952,-2.57546],[28.89311,-2.56087],[28.87685,-2.55046],[28.8611,-2.52897],[28.8661,-2.51585],[28.87428,-2.5092],[28.88857,-2.50514],[28.89301,-2.49097],[28.88679,-2.47243],[28.87409,-2.45983],[28.87128,-2.44571],[28.87208,-2.42675],[28.88174,-2.39601],[28.89275,-2.38237],[28.91293,-2.37084],[28.94655,-2.37548],[28.96645,-2.36874],[28.99061,-2.34404],[29.01709,-2.29108],[29.02733,-2.28817],[29.04446,-2.28951],[29.06089,-2.29753],[29.08036,-2.29445],[29.09948,-2.28393],[29.1486,-2.19662],[29.16089,-2.16176],[29.17335,-2.10706],[29.17318,-2.03637],[29.16549,-1.92809],[29.16691,-1.88601],[29.18592,-1.81237],[29.24266,-1.70302],[29.24236,-1.70012],[29.23087,-1.69624],[29.22647,-1.68627],[29.22157,-1.68672],[29.22379,-1.68362],[29.22188,-1.68152],[29.21365,-1.68175],[29.19455,-1.67074],[29.17906,-1.66869],[29.16905,-1.66338],[29.16357,-1.64996],[29.16513,-1.64418],[29.1584,-1.63403],[29.13818,-1.64258],[29.13164,-1.62865],[29.11524,-1.63028],[29.07212,-1.60987],[29.06109,-1.61217],[29.04949,-1.62728],[29.03561,-1.65809],[29.0223,-1.67397],[28.99906,-1.68975],[28.98388,-1.70984],[28.97946,-1.73301],[28.96918,-1.74166],[28.93557,-1.74487],[28.91701,-1.74224],[28.9033,-1.73313],[28.88296,-1.72875],[28.86269,-1.70703],[28.85227,-1.72363],[28.8359,-1.73981],[28.82527,-1.76147],[28.81661,-1.7675],[28.76451,-1.77143],[28.74948,-1.78185],[28.7161,-1.78018],[28.69932,-1.76324],[28.6846,-1.74186],[28.66768,-1.73976],[28.66595,-1.74735],[28.6751,-1.77002],[28.66887,-1.79392],[28.69574,-1.80597],[28.70031,-1.82862],[28.67775,-1.86771],[28.64735,-1.88307],[28.64099,-1.89091],[28.62998,-1.88361],[28.60551,-1.88073],[28.57926,-1.89075],[28.56676,-1.90483],[28.55853,-1.90464],[28.54157,-1.8969],[28.52419,-1.89675],[28.51106,-1.87681],[28.48157,-1.87671],[28.44974,-1.86513],[28.45078,-1.89295],[28.4244,-1.89988],[28.37203,-1.92152],[28.36237,-1.92766],[28.35386,-1.93992],[28.35019,-1.94757],[28.37704,-1.96086],[28.38227,-1.97789],[28.37433,-1.99322],[28.35034,-1.994],[28.33839,-1.98913],[28.32712,-1.97616],[28.31571,-1.97869],[28.3042,-1.99051],[28.26639,-1.99396],[28.24004,-1.99055],[28.17165,-1.99393],[28.15497,-2.00094],[28.15117,-2.02004],[28.16706,-2.04596],[28.1475,-2.04691],[28.09976,-2.06577],[28.10012,-2.04742],[28.09486,-2.02506],[28.10079,-2.00834],[28.08714,-1.99868],[28.04303,-2.004],[28.01163,-2.01179],[27.99789,-2.03245],[27.99062,-2.02522],[27.98864,-2.00846],[27.98466,-2.00684],[27.97365,-2.00917],[27.96198,-2.01628],[27.94975,-2.00025],[27.88502,-2.00145],[27.8616,-2.01327],[27.83839,-2.03388],[27.78457,-2.02876],[27.73968,-2.00057],[27.38091,-1.99122],[27.37486,-1.99986],[27.37831,-2.00616],[27.39364,-2.01689],[27.43511,-2.02912],[27.45643,-2.02913],[27.47236,-2.03395],[27.47363,-2.04098],[27.46779,-2.05837],[27.45296,-2.08427],[27.44615,-2.10721],[27.45345,-2.12053],[27.45258,-2.13052],[27.38469,-2.16713],[27.36881,-2.16416],[27.35303,-2.16526],[27.31919,-2.19596],[27.28804,-2.24213],[27.27094,-2.23839],[27.26883,-2.22926],[27.26415,-2.22663],[27.25583,-2.23055],[27.25208,-2.24107],[27.24295,-2.24868],[27.24119,-2.26639],[27.23748,-2.27134],[27.23142,-2.26931],[27.22836,-2.2635],[27.22734,-2.23854],[27.21236,-2.23328],[27.20654,-2.24268],[27.20316,-2.23849],[27.20247,-2.22371],[27.19373,-2.23426],[27.18831,-2.23349],[27.18726,-2.22771],[27.19741,-2.22216],[27.19653,-2.2186],[27.18303,-2.22271],[27.18037,-2.23892],[27.17607,-2.2416],[27.17108,-2.23529],[27.17569,-2.21958],[27.17141,-2.21647],[27.16616,-2.22469],[27.15484,-2.22264],[27.15004,-2.23493],[27.1474,-2.23067],[27.15301,-2.21384],[27.14013,-2.21272],[27.12311,-2.22324],[27.12359,-2.23658],[27.11677,-2.23318],[27.11085,-2.22398],[27.11596,-2.21044],[27.09868,-2.20373],[27.08789,-2.20518],[27.07895,-2.20059],[27.06621,-2.21054],[27.06037,-2.20212],[27.0606,-2.18919],[27.05654,-2.17835],[27.04328,-2.17608],[27.038,-2.17147],[27.03724,-2.16501],[27.02914,-2.16764],[27.02372,-2.16449],[27.02079,-2.16138],[27.01984,-2.1499],[27.01145,-2.14445],[27.01,-2.13742],[27.00565,-2.14046],[27.00397,-2.14992],[26.99833,-2.15047],[26.98856,-2.13187],[26.97687,-2.12389],[26.97437,-2.12776],[26.98417,-2.15246],[26.97956,-2.15473],[26.97155,-2.14878],[26.96896,-2.13472],[26.96335,-2.12905],[26.95843,-2.13806],[26.94785,-2.14404],[26.94483,-2.15091],[26.93758,-2.15043],[26.93456,-2.1554],[26.93965,-2.16126],[26.93202,-2.17226],[26.93694,-2.17611],[26.93739,-2.18225],[26.91904,-2.1702],[26.9131,-2.15837],[26.90609,-2.16135],[26.89283,-2.15552],[26.87842,-2.15693],[26.87298,-2.16131],[26.86804,-2.15891],[26.85806,-2.21414],[26.85115,-2.28871],[26.85211,-2.29585],[26.86198,-2.3133],[26.86142,-2.32282],[26.8567,-2.33098],[26.84802,-2.33354],[26.8446,-2.33884],[26.83567,-2.33518],[26.83248,-2.33956],[26.82904,-2.33934],[26.82606,-2.33474],[26.82059,-2.34051],[26.81065,-2.33982],[26.82411,-2.37833],[26.81821,-2.39578],[26.8202,-2.44655],[26.8269,-2.46321],[26.85601,-2.49415],[26.87055,-2.54254],[26.87104,-2.56316],[26.86573,-2.57188],[26.85488,-2.57981],[26.85437,-2.59171],[26.85978,-2.60209],[26.85629,-2.60617],[26.86424,-2.60877],[26.88164,-2.64485],[26.88975,-2.65437],[26.90497,-2.66469],[26.91002,-2.67817],[26.90075,-2.6861],[26.9057,-2.69562],[26.94295,-2.71238],[26.94577,-2.73975],[26.93825,-2.74966],[26.93715,-2.76277],[26.93169,-2.77636],[26.9155,-2.79412],[26.91826,-2.79779],[26.91622,-2.80746],[26.94491,-2.82013],[26.95713,-2.83679],[26.96169,-2.86296],[26.97583,-2.90261],[26.9798,-2.92877],[26.99125,-2.94207],[26.99836,-2.94551],[27.00142,-2.95901],[27.01591,-2.96111],[27.02076,-2.95072],[27.02454,-2.94917],[27.02356,-2.95966],[27.029,-2.96852],[27.04899,-2.97863],[27.0578,-2.9877],[27.06059,-3.02102],[27.05401,-3.02888],[27.05798,-3.04128],[27.06224,-3.04472],[27.06708,-3.04061],[27.07293,-3.04107],[27.09539,-3.06574],[27.11372,-3.06897],[27.11814,-3.0736],[27.11992,-3.07962],[27.11724,-3.0845],[27.12246,-3.09737],[27.12277,-3.11551],[27.11172,-3.13646],[27.11495,-3.14074],[27.12976,-3.14482],[27.13173,-3.15173],[27.11857,-3.17863],[27.12294,-3.19263],[27.1212,-3.20147],[27.12788,-3.2046],[27.12748,-3.20845],[27.11053,-3.24562],[27.12795,-3.26093],[27.14203,-3.2653],[27.13463,-3.27369],[27.13468,-3.28262],[27.12375,-3.2934],[27.12047,-3.30226],[27.11315,-3.30448],[27.0991,-3.31805],[27.09461,-3.34116],[27.10502,-3.3637],[27.09194,-3.37875],[27.09415,-3.38687],[27.10057,-3.39282],[27.10813,-3.38464],[27.11455,-3.38721],[27.11935,-3.40964],[27.11329,-3.42158],[27.11545,-3.43056],[27.12053,-3.43054],[27.12862,-3.42366],[27.13259,-3.42872],[27.12978,-3.4431],[27.11906,-3.45719],[27.12018,-3.47138],[27.12365,-3.47403],[27.1236,-3.47971],[27.12966,-3.48394],[27.13358,-3.4989],[27.12794,-3.51252],[27.12845,-3.53194],[27.11678,-3.53971],[27.12035,-3.54685],[27.12365,-3.53962],[27.13518,-3.53878],[27.13228,-3.55313],[27.13461,-3.55937],[27.12581,-3.55631],[27.12146,-3.55836],[27.12719,-3.57358],[27.12282,-3.57386],[27.12479,-3.57995],[27.11683,-3.58215],[27.11635,-3.59287],[27.11122,-3.5948],[27.11058,-3.60481],[27.10685,-3.60658],[27.10946,-3.61357],[27.10288,-3.61692],[27.10399,-3.62341],[27.09929,-3.62346],[27.09667,-3.64679],[27.10012,-3.65078],[27.09762,-3.65911],[27.10007,-3.66575],[27.09587,-3.67406],[27.1001,-3.67867],[27.09273,-3.68545],[27.09444,-3.69008],[27.09986,-3.68922],[27.09608,-3.69827],[27.09881,-3.69995],[27.08928,-3.70269],[27.09175,-3.70778],[27.0874,-3.71055],[27.08762,-3.71382],[27.09258,-3.72349],[27.0856,-3.72807],[27.0908,-3.7327],[27.08814,-3.73564],[27.09594,-3.74037],[27.0995,-3.75138],[27.09658,-3.75343],[27.10214,-3.75243],[27.10231,-3.76035],[27.10902,-3.7586],[27.10641,-3.76686],[27.11249,-3.76896],[27.11111,-3.77099],[27.11672,-3.77493],[27.11225,-3.78455],[27.1216,-3.78634],[27.12443,-3.79606],[27.1288,-3.7978],[27.12863,-3.80542],[27.13215,-3.80482],[27.13034,-3.811],[27.13562,-3.80778],[27.14311,-3.8116],[27.1412,-3.82036],[27.14422,-3.81848],[27.15252,-3.82122],[27.15972,-3.83762],[27.16521,-3.83729],[27.16371,-3.84242],[27.16718,-3.84564],[27.16352,-3.84462],[27.16236,-3.85018],[27.16635,-3.84846],[27.1645,-3.85178],[27.16965,-3.85777],[27.17719,-3.8571],[27.17581,-3.86109],[27.18111,-3.87362],[27.18615,-3.87687],[27.18869,-3.88931],[27.19746,-3.88838],[27.20638,-3.89733],[27.21698,-3.89967],[27.22183,-3.89516],[27.22185,-3.89752],[27.22475,-3.89554],[27.22708,-3.89802],[27.22846,-3.89554],[27.23423,-3.89802],[27.23466,-3.90115],[27.24438,-3.90048],[27.24966,-3.90447],[27.25227,-3.90191],[27.26069,-3.90308],[27.26235,-3.899],[27.26891,-3.90848],[27.2753,-3.90798],[27.28056,-3.91327],[27.27773,-3.91853],[27.28417,-3.9164],[27.29177,-3.92053],[27.30164,-3.916],[27.30345,-3.91869],[27.31637,-3.91562],[27.32034,-3.92192],[27.32778,-3.92538],[27.32947,-3.92232],[27.33456,-3.92433],[27.3346,-3.92712],[27.33798,-3.92483],[27.33879,-3.93053],[27.34661,-3.93526],[27.36267,-3.93424],[27.36853,-3.93888],[27.37028,-3.93553],[27.37912,-3.93793],[27.38658,-3.93534],[27.386,-3.93952],[27.3953,-3.94099],[27.40024,-3.94979],[27.4143,-3.95644],[27.41331,-3.96037],[27.41839,-3.96172],[27.41685,-3.96472],[27.4244,-3.96854],[27.42261,-3.97372],[27.43141,-3.98137],[27.43595,-3.98],[27.44246,-3.98335],[27.44691,-3.99436],[27.44905,-3.99204],[27.45162,-3.99659],[27.4594,-3.9799],[27.4638,-3.9769],[27.47723,-3.97691],[27.53131,-3.99341],[27.58057,-3.99493],[27.59733,-4.00992],[27.61846,-4.02042],[27.6364,-4.02193],[27.76723,-4.004],[27.79855,-4.00401],[27.8183,-4.019],[27.83778,-4.02239],[27.82712,-4.04419],[27.82813,-4.05437],[27.82326,-4.05873],[27.82233,-4.07036],[27.83359,-4.07911],[27.83427,-4.08992],[27.85167,-4.09954],[27.86545,-4.11439],[27.88337,-4.1157],[27.89243,-4.11933],[27.89602,-4.12591],[27.89875,-4.12214],[27.91151,-4.12446],[27.91361,-4.12873],[27.91902,-4.12446],[27.92925,-4.12763]]]]},"properties":{"nom":"Sud-Kivu","pcode":"CD62"}},{"type":"Feature","geometry":{"type":"MultiPolygon","coordinates":[[[[26.93458,-4.9996],[27.60211,-5.01657],[27.67356,-5.01003],[28.40891,-5.01971],[28.80352,-5.01034],[28.79572,-4.99347],[28.78874,-4.99116],[28.78498,-4.99428],[28.77609,-4.98384],[28.77127,-4.97302],[28.77671,-4.96596],[28.76965,-4.96732],[28.76155,-4.96046],[28.75456,-4.96093],[28.74909,-4.94368],[28.75099,-4.94515],[28.75998,-4.93881],[28.75548,-4.9237],[28.76887,-4.91776],[28.76825,-4.91416],[28.75004,-4.90088],[28.73725,-4.85304],[28.73466,-4.84894],[28.72692,-4.84817],[28.72806,-4.84491],[28.71315,-4.8342],[28.71254,-4.82838],[28.71734,-4.82505],[28.71608,-4.81997],[28.70391,-4.81081],[28.69514,-4.81],[28.69761,-4.80352],[28.68991,-4.79949],[28.68497,-4.77812],[28.6877,-4.77395],[28.68466,-4.76851],[28.68903,-4.756],[28.67955,-4.75073],[28.68385,-4.73957],[28.67757,-4.7359],[28.67467,-4.72574],[28.6655,-4.72056],[28.66391,-4.71076],[28.6593,-4.70571],[28.63488,-4.70096],[28.61963,-4.69132],[28.60729,-4.67661],[28.56744,-4.54062],[28.55279,-4.52339],[28.55314,-4.46006],[28.50338,-4.46102],[28.49388,-4.4546],[28.4918,-4.4085],[28.48085,-4.39671],[28.4457,-4.38725],[28.41678,-4.37513],[28.40247,-4.36425],[28.39637,-4.33483],[28.4,-4.32699],[28.39715,-4.30606],[28.39345,-4.3038],[28.37894,-4.27441],[28.3733,-4.27314],[28.35845,-4.28203],[28.30758,-4.24314],[28.24266,-4.19964],[28.22472,-4.17802],[28.21035,-4.13663],[28.20517,-4.12657],[28.19817,-4.1213],[28.18597,-4.11919],[28.17465,-4.13629],[28.18514,-4.15732],[28.179,-4.16474],[28.18216,-4.16855],[28.17418,-4.18089],[28.17826,-4.1855],[28.1748,-4.18562],[28.17555,-4.19089],[28.16973,-4.19724],[28.166,-4.21191],[28.1457,-4.22299],[28.13615,-4.22377],[28.12628,-4.21559],[28.12139,-4.22606],[28.11792,-4.227],[28.10679,-4.21187],[28.10014,-4.2128],[28.09365,-4.2086],[28.08288,-4.19612],[28.0719,-4.19633],[28.07425,-4.18948],[28.06114,-4.18354],[28.04937,-4.18058],[28.03924,-4.19001],[28.03102,-4.18557],[28.01781,-4.19091],[28.01681,-4.18473],[28.02151,-4.17497],[28.01629,-4.17123],[28.02441,-4.16311],[28.01664,-4.14584],[28.02976,-4.13949],[28.03621,-4.12253],[28.00343,-4.11885],[27.98312,-4.11144],[27.98568,-4.10903],[27.9669,-4.10502],[27.94137,-4.12212],[27.94225,-4.1272],[27.92511,-4.12744],[27.91902,-4.12446],[27.91361,-4.12873],[27.91059,-4.1241],[27.89875,-4.12214],[27.89514,-4.12572],[27.89243,-4.11933],[27.86041,-4.11157],[27.85431,-4.10162],[27.83427,-4.08992],[27.83359,-4.07911],[27.82233,-4.07036],[27.82326,-4.05873],[27.82813,-4.05437],[27.82712,-4.04419],[27.83778,-4.02239],[27.8183,-4.019],[27.79855,-4.00401],[27.76723,-4.004],[27.6364,-4.02193],[27.61846,-4.02042],[27.59733,-4.00992],[27.58057,-3.99493],[27.53131,-3.99341],[27.47723,-3.97691],[27.4638,-3.9769],[27.4594,-3.9799],[27.45162,-3.99659],[27.44905,-3.99204],[27.44691,-3.99436],[27.44246,-3.98335],[27.43595,-3.98],[27.43141,-3.98137],[27.42261,-3.97372],[27.4244,-3.96854],[27.41685,-3.96472],[27.41839,-3.96172],[27.41331,-3.96037],[27.4143,-3.95644],[27.40024,-3.94979],[27.3953,-3.94099],[27.386,-3.93952],[27.38658,-3.93534],[27.37912,-3.93793],[27.37028,-3.93553],[27.36853,-3.93888],[27.36267,-3.93424],[27.34661,-3.93526],[27.33879,-3.93053],[27.33798,-3.92483],[27.3346,-3.92712],[27.33456,-3.92433],[27.32947,-3.92232],[27.32778,-3.92538],[27.32034,-3.92192],[27.31637,-3.91562],[27.30345,-3.91869],[27.30164,-3.916],[27.29177,-3.92053],[27.28417,-3.9164],[27.27773,-3.91853],[27.28056,-3.91327],[27.2753,-3.90798],[27.26891,-3.90848],[27.26235,-3.899],[27.26069,-3.90308],[27.25227,-3.90191],[27.24966,-3.90447],[27.24438,-3.90048],[27.23466,-3.90115],[27.23423,-3.89802],[27.22846,-3.89554],[27.22708,-3.89802],[27.22475,-3.89554],[27.22185,-3.89752],[27.22183,-3.89516],[27.22066,-3.89869],[27.21382,-3.89986],[27.21173,-3.89676],[27.20638,-3.89733],[27.19746,-3.88838],[27.18869,-3.88931],[27.18615,-3.87687],[27.18111,-3.87362],[27.17581,-3.86109],[27.17719,-3.8571],[27.16965,-3.85777],[27.1645,-3.85178],[27.16635,-3.84846],[27.16236,-3.85018],[27.16352,-3.84462],[27.16718,-3.84564],[27.16371,-3.84242],[27.16521,-3.83729],[27.15972,-3.83762],[27.15252,-3.82122],[27.14422,-3.81848],[27.1412,-3.82036],[27.14311,-3.8116],[27.13562,-3.80778],[27.13034,-3.811],[27.13215,-3.80482],[27.12863,-3.80542],[27.1288,-3.7978],[27.12443,-3.79606],[27.1216,-3.78634],[27.11225,-3.78455],[27.11672,-3.77493],[27.11111,-3.77099],[27.11249,-3.76896],[27.10641,-3.76686],[27.10902,-3.7586],[27.10231,-3.76035],[27.10214,-3.75243],[27.09658,-3.75343],[27.0995,-3.75138],[27.09594,-3.74037],[27.08814,-3.73564],[27.0908,-3.7327],[27.0856,-3.72845],[27.09258,-3.72349],[27.08762,-3.71382],[27.0874,-3.71055],[27.09175,-3.70778],[27.08928,-3.70269],[27.09881,-3.69995],[27.09608,-3.69827],[27.09986,-3.68922],[27.09444,-3.69008],[27.09273,-3.68545],[27.1001,-3.67867],[27.09587,-3.67406],[27.10007,-3.66575],[27.09762,-3.65911],[27.10012,-3.65078],[27.09667,-3.64679],[27.09929,-3.62346],[27.10399,-3.62341],[27.10288,-3.61692],[27.10946,-3.61357],[27.10685,-3.60658],[27.11058,-3.60481],[27.11122,-3.5948],[27.11635,-3.59287],[27.11683,-3.58215],[27.12479,-3.57995],[27.12282,-3.57386],[27.12719,-3.57358],[27.12146,-3.55836],[27.12581,-3.55631],[27.13461,-3.55937],[27.13228,-3.55313],[27.13518,-3.53878],[27.12365,-3.53962],[27.12035,-3.54685],[27.11678,-3.53971],[27.12845,-3.53194],[27.12794,-3.51252],[27.13358,-3.4989],[27.12966,-3.48394],[27.1236,-3.47971],[27.12365,-3.47403],[27.12018,-3.47138],[27.11906,-3.45719],[27.12978,-3.4431],[27.13228,-3.42674],[27.12862,-3.42366],[27.12053,-3.43054],[27.11545,-3.43056],[27.11329,-3.42158],[27.11935,-3.40964],[27.11455,-3.38721],[27.10813,-3.38464],[27.10057,-3.39282],[27.09187,-3.3816],[27.10502,-3.3637],[27.09461,-3.34116],[27.0991,-3.31805],[27.11315,-3.30448],[27.12047,-3.30226],[27.12375,-3.2934],[27.13468,-3.28262],[27.13463,-3.27369],[27.14203,-3.2653],[27.12795,-3.26093],[27.11053,-3.24562],[27.12748,-3.20845],[27.12788,-3.2046],[27.1212,-3.20147],[27.12294,-3.19263],[27.11857,-3.17863],[27.13169,-3.15436],[27.12976,-3.14482],[27.11495,-3.14074],[27.11172,-3.13646],[27.12277,-3.11551],[27.12246,-3.09737],[27.11724,-3.0845],[27.1199,-3.07673],[27.11372,-3.06897],[27.09539,-3.06574],[27.07293,-3.04107],[27.06708,-3.04061],[27.06224,-3.04472],[27.05798,-3.04128],[27.05401,-3.02888],[27.06059,-3.02102],[27.0578,-2.9877],[27.04899,-2.97863],[27.029,-2.96852],[27.02356,-2.95966],[27.02454,-2.94917],[27.02076,-2.95072],[27.01591,-2.96111],[27.00142,-2.95901],[26.99836,-2.94551],[26.99125,-2.94207],[26.9798,-2.92877],[26.97583,-2.90261],[26.96169,-2.86296],[26.95713,-2.83679],[26.94491,-2.82013],[26.91622,-2.80746],[26.91826,-2.79779],[26.9155,-2.79412],[26.93169,-2.77636],[26.93715,-2.76277],[26.93825,-2.74966],[26.94577,-2.73975],[26.94295,-2.71238],[26.9057,-2.69562],[26.90075,-2.6861],[26.91002,-2.67817],[26.90497,-2.66469],[26.88975,-2.65437],[26.88164,-2.64485],[26.86424,-2.60877],[26.85655,-2.60695],[26.85978,-2.60209],[26.85437,-2.59171],[26.85488,-2.57981],[26.86573,-2.57188],[26.87104,-2.56316],[26.87055,-2.54254],[26.85601,-2.49415],[26.8269,-2.46321],[26.8202,-2.44655],[26.81821,-2.39578],[26.82411,-2.37833],[26.81065,-2.33982],[26.82059,-2.34051],[26.82606,-2.33474],[26.82904,-2.33934],[26.83248,-2.33956],[26.83567,-2.33518],[26.8446,-2.33884],[26.84802,-2.33354],[26.8567,-2.33098],[26.86142,-2.32282],[26.86198,-2.3133],[26.85211,-2.29585],[26.85115,-2.28871],[26.85806,-2.21414],[26.86804,-2.15891],[26.87298,-2.16131],[26.87842,-2.15693],[26.89283,-2.15552],[26.90609,-2.16135],[26.9131,-2.15837],[26.91904,-2.1702],[26.93739,-2.18225],[26.93694,-2.17611],[26.93202,-2.17226],[26.93965,-2.16126],[26.93456,-2.1554],[26.93758,-2.15043],[26.94483,-2.15091],[26.94785,-2.14404],[26.95843,-2.13806],[26.96335,-2.12905],[26.96896,-2.13472],[26.97155,-2.14878],[26.97956,-2.15473],[26.98417,-2.15246],[26.97437,-2.12776],[26.97687,-2.12389],[26.98856,-2.13187],[26.99833,-2.15047],[27.00397,-2.14992],[27.00565,-2.14046],[27.01,-2.13742],[27.01145,-2.14445],[27.01984,-2.1499],[27.02079,-2.16138],[27.02372,-2.16449],[27.02914,-2.16764],[27.03724,-2.16501],[27.038,-2.17147],[27.04328,-2.17608],[27.05654,-2.17835],[27.0606,-2.18919],[27.06037,-2.20212],[27.06621,-2.21054],[27.07895,-2.20059],[27.08789,-2.20518],[27.09868,-2.20373],[27.11596,-2.21044],[27.11085,-2.22398],[27.11677,-2.23318],[27.12359,-2.23658],[27.12311,-2.22324],[27.14013,-2.21272],[27.15301,-2.21384],[27.1474,-2.23067],[27.15004,-2.23493],[27.15484,-2.22264],[27.16616,-2.22469],[27.17141,-2.21647],[27.17569,-2.21958],[27.17108,-2.23529],[27.17607,-2.2416],[27.18037,-2.23892],[27.18303,-2.22271],[27.19653,-2.2186],[27.19741,-2.22216],[27.18726,-2.22771],[27.18831,-2.23349],[27.19373,-2.23426],[27.20247,-2.22371],[27.20316,-2.23849],[27.20654,-2.24268],[27.21236,-2.23328],[27.22734,-2.23854],[27.22836,-2.2635],[27.23142,-2.26931],[27.23748,-2.27134],[27.24119,-2.26639],[27.24295,-2.24868],[27.25208,-2.24107],[27.25583,-2.23055],[27.26415,-2.22663],[27.26883,-2.22926],[27.27094,-2.23839],[27.28804,-2.24213],[27.31919,-2.19596],[27.35303,-2.16526],[27.36881,-2.16416],[27.38469,-2.16713],[27.45258,-2.13052],[27.45345,-2.12053],[27.44615,-2.10721],[27.45296,-2.08427],[27.46779,-2.05837],[27.47363,-2.04098],[27.47236,-2.03395],[27.45643,-2.02913],[27.43511,-2.02912],[27.39364,-2.01689],[27.37831,-2.00616],[27.37486,-1.99986],[27.38091,-1.99122],[27.73976,-2.00062],[27.74653,-1.97768],[27.74291,-1.93908],[27.75054,-1.90433],[27.74859,-1.87306],[27.75406,-1.86821],[27.75172,-1.85558],[27.75625,-1.84475],[27.74202,-1.83101],[27.74666,-1.78937],[27.73911,-1.79009],[27.73657,-1.78205],[27.72052,-1.76946],[27.69745,-1.77414],[27.69401,-1.77094],[27.68464,-1.77166],[27.68072,-1.76409],[27.68045,-1.75236],[27.67332,-1.74296],[27.67737,-1.72524],[27.67278,-1.72112],[27.66839,-1.70872],[27.65903,-1.71059],[27.65581,-1.70738],[27.65807,-1.70071],[27.65346,-1.69107],[27.64545,-1.68673],[27.62304,-1.68497],[27.618,-1.6813],[27.61545,-1.67281],[27.60607,-1.66939],[27.59734,-1.65884],[27.58727,-1.65635],[27.57809,-1.6442],[27.57147,-1.64721],[27.56069,-1.6369],[27.54789,-1.63786],[27.54077,-1.62708],[27.52841,-1.62207],[27.52562,-1.60897],[27.5153,-1.60096],[27.50818,-1.58972],[27.50789,-1.57523],[27.49862,-1.53871],[27.45846,-1.4947],[27.44942,-1.45933],[27.43057,-1.44622],[27.41148,-1.45813],[27.40331,-1.45867],[27.39142,-1.45005],[27.34694,-1.36082],[27.34823,-1.33921],[27.3648,-1.30674],[27.34534,-1.29738],[27.32638,-1.29767],[27.30918,-1.27911],[27.28674,-1.26447],[27.28236,-1.25207],[27.26473,-1.23925],[27.23537,-1.20509],[27.22714,-1.20489],[27.22825,-1.19271],[27.25057,-1.17402],[27.26518,-1.17283],[27.27712,-1.19026],[27.28761,-1.18379],[27.30268,-1.18144],[27.32716,-1.1924],[27.33445,-1.18893],[27.33809,-1.18179],[27.32155,-1.15564],[27.29039,-1.12931],[27.2841,-1.09233],[27.26829,-1.07836],[27.26665,-1.06756],[27.27825,-1.05259],[27.27752,-1.03834],[27.26854,-1.01815],[27.26875,-1.01171],[27.27669,-0.99583],[27.27435,-0.98022],[27.27617,-0.97791],[27.28576,-0.9788],[27.3108,-0.95505],[27.33454,-0.95015],[27.34684,-0.94253],[27.37244,-0.94819],[27.3859,-0.94516],[27.44173,-0.9135],[27.46366,-0.91481],[27.49969,-0.90044],[27.51727,-0.899],[27.54814,-0.90993],[27.55542,-0.90508],[27.57506,-0.9034],[27.58925,-0.91369],[27.60707,-0.91593],[27.62081,-0.92438],[27.62994,-0.92389],[27.63843,-0.93443],[27.64617,-0.92705],[27.65326,-0.93047],[27.66307,-0.92814],[27.67952,-0.92992],[27.69796,-0.91537],[27.70632,-0.89305],[27.71661,-0.89784],[27.72026,-0.89484],[27.75244,-0.89151],[27.76635,-0.88571],[27.77222,-0.87076],[27.76708,-0.8409],[27.77954,-0.81536],[27.77882,-0.80709],[27.7831,-0.79283],[27.78008,-0.78043],[27.80004,-0.74704],[27.8053,-0.75001],[27.80643,-0.74679],[27.80412,-0.73945],[27.80819,-0.73139],[27.80439,-0.69488],[27.80892,-0.68613],[27.82691,-0.67389],[27.83098,-0.66629],[27.82729,-0.65597],[27.82272,-0.65369],[27.82442,-0.62519],[27.84101,-0.59602],[27.66047,-0.59542],[27.63526,-0.58683],[27.62083,-0.57241],[27.60143,-0.57294],[27.59569,-0.564],[27.57167,-0.55191],[27.55951,-0.5345],[27.5529,-0.53613],[27.54215,-0.53203],[27.51914,-0.54153],[27.49855,-0.5285],[27.49458,-0.50532],[27.49682,-0.49497],[27.48814,-0.49087],[27.45985,-0.49418],[27.44663,-0.50111],[27.43526,-0.51286],[27.41976,-0.51659],[27.39898,-0.51321],[27.38415,-0.5174],[27.37524,-0.51329],[27.35858,-0.51564],[27.35021,-0.50478],[27.34796,-0.48122],[27.34452,-0.47618],[27.33492,-0.47116],[27.32602,-0.4721],[27.32052,-0.46431],[27.30887,-0.46389],[27.30039,-0.45266],[27.28532,-0.44972],[27.27848,-0.45319],[27.2568,-0.4528],[27.25154,-0.44822],[27.23146,-0.44989],[27.1931,-0.44656],[27.13575,-0.42376],[27.12062,-0.40566],[27.11783,-0.38799],[27.10367,-0.38619],[27.0973,-0.39011],[27.08861,-0.386],[27.08223,-0.38809],[27.07285,-0.38008],[27.06982,-0.36286],[27.07276,-0.3516],[27.06315,-0.3452],[27.07134,-0.3353],[27.07018,-0.32933],[27.0482,-0.3085],[27.03862,-0.30944],[27.02879,-0.30419],[27.01071,-0.28679],[27.00953,-0.27393],[27.00245,-0.27165],[26.99402,-0.27581],[26.98534,-0.27216],[26.98007,-0.26506],[26.97507,-0.27012],[26.95634,-0.26604],[26.94993,-0.25779],[26.94194,-0.25827],[26.92022,-0.24386],[26.90581,-0.22898],[26.89557,-0.24163],[26.88895,-0.2405],[26.88573,-0.23041],[26.85715,-0.21073],[26.84575,-0.21421],[26.84596,-0.20571],[26.83251,-0.20896],[26.82797,-0.21793],[26.83098,-0.23445],[26.84721,-0.24543],[26.84837,-0.25048],[26.84087,-0.25923],[26.81647,-0.26687],[26.80367,-0.25702],[26.79065,-0.25246],[26.75534,-0.27391],[26.74603,-0.29138],[26.70914,-0.31605],[26.666,-0.32695],[26.61676,-0.35695],[26.61476,-0.35209],[26.55991,-0.37844],[26.53997,-0.3766],[26.52494,-0.38329],[26.49813,-0.37872],[26.47084,-0.38433],[26.45738,-0.38183],[26.44844,-0.3683],[26.44254,-0.34694],[26.43171,-0.33641],[26.43075,-0.31919],[26.41866,-0.31957],[26.40515,-0.30694],[26.39901,-0.30893],[26.38599,-0.30458],[26.36977,-0.27909],[26.36286,-0.27318],[26.34373,-0.26066],[26.33605,-0.2672],[26.32645,-0.25868],[26.3208,-0.23991],[26.32172,-0.22813],[26.31279,-0.21954],[26.30977,-0.20209],[26.30131,-0.19199],[26.27954,-0.20029],[26.27299,-0.1995],[26.2679,-0.18086],[26.25848,-0.17464],[26.25458,-0.16231],[26.24349,-0.15887],[26.22628,-0.13697],[26.22305,-0.13646],[26.2157,-0.14281],[26.21278,-0.13969],[26.21216,-0.12948],[26.20571,-0.1342],[26.19257,-0.13229],[26.19777,-0.12049],[26.19448,-0.10625],[26.18318,-0.11094],[26.17357,-0.0942],[26.16605,-0.09949],[26.14984,-0.09286],[26.14322,-0.09333],[26.1448,-0.08277],[26.14023,-0.07727],[26.13635,-0.07659],[26.13219,-0.08698],[26.1236,-0.08525],[26.12261,-0.07987],[26.11686,-0.0828],[26.1112,-0.07583],[26.10141,-0.07648],[26.09501,-0.05416],[26.09181,-0.05072],[26.08064,-0.05303],[26.07836,-0.04982],[26.08655,-0.0443],[26.09112,-0.03213],[26.07949,-0.03686],[26.06501,-0.03403],[26.06411,-0.03077],[26.07363,-0.02742],[26.07208,-0.02279],[26.06433,-0.01429],[26.05707,-0.0138],[26.05641,-0.02966],[26.05163,-0.03632],[26.03958,-0.03958],[26.03357,-0.04895],[26.03558,-0.06061],[26.04825,-0.08589],[26.06498,-0.16127],[26.08184,-0.19836],[26.09968,-0.21991],[26.10425,-0.22427],[26.11498,-0.22701],[26.1422,-0.26255],[26.15773,-0.27033],[26.17077,-0.28409],[26.151,-0.32178],[26.1312,-0.3496],[26.10911,-0.37261],[26.12361,-0.38969],[26.15228,-0.415],[26.18829,-0.4371],[26.27347,-0.4984],[26.25789,-0.57699],[26.25662,-0.62477],[26.25208,-0.63557],[26.2407,-0.64915],[26.23594,-0.66409],[26.23024,-0.668],[26.23765,-0.68775],[26.23698,-0.77449],[26.24498,-0.82695],[26.24899,-0.8399],[26.25966,-0.85546],[26.24365,-0.89427],[26.22832,-0.91107],[26.20964,-0.92268],[26.17006,-0.9298],[26.16344,-0.93257],[26.14612,-0.94914],[26.12626,-0.95446],[26.11279,-0.95311],[26.07361,-0.96251],[26.08294,-1.0907],[26.13229,-1.1167],[26.14096,-1.1329],[26.13229,-1.1413],[26.11162,-1.14773],[26.08695,-1.14767],[26.08028,-1.15543],[26.07428,-1.19166],[26.06027,-1.23888],[26.05894,-1.25959],[26.07961,-1.26482],[26.08192,-1.28134],[26.07461,-1.2825],[26.06937,-1.28803],[26.06667,-1.31033],[26.07173,-1.32686],[26.06744,-1.3471],[26.06956,-1.3848],[26.06158,-1.39699],[26.03005,-1.39452],[26.01728,-1.40764],[26.02645,-1.42395],[26.03424,-1.42968],[26.03905,-1.44392],[26.03405,-1.45819],[26.01419,-1.46856],[26.01537,-1.4881],[25.9994,-1.50077],[25.98204,-1.50263],[25.95826,-1.49416],[25.93358,-1.49535],[25.92854,-1.49076],[25.92898,-1.47857],[25.89283,-1.45426],[25.88959,-1.43196],[25.861,-1.41154],[25.8599,-1.43775],[25.86634,-1.46487],[25.85476,-1.50603],[25.86631,-1.57867],[25.8687,-1.63936],[25.86301,-1.65546],[25.86326,-1.66857],[25.84802,-1.70882],[25.852,-1.76607],[25.84343,-1.83299],[25.82331,-1.83394],[25.80115,-1.84317],[25.79017,-1.84249],[25.77231,-1.82389],[25.76042,-1.8177],[25.71334,-1.82465],[25.69895,-1.83915],[25.67748,-1.85068],[25.67429,-1.85459],[25.67066,-1.87529],[25.65651,-1.89232],[25.62338,-1.90523],[25.60145,-1.92181],[25.5715,-1.92368],[25.55642,-1.92991],[25.5345,-1.95155],[25.49611,-1.96423],[25.47829,-1.98034],[25.45774,-2.00543],[25.43993,-2.01993],[25.43034,-2.0342],[25.4226,-2.05465],[25.31987,-2.08426],[25.24008,-2.11198],[25.23209,-2.07587],[25.2116,-2.08608],[25.20037,-2.08798],[25.17593,-2.07767],[25.17262,-2.06228],[25.17857,-2.05139],[25.20896,-2.02774],[25.20764,-2.02004],[25.19839,-2.01425],[25.19707,-2.00976],[25.20169,-1.99247],[25.19707,-1.98284],[25.18848,-1.98026],[25.16007,-1.98532],[25.13496,-1.98527],[25.11844,-1.97626],[25.08583,-1.97493],[25.06823,-1.9755],[25.05567,-1.98061],[25.04907,-1.97033],[25.0245,-1.96857],[24.98989,-1.97465],[24.97824,-1.98155],[24.59839,-1.98078],[24.60872,-2.06466],[24.62156,-2.0911],[24.66364,-2.13947],[24.6811,-2.18958],[24.69431,-2.36252],[24.70618,-2.36893],[24.71985,-2.36534],[24.926,-2.37241],[24.93148,-2.37424],[24.93154,-2.3979],[24.96073,-2.39891],[24.97902,-2.41626],[24.98906,-2.42084],[25.04832,-2.41195],[25.04927,-2.42469],[25.0329,-2.44442],[25.00491,-2.46434],[24.99945,-2.47228],[25.00268,-2.48617],[25.01798,-2.49282],[25.03781,-2.49175],[25.04672,-2.49633],[25.03444,-2.50948],[25.00394,-2.53075],[25.00169,-2.5453],[25.00675,-2.56215],[25.04697,-2.59504],[25.05884,-2.60236],[25.07428,-2.60069],[25.07728,-2.63106],[25.08278,-2.64578],[25.08235,-2.68051],[25.08671,-2.70237],[25.09704,-2.74285],[25.1101,-2.76148],[25.1124,-2.77435],[25.10259,-2.81669],[25.08841,-2.83073],[25.08659,-2.84155],[25.06877,-2.87767],[25.06489,-2.90344],[25.05049,-2.92944],[25.0329,-2.97385],[25.02466,-2.9849],[25.02307,-2.99916],[25.01667,-3.0155],[25.00738,-3.02429],[25.01165,-3.03368],[25.03134,-3.04011],[25.02723,-3.05001],[25.03685,-3.06588],[25.03435,-3.07807],[25.01373,-3.06336],[25.00892,-3.06359],[25.00115,-3.07416],[25.00458,-3.08131],[25.01466,-3.08498],[25.02085,-3.09257],[25.01834,-3.10569],[25.00758,-3.12065],[25.02362,-3.13399],[25.02317,-3.13859],[25.0,-3.15292],[24.99481,-3.18921],[24.99,-3.19267],[24.96619,-3.19543],[24.96436,-3.20142],[24.96987,-3.21775],[24.95865,-3.23386],[24.95751,-3.24007],[24.96348,-3.2617],[24.96028,-3.26791],[24.94906,-3.26929],[24.94104,-3.26447],[24.92501,-3.26286],[24.91219,-3.26516],[24.90189,-3.27414],[24.89777,-3.293],[24.91564,-3.29599],[24.91793,-3.30036],[24.90786,-3.31716],[24.9101,-3.33146],[24.90628,-3.34592],[24.90652,-3.36364],[24.90308,-3.37123],[24.86759,-3.37768],[24.85524,-3.41979],[24.85066,-3.42393],[24.83394,-3.42807],[24.83395,-3.44441],[24.83075,-3.45408],[24.82479,-3.45891],[24.79822,-3.455],[24.77441,-3.47571],[24.77258,-3.48215],[24.7751,-3.4856],[24.78908,-3.49412],[24.79847,-3.50424],[24.80008,-3.51873],[24.80765,-3.53277],[24.80582,-3.53691],[24.79391,-3.53967],[24.79116,-3.55233],[24.77398,-3.54566],[24.77856,-3.5613],[24.7694,-3.56821],[24.77513,-3.57442],[24.7772,-3.58454],[24.76689,-3.59121],[24.77331,-3.5949],[24.78385,-3.59421],[24.78271,-3.60249],[24.78821,-3.61376],[24.77882,-3.62435],[24.78111,-3.62826],[24.79165,-3.62734],[24.78822,-3.63654],[24.79671,-3.63989],[24.79784,-3.64437],[24.79578,-3.64805],[24.78616,-3.6515],[24.78571,-3.6561],[24.78891,-3.66001],[24.804,-3.65894],[24.80748,-3.66645],[24.80587,-3.67221],[24.79511,-3.67888],[24.80107,-3.69038],[24.79718,-3.71086],[24.77816,-3.7081],[24.77611,-3.71524],[24.76763,-3.72329],[24.76626,-3.73733],[24.75801,-3.73433],[24.7516,-3.74101],[24.76512,-3.74676],[24.76214,-3.75504],[24.75298,-3.75942],[24.74268,-3.78219],[24.73809,-3.77575],[24.73162,-3.77465],[24.73053,-3.78081],[24.73374,-3.79071],[24.74222,-3.79968],[24.74315,-3.81073],[24.74842,-3.80958],[24.75552,-3.81832],[24.764,-3.81464],[24.76125,-3.82568],[24.7734,-3.82522],[24.78142,-3.83052],[24.77936,-3.83374],[24.7663,-3.83558],[24.76699,-3.83811],[24.7961,-3.84455],[24.8197,-3.85421],[24.82223,-3.85905],[24.82039,-3.8625],[24.81214,-3.8579],[24.80298,-3.86043],[24.80092,-3.8694],[24.80298,-3.8763],[24.81766,-3.88988],[24.82385,-3.90944],[24.83027,-3.91657],[24.84357,-3.91864],[24.84769,-3.90782],[24.85112,-3.90506],[24.85433,-3.90667],[24.85846,-3.91772],[24.85389,-3.93958],[24.85802,-3.94487],[24.87154,-3.94395],[24.88805,-3.95959],[24.88897,-3.96833],[24.90089,-3.96994],[24.90617,-3.97684],[24.89952,-3.98605],[24.89564,-4.00906],[24.90504,-4.01366],[24.90825,-4.0201],[24.91628,-4.02286],[24.92087,-4.04403],[24.92684,-4.04702],[24.93967,-4.04449],[24.94929,-4.02999],[24.96236,-4.03298],[24.9713,-4.04609],[24.98002,-4.04793],[24.98393,-4.07071],[24.97294,-4.10154],[24.97685,-4.10844],[24.99244,-4.11097],[24.99794,-4.11488],[25.00161,-4.12523],[24.99543,-4.13812],[24.98489,-4.14549],[24.98628,-4.15722],[25.01586,-4.1724],[25.00211,-4.18299],[25.00969,-4.19748],[24.99892,-4.21336],[25.00535,-4.22256],[25.00146,-4.23085],[25.00903,-4.24419],[25.00674,-4.25179],[25.01317,-4.26605],[25.02052,-4.27318],[25.01754,-4.28192],[24.99463,-4.31185],[24.99098,-4.33508],[24.99375,-4.35971],[24.99169,-4.36822],[24.97289,-4.38548],[24.9791,-4.40251],[24.9947,-4.41585],[24.99241,-4.42827],[25.00756,-4.44253],[25.00504,-4.44783],[24.99908,-4.45036],[25.00207,-4.46071],[24.99382,-4.47061],[24.97822,-4.47199],[24.9725,-4.48304],[24.96516,-4.48212],[24.96127,-4.49478],[24.92917,-4.51963],[24.9274,-4.52772],[24.92207,-4.53344],[24.92804,-4.54149],[24.92735,-4.54678],[24.91772,-4.54632],[24.91635,-4.54955],[24.92048,-4.56151],[24.9175,-4.56818],[24.9058,-4.5652],[24.89733,-4.58383],[24.87875,-4.58959],[24.8783,-4.60132],[24.87211,-4.6027],[24.87234,-4.61283],[24.85905,-4.63377],[24.86387,-4.64251],[24.85951,-4.6455],[24.85791,-4.66069],[24.87353,-4.68622],[24.86389,-4.69428],[24.88042,-4.71452],[24.88776,-4.71544],[24.88823,-4.72395],[24.89626,-4.73684],[24.89535,-4.74443],[24.90178,-4.75639],[24.90958,-4.76582],[24.92358,-4.76881],[24.93254,-4.79021],[24.94907,-4.79917],[24.96031,-4.79917],[24.9633,-4.8063],[24.97638,-4.81734],[24.98673,-4.85001],[25.01106,-4.87416],[25.01635,-4.89095],[25.01269,-4.90821],[25.01477,-4.91695],[25.02877,-4.92707],[25.03084,-4.9411],[25.0398,-4.9526],[25.04165,-4.96756],[25.0614,-4.98664],[25.65773,-4.99884],[26.93458,-4.9996]]]]},"properties":{"nom":"Maniema","pcode":"CD63"}},{"type":"Feature","geometry":{"type":"MultiPolygon","coordinates":[[[[27.67299,-12.283],[27.695,-12.286],[27.71199,-12.281],[27.758,-12.289],[27.76499,-12.286],[27.77499,-12.274],[27.81699,-12.26],[27.81999,-12.254],[27.81399,-12.234],[27.81799,-12.23],[27.866,-12.244],[27.918,-12.24],[27.925,-12.248],[27.933,-12.277],[27.953,-12.314],[27.953,-12.326],[27.948,-12.34],[27.95,-12.35],[27.955,-12.354],[27.98899,-12.339],[28.013,-12.35],[28.06299,-12.35],[28.076,-12.353],[28.087,-12.359],[28.118,-12.43],[28.12899,-12.436],[28.13899,-12.429],[28.14599,-12.428],[28.14699,-12.418],[28.14399,-12.414],[28.14699,-12.407],[28.16499,-12.387],[28.17399,-12.383],[28.181,-12.383],[28.189,-12.401],[28.213,-12.406],[28.235,-12.423],[28.25899,-12.413],[28.265,-12.413],[28.281,-12.421],[28.315,-12.419],[28.338,-12.435],[28.404,-12.501],[28.442,-12.516],[28.449,-12.524],[28.45,-12.53],[28.443,-12.557],[28.445,-12.563],[28.49,-12.593],[28.516,-12.618],[28.523,-12.632],[28.514,-12.674],[28.5,-12.683],[28.477,-12.684],[28.456,-12.699],[28.454,-12.707],[28.465,-12.734],[28.48,-12.753],[28.529,-12.801],[28.539,-12.821],[28.544,-12.856],[28.567,-12.878],[28.573,-12.893],[28.57999,-12.893],[28.58799,-12.885],[28.59999,-12.851],[28.62599,-12.82],[28.63399,-12.817],[28.653,-12.819],[28.667,-12.827],[28.678,-12.842],[28.698,-12.851],[28.726,-12.877],[28.733,-12.886],[28.735,-12.902],[28.74,-12.913],[28.752,-12.925],[28.756,-12.939],[28.76499,-12.944],[28.77399,-12.94],[28.782,-12.941],[28.79,-12.946],[28.793,-12.954],[28.791,-12.964],[28.796,-12.973],[28.819,-12.996],[28.827,-13.011],[28.834,-13.027],[28.835,-13.057],[28.848,-13.072],[28.846,-13.081],[28.831,-13.084],[28.847,-13.106],[28.85,-13.124],[28.847,-13.145],[28.85699,-13.15699],[28.86299,-13.151],[28.87,-13.151],[28.874,-13.155],[28.875,-13.163],[28.88599,-13.163],[28.89699,-13.158],[28.904,-13.162],[28.942,-13.272],[28.95,-13.316],[28.968,-13.343],[28.969,-13.367],[28.976,-13.376],[28.98199,-13.376],[28.99299,-13.368],[28.999,-13.372],[28.999,-13.385],[28.991,-13.392],[28.999,-13.411],[29.004,-13.416],[29.01999,-13.418],[29.03899,-13.403],[29.07199,-13.388],[29.08699,-13.377],[29.10999,-13.369],[29.122,-13.37],[29.143,-13.381],[29.16,-13.401],[29.18299,-13.443],[29.19099,-13.44],[29.21099,-13.417],[29.23399,-13.407],[29.24799,-13.393],[29.29899,-13.375],[29.30999,-13.361],[29.31099,-13.34],[29.31599,-13.332],[29.336,-13.345],[29.34898,-13.348],[29.35498,-13.344],[29.35798,-13.333],[29.36498,-13.327],[29.37298,-13.325],[29.38499,-13.328],[29.40898,-13.32],[29.44198,-13.314],[29.47198,-13.283],[29.47598,-13.274],[29.49098,-13.271],[29.50298,-13.246],[29.52798,-13.228],[29.53698,-13.225],[29.55998,-13.228],[29.58098,-13.213],[29.589,-13.214],[29.62,-13.233],[29.64299,-13.24],[29.66998,-13.226],[29.678,-13.236],[29.674,-13.248],[29.681,-13.259],[29.681,-13.268],[29.66,-13.281],[29.654,-13.289],[29.654,-13.298],[29.663,-13.31],[29.663,-13.32],[29.652,-13.35],[29.646,-13.355],[29.609,-13.36],[29.605,-13.363],[29.605,-13.37],[29.614,-13.382],[29.608,-13.394],[29.611,-13.409],[29.646,-13.437],[29.65398,-13.438],[29.674,-13.429],[29.68,-13.431],[29.701,-13.451],[29.71199,-13.456],[29.73898,-13.45],[29.76498,-13.437],[29.785,-13.439],[29.80898,-13.45499],[29.80998,-12.161],[29.80698,-12.156],[29.784,-12.161],[29.762,-12.16],[29.739,-12.175],[29.723,-12.19],[29.667,-12.207],[29.63298,-12.207],[29.59598,-12.193],[29.575,-12.193],[29.54,-12.216],[29.513,-12.223],[29.485,-12.243],[29.468,-12.273],[29.456,-12.322],[29.456,-12.333],[29.481,-12.378],[29.496,-12.394],[29.5,-12.397],[29.528,-12.398],[29.537,-12.407],[29.536,-12.429],[29.527,-12.444],[29.499,-12.47],[29.47498,-12.471],[29.41298,-12.439],[29.37798,-12.417],[29.36598,-12.413],[29.355,-12.412],[29.333,-12.418],[29.31398,-12.417],[29.30198,-12.413],[29.29598,-12.409],[29.29598,-12.389],[29.26699,-12.364],[29.243,-12.374],[29.191,-12.371],[29.175,-12.374],[29.156,-12.385],[29.129,-12.395],[29.11999,-12.394],[29.10699,-12.379],[29.098,-12.382],[29.08092,-12.37832],[29.066,-12.389],[29.04699,-12.385],[29.03599,-12.375],[29.02399,-12.349],[29.00499,-12.323],[28.99899,-12.287],[28.98399,-12.269],[28.94699,-12.212],[28.91321,-12.18085],[28.85599,-12.138],[28.84699,-12.128],[28.81925,-12.08051],[28.77799,-12.055],[28.76399,-12.017],[28.76399,-11.995],[28.75899,-11.99],[28.74899,-11.984],[28.731,-11.99],[28.71399,-11.99],[28.70113,-11.97748],[28.67599,-11.97],[28.65599,-11.957],[28.63999,-11.952],[28.62899,-11.94],[28.61499,-11.913],[28.599,-11.91],[28.57699,-11.911],[28.56399,-11.901],[28.54599,-11.9],[28.50966,-11.88353],[28.50563,-11.88108],[28.50085,-11.85426],[28.49087,-11.83561],[28.47825,-11.82483],[28.44973,-11.83393],[28.44505,-11.83402],[28.43627,-11.82753],[28.4338,-11.82137],[28.43801,-11.79989],[28.45049,-11.78261],[28.45045,-11.76973],[28.43249,-11.73835],[28.41502,-11.72455],[28.43179,-11.71628],[28.43531,-11.70608],[28.41904,-11.67674],[28.43362,-11.6601],[28.43188,-11.64404],[28.42561,-11.63493],[28.40461,-11.62412],[28.39884,-11.60515],[28.38534,-11.59576],[28.3832,-11.58292],[28.38695,-11.54326],[28.3931,-11.53256],[28.39026,-11.51974],[28.39816,-11.50715],[28.39525,-11.48284],[28.40134,-11.47005],[28.41171,-11.46409],[28.43305,-11.41441],[28.42612,-11.39592],[28.428,-11.38576],[28.43651,-11.38029],[28.45396,-11.37832],[28.45693,-11.37527],[28.45866,-11.36925],[28.45468,-11.35737],[28.45886,-11.34601],[28.4496,-11.32734],[28.45533,-11.31181],[28.45254,-11.30105],[28.47291,-11.28361],[28.4754,-11.26929],[28.48972,-11.24116],[28.48406,-11.21666],[28.4863,-11.20166],[28.49898,-11.18437],[28.5011,-11.15327],[28.49853,-11.14182],[28.48075,-11.11712],[28.47848,-11.10888],[28.47971,-11.10081],[28.49356,-11.08441],[28.49839,-11.0597],[28.49666,-11.05142],[28.51185,-11.02537],[28.5101,-10.97641],[28.54067,-10.94724],[28.54522,-10.89953],[28.54344,-10.87104],[28.54756,-10.85738],[28.55753,-10.83417],[28.58126,-10.81251],[28.58302,-10.79729],[28.60147,-10.77918],[28.60892,-10.75786],[28.62002,-10.74144],[28.63016,-10.73387],[28.64324,-10.73017],[28.66121,-10.73065],[28.66207,-10.71901],[28.66753,-10.71089],[28.66774,-10.69454],[28.67297,-10.68664],[28.68868,-10.68019],[28.69678,-10.66259],[28.69327,-10.64654],[28.68709,-10.63766],[28.67676,-10.63139],[28.66587,-10.61912],[28.66502,-10.59453],[28.67297,-10.56749],[28.67123,-10.56062],[28.66432,-10.54991],[28.63656,-10.52871],[28.63408,-10.5184],[28.63944,-10.48957],[28.63615,-10.47214],[28.64301,-10.44973],[28.63853,-10.42301],[28.62165,-10.37576],[28.63602,-10.31324],[28.6304,-10.29605],[28.61129,-10.28307],[28.59799,-10.25699],[28.58005,-10.2384],[28.57715,-10.23062],[28.5822,-10.21192],[28.6073,-10.18302],[28.60873,-10.17058],[28.62176,-10.15705],[28.62177,-10.13812],[28.6393,-10.09064],[28.63999,-10.06619],[28.65375,-10.04259],[28.66001,-10.0096],[28.65939,-9.99134],[28.67875,-9.93703],[28.6873,-9.90107],[28.68118,-9.84437],[28.68284,-9.82739],[28.69704,-9.80616],[28.68937,-9.79319],[28.67484,-9.71098],[28.66474,-9.68921],[28.65731,-9.63379],[28.65803,-9.59101],[28.63134,-9.51421],[28.57562,-9.4076],[28.55073,-9.38768],[28.48147,-9.24234],[28.49416,-9.22434],[28.65183,-9.08418],[28.78577,-8.94403],[28.82902,-8.87834],[28.87979,-8.81321],[28.9334,-8.72483],[28.94591,-8.63595],[28.93471,-8.56046],[28.89984,-8.50536],[28.89749,-8.49084],[28.90963,-8.48325],[28.96402,-8.4744],[29.14401,-8.46176],[29.62549,-8.4048],[29.62838,-8.39549],[29.62255,-8.3804],[29.61095,-8.37113],[29.59068,-8.36769],[29.57503,-8.35959],[29.56284,-8.34509],[29.55643,-8.33174],[29.55113,-8.29455],[29.53894,-8.28004],[29.52841,-8.23763],[29.51912,-8.22835],[29.52017,-8.18706],[29.52646,-8.1539],[29.53166,-8.15273],[29.54331,-8.18061],[29.5601,-8.18173],[29.57919,-8.17413],[29.58322,-8.1683],[29.57271,-8.12995],[29.57494,-8.11924],[29.58302,-8.11054],[29.61901,-8.10298],[29.63901,-8.09238],[29.64558,-8.07912],[29.64991,-8.05904],[29.64857,-8.05172],[29.66685,-8.00971],[29.66859,-7.99575],[29.66298,-7.98178],[29.6659,-7.97075],[29.66068,-7.94668],[29.65673,-7.94097],[29.66268,-7.93588],[29.66222,-7.93253],[29.66018,-7.92904],[29.65237,-7.93081],[29.63583,-7.93985],[29.62604,-7.93465],[29.62396,-7.91197],[29.58259,-7.83513],[29.57307,-7.82301],[29.56684,-7.8203],[29.55543,-7.83689],[29.53659,-7.84412],[29.51787,-7.87108],[29.50375,-7.87546],[29.49375,-7.87082],[29.48576,-7.85877],[29.48362,-7.8128],[29.4742,-7.80729],[29.45371,-7.81445],[29.46351,-7.79335],[29.45794,-7.78649],[29.44874,-7.78815],[29.44317,-7.78015],[29.43771,-7.75447],[29.445,-7.74157],[29.43871,-7.72966],[29.42356,-7.73664],[29.41709,-7.73254],[29.35931,-7.75737],[29.33772,-7.75058],[29.32656,-7.74013],[29.31525,-7.73477],[29.2737,-7.72818],[29.263,-7.72923],[29.20669,-7.7819],[29.17135,-7.77078],[29.1609,-7.76033],[29.14796,-7.73976],[29.14266,-7.74025],[29.13305,-7.74971],[29.12292,-7.74908],[29.12249,-7.7562],[29.11095,-7.75098],[29.10892,-7.75765],[29.09673,-7.76024],[29.09493,-7.76805],[29.10577,-7.77144],[29.11296,-7.78036],[29.10911,-7.79162],[29.09833,-7.79995],[29.09584,-7.80685],[29.10257,-7.81553],[29.10995,-7.8171],[29.10928,-7.82147],[29.11389,-7.82213],[29.11323,-7.82833],[29.11694,-7.83153],[29.10845,-7.83662],[29.1064,-7.84122],[29.10711,-7.84489],[29.11125,-7.84326],[29.1131,-7.84624],[29.1092,-7.84764],[29.109,-7.85269],[29.1113,-7.85336],[29.11275,-7.86529],[29.10865,-7.86915],[29.08,-7.86965],[29.07017,-7.87302],[29.03968,-7.8923],[29.02448,-7.89365],[29.02042,-7.88973],[29.02776,-7.87255],[29.0169,-7.87025],[28.97378,-7.87282],[28.96205,-7.8698],[28.94434,-7.84962],[28.9094,-7.82337],[28.90328,-7.82254],[28.90256,-7.82861],[28.90819,-7.83534],[28.90403,-7.8469],[28.89684,-7.85175],[28.8959,-7.85779],[28.88992,-7.8598],[28.88742,-7.86593],[28.88938,-7.87155],[28.88358,-7.87578],[28.88162,-7.89322],[28.8739,-7.90655],[28.87535,-7.9139],[28.87258,-7.91826],[28.8784,-7.92142],[28.87016,-7.92568],[28.8667,-7.92428],[28.87003,-7.93076],[28.8616,-7.9325],[28.85895,-7.93756],[28.86238,-7.94164],[28.85939,-7.94303],[28.85403,-7.95836],[28.84263,-7.97032],[28.83005,-7.97646],[28.79055,-7.97801],[28.77911,-7.97571],[28.77099,-7.9702],[28.75843,-7.92659],[28.7474,-7.91557],[28.72077,-7.91389],[28.70494,-7.8999],[28.69091,-7.89301],[28.67876,-7.89566],[28.65645,-7.8926],[28.65845,-7.87796],[28.68242,-7.85579],[28.68731,-7.84559],[28.68555,-7.83541],[28.64871,-7.82079],[28.65096,-7.81045],[28.64462,-7.7904],[28.62281,-7.74797],[28.62304,-7.72439],[28.63282,-7.68473],[28.61273,-7.67334],[28.60991,-7.66118],[28.60342,-7.65295],[28.57101,-7.64039],[28.5481,-7.62268],[28.52225,-7.62715],[28.51974,-7.63175],[28.50614,-7.6286],[28.49329,-7.63692],[28.48064,-7.64043],[28.48045,-7.64754],[28.4706,-7.65815],[28.4757,-7.66479],[28.47364,-7.66778],[28.46697,-7.66827],[28.46103,-7.67932],[28.44151,-7.68805],[28.4131,-7.68748],[28.40702,-7.69416],[28.3972,-7.72208],[28.36801,-7.75488],[28.35581,-7.77552],[28.36059,-7.78644],[28.37812,-7.78824],[28.42517,-7.81063],[28.43199,-7.83822],[28.47088,-7.85971],[28.5038,-7.86695],[28.5261,-7.88178],[28.52998,-7.89148],[28.52627,-7.90665],[28.4798,-8.00919],[28.42941,-8.04805],[28.42612,-8.1008],[28.43085,-8.12322],[28.43804,-8.13655],[28.44037,-8.15351],[28.43244,-8.16746],[28.40817,-8.18325],[28.30307,-8.28033],[28.27221,-8.28401],[28.26376,-8.28099],[28.26208,-8.25372],[28.23187,-8.24891],[28.21976,-8.25438],[28.20332,-8.27439],[28.18587,-8.27878],[28.16127,-8.3167],[28.13165,-8.33688],[28.11532,-8.33811],[28.10805,-8.34176],[28.09768,-8.35934],[28.08379,-8.35572],[28.06632,-8.34362],[28.06267,-8.34787],[28.07286,-8.36421],[28.08931,-8.40392],[28.07046,-8.41196],[28.06239,-8.41234],[28.03009,-8.40011],[28.02082,-8.38582],[28.00584,-8.37486],[27.99564,-8.37207],[27.99063,-8.3639],[27.98435,-8.36103],[27.98593,-8.34745],[27.97725,-8.31639],[27.98577,-8.30382],[27.99081,-8.2787],[27.98555,-8.2687],[27.98367,-8.24324],[27.9881,-8.23398],[27.98587,-8.2286],[27.98104,-8.228],[27.97189,-8.24194],[27.97182,-8.25649],[27.96025,-8.27226],[27.90468,-8.2602],[27.8981,-8.24567],[27.89026,-8.24204],[27.88903,-8.24689],[27.87449,-8.25115],[27.85155,-8.24451],[27.83389,-8.24631],[27.83249,-8.23348],[27.83699,-8.22765],[27.84072,-8.18121],[27.82719,-8.18513],[27.81867,-8.19769],[27.80731,-8.20616],[27.80199,-8.21728],[27.78459,-8.2362],[27.77369,-8.26947],[27.75156,-8.28704],[27.74373,-8.2816],[27.76086,-8.24098],[27.75788,-8.23371],[27.74759,-8.23494],[27.73544,-8.24586],[27.72152,-8.2483],[27.73067,-8.23253],[27.75196,-8.20827],[27.79324,-8.17549],[27.81932,-8.16152],[27.83754,-8.14453],[27.82223,-8.15144],[27.79165,-8.15404],[27.73627,-8.16947],[27.69887,-8.19964],[27.69689,-8.17966],[27.70258,-8.15346],[27.69921,-8.14967],[27.68193,-8.15737],[27.6747,-8.14836],[27.68139,-8.13691],[27.68185,-8.13024],[27.67317,-8.11743],[27.64427,-8.09568],[27.64133,-8.07666],[27.60723,-8.08016],[27.59091,-8.08786],[27.55966,-8.08182],[27.53329,-8.10004],[27.51409,-8.10728],[27.50592,-8.10637],[27.50157,-8.09925],[27.48407,-8.10935],[27.47514,-8.12558],[27.46584,-8.13423],[27.42233,-8.14991],[27.38956,-8.17343],[27.36604,-8.18599],[27.34161,-8.18618],[27.33198,-8.17532],[27.32547,-8.17245],[27.31743,-8.1735],[27.30648,-8.16703],[27.29846,-8.16923],[27.28507,-8.18185],[27.27836,-8.17989],[27.26517,-8.19067],[27.26414,-8.19758],[27.25111,-8.20422],[27.22627,-8.20716],[27.21508,-8.22774],[27.19497,-8.2521],[27.17409,-8.27138],[27.16418,-8.28555],[27.16625,-8.29078],[27.15621,-8.30701],[27.05617,-8.43831],[27.01546,-8.48701],[27.00546,-8.51654],[27.00647,-8.53294],[27.01201,-8.53791],[27.05024,-8.54746],[27.07184,-8.54141],[27.08172,-8.54873],[27.08511,-8.5606],[27.05253,-8.58221],[27.03888,-8.60906],[26.9763,-8.6654],[26.96783,-8.6699],[26.95832,-8.68176],[26.95611,-8.70293],[26.942,-8.71555],[26.92315,-8.72112],[26.88625,-8.75407],[26.875,-8.75838],[26.84972,-8.78127],[26.84256,-8.78115],[26.83415,-8.77508],[26.83171,-8.76615],[26.82611,-8.76256],[26.8244,-8.74168],[26.83044,-8.72896],[26.82829,-8.72417],[26.83591,-8.70935],[26.83526,-8.69673],[26.83071,-8.68623],[26.82304,-8.68267],[26.81801,-8.67103],[26.81086,-8.67137],[26.79687,-8.66193],[26.79229,-8.66452],[26.78604,-8.66324],[26.7779,-8.65991],[26.7732,-8.65401],[26.75312,-8.66947],[26.7704,-8.68254],[26.76036,-8.69095],[26.75525,-8.68873],[26.75116,-8.67754],[26.73214,-8.67139],[26.73065,-8.67991],[26.71921,-8.68719],[26.71425,-8.69508],[26.72247,-8.71999],[26.72156,-8.73655],[26.71496,-8.74284],[26.71987,-8.74668],[26.71973,-8.75265],[26.7111,-8.76266],[26.71547,-8.77683],[26.71362,-8.79176],[26.7289,-8.80972],[26.73185,-8.83724],[26.70677,-8.85989],[26.69162,-8.86655],[26.68009,-8.89911],[26.6774,-8.95199],[26.6732,-8.96469],[26.6788,-8.98413],[26.67336,-9.00696],[26.66007,-9.0145],[26.64689,-9.03054],[26.63269,-9.03948],[26.62498,-9.04924],[26.62256,-9.05801],[26.61617,-9.06407],[26.61039,-9.06392],[26.60771,-9.0704],[26.58895,-9.06836],[26.57279,-9.08582],[26.56197,-9.08896],[26.54743,-9.10686],[26.54466,-9.12344],[26.52686,-9.14047],[26.52535,-9.14807],[26.50112,-9.15208],[26.49795,-9.15626],[26.49542,-9.17399],[26.48261,-9.18405],[26.4787,-9.20203],[26.47343,-9.20532],[26.46917,-9.21549],[26.46457,-9.21739],[26.47073,-9.22741],[26.47772,-9.23076],[26.46946,-9.23593],[26.48833,-9.24533],[26.49407,-9.25835],[26.50224,-9.26398],[26.5013,-9.27893],[26.49629,-9.28451],[26.49875,-9.29505],[26.49034,-9.32252],[26.48395,-9.32881],[26.48517,-9.33293],[26.47312,-9.36458],[26.46514,-9.37319],[26.46555,-9.38606],[26.47738,-9.40428],[26.48232,-9.42628],[26.47597,-9.43602],[26.47997,-9.44056],[26.46949,-9.45289],[26.46233,-9.45367],[26.44726,-9.48583],[26.43189,-9.49638],[26.42304,-9.50891],[26.40631,-9.52201],[26.38518,-9.55102],[26.33618,-9.59305],[26.32304,-9.6146],[26.32148,-9.61922],[26.3283,-9.62671],[26.33264,-9.64122],[26.35268,-9.64834],[26.35226,-9.65454],[26.33077,-9.67939],[26.33009,-9.69106],[26.33925,-9.70906],[26.34016,-9.71786],[26.28897,-9.76857],[26.28524,-9.79304],[26.26601,-9.82768],[26.26993,-9.86682],[26.27558,-9.87789],[26.28267,-9.88407],[26.29528,-9.88502],[26.30354,-9.8801],[26.31029,-9.86018],[26.31682,-9.8569],[26.3602,-9.85418],[26.36675,-9.86232],[26.37894,-9.86914],[26.40042,-9.87153],[26.42584,-9.89756],[26.44324,-9.89833],[26.47918,-9.89073],[26.51414,-9.90531],[26.54621,-9.90654],[26.55876,-9.91205],[26.58367,-9.91263],[26.59925,-9.9214],[26.61906,-9.9207],[26.64717,-9.91116],[26.77343,-9.91311],[26.77984,-9.91896],[26.78234,-9.93625],[26.78177,-9.97931],[26.77242,-9.98978],[26.74707,-10.00551],[26.7557,-10.00883],[26.76355,-10.00665],[26.77508,-10.01728],[26.78392,-10.0183],[26.79003,-10.02373],[26.81018,-10.02113],[26.82188,-10.01291],[26.83114,-10.01162],[26.83589,-10.0035],[26.8361,-9.98717],[26.85521,-9.97792],[26.86777,-9.9798],[26.87296,-9.98524],[26.88213,-9.97843],[26.88619,-9.98619],[26.88867,-9.98109],[26.88426,-9.96645],[26.88605,-9.96205],[26.89239,-9.96701],[26.90071,-9.96505],[26.90809,-9.97712],[26.90882,-9.96423],[26.9228,-9.96862],[26.93056,-9.97517],[26.93295,-9.96501],[26.93948,-9.96721],[26.94122,-9.95983],[26.94925,-9.95396],[26.95929,-9.95817],[26.96541,-9.94934],[26.97154,-9.95522],[26.9843,-9.95548],[26.9826,-9.95091],[26.98697,-9.94832],[26.99006,-9.93861],[27.00637,-9.94341],[27.0074,-9.93512],[27.01642,-9.91912],[27.02365,-9.92153],[27.02633,-9.91528],[27.03386,-9.92183],[27.04548,-9.91353],[27.06972,-9.91601],[27.07496,-9.92172],[27.06329,-9.94972],[27.06436,-9.96878],[27.07612,-9.98496],[27.08501,-9.99129],[27.09942,-10.03352],[27.07635,-10.06854],[27.04259,-10.10677],[27.01904,-10.15323],[26.9807,-10.21086],[26.97995,-10.21785],[26.98838,-10.23372],[27.01497,-10.25971],[27.05646,-10.29043],[27.1056,-10.32081],[27.13048,-10.34998],[27.18791,-10.43246],[27.13601,-10.48503],[27.10932,-10.5172],[27.1032,-10.52771],[27.09959,-10.54933],[27.07313,-10.56338],[27.0437,-10.55107],[27.03238,-10.55237],[27.02198,-10.55939],[26.98044,-10.55759],[26.96572,-10.56462],[26.95627,-10.57545],[26.94654,-10.60694],[26.93889,-10.60728],[26.92833,-10.60127],[26.92052,-10.56315],[26.91971,-10.54949],[26.92361,-10.53041],[26.9178,-10.5174],[26.89702,-10.50474],[26.8816,-10.48921],[26.82041,-10.4649],[26.73622,-10.46989],[26.718,-10.46485],[26.69935,-10.46776],[26.6549,-10.46099],[26.63156,-10.46966],[26.57563,-10.47026],[26.53617,-10.47943],[26.50828,-10.47407],[26.4956,-10.47478],[26.4538,-10.50151],[26.4751,-10.5118],[26.47545,-10.52054],[26.48742,-10.54475],[26.49746,-10.54806],[26.50974,-10.56169],[26.51601,-10.56115],[26.5203,-10.56822],[26.51572,-10.57334],[26.51962,-10.58639],[26.52786,-10.59364],[26.53995,-10.59301],[26.56633,-10.60046],[26.55675,-10.61348],[26.55486,-10.62799],[26.52185,-10.66111],[26.51018,-10.67438],[26.51047,-10.67829],[26.51663,-10.68625],[26.57531,-10.71013],[26.59972,-10.7275],[26.60509,-10.73338],[26.60619,-10.7404],[26.58571,-10.78326],[26.56847,-10.7969],[26.56164,-10.81186],[26.5603,-10.84131],[26.56151,-10.85762],[26.56657,-10.86893],[26.56593,-10.88162],[26.55638,-10.88708],[26.5496,-10.89842],[26.51412,-10.89353],[26.49795,-10.89765],[26.47408,-10.9104],[26.46695,-10.91223],[26.44044,-10.90924],[26.42636,-10.91817],[26.41891,-10.91804],[26.40813,-10.92945],[26.34878,-11.03168],[26.34418,-11.05752],[26.3559,-11.10279],[26.35335,-11.11638],[26.35602,-11.12997],[26.35524,-11.15307],[26.34944,-11.16124],[26.34884,-11.17076],[26.3604,-11.22871],[26.31042,-11.20891],[26.30906,-11.20484],[26.32024,-11.18352],[26.32184,-11.16992],[26.31645,-11.14774],[26.32297,-11.12054],[26.31471,-11.09973],[26.32782,-11.07568],[26.33086,-11.06118],[26.32417,-11.05252],[26.31081,-11.04851],[26.30323,-11.03917],[26.30002,-11.02564],[26.28685,-10.99845],[26.27257,-10.99311],[26.26457,-10.95181],[26.25849,-10.94936],[26.25524,-10.95146],[26.24143,-10.94452],[26.23972,-10.93879],[26.23434,-10.93679],[26.22979,-10.92696],[26.23302,-10.92462],[26.22239,-10.91302],[26.22694,-10.90468],[26.22591,-10.89734],[26.2194,-10.89811],[26.21502,-10.88367],[26.20828,-10.88399],[26.20241,-10.88015],[26.18059,-10.88434],[26.16661,-10.88313],[26.15053,-10.89422],[26.14931,-10.91325],[26.12345,-10.94807],[26.11678,-10.95414],[26.10632,-10.95542],[26.09666,-10.96496],[26.06518,-10.97938],[25.99524,-10.96399],[25.97313,-10.96294],[25.94915,-10.95632],[25.94727,-10.95187],[25.93147,-10.96218],[25.92479,-10.97192],[25.87704,-11.0161],[25.88243,-11.0188],[25.87884,-11.03011],[25.87956,-11.03948],[25.85419,-11.07474],[25.84939,-11.0972],[25.79353,-11.13261],[25.7905,-11.20367],[25.79586,-11.2168],[25.80945,-11.23074],[25.81481,-11.24201],[25.81539,-11.26089],[25.80298,-11.28346],[25.77059,-11.31139],[25.75658,-11.33855],[25.75859,-11.36729],[25.75595,-11.38089],[25.7633,-11.39139],[25.75804,-11.40019],[25.76017,-11.40315],[25.77114,-11.40395],[25.77787,-11.40158],[25.78096,-11.4066],[25.77997,-11.42157],[25.77378,-11.43061],[25.77684,-11.45357],[25.76813,-11.46609],[25.75413,-11.46556],[25.73491,-11.47819],[25.72866,-11.52311],[25.7123,-11.54077],[25.70553,-11.54038],[25.70212,-11.54893],[25.69497,-11.55545],[25.68818,-11.55368],[25.68967,-11.56149],[25.67599,-11.59016],[25.6824,-11.62045],[25.67436,-11.63227],[25.65655,-11.64695],[25.63862,-11.65036],[25.63051,-11.65528],[25.61178,-11.65019],[25.60761,-11.65299],[25.59989,-11.67308],[25.57812,-11.68849],[25.57243,-11.70212],[25.55993,-11.71214],[25.55169,-11.72718],[25.54476,-11.73346],[25.53683,-11.73446],[25.53175,-11.73935],[25.497,-11.726],[25.495,-11.744],[25.49,-11.757],[25.484,-11.762],[25.484,-11.772],[25.488,-11.779],[25.497,-11.785],[25.506,-11.786],[25.518,-11.779],[25.532,-11.777],[25.563,-11.76],[25.577,-11.762],[25.584,-11.755],[25.594,-11.736],[25.609,-11.734],[25.635,-11.738],[25.646,-11.729],[25.65,-11.729],[25.655,-11.733],[25.677,-11.782],[25.698,-11.791],[25.708,-11.807],[25.719,-11.816],[25.824,-11.828],[25.85,-11.815],[25.863,-11.802],[25.872,-11.798],[25.88,-11.8],[25.89,-11.813],[25.898,-11.847],[25.906,-11.861],[25.919,-11.875],[25.934,-11.88],[25.96,-11.878],[25.975,-11.886],[25.987,-11.898],[25.991,-11.91],[25.978,-11.933],[25.99,-11.941],[26.011,-11.939],[26.069,-11.943],[26.137,-11.94],[26.17,-11.935],[26.192,-11.939],[26.201,-11.929],[26.212,-11.928],[26.251,-11.943],[26.287,-11.948],[26.312,-11.963],[26.33,-11.966],[26.409,-11.92],[26.428,-11.915],[26.444,-11.915],[26.468,-11.92],[26.487,-11.929],[26.509,-11.95],[26.544,-11.966],[26.559,-11.979],[26.57,-11.982],[26.584,-11.98],[26.598,-11.971],[26.61,-11.978],[26.625,-11.98],[26.636,-11.986],[26.663,-11.986],[26.692,-11.992],[26.708,-12.009],[26.718,-12.009],[26.755,-11.974],[26.775,-11.963],[26.798,-11.967],[26.816,-11.986],[26.828,-11.993],[26.856,-11.981],[26.884,-11.985],[26.897,-11.975],[26.908,-11.955],[26.954,-11.919],[26.971,-11.88],[26.98,-11.877],[26.986,-11.862],[27.008,-11.847],[27.01,-11.839],[26.999,-11.817],[27.005,-11.799],[27.008,-11.767],[27.013,-11.753],[27.024,-11.743],[27.032,-11.723],[27.044,-11.715],[27.049,-11.699],[27.045,-11.68],[27.025,-11.652],[27.025,-11.617],[27.028,-11.611],[27.044,-11.603],[27.089,-11.606],[27.119,-11.595],[27.157,-11.6],[27.185,-11.583],[27.2,-11.568],[27.206,-11.568],[27.223,-11.629],[27.226,-11.656],[27.228,-11.778],[27.232,-11.787],[27.246,-11.801],[27.271,-11.803],[27.291,-11.81],[27.318,-11.83],[27.331,-11.836],[27.351,-11.853],[27.369,-11.86],[27.384,-11.872],[27.397,-11.876],[27.407,-11.895],[27.435,-11.905],[27.45,-11.914],[27.463,-11.928],[27.468,-11.938],[27.472,-11.96],[27.464,-12.016],[27.467,-12.035],[27.474,-12.052],[27.497,-12.067],[27.507,-12.101],[27.508,-12.137],[27.515,-12.157],[27.526,-12.174],[27.565,-12.21],[27.576,-12.215],[27.602,-12.218],[27.613,-12.224],[27.619,-12.233],[27.631,-12.275],[27.647,-12.285],[27.656,-12.287],[27.67299,-12.283]]]]},"properties":{"nom":"Haut-Katanga","pcode":"CD71"}},{"type":"Feature","geometry":{"type":"Polygon","coordinates":[[[23.46143,-10.93936],[23.506,-10.946],[23.54,-10.959],[23.576,-10.99],[23.585,-10.993],[23.629,-10.991],[23.664,-11.007],[23.693,-11.005],[23.708,-11.008],[23.737,-10.993],[23.745,-10.992],[23.781,-11.006],[23.815,-11.028],[23.83,-11.03],[23.852,-11.028],[23.872,-11.017],[23.885,-11.002],[23.89,-10.988],[23.945,-10.955],[23.96,-10.938],[23.97,-10.921],[23.973,-10.905],[23.987,-10.892],[23.996,-10.892],[24.0,-10.886],[24.059,-10.889],[24.074,-10.893],[24.095,-10.906],[24.117,-10.905],[24.125,-10.91],[24.13,-10.919],[24.122,-10.945],[24.124,-10.952],[24.144,-10.969],[24.146,-10.977],[24.143,-10.995],[24.131,-11.024],[24.141,-11.036],[24.163,-11.045],[24.168,-11.044],[24.179,-11.033],[24.17624,-11.02284],[24.18757,-11.01577],[24.20342,-11.01369],[24.22494,-11.02228],[24.25595,-11.04039],[24.28754,-11.03397],[24.34401,-11.0556],[24.38513,-11.08263],[24.4067,-11.13123],[24.40354,-11.14689],[24.40689,-11.16021],[24.39927,-11.17153],[24.39882,-11.18753],[24.40893,-11.1983],[24.41137,-11.23609],[24.40624,-11.26317],[24.39602,-11.29476],[24.375,-11.33905],[24.35532,-11.34969],[24.34579,-11.35872],[24.29949,-11.37672],[24.29552,-11.38652],[24.3016,-11.38993],[24.31721,-11.38846],[24.32562,-11.39117],[24.33396,-11.40385],[24.37389,-11.40022],[24.39921,-11.416],[24.40394,-11.42539],[24.42516,-11.42685],[24.43782,-11.43613],[24.44507,-11.45115],[24.45646,-11.4573],[24.47263,-11.45153],[24.48943,-11.45164],[24.50242,-11.45321],[24.52331,-11.46176],[24.55028,-11.44514],[24.58704,-11.44699],[24.59433,-11.44408],[24.59818,-11.4278],[24.61121,-11.41052],[24.63372,-11.40706],[24.64959,-11.39665],[24.6693,-11.36716],[24.69788,-11.34284],[24.73915,-11.3139],[24.75438,-11.30686],[24.84342,-11.30817],[24.87423,-11.27772],[24.88374,-11.27487],[24.90369,-11.28001],[24.9297,-11.26953],[24.95727,-11.27115],[25.00977,-11.26507],[25.01604,-11.26203],[25.10201,-11.25899],[25.13022,-11.26082],[25.13401,-11.267],[25.15407,-11.26866],[25.16794,-11.25703],[25.20754,-11.25461],[25.32198,-11.23261],[25.33537,-11.22921],[25.34149,-11.2207],[25.3354,-11.22921],[25.34713,-11.22623],[25.34998,-11.2297],[25.33346,-11.24567],[25.32834,-11.26533],[25.32894,-11.2805],[25.32255,-11.30013],[25.30318,-11.31819],[25.31264,-11.33666],[25.31482,-11.35248],[25.30243,-11.3667],[25.29259,-11.37202],[25.29096,-11.3899],[25.31644,-11.46625],[25.32,-11.56365],[25.33548,-11.5838],[25.34553,-11.62142],[25.37336,-11.64436],[25.43539,-11.6737],[25.45694,-11.67424],[25.47467,-11.67839],[25.48985,-11.69236],[25.49992,-11.72225],[25.50814,-11.72986],[25.53175,-11.73935],[25.55169,-11.72718],[25.55993,-11.71214],[25.57243,-11.70212],[25.57812,-11.68849],[25.59989,-11.67308],[25.60761,-11.65299],[25.61178,-11.65019],[25.63051,-11.65528],[25.63862,-11.65036],[25.65655,-11.64695],[25.67436,-11.63227],[25.6824,-11.62045],[25.67599,-11.59016],[25.68967,-11.56149],[25.68818,-11.55368],[25.69497,-11.55545],[25.70212,-11.54893],[25.70553,-11.54038],[25.7123,-11.54077],[25.72866,-11.52311],[25.73491,-11.47819],[25.75413,-11.46556],[25.76813,-11.46609],[25.7748,-11.4582],[25.77769,-11.44574],[25.77378,-11.43061],[25.77997,-11.42157],[25.78096,-11.4066],[25.77787,-11.40158],[25.77114,-11.40395],[25.76017,-11.40315],[25.75804,-11.40019],[25.7633,-11.39139],[25.75595,-11.38089],[25.75859,-11.36729],[25.75658,-11.33855],[25.77059,-11.31139],[25.80298,-11.28346],[25.81539,-11.26089],[25.81481,-11.24201],[25.80945,-11.23074],[25.79586,-11.2168],[25.7905,-11.20367],[25.79353,-11.13261],[25.84939,-11.0972],[25.85419,-11.07474],[25.87956,-11.03948],[25.87884,-11.03011],[25.88243,-11.0188],[25.87704,-11.0161],[25.92479,-10.97192],[25.93147,-10.96218],[25.94727,-10.95187],[25.94915,-10.95632],[25.97313,-10.96294],[25.99524,-10.96399],[26.06518,-10.97938],[26.09666,-10.96496],[26.10632,-10.95542],[26.11678,-10.95414],[26.12345,-10.94807],[26.14931,-10.91325],[26.15053,-10.89422],[26.16661,-10.88313],[26.18059,-10.88434],[26.20241,-10.88015],[26.20828,-10.88399],[26.21502,-10.88367],[26.2194,-10.89811],[26.22591,-10.89734],[26.22694,-10.90468],[26.22239,-10.91302],[26.23302,-10.92462],[26.22979,-10.92696],[26.23434,-10.93679],[26.23972,-10.93879],[26.24143,-10.94452],[26.25524,-10.95146],[26.25849,-10.94936],[26.26457,-10.95181],[26.27257,-10.99311],[26.28685,-10.99845],[26.30002,-11.02564],[26.30323,-11.03917],[26.31081,-11.04851],[26.32417,-11.05252],[26.33086,-11.06118],[26.32782,-11.07568],[26.31471,-11.09973],[26.32297,-11.12054],[26.31645,-11.14774],[26.32184,-11.16992],[26.32024,-11.18352],[26.30906,-11.20484],[26.31042,-11.20891],[26.3604,-11.22871],[26.34884,-11.17076],[26.34944,-11.16124],[26.35524,-11.15307],[26.35602,-11.12997],[26.35335,-11.11638],[26.3559,-11.10279],[26.34418,-11.05752],[26.34878,-11.03168],[26.40813,-10.92945],[26.41891,-10.91804],[26.42636,-10.91817],[26.44044,-10.90924],[26.46695,-10.91223],[26.47408,-10.9104],[26.49795,-10.89765],[26.51412,-10.89353],[26.5496,-10.89842],[26.55638,-10.88708],[26.56593,-10.88162],[26.56657,-10.86893],[26.56151,-10.85762],[26.5603,-10.84131],[26.56164,-10.81186],[26.56847,-10.7969],[26.58571,-10.78326],[26.60619,-10.7404],[26.60509,-10.73338],[26.59972,-10.7275],[26.57531,-10.71013],[26.51663,-10.68625],[26.51047,-10.67829],[26.51018,-10.67438],[26.52185,-10.66111],[26.55486,-10.62799],[26.55675,-10.61348],[26.56633,-10.60046],[26.53995,-10.59301],[26.52786,-10.59364],[26.51962,-10.58639],[26.51572,-10.57334],[26.5203,-10.56822],[26.51601,-10.56115],[26.50974,-10.56169],[26.49746,-10.54806],[26.48742,-10.54475],[26.47545,-10.52054],[26.4751,-10.5118],[26.4538,-10.50151],[26.4956,-10.47478],[26.50828,-10.47407],[26.53617,-10.47943],[26.57563,-10.47026],[26.63156,-10.46966],[26.6549,-10.46099],[26.69935,-10.46776],[26.718,-10.46485],[26.73622,-10.46989],[26.82041,-10.4649],[26.8816,-10.48921],[26.89702,-10.50474],[26.9178,-10.5174],[26.92361,-10.53041],[26.91971,-10.54949],[26.92052,-10.56315],[26.92833,-10.60127],[26.93889,-10.60728],[26.94654,-10.60694],[26.95627,-10.57545],[26.96572,-10.56462],[26.98044,-10.55759],[27.02198,-10.55939],[27.03238,-10.55237],[27.0437,-10.55107],[27.07313,-10.56338],[27.09959,-10.54933],[27.1032,-10.52771],[27.10932,-10.5172],[27.18798,-10.42963],[27.15948,-10.39503],[27.13048,-10.34998],[27.1056,-10.32081],[27.05646,-10.29043],[27.01497,-10.25971],[26.98838,-10.23372],[26.97995,-10.21785],[26.9807,-10.21086],[27.01904,-10.15323],[27.04259,-10.10677],[27.07635,-10.06854],[27.09942,-10.03352],[27.08501,-9.99129],[27.07612,-9.98496],[27.06436,-9.96878],[27.06329,-9.94972],[27.07496,-9.92172],[27.06972,-9.91601],[27.04548,-9.91353],[27.03386,-9.92183],[27.02633,-9.91528],[27.02365,-9.92153],[27.01642,-9.91912],[27.0074,-9.93512],[27.00637,-9.94341],[26.99006,-9.93861],[26.98697,-9.94832],[26.9826,-9.95091],[26.9843,-9.95548],[26.97154,-9.95522],[26.96541,-9.94934],[26.95929,-9.95817],[26.94925,-9.95396],[26.94122,-9.95983],[26.93948,-9.96721],[26.93295,-9.96501],[26.93056,-9.97517],[26.9228,-9.96862],[26.90882,-9.96423],[26.90809,-9.97712],[26.90071,-9.96505],[26.89239,-9.96701],[26.88605,-9.96205],[26.88426,-9.96645],[26.88867,-9.98109],[26.88619,-9.98619],[26.88213,-9.97843],[26.87296,-9.98524],[26.86777,-9.9798],[26.85521,-9.97792],[26.8361,-9.98717],[26.83589,-10.0035],[26.83114,-10.01162],[26.82188,-10.01291],[26.81018,-10.02113],[26.79003,-10.02373],[26.78392,-10.0183],[26.77508,-10.01728],[26.76355,-10.00665],[26.7557,-10.00883],[26.74707,-10.00551],[26.77242,-9.98978],[26.78177,-9.97931],[26.78234,-9.93625],[26.77984,-9.91896],[26.77343,-9.91311],[26.64717,-9.91116],[26.61906,-9.9207],[26.59925,-9.9214],[26.58367,-9.91263],[26.55876,-9.91205],[26.54621,-9.90654],[26.51414,-9.90531],[26.47918,-9.89073],[26.44324,-9.89833],[26.4301,-9.8982],[26.42278,-9.89659],[26.40042,-9.87153],[26.37894,-9.86914],[26.36675,-9.86232],[26.3602,-9.85418],[26.31682,-9.8569],[26.31029,-9.86018],[26.30354,-9.8801],[26.29905,-9.88436],[26.28267,-9.88407],[26.27558,-9.87789],[26.26993,-9.86682],[26.2671,-9.82213],[26.28524,-9.79304],[26.28685,-9.77444],[26.2921,-9.76399],[26.34016,-9.71786],[26.33002,-9.68396],[26.33497,-9.67155],[26.35226,-9.65454],[26.35065,-9.64671],[26.33264,-9.64122],[26.30827,-9.65139],[26.28004,-9.66974],[26.2687,-9.67462],[26.26034,-9.67335],[26.24976,-9.67923],[26.23243,-9.7006],[26.22011,-9.71068],[26.21258,-9.71233],[26.1885,-9.70032],[26.16482,-9.71017],[26.14575,-9.70729],[26.13402,-9.71678],[26.12304,-9.72073],[26.10405,-9.71131],[26.03769,-9.72258],[26.03261,-9.71966],[26.03133,-9.71347],[26.03549,-9.68214],[26.03352,-9.67659],[26.02286,-9.68249],[26.00782,-9.68449],[25.95915,-9.69995],[25.91479,-9.6991],[25.84502,-9.65752],[25.81776,-9.62888],[25.74308,-9.59809],[25.70014,-9.56688],[25.6547,-9.51905],[25.64514,-9.49297],[25.64075,-9.48972],[25.61915,-9.49696],[25.60016,-9.51299],[25.59018,-9.51708],[25.5786,-9.51651],[25.56811,-9.51018],[25.55909,-9.51097],[25.53772,-9.50521],[25.53035,-9.50896],[25.5104,-9.50549],[25.51161,-9.48847],[25.50164,-9.48719],[25.49803,-9.49573],[25.50256,-9.50856],[25.49798,-9.53573],[25.49026,-9.55052],[25.49225,-9.56291],[25.49562,-9.58097],[25.50646,-9.59287],[25.504,-9.60186],[25.51532,-9.62037],[25.52131,-9.63984],[25.51299,-9.642],[25.49942,-9.6288],[25.49315,-9.62749],[25.48626,-9.63307],[25.48652,-9.63606],[25.48935,-9.6404],[25.50098,-9.64488],[25.50895,-9.65376],[25.52196,-9.65685],[25.52591,-9.68002],[25.52397,-9.69406],[25.53189,-9.69743],[25.53854,-9.69162],[25.54365,-9.69225],[25.54602,-9.69683],[25.54267,-9.70881],[25.52766,-9.70443],[25.51925,-9.70744],[25.5208,-9.72306],[25.52527,-9.72968],[25.53884,-9.74103],[25.54835,-9.74232],[25.53767,-9.7622],[25.54457,-9.77868],[25.54159,-9.79406],[25.53729,-9.79811],[25.52456,-9.80027],[25.48831,-9.82422],[25.4395,-9.81553],[25.40666,-9.82268],[25.33454,-9.85631],[25.16934,-9.92133],[25.14447,-9.95149],[25.12833,-9.97989],[25.10691,-9.98115],[25.08543,-9.97539],[25.05452,-9.99728],[25.02457,-10.0129],[24.98327,-10.01639],[24.98081,-10.02568],[24.98297,-10.03817],[25.00633,-10.04189],[25.01697,-10.03927],[25.07205,-10.04984],[25.05625,-10.07343],[25.03868,-10.08047],[25.02639,-10.08127],[24.99611,-10.09509],[24.98068,-10.10832],[24.97683,-10.11939],[24.94303,-10.12826],[24.9244,-10.12823],[24.91643,-10.12132],[24.90394,-10.09568],[24.9011,-10.08253],[24.88818,-10.06332],[24.85549,-10.03875],[24.84285,-10.02413],[24.8352,-10.02272],[24.83545,-10.0281],[24.84387,-10.03608],[24.84543,-10.05653],[24.84361,-10.06045],[24.83021,-10.06814],[24.82292,-10.08085],[24.81452,-10.0827],[24.78043,-10.06533],[24.7518,-10.0599],[24.73743,-10.04264],[24.73021,-10.03855],[24.72269,-10.02642],[24.7217,-10.01769],[24.72531,-10.00479],[24.712,-9.99271],[24.70769,-10.00538],[24.69733,-10.01672],[24.70071,-10.0344],[24.69295,-10.05078],[24.62483,-10.06437],[24.60776,-10.07691],[24.5928,-10.09494],[24.57615,-10.09801],[24.55899,-10.06491],[24.53653,-10.03739],[24.4777,-9.99527],[24.47044,-9.98309],[24.46302,-9.98154],[24.44958,-10.01537],[24.41455,-10.06009],[24.41162,-10.07365],[24.41451,-10.10841],[24.40619,-10.09249],[24.38972,-10.07791],[24.38874,-10.05514],[24.38293,-10.0432],[24.37453,-10.03636],[24.37169,-10.02787],[24.3735,-10.01981],[24.35958,-9.98334],[24.35095,-9.98822],[24.33016,-9.9888],[24.32508,-9.99205],[24.30691,-10.01722],[24.29627,-10.02257],[24.29749,-10.0336],[24.29199,-10.04513],[24.28219,-10.03786],[24.26403,-10.00628],[24.22691,-9.99295],[24.21825,-9.9948],[24.20585,-10.00471],[24.18387,-10.00251],[24.16422,-10.01434],[24.15587,-10.01462],[24.14367,-10.00945],[24.12225,-10.01245],[24.10359,-10.00841],[24.08592,-9.99268],[24.08504,-9.95636],[24.08686,-9.95015],[24.1058,-9.93626],[24.10831,-9.92912],[24.10452,-9.91419],[24.05991,-9.89764],[24.03348,-9.89846],[24.0258,-9.89229],[24.01994,-9.87921],[24.02762,-9.84124],[24.01299,-9.83557],[24.01939,-9.81783],[24.02884,-9.80791],[24.04699,-9.77609],[24.08201,-9.73638],[24.10973,-9.71854],[24.11358,-9.70197],[24.11237,-9.69255],[24.11945,-9.67458],[24.11872,-9.667],[24.13202,-9.64303],[24.12961,-9.62626],[24.11789,-9.59966],[24.12123,-9.57597],[24.13103,-9.54696],[24.15141,-9.50456],[24.15292,-9.48479],[24.1566,-9.48109],[24.16273,-9.45899],[24.15778,-9.44224],[24.14609,-9.42254],[24.15175,-9.39953],[24.14336,-9.38969],[24.14467,-9.37406],[24.13602,-9.35917],[24.148,-9.35298],[24.14812,-9.33871],[24.18579,-9.30372],[24.19526,-9.30687],[24.2153,-9.32115],[24.23331,-9.31093],[24.25143,-9.28493],[24.26338,-9.28129],[24.26843,-9.27572],[24.29265,-9.27368],[24.30026,-9.27034],[24.32986,-9.27049],[24.37817,-9.28019],[24.38896,-9.28833],[24.39687,-9.28849],[24.41105,-9.30334],[24.46101,-9.29975],[24.53679,-9.30062],[24.55255,-9.29468],[24.57014,-9.29347],[24.57343,-9.29093],[24.57534,-9.27738],[24.56964,-9.26819],[24.55422,-9.2566],[24.54041,-9.25276],[24.51948,-9.25225],[24.49668,-9.24251],[24.48896,-9.23509],[24.48915,-9.21897],[24.47355,-9.20345],[24.45481,-9.20196],[24.4452,-9.18295],[24.39461,-9.1573],[24.38089,-9.14429],[24.3366,-9.12526],[24.32358,-9.11316],[24.31579,-9.08816],[24.28538,-9.06743],[24.26676,-9.04526],[24.25151,-9.00789],[24.25378,-9.00076],[24.25049,-8.99228],[24.25207,-8.98491],[24.24555,-8.97622],[24.22377,-8.96693],[24.22143,-8.96165],[24.21191,-8.95482],[24.19297,-8.95584],[24.14691,-8.9423],[24.10598,-8.93655],[24.0979,-8.93797],[24.09625,-8.93246],[24.09921,-8.92418],[24.11057,-8.91306],[24.10614,-8.9031],[24.08843,-8.89129],[24.07386,-8.88846],[24.01388,-8.83258],[23.99587,-8.81971],[23.98008,-8.80278],[23.97303,-8.77847],[23.94971,-8.77881],[23.93535,-8.77014],[23.9333,-8.77544],[23.92269,-8.77824],[23.9112,-8.79047],[23.89866,-8.77969],[23.87148,-8.78781],[23.85807,-8.78686],[23.80506,-8.77694],[23.77167,-8.77707],[23.74841,-8.767],[23.729,-8.78128],[23.69606,-8.70457],[23.69089,-8.67394],[23.6928,-8.62966],[23.67815,-8.60101],[23.67924,-8.58447],[23.68818,-8.56882],[23.67866,-8.55416],[23.65808,-8.54229],[23.65113,-8.53473],[23.64009,-8.48173],[23.64166,-8.46795],[23.65034,-8.44679],[23.66759,-8.43433],[23.67011,-8.42904],[23.6896,-8.33804],[23.68997,-8.31554],[23.70135,-8.27601],[23.70055,-8.2503],[23.68469,-8.20077],[23.68443,-8.19228],[23.7008,-8.13598],[23.69381,-8.1158],[23.69279,-8.08987],[23.68907,-8.08185],[23.68122,-8.07522],[23.66776,-8.0491],[23.67413,-8.02934],[23.69108,-8.0],[23.68586,-7.99394],[23.67327,-7.98711],[23.63662,-7.97902],[23.63043,-7.97141],[23.62187,-7.96807],[23.62254,-7.96506],[23.59067,-7.94516],[23.58484,-7.94616],[23.57901,-7.93996],[23.5477,-7.94832],[23.5253,-7.97243],[23.49489,-7.98545],[23.41682,-7.96939],[23.37684,-7.97749],[23.36067,-7.97701],[23.35733,-7.97463],[23.35495,-7.96464],[23.34353,-7.95464],[23.3286,-7.95587],[23.31988,-7.96821],[23.29984,-7.98454],[23.28497,-7.98378],[23.28005,-7.98657],[23.27046,-7.97673],[23.24233,-7.96798],[23.23244,-7.95517],[23.21394,-7.96066],[23.20936,-7.95813],[23.21036,-7.95265],[23.20618,-7.95286],[23.20148,-7.9455],[23.20592,-7.94428],[23.2057,-7.94023],[23.20318,-7.94015],[23.20383,-7.93261],[23.2078,-7.93031],[23.20562,-7.92795],[23.20753,-7.92399],[23.20435,-7.92299],[23.20719,-7.92164],[23.20714,-7.91485],[23.20222,-7.91572],[23.20091,-7.9121],[23.18134,-7.91544],[23.17654,-7.89312],[23.17991,-7.8923],[23.1762,-7.88735],[23.17983,-7.88815],[23.17992,-7.88541],[23.17435,-7.87944],[23.17465,-7.87561],[23.18058,-7.87661],[23.17683,-7.86341],[23.18349,-7.85671],[23.18942,-7.85562],[23.18946,-7.84508],[23.18593,-7.84329],[23.18994,-7.83859],[23.18829,-7.82622],[23.19203,-7.81738],[23.18876,-7.81499],[23.18493,-7.81742],[23.17923,-7.80009],[23.18589,-7.79386],[23.18511,-7.78668],[23.19055,-7.78672],[23.18672,-7.77296],[23.18945,-7.76879],[23.17048,-7.76949],[23.15066,-7.77657],[23.1209,-7.81187],[23.10338,-7.82652],[23.08396,-7.87491],[23.04532,-7.86505],[23.00044,-7.87084],[22.98425,-7.86485],[22.96366,-7.87195],[22.94086,-7.8883],[22.91731,-7.88161],[22.89228,-7.8634],[22.81719,-7.82259],[22.7988,-7.81969],[22.77746,-7.82143],[22.77378,-7.81762],[22.76642,-7.81769],[22.71936,-7.85962],[22.68774,-7.8822],[22.66109,-7.89599],[22.66619,-7.88016],[22.66645,-7.86662],[22.67706,-7.8554],[22.65686,-7.82918],[22.64652,-7.82342],[22.64703,-7.79541],[22.64268,-7.78507],[22.65168,-7.77545],[22.6455,-7.76464],[22.611,-7.7416],[22.60941,-7.73264],[22.60434,-7.73309],[22.59973,-7.73629],[22.60548,-7.73745],[22.608,-7.74297],[22.60017,-7.74455],[22.59163,-7.75211],[22.5709,-7.75664],[22.55384,-7.76532],[22.52451,-7.80243],[22.52194,-7.8201],[22.49659,-7.84488],[22.48537,-7.84748],[22.44691,-7.83036],[22.43281,-7.82146],[22.42703,-7.80633],[22.42132,-7.80446],[22.41011,-7.81648],[22.34851,-7.85125],[22.29114,-7.87119],[22.18905,-7.88213],[22.1651,-7.88136],[22.16325,-7.87024],[22.14373,-7.85274],[22.13217,-7.82848],[22.04251,-7.7217],[22.03881,-7.69675],[22.03346,-7.68258],[22.02371,-7.67498],[22.00241,-7.67206],[21.99473,-7.69163],[21.96903,-7.70356],[21.94094,-7.68402],[21.87342,-7.67638],[21.83938,-7.66382],[21.83515,-7.65905],[21.82935,-7.63722],[21.82381,-7.65303],[21.81292,-7.65651],[21.81033,-7.66184],[21.81104,-7.68225],[21.79659,-7.71386],[21.79547,-7.73078],[21.78604,-7.74051],[21.78361,-7.76],[21.76804,-7.77742],[21.77197,-7.80602],[21.76527,-7.81219],[21.76206,-7.84536],[21.77093,-7.87887],[21.77067,-7.89363],[21.76807,-7.90744],[21.74526,-7.92948],[21.74545,-7.9388],[21.75975,-7.96081],[21.7594,-7.99412],[21.77673,-8.00995],[21.77966,-8.02833],[21.80794,-8.04724],[21.81067,-8.05643],[21.82903,-8.07737],[21.83084,-8.08931],[21.85215,-8.13092],[21.8543,-8.14293],[21.86661,-8.15139],[21.86796,-8.15966],[21.89002,-8.18153],[21.87915,-8.19757],[21.88533,-8.21389],[21.88734,-8.23639],[21.89742,-8.25984],[21.89688,-8.28945],[21.90262,-8.29957],[21.92587,-8.30859],[21.93461,-8.31986],[21.9348,-8.33547],[21.92046,-8.35127],[21.925,-8.37769],[21.92384,-8.39699],[21.93806,-8.41194],[21.94494,-8.42619],[21.95178,-8.4579],[21.94828,-8.4758],[21.95771,-8.50301],[21.95697,-8.50797],[21.94031,-8.52814],[21.9389,-8.53617],[21.94488,-8.5456],[21.94275,-8.56511],[21.93258,-8.57335],[21.93092,-8.58912],[21.9226,-8.5956],[21.9362,-8.60138],[21.93385,-8.61676],[21.9209,-8.62454],[21.91186,-8.64312],[21.91733,-8.66816],[21.95876,-8.66295],[21.91733,-8.66816],[21.90603,-8.68755],[21.90502,-8.70228],[21.89714,-8.70922],[21.90034,-8.71956],[21.89821,-8.74069],[21.90298,-8.76689],[21.89787,-8.77882],[21.90316,-8.78779],[21.88922,-8.81853],[21.87764,-8.83021],[21.87763,-8.83481],[21.88109,-8.83482],[21.88131,-8.8378],[21.86715,-8.8628],[21.87126,-8.88211],[21.85894,-8.90826],[21.86446,-8.91816],[21.86384,-8.93638],[21.85719,-8.95397],[21.85224,-8.99048],[21.85364,-9.00636],[21.84938,-9.01805],[21.85971,-9.04519],[21.84417,-9.06237],[21.84136,-9.07569],[21.84126,-9.10854],[21.84649,-9.13889],[21.86097,-9.17041],[21.8632,-9.20259],[21.85893,-9.2375],[21.84196,-9.26893],[21.8396,-9.28386],[21.82845,-9.29807],[21.82677,-9.32128],[21.81841,-9.32929],[21.81417,-9.33946],[21.81115,-9.35892],[21.81367,-9.36605],[21.81018,-9.37431],[21.81224,-9.37891],[21.80575,-9.38616],[21.80267,-9.40692],[21.79729,-9.41168],[21.79407,-9.42091],[21.79797,-9.43035],[21.82221,-9.45111],[21.83398,-9.46631],[21.8303,-9.48904],[21.83541,-9.51535],[21.8426,-9.52563],[21.84604,-9.53782],[21.86415,-9.55453],[21.86774,-9.56202],[21.86909,-9.57788],[21.86465,-9.59258],[21.8727,-9.61053],[21.86757,-9.62385],[21.87543,-9.62916],[21.88023,-9.65078],[21.89874,-9.65956],[21.90057,-9.67152],[21.91076,-9.67201],[21.91977,-9.68238],[21.93574,-9.68679],[21.93944,-9.69048],[21.94101,-9.70979],[21.95235,-9.71533],[21.95923,-9.72593],[21.969,-9.73101],[21.9775,-9.75999],[21.98167,-9.76391],[21.98584,-9.76415],[21.99908,-9.75315],[22.00637,-9.76165],[22.00203,-9.77821],[22.00502,-9.78626],[22.01404,-9.79479],[22.01769,-9.82491],[22.02449,-9.83381],[22.02948,-9.8362],[22.03552,-9.83024],[22.03923,-9.83094],[22.07554,-9.87654],[22.09175,-9.88186],[22.11125,-9.87293],[22.11704,-9.8741],[22.1233,-9.87779],[22.12953,-9.88929],[22.14948,-9.8891],[22.17171,-9.90363],[22.17379,-9.90915],[22.18653,-9.91974],[22.19253,-9.93217],[22.1906,-9.9404],[22.2013,-9.96138],[22.20636,-9.98645],[22.20505,-9.99044],[22.19824,-9.99333],[22.19776,-10.0],[22.20819,-10.00369],[22.20795,-10.01059],[22.21468,-10.01106],[22.21724,-10.01688],[22.21231,-10.03646],[22.22111,-10.05268],[22.22396,-10.06824],[22.21944,-10.08165],[22.226,-10.113],[22.22,-10.129],[22.224,-10.137],[22.223,-10.159],[22.236,-10.183],[22.239,-10.199],[22.236,-10.209],[22.245,-10.221],[22.24806,-10.24099],[22.26125,-10.26386],[22.24063,-10.29],[22.24641,-10.2998],[22.25548,-10.30634],[22.285,-10.307],[22.299,-10.316],[22.307,-10.328],[22.31156,-10.3684],[22.328,-10.385],[22.329,-10.399],[22.323,-10.42],[22.31,-10.437],[22.309,-10.451],[22.296,-10.467],[22.293,-10.498],[22.29,-10.504],[22.278,-10.508],[22.278,-10.516],[22.311,-10.536],[22.317,-10.544],[22.315,-10.556],[22.318,-10.577],[22.316,-10.6],[22.319,-10.656],[22.314,-10.676],[22.324,-10.69],[22.328,-10.705],[22.329,-10.733],[22.334,-10.741],[22.334,-10.758],[22.328,-10.772],[22.311,-10.783],[22.29754,-10.78375],[22.28269,-10.7756],[22.267,-10.796],[22.242,-10.806],[22.181,-10.852],[22.174,-10.875],[22.182,-10.895],[22.182,-10.907],[22.199,-10.93],[22.208,-10.954],[22.207,-10.998],[22.21,-11.013],[22.22,-11.035],[22.217,-11.088],[22.221,-11.104],[22.227,-11.117],[22.254,-11.148],[22.269,-11.182],[22.27,-11.195],[22.259,-11.226],[22.261,-11.233],[22.278,-11.25],[22.29,-11.251],[22.3,-11.244],[22.334,-11.207],[22.347,-11.179],[22.37,-11.176],[22.426,-11.179],[22.437,-11.175],[22.452,-11.162],[22.467,-11.143],[22.487,-11.132],[22.495,-11.12],[22.498,-11.098],[22.49,-11.082],[22.489,-11.068],[22.498,-11.052],[22.51,-11.042],[22.534,-11.041],[22.562,-11.031],[22.573,-11.031],[22.585,-11.036],[22.61,-11.056],[22.654,-11.083],[22.692,-11.097],[22.694,-11.101],[22.746,-11.114],[22.793,-11.111],[22.801,-11.106],[22.811,-11.083],[22.833,-11.081],[22.859,-11.062],[22.867,-11.062],[22.904,-11.081],[22.959,-11.098],[22.976,-11.101],[23.014,-11.1],[23.032,-11.109],[23.073,-11.123],[23.084,-11.124],[23.102,-11.119],[23.142,-11.095],[23.152,-11.093],[23.183,-11.102],[23.197,-11.104],[23.203,-11.102],[23.225,-11.087],[23.252,-11.059],[23.289,-11.031],[23.338,-11.003],[23.384,-10.966],[23.429,-10.94],[23.46143,-10.93936]]]},"properties":{"nom":"Lualaba","pcode":"CD72"}},{"type":"Feature","geometry":{"type":"MultiPolygon","coordinates":[[[[25.03682,-10.08059],[25.05625,-10.07343],[25.07205,-10.04984],[25.01697,-10.03927],[25.00633,-10.04189],[24.98297,-10.03817],[24.98081,-10.02568],[24.98327,-10.01639],[25.02457,-10.0129],[25.05452,-9.99728],[25.08543,-9.97539],[25.10691,-9.98115],[25.12833,-9.97989],[25.14447,-9.95149],[25.16934,-9.92133],[25.33454,-9.85631],[25.40666,-9.82268],[25.4395,-9.81553],[25.48831,-9.82422],[25.52456,-9.80027],[25.53729,-9.79811],[25.54159,-9.79406],[25.54457,-9.77868],[25.53767,-9.7622],[25.54835,-9.74232],[25.53884,-9.74103],[25.52527,-9.72968],[25.5208,-9.72306],[25.51925,-9.70744],[25.52766,-9.70443],[25.54267,-9.70881],[25.54602,-9.69683],[25.54365,-9.69225],[25.53854,-9.69162],[25.53189,-9.69743],[25.52397,-9.69406],[25.52591,-9.68002],[25.52196,-9.65685],[25.50895,-9.65376],[25.50098,-9.64488],[25.48935,-9.6404],[25.48652,-9.63606],[25.48626,-9.63307],[25.49315,-9.62749],[25.49942,-9.6288],[25.51299,-9.642],[25.52131,-9.63984],[25.51532,-9.62037],[25.504,-9.60186],[25.50646,-9.59287],[25.49562,-9.58097],[25.49026,-9.55052],[25.49798,-9.53573],[25.50256,-9.50856],[25.49803,-9.49573],[25.50164,-9.48719],[25.51161,-9.48847],[25.5104,-9.50549],[25.53035,-9.50896],[25.53772,-9.50521],[25.55909,-9.51097],[25.56811,-9.51018],[25.5786,-9.51651],[25.59018,-9.51708],[25.60016,-9.51299],[25.61915,-9.49696],[25.64075,-9.48972],[25.64514,-9.49297],[25.6547,-9.51905],[25.70014,-9.56688],[25.74308,-9.59809],[25.82453,-9.63311],[25.83658,-9.65069],[25.87654,-9.67506],[25.87988,-9.67994],[25.91479,-9.6991],[25.94445,-9.7013],[25.95915,-9.69995],[26.00782,-9.68449],[26.02286,-9.68249],[26.03352,-9.67659],[26.03549,-9.68214],[26.03133,-9.71347],[26.03261,-9.71966],[26.03769,-9.72258],[26.10405,-9.71131],[26.12304,-9.72073],[26.13402,-9.71678],[26.14575,-9.70729],[26.16482,-9.71017],[26.1885,-9.70032],[26.19667,-9.70258],[26.20509,-9.71072],[26.22011,-9.71068],[26.23243,-9.7006],[26.24976,-9.67923],[26.26034,-9.67335],[26.2687,-9.67462],[26.28004,-9.66974],[26.30827,-9.65139],[26.33264,-9.64122],[26.3283,-9.62671],[26.32148,-9.61922],[26.33618,-9.59305],[26.38518,-9.55102],[26.40631,-9.52201],[26.42304,-9.50891],[26.43189,-9.49638],[26.44726,-9.48583],[26.46233,-9.45367],[26.46949,-9.45289],[26.47997,-9.44056],[26.47597,-9.43602],[26.48232,-9.42628],[26.47738,-9.40428],[26.46555,-9.38606],[26.46514,-9.37319],[26.47312,-9.36458],[26.48517,-9.33293],[26.48395,-9.32881],[26.49034,-9.32252],[26.49875,-9.29505],[26.49629,-9.28451],[26.5013,-9.27893],[26.50224,-9.26398],[26.49407,-9.25835],[26.48833,-9.24533],[26.46946,-9.23593],[26.47772,-9.23076],[26.47073,-9.22741],[26.46457,-9.21739],[26.46917,-9.21549],[26.47343,-9.20532],[26.4787,-9.20203],[26.48261,-9.18405],[26.49542,-9.17399],[26.49795,-9.15626],[26.50112,-9.15208],[26.52535,-9.14807],[26.52686,-9.14047],[26.54466,-9.12344],[26.54743,-9.10686],[26.56197,-9.08896],[26.57279,-9.08582],[26.58895,-9.06836],[26.60771,-9.0704],[26.61039,-9.06392],[26.61617,-9.06407],[26.62256,-9.05801],[26.62498,-9.04924],[26.63269,-9.03948],[26.64689,-9.03054],[26.66007,-9.0145],[26.67336,-9.00696],[26.6788,-8.98413],[26.6732,-8.96469],[26.6774,-8.95199],[26.68009,-8.89911],[26.69162,-8.86655],[26.70677,-8.85989],[26.73185,-8.83724],[26.7289,-8.80972],[26.71362,-8.79176],[26.71547,-8.77683],[26.7111,-8.76266],[26.71973,-8.75265],[26.71987,-8.74668],[26.71496,-8.74284],[26.72156,-8.73655],[26.72247,-8.71999],[26.71425,-8.69508],[26.71921,-8.68719],[26.73065,-8.67991],[26.73214,-8.67139],[26.75116,-8.67754],[26.75525,-8.68873],[26.76036,-8.69095],[26.7704,-8.68254],[26.75312,-8.66947],[26.7732,-8.65401],[26.7779,-8.65991],[26.78604,-8.66324],[26.79229,-8.66452],[26.79687,-8.66193],[26.81086,-8.67137],[26.81801,-8.67103],[26.82304,-8.68267],[26.83071,-8.68623],[26.83526,-8.69673],[26.83591,-8.70935],[26.82829,-8.72417],[26.83044,-8.72896],[26.8244,-8.74168],[26.82611,-8.76256],[26.83171,-8.76615],[26.83415,-8.77508],[26.84256,-8.78115],[26.84972,-8.78127],[26.875,-8.75838],[26.88625,-8.75407],[26.92315,-8.72112],[26.942,-8.71555],[26.95611,-8.70293],[26.95832,-8.68176],[26.96783,-8.6699],[26.9763,-8.6654],[27.03888,-8.60906],[27.05253,-8.58221],[27.08511,-8.5606],[27.08172,-8.54873],[27.07184,-8.54141],[27.05024,-8.54746],[27.01201,-8.53791],[27.00647,-8.53294],[27.00546,-8.51654],[27.01546,-8.48701],[27.05617,-8.43831],[27.15621,-8.30701],[27.16625,-8.29078],[27.16418,-8.28555],[27.17409,-8.27138],[27.19497,-8.2521],[27.21508,-8.22774],[27.22627,-8.20716],[27.25111,-8.20422],[27.26414,-8.19758],[27.26517,-8.19067],[27.27836,-8.17989],[27.28507,-8.18185],[27.29846,-8.16923],[27.30648,-8.16703],[27.31743,-8.1735],[27.32547,-8.17245],[27.33198,-8.17532],[27.34161,-8.18618],[27.36604,-8.18599],[27.38956,-8.17343],[27.42233,-8.14991],[27.46584,-8.13423],[27.47514,-8.12558],[27.48407,-8.10935],[27.50157,-8.09925],[27.50592,-8.10637],[27.51409,-8.10728],[27.53329,-8.10004],[27.55966,-8.08182],[27.59091,-8.08786],[27.60723,-8.08016],[27.64133,-8.07666],[27.64427,-8.09568],[27.67317,-8.11743],[27.68185,-8.13024],[27.68139,-8.13691],[27.6747,-8.14836],[27.68193,-8.15737],[27.69921,-8.14967],[27.70258,-8.15346],[27.69689,-8.17966],[27.69887,-8.19964],[27.73627,-8.16947],[27.79165,-8.15404],[27.82222,-8.15144],[27.83755,-8.14453],[27.85338,-8.12269],[27.84734,-8.12027],[27.80071,-8.13366],[27.77188,-8.13588],[27.76826,-8.13916],[27.74528,-8.1304],[27.72594,-8.14361],[27.71603,-8.15619],[27.70873,-8.1471],[27.7088,-8.13498],[27.73052,-8.11735],[27.73747,-8.10712],[27.74491,-8.08587],[27.77507,-8.06216],[27.78173,-8.06033],[27.82799,-7.98563],[27.83298,-7.96817],[27.84145,-7.95597],[27.84117,-7.94312],[27.8542,-7.92035],[27.85275,-7.90452],[27.84808,-7.88824],[27.80798,-7.88127],[27.80785,-7.8489],[27.78948,-7.84322],[27.77427,-7.86326],[27.73579,-7.87731],[27.724,-7.87848],[27.70407,-7.87487],[27.69201,-7.86578],[27.63971,-7.8064],[27.63014,-7.78578],[27.62677,-7.73482],[27.63177,-7.70327],[27.6415,-7.69112],[27.67359,-7.67285],[27.66666,-7.66782],[27.6613,-7.65154],[27.6278,-7.61591],[27.62402,-7.59518],[27.61499,-7.58373],[27.59217,-7.57463],[27.58613,-7.56064],[27.59755,-7.53459],[27.59759,-7.52669],[27.57532,-7.50487],[27.55298,-7.49882],[27.52886,-7.48489],[27.51074,-7.48187],[27.49984,-7.48492],[27.50332,-7.51345],[27.49785,-7.51953],[27.46395,-7.52625],[27.44284,-7.53403],[27.44185,-7.51336],[27.44751,-7.489],[27.44517,-7.47867],[27.4394,-7.47249],[27.41985,-7.47876],[27.39714,-7.50065],[27.38886,-7.50182],[27.38106,-7.50874],[27.36841,-7.51268],[27.35627,-7.52902],[27.354,-7.5389],[27.28541,-7.54142],[27.27987,-7.53569],[27.27869,-7.5272],[27.26854,-7.52103],[27.26597,-7.51208],[27.25557,-7.4981],[27.23736,-7.49104],[27.23389,-7.486],[27.22768,-7.49556],[27.21903,-7.532],[27.22016,-7.54596],[27.22554,-7.55931],[27.21933,-7.59148],[27.22528,-7.6109],[27.21498,-7.61455],[27.13996,-7.62192],[27.08789,-7.63473],[27.05406,-7.62931],[26.99718,-7.63666],[26.96939,-7.63244],[26.95556,-7.62572],[26.95468,-7.63674],[26.94109,-7.63586],[26.92476,-7.64141],[26.88676,-7.63715],[26.84829,-7.62852],[26.80797,-7.62596],[26.81447,-7.59682],[26.82298,-7.58831],[26.82606,-7.57617],[26.8111,-7.57573],[26.80826,-7.55121],[26.803,-7.545],[26.78475,-7.53561],[26.76374,-7.53533],[26.7528,-7.54657],[26.73615,-7.55039],[26.69881,-7.5228],[26.69666,-7.52706],[26.70114,-7.53313],[26.69151,-7.54578],[26.68231,-7.54902],[26.67126,-7.54721],[26.66114,-7.55297],[26.6511,-7.53941],[26.65113,-7.51097],[26.63041,-7.50827],[26.62141,-7.50071],[26.61243,-7.50004],[26.58729,-7.4808],[26.57713,-7.46889],[26.53983,-7.463],[26.53059,-7.45039],[26.5273,-7.4226],[26.52106,-7.41481],[26.51046,-7.4084],[26.49572,-7.40728],[26.48401,-7.41627],[26.47921,-7.42982],[26.47553,-7.43351],[26.47139,-7.43283],[26.46081,-7.38421],[26.45452,-7.37237],[26.44398,-7.36206],[26.43463,-7.35782],[26.42191,-7.363],[26.42185,-7.37393],[26.43624,-7.39881],[26.43831,-7.40761],[26.43373,-7.41612],[26.42405,-7.41886],[26.4177,-7.41796],[26.39617,-7.37001],[26.37287,-7.37429],[26.3526,-7.3242],[26.36887,-7.295],[26.37848,-7.26994],[26.38284,-7.26695],[26.38099,-7.26236],[26.37685,-7.26191],[26.37795,-7.24307],[26.3823,-7.23272],[26.37999,-7.22699],[26.38593,-7.20997],[26.40721,-7.16054],[26.45715,-7.15205],[26.46919,-7.14426],[26.48148,-7.10292],[26.47752,-7.09045],[26.48566,-7.06182],[26.43384,-7.03872],[26.41911,-7.03692],[26.41338,-7.0452],[26.39986,-7.0518],[26.36299,-7.05032],[26.33875,-7.04367],[26.31498,-7.02121],[26.2984,-7.01303],[26.28702,-7.03662],[26.27886,-7.04321],[26.2698,-7.04391],[26.23479,-7.0308],[26.22386,-7.00378],[26.2132,-6.98652],[26.22065,-6.96837],[26.22039,-6.95136],[26.21681,-6.94292],[26.17629,-6.94419],[26.15031,-6.96196],[26.10156,-6.95996],[26.09432,-6.94744],[26.10924,-6.92996],[26.11387,-6.92154],[26.1134,-6.91566],[26.10863,-6.91055],[26.0525,-6.90005],[26.04079,-6.88854],[26.03815,-6.87927],[26.04501,-6.87098],[26.07559,-6.86305],[26.08159,-6.85432],[26.0798,-6.84254],[26.08667,-6.83593],[26.09484,-6.81936],[26.09488,-6.81084],[26.13478,-6.81384],[26.13357,-6.79526],[26.12046,-6.79137],[26.11287,-6.79322],[26.1009,-6.78842],[26.09078,-6.78959],[26.08544,-6.76373],[26.06037,-6.7595],[26.03704,-6.75081],[26.03223,-6.73898],[26.03431,-6.72348],[26.03166,-6.71294],[26.01052,-6.71136],[26.00616,-6.70206],[26.01711,-6.65352],[25.99971,-6.62428],[25.98365,-6.6064],[25.93445,-6.60187],[25.93735,-6.57798],[25.93032,-6.55478],[25.94791,-6.53698],[25.9491,-6.51684],[25.94366,-6.46593],[25.94578,-6.46093],[25.98462,-6.4632],[25.98107,-6.44424],[25.98786,-6.42376],[26.01036,-6.43628],[26.02415,-6.43355],[26.05124,-6.41758],[26.06353,-6.37702],[26.10507,-6.31967],[26.1165,-6.29548],[26.11265,-6.28575],[26.08511,-6.29667],[26.07216,-6.29606],[26.06038,-6.27109],[26.05518,-6.26638],[26.02799,-6.26261],[26.01994,-6.21038],[26.01646,-6.20444],[26.00568,-6.20554],[25.98592,-6.21953],[25.97714,-6.27318],[25.97112,-6.27561],[25.95984,-6.26494],[25.94897,-6.24754],[25.95221,-6.21859],[25.93931,-6.20551],[25.88298,-6.16837],[25.8657,-6.16264],[25.84708,-6.14891],[25.82912,-6.14404],[25.8034,-6.15143],[25.80295,-6.15672],[25.81399,-6.16406],[25.81148,-6.17671],[25.80345,-6.18339],[25.79726,-6.19466],[25.77774,-6.20412],[25.76097,-6.20689],[25.75271,-6.21265],[25.73984,-6.2152],[25.72193,-6.2274],[25.70929,-6.22765],[25.6992,-6.23801],[25.69115,-6.23802],[25.68474,-6.25688],[25.67097,-6.26563],[25.64316,-6.26934],[25.63604,-6.27532],[25.61306,-6.27718],[25.60593,-6.27328],[25.59836,-6.28042],[25.58732,-6.27928],[25.56136,-6.28643],[25.54207,-6.29864],[25.53679,-6.30646],[25.50372,-6.31179],[25.49594,-6.30915],[25.49286,-6.29902],[25.4868,-6.29431],[25.43991,-6.31797],[25.42784,-6.32031],[25.41533,-6.31928],[25.41206,-6.31702],[25.41515,-6.313],[25.41205,-6.31702],[25.38287,-6.29903],[25.29589,-6.32755],[25.29334,-6.33633],[25.30573,-6.39492],[25.30628,-6.41635],[25.28267,-6.43784],[25.27237,-6.44161],[25.27973,-6.45172],[25.28181,-6.46091],[25.28871,-6.46206],[25.29677,-6.47217],[25.30895,-6.47354],[25.31448,-6.48043],[25.31426,-6.48779],[25.32922,-6.50663],[25.36834,-6.54085],[25.37386,-6.5413],[25.38374,-6.53279],[25.3911,-6.53508],[25.3964,-6.54703],[25.40835,-6.54495],[25.41204,-6.5507],[25.41113,-6.56173],[25.4178,-6.56241],[25.42931,-6.5762],[25.44472,-6.57917],[25.44749,-6.58951],[25.45831,-6.59341],[25.46569,-6.61225],[25.46685,-6.62512],[25.46161,-6.66006],[25.4515,-6.67018],[25.44072,-6.6895],[25.44487,-6.70098],[25.43821,-6.70766],[25.44835,-6.72396],[25.43295,-6.73317],[25.40975,-6.75985],[25.3677,-6.79182],[25.34563,-6.79896],[25.33759,-6.80494],[25.31022,-6.80864],[25.29852,-6.80498],[25.30147,-6.79117],[25.30091,-6.76724],[25.28403,-6.75649],[25.26621,-6.73019],[25.25755,-6.72418],[25.24137,-6.72135],[25.22253,-6.70937],[25.1952,-6.68041],[25.18136,-6.67306],[25.1594,-6.67986],[25.14263,-6.69137],[25.13746,-6.69171],[25.10938,-6.68372],[25.09683,-6.6764],[25.06705,-6.67258],[25.05494,-6.66694],[25.04928,-6.65846],[25.0441,-6.65628],[25.03419,-6.65823],[25.02904,-6.66445],[25.02182,-6.68575],[25.01024,-6.69817],[24.94425,-6.69927],[24.92748,-6.71035],[24.93242,-6.74611],[24.9264,-6.75022],[24.89448,-6.75058],[24.87554,-6.75784],[24.84807,-6.78345],[24.8408,-6.79468],[24.84749,-6.82721],[24.8169,-6.84169],[24.79024,-6.8688],[24.78127,-6.89017],[24.74884,-6.88995],[24.73413,-6.90281],[24.73734,-6.90856],[24.72562,-6.91453],[24.72815,-6.91844],[24.72056,-6.9212],[24.72171,-6.92648],[24.71021,-6.92901],[24.70561,-6.93337],[24.70492,-6.94188],[24.69871,-6.94325],[24.69802,-6.94831],[24.69044,-6.95313],[24.66904,-6.9552],[24.65639,-6.95083],[24.65271,-6.95726],[24.64374,-6.96071],[24.64398,-6.98024],[24.61949,-6.98327],[24.55378,-7.01288],[24.54711,-7.00909],[24.52933,-6.98757],[24.52413,-6.98763],[24.51622,-6.9959],[24.50463,-7.04425],[24.48304,-7.05411],[24.45197,-7.05395],[24.39743,-7.04631],[24.37964,-7.05807],[24.35273,-7.05528],[24.34514,-7.05873],[24.32237,-7.05021],[24.31639,-7.04217],[24.30971,-7.04078],[24.30672,-7.03228],[24.29729,-7.0332],[24.29223,-7.02837],[24.28694,-7.02952],[24.27958,-7.02492],[24.27383,-7.02514],[24.26647,-7.01733],[24.25382,-7.01663],[24.2499,-7.02053],[24.24162,-7.01777],[24.23587,-7.01961],[24.23104,-7.01501],[24.22552,-7.01707],[24.21793,-7.00994],[24.22828,-6.99823],[24.22576,-6.98513],[24.22806,-6.97411],[24.20116,-6.92584],[24.19104,-6.92238],[24.18736,-6.91089],[24.17748,-6.90629],[24.15977,-6.90191],[24.14711,-6.90305],[24.14704,-6.91956],[24.15814,-6.92879],[24.15745,-6.93224],[24.14871,-6.94257],[24.12525,-6.94393],[24.12179,-6.94669],[24.12662,-6.96094],[24.13996,-6.95934],[24.1418,-6.97267],[24.15237,-6.98462],[24.13143,-6.99954],[24.13051,-7.00345],[24.13672,-7.01172],[24.14753,-7.01702],[24.14108,-7.05056],[24.12658,-7.04825],[24.12174,-7.06731],[24.11326,-7.07203],[24.11346,-7.06501],[24.09713,-7.06132],[24.08079,-7.06958],[24.06653,-7.06796],[24.05571,-7.08909],[24.0504,-7.10976],[24.03153,-7.12215],[24.01439,-7.16355],[24.00274,-7.17473],[23.98387,-7.18459],[23.98647,-7.19588],[23.98248,-7.2009],[23.97926,-7.20204],[23.97328,-7.19813],[23.96107,-7.2103],[23.96543,-7.23672],[23.98566,-7.26224],[23.97991,-7.26499],[23.97299,-7.28956],[23.97704,-7.29585],[23.97114,-7.30196],[23.97436,-7.31138],[23.96515,-7.31688],[23.96169,-7.32653],[23.96974,-7.34583],[23.98792,-7.34929],[24.00057,-7.36515],[24.00931,-7.36447],[24.01,-7.36975],[24.00378,-7.37756],[23.99135,-7.378],[23.97869,-7.38488],[23.97175,-7.44528],[23.96184,-7.46249],[23.96385,-7.47186],[23.95538,-7.4928],[23.9487,-7.49762],[23.94685,-7.51254],[23.92981,-7.52424],[23.92727,-7.52951],[23.93509,-7.54835],[23.9344,-7.55317],[23.9215,-7.56602],[23.93001,-7.57154],[23.93092,-7.58394],[23.93644,-7.5952],[23.92584,-7.61723],[23.92767,-7.62665],[23.92306,-7.63697],[23.93133,-7.66798],[23.92188,-7.68083],[23.93293,-7.68543],[23.92809,-7.69139],[23.91978,-7.71779],[23.92231,-7.72812],[23.9529,-7.77958],[23.95198,-7.78601],[23.9598,-7.80025],[23.96117,-7.81287],[23.95126,-7.82618],[23.95494,-7.8333],[23.90246,-7.86276],[23.85774,-7.87357],[23.82415,-7.88667],[23.81907,-7.89514],[23.82234,-7.92519],[23.82133,-7.95383],[23.81184,-7.95756],[23.81374,-7.94819],[23.79662,-7.95523],[23.78655,-7.96643],[23.7658,-7.98116],[23.76945,-7.92606],[23.76151,-7.88198],[23.74817,-7.86133],[23.73684,-7.85882],[23.72211,-7.88009],[23.71922,-7.90866],[23.69769,-7.94466],[23.69241,-7.97612],[23.68539,-7.99419],[23.69108,-8.0],[23.67413,-8.02934],[23.66776,-8.0491],[23.68122,-8.07522],[23.68907,-8.08185],[23.69279,-8.08987],[23.69381,-8.1158],[23.7008,-8.13598],[23.68443,-8.19228],[23.68469,-8.20077],[23.70055,-8.2503],[23.70135,-8.27601],[23.68997,-8.31554],[23.6896,-8.33804],[23.67011,-8.42904],[23.66759,-8.43433],[23.65034,-8.44679],[23.64166,-8.46795],[23.64009,-8.48173],[23.65113,-8.53473],[23.65808,-8.54229],[23.67866,-8.55416],[23.68818,-8.56882],[23.67924,-8.58447],[23.67815,-8.60101],[23.6928,-8.62966],[23.69089,-8.67394],[23.69606,-8.70457],[23.729,-8.78128],[23.74841,-8.767],[23.77167,-8.77707],[23.80506,-8.77694],[23.85807,-8.78686],[23.87148,-8.78781],[23.89866,-8.77969],[23.9112,-8.79047],[23.92269,-8.77824],[23.9333,-8.77544],[23.93535,-8.77014],[23.94971,-8.77881],[23.97303,-8.77847],[23.98008,-8.80278],[23.99587,-8.81971],[24.01388,-8.83258],[24.07386,-8.88846],[24.08843,-8.89129],[24.10614,-8.9031],[24.11057,-8.91306],[24.09921,-8.92418],[24.09625,-8.93246],[24.0979,-8.93797],[24.10598,-8.93655],[24.14691,-8.9423],[24.19297,-8.95584],[24.21191,-8.95482],[24.22143,-8.96165],[24.22377,-8.96693],[24.24555,-8.97622],[24.25207,-8.98491],[24.25049,-8.99228],[24.25378,-9.00076],[24.25151,-9.00789],[24.26676,-9.04526],[24.28538,-9.06743],[24.31579,-9.08816],[24.32358,-9.11316],[24.3366,-9.12526],[24.38089,-9.14429],[24.39461,-9.1573],[24.4452,-9.18295],[24.45481,-9.20196],[24.47355,-9.20345],[24.48915,-9.21897],[24.48896,-9.23509],[24.49668,-9.24251],[24.51948,-9.25225],[24.54041,-9.25276],[24.55422,-9.2566],[24.56964,-9.26819],[24.57534,-9.27738],[24.57343,-9.29093],[24.57014,-9.29347],[24.55255,-9.29468],[24.53679,-9.30062],[24.46101,-9.29975],[24.41105,-9.30334],[24.39687,-9.28849],[24.38896,-9.28833],[24.37817,-9.28019],[24.32986,-9.27049],[24.30026,-9.27034],[24.29265,-9.27368],[24.26843,-9.27572],[24.26338,-9.28129],[24.25143,-9.28493],[24.23331,-9.31093],[24.2153,-9.32115],[24.19526,-9.30687],[24.18579,-9.30372],[24.14812,-9.33871],[24.148,-9.35298],[24.13602,-9.35917],[24.14467,-9.37406],[24.14336,-9.38969],[24.15175,-9.39953],[24.14609,-9.42254],[24.15778,-9.44224],[24.16273,-9.45899],[24.1566,-9.48109],[24.15292,-9.48479],[24.15141,-9.50456],[24.13103,-9.54696],[24.12123,-9.57597],[24.11789,-9.59966],[24.12961,-9.62626],[24.13202,-9.64303],[24.11872,-9.667],[24.11945,-9.67458],[24.11237,-9.69255],[24.11358,-9.70197],[24.10973,-9.71854],[24.08201,-9.73638],[24.04699,-9.77609],[24.02884,-9.80791],[24.01939,-9.81783],[24.01299,-9.83557],[24.02762,-9.84124],[24.01994,-9.87921],[24.0258,-9.89229],[24.03348,-9.89846],[24.05991,-9.89764],[24.10452,-9.91419],[24.10831,-9.92912],[24.1058,-9.93626],[24.08686,-9.95015],[24.08504,-9.95636],[24.08592,-9.99268],[24.09503,-10.00298],[24.11178,-10.01107],[24.14367,-10.00945],[24.15587,-10.01462],[24.16422,-10.01434],[24.18387,-10.00251],[24.20585,-10.00471],[24.21825,-9.9948],[24.22691,-9.99295],[24.26403,-10.00628],[24.28219,-10.03786],[24.29199,-10.04513],[24.29749,-10.0336],[24.29627,-10.02257],[24.30691,-10.01722],[24.32508,-9.99205],[24.33016,-9.9888],[24.35095,-9.98822],[24.35958,-9.98334],[24.3735,-10.01981],[24.37169,-10.02787],[24.37453,-10.03636],[24.38293,-10.0432],[24.38874,-10.05514],[24.38972,-10.07791],[24.40619,-10.09249],[24.41451,-10.10841],[24.41162,-10.07365],[24.41455,-10.06009],[24.44958,-10.01537],[24.45552,-9.99678],[24.46132,-9.9897],[24.46302,-9.98154],[24.46633,-9.98063],[24.4777,-9.99527],[24.49874,-10.00804],[24.54246,-10.04358],[24.55899,-10.06491],[24.57615,-10.09801],[24.5928,-10.09494],[24.60776,-10.07691],[24.62483,-10.06437],[24.69295,-10.05078],[24.70071,-10.0344],[24.69733,-10.01672],[24.70769,-10.00538],[24.712,-9.99271],[24.72531,-10.00479],[24.7217,-10.01769],[24.72269,-10.02642],[24.73021,-10.03855],[24.73743,-10.04264],[24.7518,-10.0599],[24.78043,-10.06533],[24.81452,-10.0827],[24.82292,-10.08085],[24.83021,-10.06814],[24.84361,-10.06045],[24.84607,-10.04986],[24.84387,-10.03608],[24.83545,-10.0281],[24.8352,-10.02272],[24.84285,-10.02413],[24.85549,-10.03875],[24.88818,-10.06332],[24.9011,-10.08253],[24.90394,-10.09568],[24.91643,-10.12132],[24.93029,-10.12992],[24.97683,-10.11939],[24.98068,-10.10832],[24.99611,-10.09509],[25.02639,-10.08127],[25.03682,-10.08059]]]]},"properties":{"nom":"Haut-Lomami","pcode":"CD73"}},{"type":"Feature","geometry":{"type":"MultiPolygon","coordinates":[[[[26.93432,-4.99995],[26.27048,-5.0],[26.26511,-5.01705],[26.25299,-5.03594],[26.20191,-5.08411],[26.19803,-5.0924],[26.19122,-5.12945],[26.19446,-5.14095],[26.19176,-5.1658],[26.19729,-5.17683],[26.198,-5.18764],[26.19117,-5.21365],[26.1763,-5.23852],[26.15475,-5.25098],[26.14581,-5.26019],[26.14147,-5.26917],[26.13375,-5.31174],[26.12666,-5.32487],[26.11635,-5.33316],[26.10869,-5.3488],[26.11857,-5.40389],[26.13287,-5.44012],[26.13694,-5.50477],[26.15054,-5.51943],[26.15165,-5.54089],[26.16127,-5.55396],[26.17371,-5.55453],[26.17568,-5.55853],[26.17213,-5.56853],[26.15686,-5.5829],[26.15103,-5.599],[26.14753,-5.60113],[26.12439,-5.59952],[26.11911,-5.608],[26.1177,-5.63432],[26.1036,-5.6598],[26.12655,-5.69194],[26.1236,-5.72486],[26.13102,-5.73319],[26.15371,-5.7478],[26.16037,-5.74756],[26.18429,-5.76178],[26.18435,-5.77828],[26.18935,-5.79693],[26.20726,-5.82512],[26.20818,-5.83789],[26.20522,-5.8462],[26.18682,-5.85796],[26.17704,-5.87093],[26.17317,-5.89971],[26.17777,-5.93336],[26.18396,-5.93944],[26.19272,-5.93661],[26.19697,-5.94107],[26.20592,-5.95486],[26.21501,-5.97959],[26.20289,-5.9889],[26.18613,-5.99376],[26.18237,-5.99903],[26.18255,-6.01484],[26.21261,-6.03552],[26.22257,-6.03796],[26.25503,-6.03554],[26.23439,-6.06755],[26.20498,-6.06956],[26.18758,-6.08496],[26.19095,-6.1113],[26.21775,-6.14778],[26.21264,-6.16804],[26.19024,-6.21342],[26.14319,-6.24257],[26.10507,-6.31967],[26.06353,-6.37702],[26.05124,-6.41758],[26.02415,-6.43355],[26.01036,-6.43628],[25.98786,-6.42376],[25.98107,-6.44424],[25.98462,-6.4632],[25.94578,-6.46093],[25.94366,-6.46593],[25.9491,-6.51684],[25.94791,-6.53698],[25.93032,-6.55478],[25.93735,-6.57798],[25.93445,-6.60187],[25.98365,-6.6064],[25.99971,-6.62428],[26.01711,-6.65352],[26.00616,-6.70206],[26.01052,-6.71136],[26.03166,-6.71294],[26.03431,-6.72348],[26.03223,-6.73898],[26.03704,-6.75081],[26.06037,-6.7595],[26.08544,-6.76373],[26.09078,-6.78959],[26.1009,-6.78842],[26.11287,-6.79322],[26.12046,-6.79137],[26.13357,-6.79526],[26.13478,-6.81384],[26.09488,-6.81084],[26.09484,-6.81936],[26.08667,-6.83593],[26.0798,-6.84254],[26.08159,-6.85432],[26.07559,-6.86305],[26.04501,-6.87098],[26.03815,-6.87927],[26.04079,-6.88854],[26.0525,-6.90005],[26.10863,-6.91055],[26.1134,-6.91566],[26.11387,-6.92154],[26.10924,-6.92996],[26.09432,-6.94744],[26.10156,-6.95996],[26.15031,-6.96196],[26.17629,-6.94419],[26.21681,-6.94292],[26.22039,-6.95136],[26.22065,-6.96837],[26.2132,-6.98652],[26.22386,-7.00378],[26.23479,-7.0308],[26.2698,-7.04391],[26.27886,-7.04321],[26.28702,-7.03662],[26.2984,-7.01303],[26.31498,-7.02121],[26.33875,-7.04367],[26.36299,-7.05032],[26.39986,-7.0518],[26.41338,-7.0452],[26.41911,-7.03692],[26.43384,-7.03872],[26.48566,-7.06182],[26.47752,-7.09045],[26.48148,-7.10292],[26.46919,-7.14426],[26.45715,-7.15205],[26.40721,-7.16054],[26.37999,-7.22699],[26.3823,-7.23272],[26.37795,-7.24307],[26.37685,-7.26191],[26.38099,-7.26236],[26.38284,-7.26695],[26.37848,-7.26994],[26.36887,-7.295],[26.3526,-7.3242],[26.37287,-7.37429],[26.39617,-7.37001],[26.4177,-7.41796],[26.43373,-7.41612],[26.43831,-7.40761],[26.43624,-7.39881],[26.42185,-7.37393],[26.42191,-7.363],[26.43463,-7.35782],[26.44971,-7.36691],[26.46081,-7.38421],[26.47139,-7.43283],[26.47553,-7.43351],[26.47921,-7.42982],[26.48401,-7.41627],[26.49572,-7.40728],[26.51046,-7.4084],[26.52106,-7.41481],[26.5273,-7.4226],[26.53059,-7.45039],[26.53983,-7.463],[26.57713,-7.46889],[26.58729,-7.4808],[26.61243,-7.50004],[26.62141,-7.50071],[26.63041,-7.50827],[26.65113,-7.51097],[26.6511,-7.53941],[26.66114,-7.55297],[26.67126,-7.54721],[26.68231,-7.54902],[26.69151,-7.54578],[26.70114,-7.53313],[26.69666,-7.52706],[26.69881,-7.5228],[26.73615,-7.55039],[26.7528,-7.54657],[26.76374,-7.53533],[26.78475,-7.53561],[26.803,-7.545],[26.80826,-7.55121],[26.8111,-7.57573],[26.82606,-7.57617],[26.82298,-7.58831],[26.81447,-7.59682],[26.80797,-7.62596],[26.84829,-7.62852],[26.88676,-7.63715],[26.92476,-7.64141],[26.94109,-7.63586],[26.95468,-7.63674],[26.95556,-7.62572],[26.96939,-7.63244],[26.99718,-7.63666],[27.05406,-7.62931],[27.08789,-7.63473],[27.13996,-7.62192],[27.21498,-7.61455],[27.22528,-7.6109],[27.21933,-7.59148],[27.22554,-7.55931],[27.22016,-7.54596],[27.21903,-7.532],[27.22768,-7.49556],[27.23389,-7.486],[27.23736,-7.49104],[27.25557,-7.4981],[27.26597,-7.51208],[27.26854,-7.52103],[27.27869,-7.5272],[27.27987,-7.53569],[27.28541,-7.54142],[27.354,-7.5389],[27.35627,-7.52902],[27.36841,-7.51268],[27.38106,-7.50874],[27.38886,-7.50182],[27.39714,-7.50065],[27.41985,-7.47876],[27.4394,-7.47249],[27.44517,-7.47867],[27.44751,-7.489],[27.44185,-7.51336],[27.44284,-7.53403],[27.46395,-7.52625],[27.49785,-7.51953],[27.50332,-7.51345],[27.49984,-7.48492],[27.51074,-7.48187],[27.52886,-7.48489],[27.55298,-7.49882],[27.57532,-7.50487],[27.59759,-7.52669],[27.59755,-7.53459],[27.58613,-7.56064],[27.59217,-7.57463],[27.61499,-7.58373],[27.62402,-7.59518],[27.6278,-7.61591],[27.6613,-7.65154],[27.66666,-7.66782],[27.67359,-7.67285],[27.6415,-7.69112],[27.63177,-7.70327],[27.62677,-7.73482],[27.63014,-7.78578],[27.63971,-7.8064],[27.69201,-7.86578],[27.70407,-7.87487],[27.724,-7.87848],[27.73579,-7.87731],[27.77427,-7.86326],[27.78948,-7.84322],[27.80785,-7.8489],[27.80798,-7.88127],[27.84808,-7.88824],[27.85275,-7.90452],[27.8542,-7.92035],[27.84117,-7.94312],[27.84145,-7.95597],[27.83298,-7.96817],[27.82799,-7.98563],[27.78173,-8.06033],[27.77507,-8.06216],[27.74491,-8.08587],[27.73747,-8.10712],[27.73052,-8.11735],[27.7088,-8.13498],[27.70873,-8.1471],[27.71603,-8.15619],[27.72594,-8.14361],[27.74528,-8.1304],[27.76826,-8.13916],[27.77188,-8.13588],[27.80071,-8.13366],[27.84734,-8.12027],[27.85338,-8.12269],[27.83755,-8.14453],[27.81932,-8.16152],[27.79324,-8.17549],[27.75196,-8.20827],[27.73067,-8.23253],[27.72152,-8.2483],[27.73544,-8.24586],[27.74759,-8.23494],[27.75788,-8.23371],[27.76086,-8.24098],[27.74373,-8.2816],[27.75156,-8.28704],[27.77369,-8.26947],[27.78459,-8.2362],[27.80199,-8.21728],[27.80731,-8.20616],[27.81867,-8.19769],[27.82719,-8.18513],[27.84072,-8.18121],[27.83699,-8.22765],[27.83249,-8.23348],[27.83389,-8.24631],[27.85155,-8.24451],[27.87449,-8.25115],[27.88903,-8.24689],[27.89026,-8.24204],[27.8981,-8.24567],[27.90468,-8.2602],[27.96025,-8.27226],[27.97182,-8.25649],[27.97189,-8.24194],[27.98104,-8.228],[27.98587,-8.2286],[27.9881,-8.23398],[27.98367,-8.24324],[27.98555,-8.2687],[27.99081,-8.2787],[27.98577,-8.30382],[27.97725,-8.31639],[27.98593,-8.34745],[27.98435,-8.36103],[27.99063,-8.3639],[27.99564,-8.37207],[28.00584,-8.37486],[28.02082,-8.38582],[28.03009,-8.40011],[28.06239,-8.41234],[28.07046,-8.41196],[28.08931,-8.40392],[28.07286,-8.36421],[28.06267,-8.34787],[28.06632,-8.34362],[28.08379,-8.35572],[28.09768,-8.35934],[28.10805,-8.34176],[28.11532,-8.33811],[28.13165,-8.33688],[28.16127,-8.3167],[28.18587,-8.27878],[28.20332,-8.27439],[28.21976,-8.25438],[28.23187,-8.24891],[28.26208,-8.25372],[28.26376,-8.28099],[28.27221,-8.28401],[28.30307,-8.28033],[28.40817,-8.18325],[28.43244,-8.16746],[28.44037,-8.15351],[28.43804,-8.13655],[28.43085,-8.12322],[28.42612,-8.1008],[28.42941,-8.04805],[28.4798,-8.00919],[28.52627,-7.90665],[28.52998,-7.89148],[28.5261,-7.88178],[28.5038,-7.86695],[28.47088,-7.85971],[28.43199,-7.83822],[28.42517,-7.81063],[28.37812,-7.78824],[28.36059,-7.78644],[28.35581,-7.77552],[28.36801,-7.75488],[28.3972,-7.72208],[28.40702,-7.69416],[28.4131,-7.68748],[28.44151,-7.68805],[28.46103,-7.67932],[28.46697,-7.66827],[28.47364,-7.66778],[28.4757,-7.66479],[28.47151,-7.65562],[28.48045,-7.64754],[28.48064,-7.64043],[28.48569,-7.63719],[28.49329,-7.63692],[28.50614,-7.6286],[28.51974,-7.63175],[28.52225,-7.62715],[28.5481,-7.62268],[28.57101,-7.64039],[28.60342,-7.65295],[28.60991,-7.66118],[28.61273,-7.67334],[28.63282,-7.68473],[28.62304,-7.72439],[28.62281,-7.74797],[28.64462,-7.7904],[28.65096,-7.81045],[28.64871,-7.82079],[28.68555,-7.83541],[28.68731,-7.84559],[28.68242,-7.85579],[28.65845,-7.87796],[28.65645,-7.8926],[28.67876,-7.89566],[28.69091,-7.89301],[28.70494,-7.8999],[28.72077,-7.91389],[28.7474,-7.91557],[28.75843,-7.92659],[28.77099,-7.9702],[28.77911,-7.97571],[28.79055,-7.97801],[28.83005,-7.97646],[28.84263,-7.97032],[28.85403,-7.95836],[28.85939,-7.94303],[28.86238,-7.94164],[28.85895,-7.93756],[28.8616,-7.9325],[28.87003,-7.93076],[28.8667,-7.92428],[28.87016,-7.92568],[28.8784,-7.92142],[28.87258,-7.91826],[28.87535,-7.9139],[28.8739,-7.90655],[28.88162,-7.89322],[28.88358,-7.87578],[28.88938,-7.87155],[28.88742,-7.86593],[28.88992,-7.8598],[28.8959,-7.85779],[28.89684,-7.85175],[28.90403,-7.8469],[28.90819,-7.83534],[28.90256,-7.82861],[28.90328,-7.82254],[28.9094,-7.82337],[28.94434,-7.84962],[28.96205,-7.8698],[28.96756,-7.87226],[29.0169,-7.87025],[29.02776,-7.87255],[29.02042,-7.88973],[29.02448,-7.89365],[29.03968,-7.8923],[29.08,-7.86965],[29.10865,-7.86915],[29.11275,-7.86529],[29.1092,-7.84764],[29.1131,-7.84624],[29.11125,-7.84326],[29.10711,-7.84489],[29.1064,-7.84122],[29.10845,-7.83662],[29.11694,-7.83153],[29.11323,-7.82833],[29.11389,-7.82213],[29.10928,-7.82147],[29.10995,-7.8171],[29.10257,-7.81553],[29.09584,-7.80685],[29.09833,-7.79995],[29.10911,-7.79162],[29.11296,-7.78036],[29.10577,-7.77144],[29.09493,-7.76805],[29.09673,-7.76024],[29.10892,-7.75765],[29.11095,-7.75098],[29.12249,-7.7562],[29.12292,-7.74908],[29.13305,-7.74971],[29.14266,-7.74025],[29.14796,-7.73976],[29.1609,-7.76033],[29.17135,-7.77078],[29.20669,-7.7819],[29.263,-7.72923],[29.2737,-7.72818],[29.31525,-7.73477],[29.32656,-7.74013],[29.33772,-7.75058],[29.35931,-7.75737],[29.41709,-7.73254],[29.42356,-7.73664],[29.43871,-7.72966],[29.445,-7.74157],[29.43771,-7.75447],[29.44317,-7.78015],[29.44874,-7.78815],[29.45794,-7.78649],[29.46351,-7.79335],[29.45371,-7.81445],[29.4742,-7.80729],[29.48362,-7.8128],[29.48576,-7.85877],[29.49752,-7.87402],[29.50375,-7.87546],[29.51787,-7.87108],[29.53659,-7.84412],[29.55543,-7.83689],[29.56684,-7.8203],[29.57307,-7.82301],[29.58259,-7.83513],[29.62396,-7.91197],[29.62604,-7.93465],[29.63583,-7.93985],[29.65237,-7.93081],[29.66018,-7.92904],[29.66222,-7.93253],[29.66268,-7.93588],[29.65673,-7.94097],[29.66068,-7.94668],[29.6659,-7.97075],[29.66298,-7.98178],[29.66859,-7.99575],[29.66685,-8.00971],[29.64857,-8.05172],[29.64991,-8.05904],[29.64558,-8.07912],[29.63901,-8.09238],[29.61901,-8.10298],[29.58302,-8.11054],[29.57494,-8.11924],[29.57271,-8.12995],[29.58322,-8.1683],[29.57919,-8.17413],[29.5601,-8.18173],[29.54331,-8.18061],[29.53166,-8.15273],[29.52646,-8.1539],[29.52017,-8.18706],[29.51912,-8.22835],[29.52841,-8.23763],[29.53894,-8.28004],[29.55113,-8.29455],[29.55643,-8.33174],[29.56284,-8.34509],[29.57503,-8.35959],[29.59068,-8.36769],[29.61095,-8.37113],[29.62255,-8.3804],[29.62838,-8.39549],[30.79314,-8.27155],[30.76747,-8.18709],[30.73745,-8.10527],[30.68521,-8.01799],[30.63778,-7.95727],[30.60596,-7.838],[30.57496,-7.751],[30.51396,-7.603],[30.42297,-7.418],[30.39897,-7.361],[30.37497,-7.292],[30.32562,-7.22339],[30.30618,-7.1824],[30.2762,-7.10261],[30.16164,-6.92101],[30.13572,-6.89114],[30.09497,-6.848],[29.98497,-6.764],[29.90597,-6.708],[29.82698,-6.643],[29.79198,-6.609],[29.74698,-6.554],[29.65498,-6.413],[29.62398,-6.338],[29.59498,-6.252],[29.57898,-6.147],[29.57798,-5.963],[29.59998,-5.856],[29.60698,-5.778],[29.59898,-5.664],[29.57598,-5.556],[29.52998,-5.415],[29.50098,-5.344],[29.49498,-5.337],[29.47598,-5.295],[29.43898,-5.203],[29.37208,-5.00791],[28.80197,-5.01034],[28.40891,-5.01971],[27.67356,-5.01003],[27.60211,-5.01657],[26.93432,-4.99995]]]]},"properties":{"nom":"Tanganyika","pcode":"CD74"}},{"type":"Feature","geometry":{"type":"Polygon","coordinates":[[[23.49793,-7.9842],[23.5253,-7.97243],[23.5477,-7.94832],[23.57508,-7.93974],[23.58612,-7.94666],[23.59067,-7.94516],[23.62254,-7.96506],[23.62187,-7.96807],[23.63043,-7.97141],[23.63662,-7.97902],[23.67327,-7.98711],[23.68487,-7.99446],[23.69241,-7.97612],[23.69769,-7.94466],[23.70852,-7.93043],[23.72098,-7.90375],[23.72211,-7.88009],[23.73885,-7.85856],[23.74817,-7.86133],[23.76151,-7.88198],[23.76945,-7.92606],[23.7658,-7.98116],[23.78655,-7.96643],[23.79662,-7.95523],[23.81374,-7.94819],[23.81184,-7.95756],[23.82133,-7.95383],[23.82234,-7.92519],[23.81907,-7.89514],[23.82415,-7.88667],[23.85774,-7.87357],[23.90246,-7.86276],[23.95494,-7.8333],[23.95126,-7.82618],[23.96117,-7.81287],[23.9598,-7.80025],[23.95198,-7.78601],[23.9529,-7.77958],[23.92231,-7.72812],[23.91978,-7.71779],[23.92809,-7.69139],[23.93293,-7.68543],[23.92188,-7.68083],[23.93133,-7.66798],[23.92306,-7.63697],[23.92767,-7.62665],[23.92584,-7.61723],[23.93644,-7.5952],[23.93092,-7.58394],[23.93001,-7.57154],[23.9215,-7.56602],[23.9344,-7.55317],[23.93509,-7.54835],[23.92727,-7.52951],[23.92981,-7.52424],[23.94685,-7.51254],[23.9487,-7.49762],[23.95538,-7.4928],[23.96385,-7.47186],[23.96184,-7.46249],[23.97175,-7.44528],[23.97869,-7.38488],[23.99135,-7.378],[24.00378,-7.37756],[24.01,-7.36975],[24.00931,-7.36447],[24.00057,-7.36515],[23.98792,-7.34929],[23.96974,-7.34583],[23.96169,-7.32653],[23.96515,-7.31688],[23.97436,-7.31138],[23.97114,-7.30196],[23.97704,-7.29585],[23.97299,-7.28956],[23.97991,-7.26499],[23.98566,-7.26224],[23.96543,-7.23672],[23.96107,-7.2103],[23.97328,-7.19813],[23.97926,-7.20204],[23.98248,-7.2009],[23.98647,-7.19588],[23.98387,-7.18459],[24.00274,-7.17473],[24.01439,-7.16355],[24.03153,-7.12215],[24.0504,-7.10976],[24.05571,-7.08909],[24.06653,-7.06796],[24.08079,-7.06958],[24.09713,-7.06132],[24.11346,-7.06501],[24.11326,-7.07203],[24.12174,-7.06731],[24.12658,-7.04825],[24.14108,-7.05056],[24.14753,-7.01702],[24.13672,-7.01172],[24.13051,-7.00345],[24.13143,-6.99954],[24.15237,-6.98462],[24.1418,-6.97267],[24.13996,-6.95934],[24.12662,-6.96094],[24.12179,-6.94669],[24.12525,-6.94393],[24.14871,-6.94257],[24.15745,-6.93224],[24.15814,-6.92879],[24.14704,-6.91956],[24.14711,-6.90305],[24.15977,-6.90191],[24.17748,-6.90629],[24.18736,-6.91089],[24.19104,-6.92238],[24.20116,-6.92584],[24.22806,-6.97411],[24.22576,-6.98513],[24.22828,-6.99823],[24.21793,-7.00994],[24.22552,-7.01707],[24.23104,-7.01501],[24.23587,-7.01961],[24.24162,-7.01777],[24.2499,-7.02053],[24.25382,-7.01663],[24.26647,-7.01733],[24.27383,-7.02514],[24.27958,-7.02492],[24.28694,-7.02952],[24.29223,-7.02837],[24.29729,-7.0332],[24.30672,-7.03228],[24.30971,-7.04078],[24.31639,-7.04217],[24.32237,-7.05021],[24.34514,-7.05873],[24.35273,-7.05528],[24.37964,-7.05807],[24.39743,-7.04631],[24.45197,-7.05395],[24.48304,-7.05411],[24.50463,-7.04425],[24.51622,-6.9959],[24.52413,-6.98763],[24.52933,-6.98757],[24.54711,-7.00909],[24.55378,-7.01288],[24.61949,-6.98327],[24.64398,-6.98024],[24.64374,-6.96071],[24.65271,-6.95726],[24.65639,-6.95083],[24.66904,-6.9552],[24.69044,-6.95313],[24.69802,-6.94831],[24.69871,-6.94325],[24.70492,-6.94188],[24.70561,-6.93337],[24.71021,-6.92901],[24.72171,-6.92648],[24.72056,-6.9212],[24.72815,-6.91844],[24.72562,-6.91453],[24.73734,-6.90856],[24.73413,-6.90281],[24.74884,-6.88995],[24.78127,-6.89017],[24.79024,-6.8688],[24.8169,-6.84169],[24.84749,-6.82721],[24.8408,-6.79468],[24.84807,-6.78345],[24.87554,-6.75784],[24.89448,-6.75058],[24.9264,-6.75022],[24.93242,-6.74611],[24.92748,-6.71035],[24.94425,-6.69927],[25.01024,-6.69817],[25.02182,-6.68575],[25.02904,-6.66445],[25.03419,-6.65823],[25.0441,-6.65628],[25.04928,-6.65846],[25.05494,-6.66694],[25.06705,-6.67258],[25.09683,-6.6764],[25.10938,-6.68372],[25.13746,-6.69171],[25.14263,-6.69137],[25.1594,-6.67986],[25.18136,-6.67306],[25.1952,-6.68041],[25.22253,-6.70937],[25.24137,-6.72135],[25.25755,-6.72418],[25.26621,-6.73019],[25.28403,-6.75649],[25.30091,-6.76724],[25.30147,-6.79117],[25.29852,-6.80498],[25.31022,-6.80864],[25.33759,-6.80494],[25.34563,-6.79896],[25.37736,-6.78699],[25.4217,-6.74903],[25.43295,-6.73317],[25.44835,-6.72396],[25.43821,-6.70766],[25.44487,-6.70098],[25.44072,-6.6895],[25.4515,-6.67018],[25.46161,-6.66006],[25.46685,-6.62512],[25.46569,-6.61225],[25.45831,-6.59341],[25.44749,-6.58951],[25.44472,-6.57917],[25.42931,-6.5762],[25.4178,-6.56241],[25.41113,-6.56173],[25.41204,-6.5507],[25.40835,-6.54495],[25.3964,-6.54703],[25.3911,-6.53508],[25.38374,-6.53279],[25.37386,-6.5413],[25.36834,-6.54085],[25.32922,-6.50663],[25.31426,-6.48779],[25.31448,-6.48043],[25.30895,-6.47354],[25.29677,-6.47217],[25.28871,-6.46206],[25.28181,-6.46091],[25.27973,-6.45172],[25.27237,-6.44161],[25.28267,-6.43784],[25.30628,-6.41635],[25.30573,-6.39492],[25.29334,-6.33633],[25.29589,-6.32755],[25.38287,-6.29903],[25.41205,-6.31702],[25.41515,-6.313],[25.41206,-6.31702],[25.41533,-6.31928],[25.42784,-6.32031],[25.43991,-6.31797],[25.4868,-6.29431],[25.49286,-6.29902],[25.49594,-6.30915],[25.50372,-6.31179],[25.53679,-6.30646],[25.54207,-6.29864],[25.56136,-6.28643],[25.58732,-6.27928],[25.59836,-6.28042],[25.60593,-6.27328],[25.61306,-6.27718],[25.63604,-6.27532],[25.64316,-6.26934],[25.67097,-6.26563],[25.68474,-6.25688],[25.69115,-6.23802],[25.6992,-6.23801],[25.70929,-6.22765],[25.72193,-6.2274],[25.73984,-6.2152],[25.75271,-6.21265],[25.76097,-6.20689],[25.77774,-6.20412],[25.79726,-6.19466],[25.80345,-6.18339],[25.81148,-6.17671],[25.81399,-6.16406],[25.80295,-6.15672],[25.8034,-6.15143],[25.82912,-6.14404],[25.84708,-6.14891],[25.8657,-6.16264],[25.88298,-6.16837],[25.93931,-6.20551],[25.95221,-6.21859],[25.94897,-6.24754],[25.95984,-6.26494],[25.97112,-6.27561],[25.97714,-6.27318],[25.98592,-6.21953],[26.00568,-6.20554],[26.01646,-6.20444],[26.01994,-6.21038],[26.02799,-6.26261],[26.05518,-6.26638],[26.06038,-6.27109],[26.07216,-6.29606],[26.08511,-6.29667],[26.11265,-6.28575],[26.1165,-6.29548],[26.14319,-6.24257],[26.19024,-6.21342],[26.21783,-6.15427],[26.21775,-6.14778],[26.19095,-6.1113],[26.18758,-6.08496],[26.20498,-6.06956],[26.23439,-6.06755],[26.25503,-6.03554],[26.22257,-6.03796],[26.21261,-6.03552],[26.18255,-6.01484],[26.18237,-5.99903],[26.18613,-5.99376],[26.20289,-5.9889],[26.21501,-5.97959],[26.20592,-5.95486],[26.19697,-5.94107],[26.19272,-5.93661],[26.18396,-5.93944],[26.17777,-5.93336],[26.17317,-5.89971],[26.17704,-5.87093],[26.18682,-5.85796],[26.20522,-5.8462],[26.20818,-5.83789],[26.20726,-5.82512],[26.18935,-5.79693],[26.18435,-5.77828],[26.18429,-5.76178],[26.16037,-5.74756],[26.15371,-5.7478],[26.13102,-5.73319],[26.1236,-5.72486],[26.12655,-5.69194],[26.1036,-5.6598],[26.1177,-5.63432],[26.11911,-5.608],[26.12439,-5.59952],[26.14753,-5.60113],[26.15103,-5.599],[26.15686,-5.5829],[26.17213,-5.56853],[26.17568,-5.55853],[26.17371,-5.55453],[26.16127,-5.55396],[26.15165,-5.54089],[26.15054,-5.51943],[26.13694,-5.50477],[26.13287,-5.44012],[26.11857,-5.40389],[26.10869,-5.3488],[26.11635,-5.33316],[26.12666,-5.32487],[26.13375,-5.31174],[26.14147,-5.26917],[26.14581,-5.26019],[26.15475,-5.25098],[26.1763,-5.23852],[26.19117,-5.21365],[26.198,-5.18764],[26.19729,-5.17683],[26.19176,-5.1658],[26.19446,-5.14095],[26.19122,-5.12945],[26.19803,-5.0924],[26.20191,-5.08411],[26.25299,-5.03594],[26.26511,-5.01705],[26.27048,-5.0],[25.65773,-4.99884],[25.0614,-4.98664],[25.04165,-4.96756],[25.0398,-4.9526],[25.03084,-4.9411],[25.02877,-4.92707],[25.01477,-4.91695],[25.01269,-4.90821],[25.01635,-4.89095],[25.01106,-4.87416],[24.98673,-4.85001],[24.98373,-4.83529],[24.95355,-4.84317],[24.93363,-4.8608],[24.92046,-4.86569],[24.89525,-4.86657],[24.84655,-4.85883],[24.84118,-4.86115],[24.82212,-4.88466],[24.84015,-4.91468],[24.84828,-4.94782],[24.84429,-4.95495],[24.83327,-4.95235],[24.81445,-4.93924],[24.79579,-4.93691],[24.77135,-4.92735],[24.76438,-4.92809],[24.71305,-4.99999],[24.67504,-5.00022],[24.64683,-5.0161],[24.61367,-5.03],[24.58001,-5.03959],[24.57537,-5.0447],[24.57734,-5.05521],[24.58321,-5.06429],[24.5847,-5.07756],[24.57514,-5.09546],[24.57894,-5.12017],[24.56354,-5.15084],[24.56115,-5.17233],[24.55426,-5.1652],[24.54003,-5.16335],[24.52235,-5.16404],[24.51594,-5.16836],[24.52901,-5.22439],[24.55363,-5.30101],[24.55728,-5.32909],[24.55251,-5.34527],[24.51849,-5.38159],[24.49589,-5.39291],[24.47904,-5.39071],[24.46158,-5.38247],[24.45538,-5.37809],[24.43616,-5.34192],[24.4238,-5.35144],[24.42164,-5.37168],[24.41642,-5.37769],[24.39092,-5.37887],[24.33908,-5.40396],[24.3053,-5.41046],[24.28512,-5.40809],[24.23806,-5.38902],[24.16369,-5.3717],[24.14921,-5.3811],[24.12633,-5.37155],[24.12577,-5.38562],[24.12069,-5.39563],[24.11848,-5.41113],[24.10839,-5.4222],[24.09085,-5.41809],[24.08899,-5.40981],[24.07775,-5.41604],[24.07335,-5.3965],[24.06644,-5.38524],[24.05122,-5.40724],[24.04503,-5.42447],[24.04457,-5.46658],[24.06043,-5.55572],[24.06237,-5.5829],[24.06596,-5.5919],[24.07138,-5.59577],[24.12479,-5.61302],[24.1501,-5.64692],[24.17032,-5.66038],[24.17306,-5.68762],[24.17098,-5.70164],[24.17466,-5.71108],[24.17213,-5.71797],[24.17626,-5.72626],[24.18016,-5.72787],[24.1836,-5.74558],[24.19509,-5.74996],[24.19003,-5.76076],[24.19967,-5.77641],[24.19025,-5.78698],[24.18772,-5.79871],[24.17903,-5.79944],[24.15735,-5.79108],[24.13674,-5.78941],[24.08753,-5.79915],[24.06656,-5.79751],[24.04988,-5.81444],[24.02421,-5.81208],[24.01298,-5.81684],[24.01129,-5.82731],[24.00761,-5.83145],[23.99819,-5.82592],[23.98648,-5.82867],[23.97499,-5.82521],[23.95754,-5.816],[23.95207,-5.83129],[23.9589,-5.84491],[23.96163,-5.85995],[23.96538,-5.86367],[23.96183,-5.87465],[23.96426,-5.88042],[23.95784,-5.89346],[23.93193,-5.91632],[23.93492,-5.91768],[23.9355,-5.92394],[23.93862,-5.92224],[23.93852,-5.92597],[23.9438,-5.92426],[23.94732,-5.92954],[23.95249,-5.92891],[23.96085,-5.94019],[23.98916,-5.94395],[24.005,-5.94263],[24.0152,-5.95224],[24.01518,-5.96131],[23.9974,-6.02115],[23.98958,-6.02552],[23.99234,-6.02874],[23.99647,-6.03035],[24.00865,-6.02461],[24.03002,-6.03981],[24.05575,-6.03592],[24.06195,-6.04904],[24.07137,-6.05686],[24.08837,-6.05481],[24.0955,-6.04883],[24.1063,-6.04861],[24.11181,-6.05138],[24.11893,-6.06541],[24.13042,-6.06312],[24.13984,-6.06588],[24.15156,-6.06221],[24.17476,-6.10293],[24.16625,-6.11304],[24.13982,-6.12888],[24.13922,-6.14588],[24.11404,-6.17693],[24.10786,-6.19257],[24.08142,-6.18939],[24.07592,-6.19537],[24.06581,-6.19539],[24.05807,-6.20851],[24.03658,-6.20559],[24.00797,-6.21746],[24.00123,-6.27615],[24.00076,-6.28919],[24.00408,-6.29646],[24.07697,-6.33676],[24.09394,-6.35693],[24.09255,-6.35949],[24.08687,-6.3624],[24.08226,-6.36041],[24.08173,-6.36599],[24.07796,-6.36382],[24.07465,-6.36573],[24.07543,-6.37421],[24.07042,-6.37708],[24.07232,-6.38195],[24.06093,-6.37916],[24.05889,-6.38441],[24.0565,-6.38347],[24.05184,-6.38923],[24.04646,-6.3869],[24.04326,-6.39214],[24.03513,-6.39289],[24.03375,-6.39042],[24.03225,-6.39363],[24.02277,-6.39046],[24.01869,-6.39587],[24.01973,-6.40121],[24.00672,-6.39658],[24.00283,-6.39858],[23.99769,-6.39431],[23.99678,-6.39888],[23.99387,-6.40159],[23.99069,-6.40027],[23.98891,-6.4048],[23.98319,-6.40202],[23.98147,-6.40574],[23.97933,-6.40163],[23.96771,-6.40849],[23.96037,-6.40545],[23.95855,-6.40914],[23.95088,-6.40978],[23.94657,-6.41674],[23.93894,-6.40675],[23.92947,-6.41097],[23.93127,-6.41258],[23.92836,-6.41612],[23.91028,-6.41079],[23.91269,-6.39975],[23.90955,-6.39095],[23.89638,-6.39464],[23.88783,-6.38904],[23.88217,-6.39618],[23.85651,-6.39759],[23.84925,-6.38824],[23.85362,-6.37957],[23.84538,-6.37415],[23.8452,-6.36598],[23.83695,-6.37581],[23.81786,-6.38744],[23.81096,-6.39564],[23.81981,-6.40639],[23.81328,-6.4088],[23.80415,-6.39865],[23.79979,-6.39897],[23.79959,-6.41429],[23.7946,-6.42265],[23.80062,-6.4245],[23.80667,-6.4325],[23.80991,-6.4473],[23.80062,-6.4524],[23.80399,-6.45652],[23.80193,-6.46],[23.80393,-6.46895],[23.79406,-6.47596],[23.79254,-6.48508],[23.78092,-6.48464],[23.78613,-6.49952],[23.76914,-6.51406],[23.79031,-6.52856],[23.78021,-6.53149],[23.77386,-6.54864],[23.77679,-6.5576],[23.77256,-6.55782],[23.77136,-6.56742],[23.77392,-6.58566],[23.76059,-6.59287],[23.75399,-6.58675],[23.74987,-6.58789],[23.75185,-6.63174],[23.74436,-6.63847],[23.74968,-6.64544],[23.75994,-6.64463],[23.7661,-6.64777],[23.7603,-6.65595],[23.76181,-6.65933],[23.78421,-6.66238],[23.78982,-6.66881],[23.79061,-6.67485],[23.77787,-6.67781],[23.77057,-6.67494],[23.75875,-6.68042],[23.75523,-6.69245],[23.73125,-6.72208],[23.73704,-6.728],[23.70908,-6.74866],[23.70468,-6.74825],[23.70196,-6.72995],[23.69094,-6.72713],[23.66914,-6.74335],[23.62804,-6.74863],[23.61644,-6.77145],[23.59903,-6.77036],[23.58674,-6.76545],[23.53428,-6.73623],[23.51454,-6.71804],[23.50718,-6.71665],[23.4957,-6.70629],[23.48789,-6.69111],[23.48054,-6.68535],[23.47505,-6.66604],[23.46839,-6.66005],[23.45781,-6.65659],[23.45024,-6.64646],[23.43912,-6.64514],[23.43443,-6.62784],[23.42875,-6.61953],[23.43137,-6.61272],[23.42325,-6.60922],[23.424,-6.60023],[23.41844,-6.58905],[23.42944,-6.58643],[23.43525,-6.57712],[23.44112,-6.57599],[23.44493,-6.55944],[23.45236,-6.55395],[23.44499,-6.55026],[23.44721,-6.53891],[23.43326,-6.54063],[23.42762,-6.53236],[23.41659,-6.54194],[23.40264,-6.53875],[23.39334,-6.54802],[23.36703,-6.52966],[23.36042,-6.53125],[23.34458,-6.54625],[23.31375,-6.53958],[23.29958,-6.54625],[23.29458,-6.55542],[23.27875,-6.57042],[23.27292,-6.57125],[23.25625,-6.58458],[23.25167,-6.58375],[23.23093,-6.59451],[23.22503,-6.5888],[23.21837,-6.58785],[23.2125,-6.59292],[23.20542,-6.59208],[23.20042,-6.59708],[23.18208,-6.59875],[23.17481,-6.59143],[23.17736,-6.58913],[23.17439,-6.58718],[23.17554,-6.58173],[23.18272,-6.57672],[23.17983,-6.57264],[23.18204,-6.56984],[23.1726,-6.56134],[23.16898,-6.55001],[23.17391,-6.5405],[23.17197,-6.52904],[23.16714,-6.52885],[23.16904,-6.50985],[23.16177,-6.50278],[23.15271,-6.50004],[23.15361,-6.49342],[23.16042,-6.49125],[23.15789,-6.46807],[23.14534,-6.46583],[23.14163,-6.48275],[23.12976,-6.49746],[23.13126,-6.50714],[23.12817,-6.50919],[23.12857,-6.51377],[23.11652,-6.524],[23.11073,-6.53912],[23.10254,-6.54664],[23.10119,-6.5547],[23.1059,-6.56008],[23.10549,-6.56465],[23.09045,-6.58628],[23.09528,-6.59004],[23.09192,-6.59796],[23.09528,-6.60468],[23.09407,-6.62054],[23.07768,-6.63881],[23.08081,-6.64438],[23.08003,-6.65217],[23.07697,-6.65277],[23.07553,-6.66968],[23.06174,-6.70344],[23.06223,-6.71364],[23.04611,-6.7389],[23.03617,-6.7444],[23.03174,-6.75636],[23.02396,-6.76292],[23.00969,-6.78564],[23.02612,-6.82108],[23.03859,-6.82654],[23.05221,-6.8269],[23.05904,-6.83481],[23.05958,-6.85388],[23.06829,-6.86882],[23.1124,-6.89587],[23.1422,-6.9031],[23.15575,-6.91456],[23.16259,-6.91318],[23.16331,-6.92283],[23.16619,-6.92475],[23.18705,-6.92397],[23.19994,-6.94118],[23.22177,-6.93716],[23.25595,-6.94837],[23.26502,-6.94873],[23.27335,-6.94474],[23.27614,-6.93479],[23.28007,-6.93903],[23.27509,-6.94675],[23.28025,-6.96163],[23.26973,-6.96954],[23.27683,-6.97483],[23.27129,-6.97614],[23.26593,-6.98947],[23.25656,-6.99089],[23.25899,-6.99948],[23.25283,-7.01021],[23.25989,-7.01134],[23.25718,-7.01456],[23.26119,-7.01715],[23.25633,-7.02082],[23.26678,-7.02455],[23.2652,-7.03009],[23.26808,-7.04104],[23.26091,-7.04189],[23.26006,-7.04929],[23.2556,-7.04426],[23.24713,-7.04776],[23.25001,-7.05307],[23.23956,-7.05968],[23.24267,-7.06143],[23.23645,-7.06962],[23.23894,-7.07222],[23.23854,-7.08464],[23.23363,-7.09164],[23.23487,-7.10198],[23.23928,-7.10328],[23.23781,-7.11169],[23.22917,-7.11581],[23.23024,-7.12846],[23.22471,-7.13439],[23.22595,-7.14117],[23.22166,-7.14416],[23.22267,-7.15196],[23.21533,-7.16043],[23.21736,-7.16421],[23.22911,-7.16794],[23.23425,-7.16608],[23.24137,-7.1715],[23.236,-7.1842],[23.23679,-7.19573],[23.24442,-7.20482],[23.24091,-7.20939],[23.24323,-7.22187],[23.24058,-7.22464],[23.24555,-7.22871],[23.24097,-7.23396],[23.24379,-7.23769],[23.23792,-7.24875],[23.24261,-7.24875],[23.2397,-7.27954],[23.24217,-7.28351],[23.23749,-7.29198],[23.2397,-7.29419],[23.2337,-7.31933],[23.23555,-7.32683],[23.23043,-7.33451],[23.24159,-7.34029],[23.24295,-7.34529],[23.24558,-7.34161],[23.24653,-7.34565],[23.25289,-7.34539],[23.25452,-7.36069],[23.26304,-7.36385],[23.25715,-7.37158],[23.25547,-7.38499],[23.25852,-7.38756],[23.25468,-7.38788],[23.25594,-7.3904],[23.24937,-7.39535],[23.24926,-7.39882],[23.24427,-7.39861],[23.24527,-7.40544],[23.23738,-7.41764],[23.24201,-7.42033],[23.24595,-7.42953],[23.24942,-7.42548],[23.25405,-7.42874],[23.25137,-7.43137],[23.25521,-7.44604],[23.26209,-7.45298],[23.25752,-7.46544],[23.25289,-7.46991],[23.25026,-7.46881],[23.25195,-7.47612],[23.24022,-7.48732],[23.24301,-7.49179],[23.23848,-7.49358],[23.2389,-7.49778],[23.23259,-7.50478],[23.21997,-7.50788],[23.22134,-7.51288],[23.21214,-7.51424],[23.21692,-7.52402],[23.21277,-7.53496],[23.21556,-7.54211],[23.22092,-7.54459],[23.2225,-7.56062],[23.22576,-7.56252],[23.22429,-7.56641],[23.23338,-7.57535],[23.23354,-7.57924],[23.22902,-7.58008],[23.22996,-7.58913],[23.21992,-7.59712],[23.22392,-7.59891],[23.22218,-7.60317],[23.22954,-7.60585],[23.22649,-7.60821],[23.22691,-7.62462],[23.22429,-7.62783],[23.23202,-7.6353],[23.23044,-7.6445],[23.23401,-7.64902],[23.23186,-7.65428],[23.2337,-7.66669],[23.22986,-7.67353],[23.22313,-7.67358],[23.22292,-7.68183],[23.21761,-7.68478],[23.21813,-7.69325],[23.21435,-7.69377],[23.2134,-7.69772],[23.22139,-7.70056],[23.22212,-7.7072],[23.21594,-7.71395],[23.21563,-7.71992],[23.20575,-7.72349],[23.2091,-7.73202],[23.19943,-7.75236],[23.18876,-7.7592],[23.18946,-7.76904],[23.18672,-7.77296],[23.19055,-7.78672],[23.18511,-7.78668],[23.18589,-7.79386],[23.17923,-7.80009],[23.18493,-7.81742],[23.18876,-7.81499],[23.19203,-7.81738],[23.18829,-7.82622],[23.18994,-7.83859],[23.18593,-7.84329],[23.18946,-7.84508],[23.18942,-7.85562],[23.18349,-7.85671],[23.17683,-7.86341],[23.18058,-7.87661],[23.17439,-7.87643],[23.17574,-7.88366],[23.17992,-7.88541],[23.17983,-7.88815],[23.1762,-7.88735],[23.17991,-7.8923],[23.17654,-7.89312],[23.18117,-7.91516],[23.20091,-7.9121],[23.20222,-7.91572],[23.20714,-7.91485],[23.20719,-7.92164],[23.20435,-7.92299],[23.20753,-7.92399],[23.20562,-7.92795],[23.2078,-7.93031],[23.20383,-7.93261],[23.20318,-7.94015],[23.2057,-7.94023],[23.20592,-7.94428],[23.20148,-7.9455],[23.20618,-7.95286],[23.21036,-7.95265],[23.2098,-7.95857],[23.21781,-7.96109],[23.23244,-7.95517],[23.24233,-7.96798],[23.27046,-7.97673],[23.28005,-7.98657],[23.28497,-7.98378],[23.29984,-7.98454],[23.31988,-7.96821],[23.3286,-7.95587],[23.34353,-7.95464],[23.35495,-7.96464],[23.35733,-7.97463],[23.36067,-7.97701],[23.37684,-7.97749],[23.41682,-7.96939],[23.4915,-7.98545],[23.49793,-7.9842]]]},"properties":{"nom":"Lomami","pcode":"CD81"}},{"type":"Feature","geometry":{"type":"MultiPolygon","coordinates":[[[[23.44699,-6.53894],[23.44499,-6.55026],[23.45236,-6.55395],[23.44493,-6.55944],[23.44112,-6.57599],[23.43525,-6.57712],[23.42944,-6.58643],[23.41844,-6.58905],[23.424,-6.60023],[23.42288,-6.60835],[23.43137,-6.61272],[23.42875,-6.61953],[23.43443,-6.62784],[23.43912,-6.64514],[23.45024,-6.64646],[23.45781,-6.65659],[23.46839,-6.66005],[23.47505,-6.66604],[23.48054,-6.68535],[23.48789,-6.69111],[23.4957,-6.70629],[23.50718,-6.71665],[23.51454,-6.71804],[23.54209,-6.74118],[23.59903,-6.77036],[23.61644,-6.77145],[23.62804,-6.74863],[23.66914,-6.74335],[23.69094,-6.72713],[23.70196,-6.72995],[23.70468,-6.74825],[23.70908,-6.74866],[23.73704,-6.728],[23.73125,-6.72208],[23.75523,-6.69245],[23.75875,-6.68042],[23.77057,-6.67494],[23.77787,-6.67781],[23.79097,-6.67376],[23.78421,-6.66238],[23.76181,-6.65933],[23.7603,-6.65595],[23.7661,-6.64777],[23.75994,-6.64463],[23.74968,-6.64544],[23.74436,-6.63847],[23.75185,-6.63174],[23.74987,-6.58789],[23.75399,-6.58675],[23.76059,-6.59287],[23.77392,-6.58566],[23.77136,-6.56742],[23.77256,-6.55782],[23.77679,-6.5576],[23.77386,-6.54864],[23.78021,-6.53149],[23.79031,-6.52856],[23.76914,-6.51406],[23.78613,-6.49952],[23.78092,-6.48464],[23.79254,-6.48508],[23.79406,-6.47596],[23.80393,-6.46895],[23.80193,-6.46],[23.80399,-6.45652],[23.80062,-6.4524],[23.80991,-6.4473],[23.80667,-6.4325],[23.80062,-6.4245],[23.7946,-6.42265],[23.79959,-6.41429],[23.79979,-6.39897],[23.80415,-6.39865],[23.81328,-6.4088],[23.81981,-6.40639],[23.81096,-6.39564],[23.81786,-6.38744],[23.83695,-6.37581],[23.8452,-6.36598],[23.84538,-6.37415],[23.85362,-6.37957],[23.84925,-6.38824],[23.85651,-6.39759],[23.88217,-6.39618],[23.88783,-6.38904],[23.89638,-6.39464],[23.90955,-6.39095],[23.91269,-6.39975],[23.91028,-6.41079],[23.92836,-6.41612],[23.93127,-6.41258],[23.92947,-6.41097],[23.93894,-6.40675],[23.94657,-6.41674],[23.95088,-6.40978],[23.95855,-6.40914],[23.96037,-6.40545],[23.96771,-6.40849],[23.97933,-6.40163],[23.98147,-6.40574],[23.98319,-6.40202],[23.98891,-6.4048],[23.99069,-6.40027],[23.99387,-6.40159],[23.99678,-6.39888],[23.99769,-6.39431],[24.00283,-6.39858],[24.00672,-6.39658],[24.01973,-6.40121],[24.01869,-6.39587],[24.02277,-6.39046],[24.03225,-6.39363],[24.03375,-6.39042],[24.03513,-6.39289],[24.04326,-6.39214],[24.04646,-6.3869],[24.05184,-6.38923],[24.0565,-6.38347],[24.05889,-6.38441],[24.06093,-6.37916],[24.07232,-6.38195],[24.07042,-6.37708],[24.07543,-6.37421],[24.07465,-6.36573],[24.07796,-6.36382],[24.08173,-6.36599],[24.08226,-6.36041],[24.08687,-6.3624],[24.09394,-6.35693],[24.07697,-6.33676],[24.00408,-6.29646],[24.00076,-6.28919],[24.00123,-6.27615],[24.00797,-6.21746],[24.03658,-6.20559],[24.05807,-6.20851],[24.06581,-6.19539],[24.07592,-6.19537],[24.08142,-6.18939],[24.10786,-6.19257],[24.11404,-6.17693],[24.13922,-6.14588],[24.13982,-6.12888],[24.17269,-6.10706],[24.17476,-6.10293],[24.16833,-6.08798],[24.16327,-6.08521],[24.16098,-6.07509],[24.15156,-6.06221],[24.13984,-6.06588],[24.13042,-6.06312],[24.11893,-6.06541],[24.11181,-6.05138],[24.1063,-6.04861],[24.0955,-6.04883],[24.08837,-6.05481],[24.07137,-6.05686],[24.06195,-6.04904],[24.05575,-6.03592],[24.03002,-6.03981],[24.00865,-6.02461],[23.99647,-6.03035],[23.99234,-6.02874],[23.98958,-6.02552],[23.9974,-6.02115],[24.01518,-5.96131],[24.0152,-5.95224],[24.005,-5.94263],[23.98916,-5.94395],[23.96085,-5.94019],[23.95249,-5.92891],[23.94732,-5.92954],[23.9438,-5.92426],[23.93852,-5.92597],[23.93862,-5.92224],[23.93472,-5.92251],[23.93492,-5.91768],[23.93193,-5.91632],[23.93412,-5.91274],[23.93964,-5.91127],[23.95784,-5.89346],[23.96426,-5.88042],[23.96183,-5.87465],[23.96538,-5.86367],[23.96163,-5.85995],[23.95306,-5.83205],[23.94625,-5.83542],[23.94208,-5.83375],[23.93292,-5.84958],[23.90292,-5.85542],[23.90125,-5.83375],[23.89208,-5.82792],[23.89208,-5.82458],[23.88708,-5.82208],[23.86875,-5.79708],[23.87042,-5.78042],[23.85434,-5.76318],[23.84383,-5.76071],[23.84408,-5.75341],[23.83926,-5.74896],[23.82875,-5.74458],[23.81708,-5.74625],[23.79875,-5.75458],[23.78625,-5.76875],[23.77542,-5.77042],[23.77375,-5.77625],[23.76625,-5.78208],[23.76375,-5.77875],[23.74958,-5.77792],[23.74292,-5.77292],[23.73958,-5.77542],[23.73542,-5.76708],[23.72958,-5.76708],[23.72358,-5.77219],[23.70943,-5.77115],[23.70947,-5.75479],[23.72306,-5.75235],[23.73266,-5.72182],[23.73149,-5.70903],[23.73567,-5.69892],[23.72419,-5.68733],[23.72342,-5.67628],[23.73049,-5.66281],[23.75094,-5.64604],[23.74567,-5.63408],[23.70863,-5.62865],[23.67571,-5.62862],[23.65989,-5.64101],[23.638,-5.64339],[23.63036,-5.6521],[23.61175,-5.6592],[23.5899,-5.68792],[23.58094,-5.69228],[23.55201,-5.68119],[23.53891,-5.68623],[23.51962,-5.68276],[23.50456,-5.68383],[23.47847,-5.74169],[23.4723,-5.74549],[23.45732,-5.74709],[23.42933,-5.74405],[23.4247,-5.74738],[23.4169,-5.76623],[23.39455,-5.78329],[23.38147,-5.76947],[23.38837,-5.76833],[23.39389,-5.76052],[23.39218,-5.75453],[23.39636,-5.75128],[23.39368,-5.74626],[23.40059,-5.73384],[23.40748,-5.73042],[23.413,-5.73157],[23.41437,-5.72882],[23.41025,-5.72145],[23.41806,-5.71593],[23.41692,-5.70651],[23.42636,-5.69664],[23.41242,-5.70626],[23.40236,-5.70779],[23.39438,-5.71384],[23.38155,-5.71381],[23.36568,-5.72414],[23.32066,-5.72567],[23.29076,-5.74032],[23.282,-5.74171],[23.20502,-5.73841],[23.10151,-5.72769],[23.07859,-5.72965],[23.07458,-5.73509],[23.07495,-5.74085],[23.08374,-5.74659],[23.08372,-5.75018],[23.07789,-5.77007],[23.06498,-5.77428],[22.98047,-5.77974],[22.96637,-5.79777],[22.95238,-5.82575],[22.95023,-5.84118],[22.97817,-5.86919],[22.98779,-5.88646],[22.94862,-5.94801],[22.95177,-5.98273],[22.97628,-6.02533],[22.95534,-6.04414],[22.956,-6.06514],[22.96422,-6.07563],[22.99595,-6.09151],[23.01015,-6.10312],[23.00403,-6.12661],[23.0042,-6.15285],[23.00859,-6.16584],[23.02001,-6.17203],[23.05446,-6.17737],[23.06147,-6.18437],[23.06883,-6.18437],[23.07654,-6.19161],[23.08817,-6.19493],[23.07702,-6.21274],[23.06931,-6.21598],[23.07016,-6.23055],[23.06464,-6.24697],[23.06634,-6.24917],[23.06358,-6.25589],[23.05499,-6.26067],[23.06437,-6.29317],[23.0675,-6.3317],[23.07123,-6.34809],[23.08264,-6.35639],[23.09983,-6.34701],[23.10718,-6.34748],[23.11614,-6.35233],[23.12924,-6.35305],[23.14706,-6.36464],[23.14515,-6.3683],[23.14868,-6.37041],[23.1461,-6.37114],[23.14897,-6.37975],[23.14161,-6.37905],[23.13999,-6.38456],[23.1331,-6.38455],[23.13975,-6.39307],[23.13996,-6.40479],[23.14937,-6.41515],[23.1404,-6.4195],[23.13419,-6.41788],[23.13164,-6.43098],[23.14129,-6.43973],[23.14217,-6.44441],[23.14763,-6.44681],[23.14026,-6.46269],[23.1436,-6.46608],[23.15789,-6.46807],[23.16042,-6.49125],[23.15361,-6.49342],[23.15271,-6.50004],[23.16177,-6.50278],[23.16904,-6.50985],[23.16714,-6.52885],[23.17197,-6.52904],[23.17391,-6.5405],[23.16898,-6.55001],[23.1726,-6.56134],[23.18221,-6.57043],[23.17983,-6.57264],[23.18263,-6.57783],[23.17554,-6.58173],[23.17439,-6.58718],[23.17736,-6.58913],[23.1749,-6.59177],[23.18208,-6.59875],[23.20042,-6.59708],[23.20542,-6.59208],[23.2125,-6.59292],[23.21837,-6.58785],[23.22503,-6.5888],[23.23093,-6.59451],[23.23721,-6.5926],[23.25167,-6.58375],[23.25625,-6.58458],[23.26375,-6.58042],[23.27292,-6.57125],[23.27875,-6.57042],[23.29458,-6.55542],[23.29958,-6.54625],[23.31375,-6.53958],[23.34458,-6.54625],[23.36042,-6.53125],[23.36703,-6.52966],[23.39334,-6.54802],[23.40264,-6.53875],[23.41659,-6.54194],[23.42762,-6.53236],[23.43326,-6.54063],[23.44699,-6.53894]]]]},"properties":{"nom":"Kasaï-Oriental","pcode":"CD82"}},{"type":"Feature","geometry":{"type":"Polygon","coordinates":[[[23.63706,-5.35032],[23.67641,-5.35236],[23.70458,-5.35916],[23.70925,-5.3751],[23.70319,-5.43794],[23.7205,-5.52157],[23.71428,-5.55032],[23.71885,-5.57125],[23.7239,-5.5777],[23.73237,-5.60416],[23.74821,-5.61016],[23.7584,-5.62501],[23.74567,-5.63408],[23.75094,-5.64604],[23.73049,-5.66281],[23.72342,-5.67628],[23.72419,-5.68733],[23.73567,-5.69892],[23.73149,-5.70903],[23.73266,-5.72182],[23.72306,-5.75235],[23.70947,-5.75479],[23.70943,-5.77115],[23.72358,-5.77219],[23.72958,-5.76708],[23.73542,-5.76708],[23.73958,-5.77542],[23.74292,-5.77292],[23.74958,-5.77792],[23.76375,-5.77875],[23.76625,-5.78208],[23.77375,-5.77625],[23.77542,-5.77042],[23.78625,-5.76875],[23.79875,-5.75458],[23.81708,-5.74625],[23.82875,-5.74458],[23.83542,-5.74708],[23.84408,-5.75341],[23.84383,-5.76071],[23.85434,-5.76318],[23.87042,-5.78042],[23.86875,-5.79708],[23.88708,-5.82208],[23.89208,-5.82458],[23.89208,-5.82792],[23.90125,-5.83375],[23.90375,-5.84292],[23.90208,-5.85375],[23.90625,-5.85625],[23.93458,-5.84875],[23.94208,-5.83375],[23.94625,-5.83542],[23.95281,-5.83067],[23.95754,-5.816],[23.97499,-5.82521],[23.98648,-5.82867],[23.99819,-5.82592],[24.00761,-5.83145],[24.01129,-5.82731],[24.01298,-5.81684],[24.02421,-5.81208],[24.04988,-5.81444],[24.06656,-5.79751],[24.08753,-5.79915],[24.13674,-5.78941],[24.15735,-5.79108],[24.17903,-5.79944],[24.18772,-5.79871],[24.19025,-5.78698],[24.19967,-5.77641],[24.19003,-5.76076],[24.19509,-5.74996],[24.1836,-5.74558],[24.18016,-5.72787],[24.17626,-5.72626],[24.17213,-5.71797],[24.17466,-5.71108],[24.17098,-5.70164],[24.17306,-5.68762],[24.17032,-5.66038],[24.1501,-5.64692],[24.12479,-5.61302],[24.07138,-5.59577],[24.06596,-5.5919],[24.06237,-5.5829],[24.06043,-5.55572],[24.04457,-5.46658],[24.04503,-5.42447],[24.05122,-5.40724],[24.06644,-5.38524],[24.07335,-5.3965],[24.07775,-5.41604],[24.08899,-5.40981],[24.09085,-5.41809],[24.10839,-5.4222],[24.11848,-5.41113],[24.12069,-5.39563],[24.12577,-5.38562],[24.12633,-5.37155],[24.14921,-5.3811],[24.16369,-5.3717],[24.23806,-5.38902],[24.28512,-5.40809],[24.3053,-5.41046],[24.33908,-5.40396],[24.39092,-5.37887],[24.41642,-5.37769],[24.42164,-5.37168],[24.4238,-5.35144],[24.43616,-5.34192],[24.45538,-5.37809],[24.46158,-5.38247],[24.48948,-5.39282],[24.49951,-5.39278],[24.50856,-5.38765],[24.51849,-5.38159],[24.54761,-5.3516],[24.5564,-5.33676],[24.55363,-5.30101],[24.52901,-5.22439],[24.51594,-5.16836],[24.52235,-5.16404],[24.54003,-5.16335],[24.55426,-5.1652],[24.56115,-5.17233],[24.56354,-5.15084],[24.57894,-5.12017],[24.57514,-5.09546],[24.5847,-5.07756],[24.58321,-5.06429],[24.57734,-5.05521],[24.57537,-5.0447],[24.58001,-5.03959],[24.61367,-5.03],[24.64683,-5.0161],[24.67504,-5.00022],[24.71305,-4.99999],[24.76438,-4.92809],[24.77135,-4.92735],[24.79579,-4.93691],[24.81445,-4.93924],[24.83327,-4.95235],[24.84429,-4.95495],[24.84828,-4.94782],[24.84015,-4.91468],[24.82212,-4.88466],[24.84118,-4.86115],[24.85293,-4.85869],[24.89525,-4.86657],[24.92046,-4.86569],[24.93363,-4.8608],[24.95355,-4.84317],[24.98373,-4.83529],[24.97753,-4.82632],[24.97638,-4.81734],[24.9633,-4.8063],[24.96031,-4.79917],[24.94907,-4.79917],[24.93254,-4.79021],[24.92358,-4.76881],[24.90958,-4.76582],[24.90178,-4.75639],[24.89535,-4.74443],[24.89626,-4.73684],[24.88823,-4.72395],[24.88776,-4.71544],[24.88042,-4.71452],[24.86389,-4.69428],[24.87353,-4.68622],[24.85791,-4.66069],[24.85951,-4.6455],[24.86387,-4.64251],[24.85905,-4.63377],[24.87234,-4.61283],[24.87211,-4.6027],[24.8783,-4.60132],[24.87875,-4.58959],[24.89733,-4.58383],[24.9058,-4.5652],[24.9175,-4.56818],[24.92048,-4.56151],[24.91635,-4.54955],[24.91772,-4.54632],[24.92735,-4.54678],[24.92804,-4.54149],[24.92207,-4.53344],[24.9274,-4.52772],[24.92917,-4.51963],[24.96127,-4.49478],[24.96516,-4.48212],[24.9725,-4.48304],[24.97822,-4.47199],[24.99382,-4.47061],[25.00207,-4.46071],[24.99908,-4.45036],[25.00504,-4.44783],[25.00756,-4.44253],[24.99241,-4.42827],[24.9947,-4.41585],[24.9791,-4.40251],[24.97289,-4.38548],[24.99169,-4.36822],[24.99375,-4.35971],[24.99098,-4.33508],[24.99463,-4.31185],[25.01754,-4.28192],[25.02052,-4.27318],[25.01317,-4.26605],[25.00674,-4.25179],[25.00903,-4.24419],[25.00146,-4.23085],[25.00535,-4.22256],[24.99892,-4.21336],[25.00969,-4.19748],[25.00211,-4.18299],[25.01586,-4.1724],[24.98628,-4.15722],[24.98489,-4.14549],[24.99543,-4.13812],[25.00161,-4.12523],[24.99794,-4.11488],[24.99244,-4.11097],[24.97685,-4.10844],[24.97294,-4.10154],[24.98393,-4.07071],[24.98002,-4.04793],[24.9713,-4.04609],[24.96236,-4.03298],[24.94929,-4.02999],[24.93967,-4.04449],[24.92684,-4.04702],[24.92087,-4.04403],[24.91628,-4.02286],[24.90825,-4.0201],[24.90504,-4.01366],[24.89564,-4.00906],[24.89952,-3.98605],[24.90617,-3.97684],[24.90089,-3.96994],[24.88897,-3.96833],[24.88805,-3.95959],[24.87154,-3.94395],[24.85802,-3.94487],[24.85389,-3.93958],[24.85846,-3.91772],[24.85433,-3.90667],[24.85112,-3.90506],[24.84769,-3.90782],[24.84357,-3.91864],[24.83027,-3.91657],[24.82385,-3.90944],[24.81766,-3.88988],[24.80298,-3.8763],[24.80092,-3.8694],[24.80298,-3.86043],[24.81214,-3.8579],[24.82039,-3.8625],[24.82223,-3.85905],[24.8197,-3.85421],[24.7961,-3.84455],[24.76699,-3.83811],[24.7663,-3.83558],[24.77936,-3.83374],[24.78142,-3.83052],[24.7734,-3.82522],[24.76125,-3.82568],[24.764,-3.81464],[24.75552,-3.81832],[24.74842,-3.80958],[24.74315,-3.81073],[24.74222,-3.79968],[24.73374,-3.79071],[24.73053,-3.78081],[24.73162,-3.77465],[24.73809,-3.77575],[24.74268,-3.78219],[24.75298,-3.75942],[24.76214,-3.75504],[24.76512,-3.74676],[24.7516,-3.74101],[24.75801,-3.73433],[24.76626,-3.73733],[24.76763,-3.72329],[24.77611,-3.71524],[24.77816,-3.7081],[24.79718,-3.71086],[24.80107,-3.69038],[24.79511,-3.67888],[24.80587,-3.67221],[24.80748,-3.66645],[24.804,-3.65894],[24.78891,-3.66001],[24.78571,-3.6561],[24.78616,-3.6515],[24.79578,-3.64805],[24.79784,-3.64437],[24.79671,-3.63989],[24.78822,-3.63654],[24.79165,-3.62734],[24.78111,-3.62826],[24.77882,-3.62435],[24.78821,-3.61376],[24.78271,-3.60249],[24.78385,-3.59421],[24.77331,-3.5949],[24.76689,-3.59121],[24.7772,-3.58454],[24.77513,-3.57442],[24.7694,-3.56821],[24.77856,-3.5613],[24.77398,-3.54566],[24.79116,-3.55233],[24.79391,-3.53967],[24.80582,-3.53691],[24.80765,-3.53277],[24.80008,-3.51873],[24.79847,-3.50424],[24.78908,-3.49412],[24.7751,-3.4856],[24.77258,-3.48215],[24.77441,-3.47571],[24.79822,-3.455],[24.82479,-3.45891],[24.83075,-3.45408],[24.83395,-3.44441],[24.83394,-3.42807],[24.85066,-3.42393],[24.85524,-3.41979],[24.86759,-3.37768],[24.90308,-3.37123],[24.90652,-3.36364],[24.90628,-3.34592],[24.9101,-3.33146],[24.90786,-3.31716],[24.91793,-3.30036],[24.91564,-3.29599],[24.89777,-3.293],[24.90189,-3.27414],[24.91219,-3.26516],[24.94104,-3.26447],[24.95616,-3.26975],[24.96348,-3.2617],[24.95751,-3.24007],[24.95865,-3.23386],[24.96987,-3.21775],[24.96436,-3.20142],[24.96619,-3.19543],[24.99,-3.19267],[24.99481,-3.18921],[25.0,-3.15292],[25.02317,-3.13859],[25.02362,-3.13399],[25.00758,-3.12065],[25.01834,-3.10569],[25.02085,-3.09257],[25.01466,-3.08498],[25.00458,-3.08131],[25.00115,-3.07416],[25.00892,-3.06359],[25.01373,-3.06336],[25.03091,-3.07762],[25.03435,-3.07807],[25.0364,-3.07439],[25.03685,-3.06588],[25.02723,-3.05001],[25.03134,-3.04011],[25.01165,-3.03368],[25.00738,-3.02429],[25.01667,-3.0155],[25.02307,-2.99916],[25.02466,-2.9849],[25.0329,-2.97385],[25.05049,-2.92944],[25.06489,-2.90344],[25.06877,-2.87767],[25.08659,-2.84155],[25.08841,-2.83073],[25.10488,-2.81094],[25.1124,-2.77435],[25.1101,-2.76148],[25.09704,-2.74285],[25.08671,-2.70237],[25.08235,-2.68051],[25.08278,-2.64578],[25.07728,-2.63106],[25.07428,-2.60069],[25.05884,-2.60236],[25.04697,-2.59504],[25.00675,-2.56215],[25.00169,-2.5453],[25.00394,-2.53075],[25.03444,-2.50948],[25.04672,-2.49633],[25.03781,-2.49175],[25.01798,-2.49282],[25.00268,-2.48617],[24.99945,-2.47228],[25.00491,-2.46434],[25.0329,-2.44442],[25.04927,-2.42469],[25.04832,-2.41195],[24.98906,-2.42084],[24.97902,-2.41626],[24.96073,-2.39891],[24.93154,-2.3979],[24.93148,-2.37424],[24.926,-2.37241],[24.71985,-2.36534],[24.70618,-2.36893],[24.69431,-2.36252],[24.6811,-2.18958],[24.66364,-2.13947],[24.62156,-2.0911],[24.60872,-2.06466],[24.59839,-1.98078],[24.57327,-1.94342],[24.53254,-1.91239],[24.5151,-1.90405],[24.48942,-1.81872],[24.44404,-1.71531],[24.26718,-1.7091],[24.19588,-1.71673],[24.18834,-1.71258],[24.17005,-1.71257],[24.16685,-1.70889],[24.14765,-1.71485],[24.13325,-1.71415],[24.1216,-1.70495],[24.10239,-1.70907],[24.09622,-1.7047],[24.08525,-1.70906],[24.05759,-1.70466],[24.04091,-1.70787],[24.02788,-1.7028],[23.99908,-1.70323],[23.98788,-1.69748],[23.96771,-1.69834],[23.96491,-1.70894],[23.95577,-1.71578],[23.95471,-1.73696],[23.94703,-1.739],[23.87432,-1.73397],[23.81117,-1.73564],[23.79729,-1.74088],[23.77728,-1.75983],[23.76761,-1.76512],[23.71402,-1.7735],[23.69386,-1.79073],[23.68537,-1.81514],[23.6781,-1.82165],[23.66124,-1.82446],[23.57914,-1.79413],[23.56231,-1.79334],[23.5592,-1.80112],[23.5649,-1.82067],[23.57608,-1.83908],[23.59249,-1.88464],[23.58537,-1.91774],[23.58764,-1.9343],[23.58237,-1.93889],[23.58552,-1.99041],[23.45973,-2.03018],[23.44592,-2.02762],[23.42395,-1.99739],[23.32746,-2.02926],[23.303,-2.07394],[23.28754,-2.08779],[23.25547,-2.06254],[23.24132,-2.04366],[23.21076,-1.98887],[23.2014,-1.97919],[23.17811,-1.96144],[23.14681,-1.94482],[23.10294,-1.92427],[23.07324,-1.91501],[23.03826,-1.91448],[22.99003,-1.90632],[22.96079,-1.89453],[22.94846,-1.88508],[22.93657,-1.88298],[22.93155,-1.87814],[22.90961,-1.87694],[22.86844,-1.8849],[22.84284,-1.87591],[22.83039,-1.87489],[22.83065,-1.86646],[22.82493,-1.86275],[22.81172,-1.86454],[22.79548,-1.85751],[22.78874,-1.85635],[22.77648,-1.86011],[22.75929,-1.85549],[22.74776,-1.83888],[22.72268,-1.82869],[22.71598,-1.82114],[22.6903,-1.80833],[22.67466,-1.80939],[22.66312,-1.80589],[22.64885,-1.81081],[22.64444,-1.81625],[22.63815,-1.81556],[22.62967,-1.80119],[22.62175,-1.80234],[22.61877,-1.78564],[22.6225,-1.77714],[22.60952,-1.77687],[22.60738,-1.76951],[22.58959,-1.75084],[22.57376,-1.76639],[22.52271,-1.86035],[22.5061,-1.89849],[22.49797,-1.91305],[22.49271,-1.9168],[22.23284,-1.82207],[22.1954,-1.81093],[22.1688,-1.84689],[22.15913,-1.85014],[22.13361,-1.87729],[22.13972,-1.8985],[22.13895,-1.90591],[22.15132,-1.93524],[22.15103,-1.96456],[22.14712,-1.97306],[22.14453,-1.99697],[22.16202,-2.04141],[22.15989,-2.06693],[22.16237,-2.07889],[22.17715,-2.10953],[22.18122,-2.12541],[22.1818,-2.16451],[22.18566,-2.17694],[22.18332,-2.19556],[22.19286,-2.21698],[22.18664,-2.23375],[22.18798,-2.24756],[22.19545,-2.2761],[22.20263,-2.3258],[22.21014,-2.34078],[22.21299,-2.38748],[22.22347,-2.40016],[22.22336,-2.40689],[22.20079,-2.42771],[22.19168,-2.42891],[22.15511,-2.44908],[22.14862,-2.44865],[22.13115,-2.43366],[22.1304,-2.39845],[22.09375,-2.36253],[22.09328,-2.30706],[22.08347,-2.30191],[22.06115,-2.30083],[22.04254,-2.31573],[21.99209,-2.3942],[21.95162,-2.42902],[21.90887,-2.47647],[21.8765,-2.50627],[21.84408,-2.53239],[21.83096,-2.53043],[21.84509,-2.54543],[21.85123,-2.55856],[21.87087,-2.5706],[21.89328,-2.57688],[21.90355,-2.58405],[21.9191,-2.58595],[21.92571,-2.59655],[21.94854,-2.6125],[21.97431,-2.64181],[21.99442,-2.65131],[22.01472,-2.67438],[22.01354,-2.68519],[22.03286,-2.72965],[22.0502,-2.75087],[22.0753,-2.7735],[22.08529,-2.80436],[22.10264,-2.81891],[22.14294,-2.89657],[22.1669,-2.92264],[22.18175,-2.9312],[22.20648,-2.92898],[22.21542,-2.92487],[22.22135,-2.9288],[22.21476,-2.93777],[22.18123,-2.95684],[22.16989,-3.00114],[22.16434,-3.01163],[22.10827,-3.06376],[22.1013,-3.08293],[22.11465,-3.1088],[22.11395,-3.12184],[22.10818,-3.17357],[22.09567,-3.20936],[22.08661,-3.22254],[22.05578,-3.25309],[21.99817,-3.29608],[21.99568,-3.38063],[21.98944,-3.40109],[21.9699,-3.42472],[21.94122,-3.44165],[21.93028,-3.48857],[21.92936,-3.50421],[21.93828,-3.52216],[21.94171,-3.54195],[21.93963,-3.57461],[21.94467,-3.58473],[21.95725,-3.59196],[21.95856,-3.60155],[21.97097,-3.6019],[21.97329,-3.59178],[21.98913,-3.5801],[21.99647,-3.5769],[22.00426,-3.57785],[22.01459,-3.57236],[22.02878,-3.57586],[22.04163,-3.56924],[22.06197,-3.58402],[22.08626,-3.58226],[22.1076,-3.57267],[22.1144,-3.57481],[22.12253,-3.57035],[22.12866,-3.57803],[22.13772,-3.61441],[22.14013,-3.65446],[22.1331,-3.71012],[22.14221,-3.76158],[22.13292,-3.77166],[22.13208,-3.77868],[22.15608,-3.79636],[22.15292,-3.80943],[22.06831,-3.87786],[22.05811,-3.88403],[22.02006,-3.89245],[22.009,-3.90967],[21.99546,-3.91952],[21.9876,-3.93951],[21.9761,-3.9519],[21.96822,-3.97508],[21.98891,-3.96183],[21.99464,-3.96116],[22.00471,-3.96833],[22.02075,-3.96746],[22.04847,-3.97354],[22.05785,-3.97932],[22.08145,-3.98331],[22.09907,-3.99211],[22.11754,-4.02439],[22.16289,-4.04018],[22.17827,-4.03079],[22.20167,-4.02304],[22.20971,-4.01593],[22.22256,-4.01183],[22.23887,-3.99923],[22.24713,-3.99649],[22.27261,-3.99797],[22.28149,-4.00235],[22.30482,-4.02221],[22.31621,-4.05031],[22.32261,-4.05838],[22.32988,-4.0805],[22.33972,-4.09065],[22.37269,-4.1057],[22.38778,-4.12139],[22.40331,-4.14422],[22.42623,-4.14773],[22.44774,-4.1616],[22.46746,-4.1589],[22.49194,-4.18013],[22.50362,-4.18684],[22.51348,-4.18824],[22.54253,-4.21594],[22.58674,-4.23216],[22.59522,-4.23241],[22.60827,-4.2428],[22.62707,-4.24354],[22.63737,-4.24909],[22.64766,-4.26384],[22.66278,-4.2694],[22.67376,-4.28071],[22.70324,-4.32611],[22.70806,-4.32658],[22.7259,-4.3478],[22.74834,-4.36258],[22.75519,-4.3764],[22.75563,-4.38537],[22.77278,-4.40819],[22.78768,-4.41306],[22.80277,-4.43404],[22.81537,-4.44143],[22.82769,-4.47321],[22.83318,-4.47921],[22.86938,-4.50046],[22.88406,-4.51843],[22.91916,-4.5264],[22.94181,-4.52706],[22.99044,-4.52381],[23.02666,-4.51525],[23.05874,-4.51977],[23.07438,-4.52621],[23.07734,-4.53496],[23.08858,-4.53568],[23.09705,-4.5449],[23.13276,-4.64867],[23.18869,-4.76823],[23.18774,-4.78482],[23.18085,-4.78642],[23.17051,-4.79905],[23.15399,-4.79764],[23.14253,-4.79301],[23.13587,-4.79415],[23.13128,-4.79989],[23.12256,-4.79896],[23.10705,-4.81985],[23.08906,-4.81842],[23.07669,-4.82212],[23.0401,-4.8415],[22.94231,-4.87519],[22.92413,-4.90622],[22.92578,-4.91941],[22.93364,-4.92326],[22.95951,-4.92132],[22.97018,-4.92441],[22.97466,-4.93184],[22.95776,-4.94753],[22.92596,-4.96346],[22.91439,-4.98239],[22.91207,-5.00919],[22.90508,-5.02971],[22.92824,-5.04172],[22.95118,-5.04568],[22.96468,-5.06757],[22.97798,-5.07519],[22.99493,-5.09225],[23.02497,-5.10796],[23.02651,-5.11654],[23.0422,-5.13478],[23.07923,-5.16861],[23.11174,-5.20887],[23.1212,-5.21467],[23.15045,-5.24368],[23.17505,-5.30117],[23.18515,-5.30928],[23.19682,-5.30062],[23.24689,-5.28323],[23.25977,-5.27014],[23.29674,-5.25801],[23.31443,-5.24815],[23.34382,-5.24866],[23.35942,-5.25605],[23.3826,-5.26],[23.42417,-5.23983],[23.4276,-5.24834],[23.42277,-5.25777],[23.4324,-5.26975],[23.42689,-5.27158],[23.42619,-5.27641],[23.43169,-5.28746],[23.43282,-5.29919],[23.43719,-5.29621],[23.4358,-5.30702],[23.45163,-5.31041],[23.48649,-5.30947],[23.52186,-5.32955],[23.56962,-5.34039],[23.63706,-5.35032]]]},"properties":{"nom":"Sankuru","pcode":"CD83"}},{"type":"Feature","geometry":{"type":"MultiPolygon","coordinates":[[[[22.32976,-7.85911],[22.39724,-7.82429],[22.41011,-7.81648],[22.42132,-7.80446],[22.42703,-7.80633],[22.43281,-7.82146],[22.44691,-7.83036],[22.48537,-7.84748],[22.49659,-7.84488],[22.52194,-7.8201],[22.52451,-7.80243],[22.55384,-7.76532],[22.5709,-7.75664],[22.59163,-7.75211],[22.60017,-7.74455],[22.608,-7.74297],[22.60548,-7.73745],[22.59973,-7.73629],[22.60434,-7.73309],[22.60941,-7.73264],[22.611,-7.7416],[22.6455,-7.76464],[22.65168,-7.77545],[22.64268,-7.78507],[22.64703,-7.79541],[22.64652,-7.82342],[22.65686,-7.82918],[22.67706,-7.8554],[22.66645,-7.86662],[22.66619,-7.88016],[22.66109,-7.89599],[22.68774,-7.8822],[22.71936,-7.85962],[22.76642,-7.81769],[22.77378,-7.81762],[22.77746,-7.82143],[22.7988,-7.81969],[22.81719,-7.82259],[22.89228,-7.8634],[22.91731,-7.88161],[22.94086,-7.8883],[22.96366,-7.87195],[22.98425,-7.86485],[23.00044,-7.87084],[23.04532,-7.86505],[23.08396,-7.87491],[23.10338,-7.82652],[23.1209,-7.81187],[23.15066,-7.77657],[23.17048,-7.76949],[23.18945,-7.76879],[23.18876,-7.7592],[23.19943,-7.75236],[23.20662,-7.73956],[23.2091,-7.73202],[23.20575,-7.72349],[23.21563,-7.71992],[23.21594,-7.71395],[23.22212,-7.7072],[23.22139,-7.70056],[23.2134,-7.69772],[23.21435,-7.69377],[23.21813,-7.69325],[23.21761,-7.68478],[23.22292,-7.68183],[23.22313,-7.67358],[23.22986,-7.67353],[23.2337,-7.66669],[23.23186,-7.65428],[23.23401,-7.64902],[23.23044,-7.6445],[23.23202,-7.6353],[23.22429,-7.62783],[23.22691,-7.62462],[23.22649,-7.60821],[23.22954,-7.60585],[23.22218,-7.60317],[23.22392,-7.59891],[23.21992,-7.59712],[23.22996,-7.58913],[23.22902,-7.58008],[23.23354,-7.57924],[23.23338,-7.57535],[23.22429,-7.56641],[23.22576,-7.56252],[23.2225,-7.56062],[23.22092,-7.54459],[23.21556,-7.54211],[23.21277,-7.53496],[23.21692,-7.52402],[23.21214,-7.51424],[23.22134,-7.51288],[23.21997,-7.50788],[23.23259,-7.50478],[23.2389,-7.49778],[23.23848,-7.49358],[23.24301,-7.49179],[23.24022,-7.48732],[23.25195,-7.47612],[23.25026,-7.46881],[23.25289,-7.46991],[23.25752,-7.46544],[23.26209,-7.45298],[23.25521,-7.44604],[23.25137,-7.43137],[23.25405,-7.42874],[23.24942,-7.42548],[23.24595,-7.42953],[23.24201,-7.42033],[23.23738,-7.41764],[23.24527,-7.40544],[23.24427,-7.39861],[23.24926,-7.39882],[23.24937,-7.39535],[23.25594,-7.3904],[23.25468,-7.38788],[23.25852,-7.38756],[23.25547,-7.38499],[23.25715,-7.37158],[23.26304,-7.36385],[23.25452,-7.36069],[23.25289,-7.34539],[23.24653,-7.34565],[23.24558,-7.34161],[23.24295,-7.34529],[23.24159,-7.34029],[23.23043,-7.33451],[23.23555,-7.32683],[23.2337,-7.31933],[23.2397,-7.29419],[23.23749,-7.29198],[23.24217,-7.28351],[23.2397,-7.27954],[23.24261,-7.24875],[23.23792,-7.24875],[23.24379,-7.23769],[23.24097,-7.23396],[23.24555,-7.22871],[23.24058,-7.22464],[23.24323,-7.22187],[23.24091,-7.20939],[23.24442,-7.20482],[23.23679,-7.19573],[23.236,-7.1842],[23.24137,-7.1715],[23.23425,-7.16608],[23.22911,-7.16794],[23.21736,-7.16421],[23.21533,-7.16043],[23.22267,-7.15196],[23.22166,-7.14416],[23.22595,-7.14117],[23.22471,-7.13439],[23.23024,-7.12846],[23.22917,-7.11581],[23.23781,-7.11169],[23.23928,-7.10328],[23.23487,-7.10198],[23.23363,-7.09164],[23.23854,-7.08464],[23.23894,-7.07222],[23.23645,-7.06962],[23.24267,-7.06143],[23.23956,-7.05968],[23.25001,-7.05307],[23.24713,-7.04776],[23.2556,-7.04426],[23.26006,-7.04929],[23.26091,-7.04189],[23.26808,-7.04104],[23.2652,-7.03009],[23.26678,-7.02455],[23.25633,-7.02082],[23.26119,-7.01715],[23.25718,-7.01456],[23.25989,-7.01134],[23.25283,-7.01021],[23.25899,-6.99948],[23.25656,-6.99089],[23.26593,-6.98947],[23.27129,-6.97614],[23.27683,-6.97483],[23.26973,-6.96954],[23.28025,-6.96163],[23.27509,-6.94675],[23.28007,-6.93903],[23.27614,-6.93479],[23.27335,-6.94474],[23.26502,-6.94873],[23.25595,-6.94837],[23.22177,-6.93716],[23.19994,-6.94118],[23.18705,-6.92397],[23.16619,-6.92475],[23.16331,-6.92283],[23.16259,-6.91318],[23.15575,-6.91456],[23.1422,-6.9031],[23.1124,-6.89587],[23.06829,-6.86882],[23.05958,-6.85388],[23.05904,-6.83481],[23.05221,-6.8269],[23.03859,-6.82654],[23.02612,-6.82108],[23.01035,-6.78906],[23.01671,-6.77317],[23.03174,-6.75636],[23.03617,-6.7444],[23.04611,-6.7389],[23.06223,-6.71364],[23.06174,-6.70344],[23.07553,-6.66968],[23.07697,-6.65277],[23.08003,-6.65217],[23.08081,-6.64438],[23.07768,-6.63881],[23.09407,-6.62054],[23.09528,-6.60468],[23.09192,-6.59796],[23.09528,-6.59004],[23.09045,-6.58628],[23.10549,-6.56465],[23.1059,-6.56008],[23.10119,-6.5547],[23.10254,-6.54664],[23.11073,-6.53912],[23.11652,-6.524],[23.12857,-6.51377],[23.12817,-6.50919],[23.13126,-6.50714],[23.13016,-6.49652],[23.14163,-6.48275],[23.14506,-6.46632],[23.14026,-6.46214],[23.14763,-6.44681],[23.14217,-6.44441],[23.13142,-6.42799],[23.13419,-6.41788],[23.1404,-6.4195],[23.14937,-6.41515],[23.13996,-6.40479],[23.13975,-6.39307],[23.1331,-6.38455],[23.13999,-6.38456],[23.14161,-6.37905],[23.14897,-6.37975],[23.14989,-6.37722],[23.1461,-6.37114],[23.14868,-6.37041],[23.14527,-6.36878],[23.14564,-6.36208],[23.12924,-6.35305],[23.09983,-6.34701],[23.08264,-6.35639],[23.07123,-6.34809],[23.06437,-6.29317],[23.05499,-6.26067],[23.06358,-6.25589],[23.06634,-6.24917],[23.06464,-6.24697],[23.07016,-6.23055],[23.06931,-6.21598],[23.07702,-6.21274],[23.08817,-6.19493],[23.07654,-6.19161],[23.06883,-6.18437],[23.06147,-6.18437],[23.05446,-6.17737],[23.02001,-6.17203],[23.00859,-6.16584],[23.0042,-6.15285],[23.00403,-6.12661],[23.01015,-6.10312],[22.99595,-6.09151],[22.96422,-6.07563],[22.956,-6.06514],[22.95534,-6.04414],[22.97628,-6.02533],[22.95177,-5.98273],[22.94862,-5.94801],[22.98779,-5.88646],[22.97817,-5.86919],[22.95023,-5.84118],[22.95092,-5.83109],[22.96637,-5.79777],[22.98047,-5.77974],[23.06498,-5.77428],[23.07789,-5.77007],[23.08372,-5.75018],[23.08374,-5.74659],[23.07495,-5.74085],[23.07458,-5.73509],[23.07859,-5.72965],[23.10151,-5.72769],[23.20502,-5.73841],[23.282,-5.74171],[23.29076,-5.74032],[23.32066,-5.72567],[23.36568,-5.72414],[23.38155,-5.71381],[23.39438,-5.71384],[23.40236,-5.70779],[23.41242,-5.70626],[23.42636,-5.69664],[23.41692,-5.70651],[23.41806,-5.71593],[23.41025,-5.72145],[23.41437,-5.72882],[23.413,-5.73157],[23.40748,-5.73042],[23.40059,-5.73384],[23.39368,-5.74626],[23.39636,-5.75128],[23.39218,-5.75453],[23.39389,-5.76052],[23.38837,-5.76833],[23.38147,-5.76947],[23.39455,-5.78329],[23.4169,-5.76623],[23.4247,-5.74738],[23.42933,-5.74405],[23.45732,-5.74709],[23.4723,-5.74549],[23.47847,-5.74169],[23.50456,-5.68383],[23.51962,-5.68276],[23.53891,-5.68623],[23.55201,-5.68119],[23.58094,-5.69228],[23.5899,-5.68792],[23.61175,-5.6592],[23.63036,-5.6521],[23.638,-5.64339],[23.65989,-5.64101],[23.67571,-5.62862],[23.70863,-5.62865],[23.74567,-5.63408],[23.7584,-5.62501],[23.74821,-5.61016],[23.73237,-5.60416],[23.7239,-5.5777],[23.71885,-5.57125],[23.71428,-5.55032],[23.7205,-5.52157],[23.70319,-5.43794],[23.70925,-5.3751],[23.70458,-5.35916],[23.6944,-5.3549],[23.63706,-5.35032],[23.54658,-5.33602],[23.52186,-5.32955],[23.48649,-5.30947],[23.45163,-5.31041],[23.4358,-5.30702],[23.43719,-5.29621],[23.43282,-5.29919],[23.43169,-5.28746],[23.42619,-5.27641],[23.42689,-5.27158],[23.4324,-5.26975],[23.42277,-5.25777],[23.4276,-5.24834],[23.42417,-5.23983],[23.3826,-5.26],[23.35942,-5.25605],[23.34382,-5.24866],[23.31443,-5.24815],[23.29674,-5.25801],[23.25977,-5.27014],[23.24689,-5.28323],[23.19682,-5.30062],[23.18515,-5.30928],[23.17505,-5.30117],[23.15045,-5.24368],[23.1212,-5.21467],[23.11174,-5.20887],[23.07923,-5.16861],[23.0422,-5.13478],[23.02651,-5.11654],[23.02497,-5.10796],[22.99493,-5.09225],[22.97798,-5.07519],[22.96468,-5.06757],[22.95118,-5.04568],[22.92824,-5.04172],[22.90508,-5.02971],[22.91207,-5.00919],[22.91439,-4.98239],[22.92596,-4.96346],[22.95776,-4.94753],[22.97466,-4.93184],[22.97018,-4.92441],[22.95951,-4.92132],[22.93364,-4.92326],[22.92578,-4.91941],[22.92413,-4.90622],[22.94231,-4.87519],[23.0401,-4.8415],[23.07669,-4.82212],[23.08906,-4.81842],[23.10705,-4.81985],[23.12256,-4.79896],[23.13128,-4.79989],[23.13587,-4.79415],[23.14253,-4.79301],[23.15399,-4.79764],[23.17051,-4.79905],[23.18085,-4.78642],[23.18774,-4.78482],[23.18869,-4.76823],[23.13276,-4.64867],[23.09705,-4.5449],[23.08858,-4.53568],[23.07734,-4.53496],[23.07438,-4.52621],[23.05874,-4.51977],[23.02666,-4.51525],[22.99044,-4.52381],[22.94181,-4.52706],[22.91916,-4.5264],[22.88406,-4.51843],[22.86938,-4.50046],[22.83318,-4.47921],[22.82769,-4.47321],[22.81537,-4.44143],[22.80277,-4.43404],[22.78768,-4.41306],[22.77278,-4.40819],[22.75563,-4.38537],[22.75519,-4.3764],[22.74834,-4.36258],[22.7259,-4.3478],[22.70806,-4.32658],[22.70324,-4.32611],[22.67376,-4.28071],[22.66278,-4.2694],[22.64766,-4.26384],[22.63737,-4.24909],[22.62707,-4.24354],[22.60827,-4.2428],[22.59522,-4.23241],[22.58674,-4.23216],[22.54253,-4.21594],[22.52491,-4.19887],[22.52118,-4.22577],[22.52824,-4.24857],[22.52841,-4.27365],[22.53183,-4.28056],[22.52974,-4.29252],[22.53475,-4.30519],[22.53357,-4.3206],[22.52781,-4.33508],[22.53579,-4.35213],[22.52769,-4.38248],[22.52992,-4.41033],[22.52621,-4.42712],[22.5287,-4.44369],[22.5117,-4.47215],[22.48752,-4.49558],[22.47789,-4.49601],[22.46135,-4.50816],[22.45672,-4.5254],[22.45304,-4.52861],[22.44608,-4.56311],[22.44079,-4.56977],[22.44214,-4.5769],[22.42437,-4.62126],[22.41383,-4.61962],[22.39822,-4.62325],[22.38855,-4.63795],[22.36972,-4.64342],[22.35553,-4.63371],[22.32867,-4.63916],[22.31882,-4.63407],[22.30437,-4.63563],[22.28604,-4.62637],[22.27895,-4.6488],[22.27007,-4.66105],[22.25413,-4.67213],[22.24814,-4.70305],[22.23696,-4.71089],[22.21781,-4.71833],[22.20429,-4.71861],[22.20193,-4.72181],[22.20386,-4.73196],[22.21257,-4.73544],[22.21804,-4.75041],[22.22561,-4.75066],[22.22489,-4.76009],[22.22832,-4.76448],[22.22303,-4.76975],[22.22325,-4.78246],[22.20141,-4.79062],[22.17172,-4.82274],[22.15013,-4.83118],[22.13522,-4.82975],[22.12144,-4.83753],[22.07932,-4.88318],[22.08494,-4.90154],[22.0969,-4.90797],[22.10522,-4.91856],[22.10065,-4.94536],[22.10372,-4.96348],[22.12731,-4.97858],[22.12452,-4.98957],[22.11408,-5.00223],[22.11816,-5.02019],[22.10272,-5.04246],[22.09157,-5.09027],[22.07314,-5.11483],[22.04671,-5.12785],[22.03474,-5.13817],[22.033,-5.10618],[22.02002,-5.07002],[22.00421,-5.06694],[21.96772,-5.07918],[21.93959,-5.08087],[21.93177,-5.07862],[21.87262,-5.05256],[21.86847,-5.04801],[21.86816,-5.04243],[21.87165,-5.03849],[21.88252,-5.03437],[21.88541,-5.02968],[21.8851,-5.02226],[21.87984,-5.01774],[21.85183,-5.01534],[21.83886,-5.02431],[21.82393,-5.02563],[21.81171,-5.04354],[21.80933,-5.07159],[21.80197,-5.08348],[21.77971,-5.0819],[21.70795,-5.05536],[21.68981,-5.05482],[21.68747,-5.06885],[21.69311,-5.0967],[21.68979,-5.12959],[21.67549,-5.15185],[21.65646,-5.21136],[21.63757,-5.23268],[21.63565,-5.25614],[21.63927,-5.26972],[21.63804,-5.29571],[21.6348,-5.30375],[21.62444,-5.31084],[21.62419,-5.31613],[21.64161,-5.32563],[21.64826,-5.3275],[21.65321,-5.32387],[21.65928,-5.32478],[21.6641,-5.33032],[21.66698,-5.35793],[21.65637,-5.37192],[21.65403,-5.38595],[21.66698,-5.39775],[21.68638,-5.39573],[21.69033,-5.41461],[21.70489,-5.42041],[21.71197,-5.43079],[21.7262,-5.43222],[21.73192,-5.43754],[21.75441,-5.44198],[21.75899,-5.44728],[21.76077,-5.46478],[21.76665,-5.46823],[21.79406,-5.46536],[21.79866,-5.4633],[21.80466,-5.45183],[21.82074,-5.45188],[21.82419,-5.44891],[21.8244,-5.43955],[21.81987,-5.43134],[21.82197,-5.42613],[21.82957,-5.41994],[21.8468,-5.41517],[21.8461,-5.41977],[21.85248,-5.43291],[21.86027,-5.43938],[21.87861,-5.4777],[21.89317,-5.4917],[21.90441,-5.49795],[21.91675,-5.51502],[21.92569,-5.52057],[21.9396,-5.55213],[21.94025,-5.56501],[21.94414,-5.57169],[21.95445,-5.57656],[21.96108,-5.58831],[21.97047,-5.59547],[21.97435,-5.60423],[21.97726,-5.62839],[21.96196,-5.67778],[21.9603,-5.69365],[21.94243,-5.74368],[21.90745,-5.77557],[21.87838,-5.81479],[21.87512,-5.82927],[21.87825,-5.85895],[21.84104,-5.86445],[21.82218,-5.86358],[21.81257,-5.85066],[21.79033,-5.83633],[21.77915,-5.81398],[21.76378,-5.80909],[21.75621,-5.80286],[21.75166,-5.79157],[21.75491,-5.77962],[21.75101,-5.77708],[21.75035,-5.76972],[21.74341,-5.76993],[21.71884,-5.78912],[21.71391,-5.79628],[21.69761,-5.80364],[21.67946,-5.86077],[21.665,-5.87634],[21.66379,-5.89473],[21.62895,-5.93622],[21.62137,-5.9378],[21.6138,-5.93386],[21.61148,-5.94098],[21.60158,-5.94669],[21.59648,-5.95886],[21.58263,-5.97767],[21.5814,-6.00043],[21.57325,-6.03328],[21.57873,-6.04295],[21.57756,-6.04893],[21.58324,-6.06781],[21.58435,-6.07862],[21.57904,-6.08434],[21.58661,-6.08851],[21.57874,-6.1055],[21.58827,-6.13887],[21.59044,-6.17705],[21.59661,-6.18673],[21.58899,-6.19659],[21.59697,-6.21409],[21.58835,-6.2474],[21.59613,-6.25708],[21.5952,-6.26214],[21.60345,-6.26998],[21.59926,-6.28422],[21.60361,-6.28976],[21.60311,-6.30033],[21.61295,-6.31393],[21.61659,-6.32475],[21.62107,-6.35672],[21.61613,-6.39096],[21.61175,-6.39462],[21.61355,-6.40589],[21.60637,-6.42126],[21.60353,-6.44355],[21.59983,-6.44974],[21.59956,-6.46101],[21.6055,-6.47229],[21.55308,-6.47644],[21.54337,-6.48032],[21.53987,-6.48577],[21.54114,-6.50443],[21.54556,-6.51054],[21.56693,-6.51798],[21.56866,-6.52671],[21.56718,-6.53236],[21.55245,-6.54875],[21.54845,-6.57661],[21.55572,-6.57946],[21.57182,-6.57557],[21.60826,-6.53942],[21.61324,-6.56151],[21.62423,-6.57419],[21.62786,-6.58915],[21.63473,-6.59814],[21.64253,-6.60161],[21.65306,-6.61636],[21.69163,-6.63329],[21.70078,-6.64826],[21.71253,-6.65765],[21.70416,-6.66535],[21.6684,-6.66309],[21.64579,-6.67566],[21.61257,-6.68009],[21.61102,-6.69],[21.62166,-6.71677],[21.61996,-6.72636],[21.61775,-6.72836],[21.5928,-6.7112],[21.58312,-6.71255],[21.58213,-6.71679],[21.60406,-6.7383],[21.60549,-6.74654],[21.59885,-6.75838],[21.58195,-6.76502],[21.57438,-6.7581],[21.56083,-6.75299],[21.55163,-6.75433],[21.54632,-6.7596],[21.52216,-6.76341],[21.4853,-6.78073],[21.47238,-6.79102],[21.46405,-6.80638],[21.4491,-6.80471],[21.4431,-6.81089],[21.42172,-6.81035],[21.4157,-6.81837],[21.40303,-6.82613],[21.40046,-6.83577],[21.40481,-6.84061],[21.41609,-6.83905],[21.41857,-6.8517],[21.42751,-6.86093],[21.43693,-6.86235],[21.45019,-6.88308],[21.48764,-6.89794],[21.51993,-6.9376],[21.53205,-6.95648],[21.53706,-6.97189],[21.55082,-6.98573],[21.55422,-6.99861],[21.59046,-7.02885],[21.58952,-7.03574],[21.6072,-7.04385],[21.61521,-7.05651],[21.6265,-7.0515],[21.65364,-7.06975],[21.66174,-7.09069],[21.66355,-7.11735],[21.68074,-7.1351],[21.68833,-7.13765],[21.69547,-7.13424],[21.70168,-7.13564],[21.70369,-7.15288],[21.71328,-7.17451],[21.71367,-7.19633],[21.72033,-7.19888],[21.73453,-7.21938],[21.74487,-7.22539],[21.75723,-7.24404],[21.77541,-7.24527],[21.77861,-7.25216],[21.78687,-7.25792],[21.77969,-7.27468],[21.7813,-7.2846],[21.79856,-7.31107],[21.81974,-7.32755],[21.82778,-7.35007],[21.82923,-7.36554],[21.83474,-7.37253],[21.83825,-7.38578],[21.83021,-7.39601],[21.82881,-7.40287],[21.83966,-7.41742],[21.85348,-7.42646],[21.85567,-7.44247],[21.84303,-7.45908],[21.84365,-7.46305],[21.85674,-7.47024],[21.85691,-7.47504],[21.84839,-7.4958],[21.84026,-7.50609],[21.83636,-7.52],[21.83893,-7.53172],[21.85328,-7.55375],[21.85159,-7.57306],[21.8426,-7.58305],[21.84767,-7.60488],[21.83677,-7.61755],[21.82821,-7.62217],[21.83515,-7.65905],[21.83938,-7.66382],[21.87342,-7.67638],[21.94094,-7.68402],[21.96903,-7.70356],[21.99473,-7.69163],[22.00241,-7.67206],[22.02371,-7.67498],[22.03346,-7.68258],[22.03881,-7.69675],[22.04251,-7.7217],[22.13217,-7.82848],[22.14373,-7.85274],[22.16325,-7.87024],[22.1651,-7.88136],[22.18905,-7.88213],[22.29114,-7.87119],[22.32976,-7.85911]]]]},"properties":{"nom":"Kasaï-Central","pcode":"CD91"}},{"type":"Feature","geometry":{"type":"Polygon","coordinates":[[[21.31064,-7.28847],[21.34974,-7.29253],[21.36705,-7.2802],[21.37786,-7.27907],[21.38963,-7.2734],[21.40364,-7.28058],[21.48712,-7.28723],[21.77969,-7.27468],[21.78755,-7.26115],[21.77541,-7.24527],[21.75723,-7.24404],[21.74487,-7.22539],[21.73453,-7.21938],[21.72033,-7.19888],[21.71367,-7.19633],[21.71328,-7.17451],[21.70369,-7.15288],[21.70168,-7.13564],[21.69547,-7.13424],[21.68833,-7.13765],[21.68074,-7.1351],[21.66355,-7.11735],[21.66174,-7.09069],[21.65364,-7.06975],[21.6265,-7.0515],[21.61521,-7.05651],[21.6072,-7.04385],[21.58952,-7.03574],[21.59046,-7.02885],[21.55422,-6.99861],[21.55082,-6.98573],[21.53706,-6.97189],[21.53205,-6.95648],[21.51993,-6.9376],[21.48764,-6.89794],[21.45019,-6.88308],[21.43693,-6.86235],[21.42751,-6.86093],[21.41857,-6.8517],[21.41609,-6.83905],[21.40481,-6.84061],[21.40046,-6.83577],[21.40303,-6.82613],[21.4157,-6.81837],[21.42172,-6.81035],[21.4431,-6.81089],[21.4491,-6.80471],[21.46405,-6.80638],[21.47238,-6.79102],[21.4853,-6.78073],[21.52216,-6.76341],[21.54632,-6.7596],[21.55163,-6.75433],[21.56083,-6.75299],[21.57438,-6.7581],[21.58195,-6.76502],[21.59885,-6.75838],[21.60549,-6.74654],[21.60406,-6.7383],[21.58213,-6.71679],[21.58312,-6.71255],[21.5928,-6.7112],[21.61775,-6.72836],[21.61996,-6.72636],[21.62166,-6.71677],[21.61102,-6.69],[21.61257,-6.68009],[21.64579,-6.67566],[21.6684,-6.66309],[21.70416,-6.66535],[21.71253,-6.65765],[21.70078,-6.64826],[21.69163,-6.63329],[21.65306,-6.61636],[21.64253,-6.60161],[21.63473,-6.59814],[21.62786,-6.58915],[21.62423,-6.57419],[21.61324,-6.56151],[21.60826,-6.53942],[21.57182,-6.57557],[21.55572,-6.57946],[21.54845,-6.57661],[21.55245,-6.54875],[21.56718,-6.53236],[21.56866,-6.52671],[21.56693,-6.51798],[21.54556,-6.51054],[21.54114,-6.50443],[21.53987,-6.48577],[21.54337,-6.48032],[21.55308,-6.47644],[21.6055,-6.47229],[21.59956,-6.46101],[21.59983,-6.44974],[21.60353,-6.44355],[21.60637,-6.42126],[21.61355,-6.40589],[21.61175,-6.39462],[21.61613,-6.39096],[21.62107,-6.35672],[21.61659,-6.32475],[21.61295,-6.31393],[21.60311,-6.30033],[21.60361,-6.28976],[21.59926,-6.28422],[21.60345,-6.26998],[21.5952,-6.26214],[21.59613,-6.25708],[21.58835,-6.2474],[21.59697,-6.21409],[21.58899,-6.19659],[21.59661,-6.18673],[21.59044,-6.17705],[21.58827,-6.13887],[21.57874,-6.1055],[21.58661,-6.08851],[21.57904,-6.08434],[21.58435,-6.07862],[21.58324,-6.06781],[21.57756,-6.04893],[21.57873,-6.04295],[21.57325,-6.03328],[21.5814,-6.00043],[21.58263,-5.97767],[21.59648,-5.95886],[21.60158,-5.94669],[21.61148,-5.94098],[21.6138,-5.93386],[21.62137,-5.9378],[21.62895,-5.93622],[21.66379,-5.89473],[21.665,-5.87634],[21.67946,-5.86077],[21.69761,-5.80364],[21.71391,-5.79628],[21.71884,-5.78912],[21.74341,-5.76993],[21.75035,-5.76972],[21.75101,-5.77708],[21.75491,-5.77962],[21.75166,-5.79157],[21.75621,-5.80286],[21.76378,-5.80909],[21.77915,-5.81398],[21.79033,-5.83633],[21.81257,-5.85066],[21.82218,-5.86358],[21.84104,-5.86445],[21.87825,-5.85895],[21.87512,-5.82927],[21.87838,-5.81479],[21.90745,-5.77557],[21.94243,-5.74368],[21.9603,-5.69365],[21.96196,-5.67778],[21.97726,-5.62839],[21.97435,-5.60423],[21.97047,-5.59547],[21.96108,-5.58831],[21.95445,-5.57656],[21.94414,-5.57169],[21.94025,-5.56501],[21.9396,-5.55213],[21.92569,-5.52057],[21.91675,-5.51502],[21.90441,-5.49795],[21.89317,-5.4917],[21.87861,-5.4777],[21.86027,-5.43938],[21.85248,-5.43291],[21.8461,-5.41977],[21.8468,-5.41517],[21.82957,-5.41994],[21.82197,-5.42613],[21.81987,-5.43134],[21.8244,-5.43955],[21.82419,-5.44891],[21.82074,-5.45188],[21.80466,-5.45183],[21.79866,-5.4633],[21.79406,-5.46536],[21.76665,-5.46823],[21.76077,-5.46478],[21.75899,-5.44728],[21.75441,-5.44198],[21.73192,-5.43754],[21.7262,-5.43222],[21.71197,-5.43079],[21.70489,-5.42041],[21.69033,-5.41461],[21.68638,-5.39573],[21.66698,-5.39775],[21.65403,-5.38595],[21.65637,-5.37192],[21.66698,-5.35793],[21.6641,-5.33032],[21.65928,-5.32478],[21.65321,-5.32387],[21.64826,-5.3275],[21.64161,-5.32563],[21.62419,-5.31613],[21.62444,-5.31084],[21.6348,-5.30375],[21.63804,-5.29571],[21.63927,-5.26972],[21.63565,-5.25614],[21.63757,-5.23268],[21.65646,-5.21136],[21.67549,-5.15185],[21.68979,-5.12959],[21.69311,-5.0967],[21.68747,-5.06885],[21.68981,-5.05482],[21.70795,-5.05536],[21.77971,-5.0819],[21.80197,-5.08348],[21.80933,-5.07159],[21.81171,-5.04354],[21.82393,-5.02563],[21.83886,-5.02431],[21.85183,-5.01534],[21.87984,-5.01774],[21.8851,-5.02226],[21.88541,-5.02968],[21.88252,-5.03437],[21.87165,-5.03849],[21.86816,-5.04243],[21.86847,-5.04801],[21.87262,-5.05256],[21.93177,-5.07862],[21.93959,-5.08087],[21.96772,-5.07918],[22.00421,-5.06694],[22.02002,-5.07002],[22.033,-5.10618],[22.03474,-5.13817],[22.04671,-5.12785],[22.07314,-5.11483],[22.09157,-5.09027],[22.10272,-5.04246],[22.11816,-5.02019],[22.11408,-5.00223],[22.12452,-4.98957],[22.12731,-4.97858],[22.10372,-4.96348],[22.10065,-4.94536],[22.10522,-4.91856],[22.0969,-4.90797],[22.08494,-4.90154],[22.07932,-4.88318],[22.12144,-4.83753],[22.13522,-4.82975],[22.15013,-4.83118],[22.17172,-4.82274],[22.20141,-4.79062],[22.22325,-4.78246],[22.22303,-4.76975],[22.22832,-4.76448],[22.22489,-4.76009],[22.22561,-4.75066],[22.21804,-4.75041],[22.21257,-4.73544],[22.20386,-4.73196],[22.20193,-4.72181],[22.20429,-4.71861],[22.21781,-4.71833],[22.23696,-4.71089],[22.24814,-4.70305],[22.25413,-4.67213],[22.27007,-4.66105],[22.27895,-4.6488],[22.28604,-4.62637],[22.30437,-4.63563],[22.31882,-4.63407],[22.32867,-4.63916],[22.35553,-4.63371],[22.36972,-4.64342],[22.38855,-4.63795],[22.39822,-4.62325],[22.41383,-4.61962],[22.42437,-4.62126],[22.44214,-4.5769],[22.44079,-4.56977],[22.44608,-4.56311],[22.45304,-4.52861],[22.45672,-4.5254],[22.46135,-4.50816],[22.47789,-4.49601],[22.48752,-4.49558],[22.5117,-4.47215],[22.5287,-4.44369],[22.52621,-4.42712],[22.52992,-4.41033],[22.52769,-4.38248],[22.53579,-4.35213],[22.52781,-4.33508],[22.53357,-4.3206],[22.53475,-4.30519],[22.52974,-4.29252],[22.53183,-4.28056],[22.52841,-4.27365],[22.52824,-4.24857],[22.52118,-4.22577],[22.52491,-4.19887],[22.51348,-4.18824],[22.50362,-4.18684],[22.49194,-4.18013],[22.46746,-4.1589],[22.44774,-4.1616],[22.42623,-4.14773],[22.40331,-4.14422],[22.38778,-4.12139],[22.37269,-4.1057],[22.33972,-4.09065],[22.32988,-4.0805],[22.31235,-4.03603],[22.30482,-4.02221],[22.29247,-4.00951],[22.27261,-3.99797],[22.24713,-3.99649],[22.23887,-3.99923],[22.22256,-4.01183],[22.20971,-4.01593],[22.20167,-4.02304],[22.17827,-4.03079],[22.16289,-4.04018],[22.11754,-4.02439],[22.09907,-3.99211],[22.08145,-3.98331],[22.05785,-3.97932],[22.04847,-3.97354],[22.02075,-3.96746],[22.00471,-3.96833],[21.99464,-3.96116],[21.98891,-3.96183],[21.96822,-3.97508],[21.9761,-3.9519],[21.9876,-3.93951],[21.99546,-3.91952],[22.009,-3.90967],[22.02006,-3.89245],[22.05811,-3.88403],[22.06831,-3.87786],[22.15292,-3.80943],[22.15608,-3.79636],[22.13208,-3.77868],[22.13292,-3.77166],[22.14221,-3.76158],[22.1331,-3.71012],[22.14013,-3.65446],[22.13772,-3.61441],[22.12866,-3.57803],[22.12253,-3.57035],[22.1144,-3.57481],[22.1076,-3.57267],[22.08626,-3.58226],[22.06197,-3.58402],[22.04163,-3.56924],[22.02878,-3.57586],[22.01459,-3.57236],[22.00426,-3.57785],[21.99647,-3.5769],[21.98913,-3.5801],[21.97329,-3.59178],[21.97097,-3.6019],[21.95856,-3.60155],[21.95725,-3.59196],[21.94467,-3.58473],[21.93963,-3.57461],[21.94171,-3.54195],[21.93828,-3.52216],[21.92936,-3.50421],[21.93028,-3.48857],[21.94122,-3.44165],[21.9699,-3.42472],[21.98944,-3.40109],[21.99568,-3.38063],[21.99817,-3.29608],[22.05578,-3.25309],[22.08661,-3.22254],[22.09567,-3.20936],[22.10818,-3.17357],[22.11395,-3.12184],[22.11465,-3.1088],[22.1013,-3.08293],[22.10827,-3.06376],[22.16434,-3.01163],[22.16989,-3.00114],[22.18123,-2.95684],[22.21476,-2.93777],[22.22135,-2.9288],[22.21542,-2.92487],[22.20648,-2.92898],[22.18175,-2.9312],[22.1669,-2.92264],[22.14294,-2.89657],[22.10264,-2.81891],[22.08529,-2.80436],[22.0753,-2.7735],[22.0502,-2.75087],[22.03286,-2.72965],[22.01354,-2.68519],[22.01472,-2.67438],[21.99442,-2.65131],[21.97431,-2.64181],[21.94854,-2.6125],[21.92571,-2.59655],[21.9191,-2.58595],[21.90355,-2.58405],[21.89328,-2.57688],[21.87087,-2.5706],[21.85123,-2.55856],[21.84509,-2.54543],[21.83096,-2.53043],[21.8129,-2.52484],[21.77612,-2.50631],[21.76883,-2.498],[21.75535,-2.49128],[21.69637,-2.47565],[21.68107,-2.46892],[21.65302,-2.44259],[21.64642,-2.43129],[21.63407,-2.43125],[21.59522,-2.41937],[21.57286,-2.40157],[21.56652,-2.38337],[21.5615,-2.37875],[21.53681,-2.37383],[21.51422,-2.35763],[21.48566,-2.34763],[21.43452,-2.32051],[21.41647,-2.3163],[21.41009,-2.3096],[21.40778,-2.34025],[21.4127,-2.44589],[21.44325,-2.49766],[21.42066,-2.48193],[21.39141,-2.47307],[21.35385,-2.48441],[21.31199,-2.48125],[21.27461,-2.50409],[21.26659,-2.50613],[21.24464,-2.50281],[21.20227,-2.51275],[21.17481,-2.51424],[21.1515,-2.50724],[21.13256,-2.49612],[21.12203,-2.49653],[21.09408,-2.5056],[21.08448,-2.50464],[21.06805,-2.49422],[21.05432,-2.49369],[21.03874,-2.49845],[20.96213,-2.48982],[20.95744,-2.51498],[20.95739,-2.53442],[20.94989,-2.5581],[20.92319,-2.60652],[20.87465,-2.67709],[20.86448,-2.70234],[20.86543,-2.74858],[20.82815,-2.77759],[20.80683,-2.80393],[20.7539,-2.92441],[20.69019,-3.10689],[20.68417,-3.13655],[20.67197,-3.15076],[20.6582,-3.20936],[20.65583,-3.22614],[20.65784,-3.23605],[20.62532,-3.32689],[20.62883,-3.40827],[20.62559,-3.42617],[20.63102,-3.48703],[20.6306,-3.5618],[20.64159,-3.74435],[20.64673,-3.89146],[20.64346,-3.97113],[20.65336,-3.99955],[20.66171,-4.05829],[20.66213,-4.10341],[20.65643,-4.14777],[20.64855,-4.15892],[20.63729,-4.16439],[20.6356,-4.18302],[20.62753,-4.19379],[20.63068,-4.20738],[20.61391,-4.21328],[20.60608,-4.2213],[20.59323,-4.22215],[20.53558,-4.24556],[20.50638,-4.26197],[20.48487,-4.26563],[20.47976,-4.271],[20.47463,-4.29069],[20.46924,-4.29457],[20.46005,-4.29546],[20.44658,-4.28918],[20.42695,-4.28911],[20.41573,-4.28433],[20.39881,-4.29702],[20.38284,-4.29976],[20.36288,-4.34819],[20.37264,-4.36711],[20.35972,-4.38476],[20.36151,-4.39351],[20.35254,-4.39877],[20.33994,-4.39823],[20.30812,-4.38356],[20.29525,-4.3897],[20.28172,-4.39055],[20.26608,-4.39898],[20.26013,-4.39733],[20.25422,-4.38695],[20.23406,-4.382],[20.23069,-4.36887],[20.23417,-4.3613],[20.23125,-4.34885],[20.2164,-4.33865],[20.2006,-4.33488],[20.18496,-4.34284],[20.16984,-4.34046],[20.16619,-4.33629],[20.16444,-4.32133],[20.16033,-4.31671],[20.14545,-4.31202],[20.13772,-4.30047],[20.12611,-4.29246],[20.10886,-4.29318],[20.09216,-4.28733],[20.07163,-4.29098],[20.055,-4.29011],[20.03805,-4.28587],[20.03297,-4.29274],[20.03359,-4.30563],[20.045,-4.3149],[20.04057,-4.33167],[20.04366,-4.35286],[20.05185,-4.36487],[20.06487,-4.37415],[20.07191,-4.3873],[20.07481,-4.40205],[20.0871,-4.41891],[20.09321,-4.43437],[20.08812,-4.44354],[20.09218,-4.45576],[20.09006,-4.46541],[20.09233,-4.47095],[20.09919,-4.47605],[20.10927,-4.47656],[20.12386,-4.49367],[20.12475,-4.50012],[20.113,-4.50857],[20.11111,-4.52029],[20.10235,-4.52829],[20.0954,-4.54091],[20.08554,-4.54154],[20.08476,-4.55811],[20.07345,-4.57117],[20.06209,-4.59502],[20.06388,-4.6017],[20.05646,-4.61823],[20.06897,-4.63694],[20.06089,-4.65029],[20.06494,-4.66199],[20.07087,-4.66847],[20.0692,-4.67973],[20.05449,-4.68655],[20.05189,-4.7008],[20.06004,-4.72132],[20.04963,-4.73714],[20.06058,-4.74848],[20.05581,-4.78227],[20.06908,-4.78879],[20.07837,-4.81162],[20.08589,-4.82202],[20.0847,-4.82846],[20.09124,-4.85218],[20.10261,-4.87111],[20.10205,-4.88975],[20.1077,-4.90347],[20.11522,-4.95906],[20.11909,-4.96554],[20.12961,-4.97227],[20.14324,-4.99949],[20.13984,-5.03537],[20.15099,-5.05291],[20.16861,-5.06198],[20.16965,-5.0843],[20.18222,-5.09312],[20.17846,-5.1115],[20.17955,-5.12163],[20.18618,-5.12903],[20.19429,-5.15576],[20.18754,-5.17458],[20.20032,-5.18868],[20.18995,-5.19392],[20.19817,-5.20593],[20.19899,-5.22664],[20.18723,-5.23439],[20.18629,-5.23899],[20.2038,-5.2706],[20.19985,-5.27817],[20.1835,-5.28912],[20.17639,-5.28793],[20.17293,-5.29044],[20.17106,-5.29847],[20.18108,-5.31372],[20.1753,-5.32151],[20.18397,-5.33099],[20.17482,-5.32634],[20.16723,-5.32791],[20.15733,-5.3336],[20.149,-5.34644],[20.15496,-5.3467],[20.15747,-5.35016],[20.14622,-5.35033],[20.1446,-5.35309],[20.14974,-5.3791],[20.15729,-5.38444],[20.14535,-5.38598],[20.14163,-5.39401],[20.14015,-5.41309],[20.14264,-5.41978],[20.15067,-5.42212],[20.16863,-5.41323],[20.14604,-5.42808],[20.14917,-5.44581],[20.14678,-5.46305],[20.15528,-5.48247],[20.17859,-5.4837],[20.16411,-5.48638],[20.15172,-5.48447],[20.15642,-5.5068],[20.14743,-5.5148],[20.14481,-5.53273],[20.14526,-5.53481],[20.15584,-5.53141],[20.15094,-5.54794],[20.15664,-5.55281],[20.15446,-5.57556],[20.17275,-5.59039],[20.16536,-5.59978],[20.17338,-5.60166],[20.18139,-5.60861],[20.18182,-5.6139],[20.19073,-5.62315],[20.18259,-5.64219],[20.1862,-5.65371],[20.18411,-5.65783],[20.17606,-5.66125],[20.18129,-5.67047],[20.18188,-5.69049],[20.17636,-5.69276],[20.1681,-5.69064],[20.17302,-5.71574],[20.1686,-5.72652],[20.17106,-5.73873],[20.15583,-5.75335],[20.15209,-5.76254],[20.15415,-5.766],[20.12579,-5.78585],[20.11494,-5.79728],[20.11071,-5.81497],[20.11245,-5.83361],[20.10921,-5.83727],[20.09725,-5.83996],[20.09146,-5.84845],[20.07903,-5.85411],[20.05144,-5.85902],[20.04141,-5.88678],[20.03425,-5.89364],[20.03693,-5.90723],[20.02654,-5.9182],[20.02811,-5.92511],[20.02275,-5.93934],[20.02043,-5.94277],[20.00823,-5.94615],[20.00402,-5.962],[20.0,-5.96657],[19.99343,-5.96561],[19.9865,-5.97178],[19.9688,-5.9726],[19.95306,-5.99619],[19.93033,-5.991],[19.91881,-5.99714],[19.9087,-5.99755],[19.90035,-6.01014],[19.88573,-5.99579],[19.88404,-6.01142],[19.8688,-6.02421],[19.85496,-6.03286],[19.83542,-6.03459],[19.82938,-6.04605],[19.81508,-6.05654],[19.80442,-6.07165],[19.79016,-6.075],[19.78435,-6.08509],[19.77353,-6.08825],[19.76336,-6.09945],[19.74496,-6.10279],[19.74002,-6.12092],[19.72529,-6.12543],[19.71969,-6.14057],[19.70611,-6.14486],[19.69544,-6.16181],[19.69356,-6.16961],[19.6974,-6.18021],[19.68014,-6.22448],[19.69591,-6.23978],[19.69697,-6.25539],[19.6879,-6.27327],[19.69771,-6.28552],[19.69559,-6.29539],[19.68731,-6.29557],[19.68591,-6.29947],[19.68838,-6.30868],[19.6842,-6.31716],[19.69471,-6.32734],[19.68729,-6.33902],[19.69689,-6.34873],[19.697,-6.36827],[19.70448,-6.38671],[19.70691,-6.40466],[19.72035,-6.42566],[19.71846,-6.43507],[19.70601,-6.44143],[19.70482,-6.44717],[19.71375,-6.45458],[19.71523,-6.47666],[19.7085,-6.48719],[19.71648,-6.49782],[19.70476,-6.49706],[19.70996,-6.51226],[19.7081,-6.51639],[19.70142,-6.51818],[19.70733,-6.53132],[19.702,-6.53841],[19.7024,-6.54761],[19.712,-6.55709],[19.70876,-6.56075],[19.70957,-6.58076],[19.72571,-6.61188],[19.7342,-6.61515],[19.74034,-6.62714],[19.75459,-6.62955],[19.7566,-6.6385],[19.76961,-6.65605],[19.77232,-6.66549],[19.77738,-6.66506],[19.78698,-6.67431],[19.78602,-6.68189],[19.79566,-6.68586],[19.80526,-6.69649],[19.81191,-6.69923],[19.81186,-6.70733],[19.81761,-6.7069],[19.81549,-6.71677],[19.82466,-6.72234],[19.82666,-6.73454],[19.83472,-6.73321],[19.83513,-6.74194],[19.84632,-6.75603],[19.8433,-6.76038],[19.85317,-6.76388],[19.85795,-6.77356],[19.86599,-6.77545],[19.87627,-6.78769],[19.87737,-6.79689],[19.88726,-6.79649],[19.89083,-6.81558],[19.90025,-6.81725],[19.90299,-6.82117],[19.9011,-6.82943],[19.90747,-6.84257],[19.93062,-6.8581],[19.93606,-6.87261],[19.93755,-6.8933],[19.9463,-6.89266],[19.94465,-6.89978],[19.9522,-6.90602],[19.95056,-6.91153],[19.9537,-6.92461],[19.9493,-6.93335],[19.9518,-6.93727],[19.95962,-6.93893],[19.95906,-6.95616],[19.96408,-6.964],[19.96221,-6.96858],[19.96561,-6.97779],[19.96996,-6.98195],[19.96281,-6.98559],[19.96876,-6.99183],[19.95723,-6.99682],[19.95258,-7.00552],[19.95806,-7.01244],[20.06793,-7.01752],[20.21656,-7.0164],[20.2971,-7.00996],[20.30552,-6.9974],[20.30467,-6.98383],[20.3093,-6.97766],[20.31539,-6.95563],[20.31124,-6.94872],[20.31295,-6.93884],[20.31548,-6.93817],[20.31518,-6.92804],[20.47816,-6.92754],[20.4954,-6.93154],[20.50393,-6.92722],[20.54652,-6.91893],[20.61039,-6.9265],[20.62191,-6.93195],[20.6246,-6.94713],[20.61987,-6.97537],[20.61233,-6.98421],[20.6108,-6.996],[20.59929,-6.99801],[20.5912,-7.00578],[20.58616,-7.01652],[20.57526,-7.06958],[20.56734,-7.08884],[20.55158,-7.11265],[20.54461,-7.14096],[20.544,-7.20657],[20.53884,-7.22859],[20.54452,-7.29179],[20.54287,-7.2989],[21.298,-7.2829],[21.30557,-7.29051],[21.31064,-7.28847]]]},"properties":{"nom":"Kasaï","pcode":"CD92"}}]}