province,territoire,village_chdc,latitude,longitude,meilleur_candidat_grid3,distance_m,similarite
Ituri,Aru,Abarama Gr Lagbo v,3.310444,30.560707,Bangilo,1474,0.29
Ituri,Aru,Abiridrio Gr Ofika,2.935286,30.68545,,,
Ituri,Aru,Abiziku Gr Rumu,3.429101,30.850355,Nyori,1929,0.17
Ituri,Aru,Abuguze Gr Rumu,3.61256,30.718742,Nyeite,1535,0.15
Ituri,Aru,Adhule Gr Oli,3.166579,30.72041,Lamila,1531,0.33
Ituri,Aru,Adibani Gr Rumu,3.437066,30.83139,Rikazu,136,0.15
Ituri,Aru,Adibu Gr Popo,3.188743,30.491426,Adhriko,1114,0.5
Ituri,Aru,Adja Gr Adja,2.907577,30.204563,Bhaseko,1586,0.18
Ituri,Aru,Adomi Gr Oli,3.2,30.516666,Morodo,1942,0.36
Ituri,Aru,Adranga Gr Djamba,2.90161,30.44625,Payinga,1496,0.57
Ituri,Aru,Adravu Gr Nyatsa Odru,2.802521,30.751265,Dradeni,401,0.46
Ituri,Aru,Adumi Gr Adumi,3.307436,30.809595,Ligo,1602,0.22
Ituri,Aru,Aga Gr Amaguna,3.032358,30.7523,Alio,1594,0.29
Ituri,Aru,Agani Gr Kumuru,3.34464,30.784733,Pisa,1971,0.22
Ituri,Aru,Agoroba Gr Rumu,3.581929,30.7765,Nyagoro,668,0.71
Ituri,Aru,Agura Gr Rumu,3.498682,30.78052,Azangani,1919,0.46
Ituri,Aru,Akaba Gr Ombi Anzi,2.985435,30.634981,Arikari,1141,0.5
Ituri,Aru,Alabhua Gr Araba,2.902896,30.834772,Ambala,560,0.46
Ituri,Aru,Alio Gr Atekule,2.07902,30.87903,Ngbavi,1314,0.4
Ituri,Aru,Alivu Gr Apinaka,2.912223,30.578054,Andruvu,1348,0.5
Ituri,Aru,Amaguna Gr Ofika,2.866669,30.85,Maligbanga,1206,0.59
Ituri,Aru,Amatre Gr Nyatsa-Odru,2.82731,30.763445,Buranga 1,1871,0.27
Ituri,Aru,Ambarau Gr Jurupani,2.997384,30.782421,Ewadri,1031,0.31
Ituri,Aru,Ambimaro Gr Pop,3.304584,30.59439,,,
Ituri,Aru,Amboto Gr Panduru,2.84693,30.794334,Bileko,895,0.33
Ituri,Aru,Ameri Gr Nyata Odru,2.713889,30.654167,Adaru,1014,0.4
Ituri,Aru,Ameri Gr Nyata Odru,2.723136,30.654867,Adaru,364,0.4
Ituri,Aru,Andevu Gr Ovisoma,3.127553,30.656755,Danya,291,0.36
Ituri,Aru,Angiria Gr Nderi,3.103749,30.6724,Adomi Mite,697,0.35
Ituri,Aru,Anyara Gr Lolo,3.133332,30.683334,Onya 1 2,1328,0.43
Ituri,Aru,Anyoro Coll Aluru Gr Odru,2.945795,30.583237,Anyoro Ndua,1106,0.57
Ituri,Aru,Anyu Gr Pabir,3.104352,30.755283,Nderi 2,1804,0.18
Ituri,Aru,Anzikini Gr Inzi,3.46988,30.6592,Azingini,1110,0.75
Ituri,Aru,Apetiko Gr Rumu,3.511749,30.771723,Leiko,1866,0.67
Ituri,Aru,Apinaka Gr Apinaka,2.9175,30.5693,Mbaraka,1377,0.57
Ituri,Aru,Apodo Gr Auko,2.816666,30.683334,Alionga,440,0.33
Ituri,Aru,Araka Gr Nyata Odru,2.7,30.616667,Okala,1645,0.4
Ituri,Aru,Arba Gr Rumu,3.635471,30.782242,Ranyaka,1233,0.36
Ituri,Aru,Arie Gr Rumu,3.439429,30.7694,Drimu,876,0.44
Ituri,Aru,Ariko Gr Nderi,3.118305,30.77086,Ovisoni,273,0.33
Ituri,Aru,Arile Gr Rumu,3.56996,30.684965,Liga,1330,0.22
Ituri,Aru,Ariwara Gr Angilia,3.138509,30.69076,Erivo,813,0.33
Ituri,Aru,Ariwara Gr Angilia,3.11554,30.70152,Andia,108,0.5
Ituri,Aru,Ariwara Gr Angilia,3.147789,30.71025,Angarakali,293,0.47
Ituri,Aru,Ariwara Gr Angilia,3.14587,30.705135,Angarakali,782,0.47
Ituri,Aru,Ariwara Gr Angilia,3.153273,30.702362,Angarakali,1358,0.47
Ituri,Aru,Ariwara Gr Angilia,3.135675,30.702726,Angarakali,1555,0.47
Ituri,Aru,Ariwara Gr Angilia,3.136555,30.699472,Angarakali,1758,0.47
Ituri,Aru,Ariwara Gr Angilia,3.13745,30.688822,Ayiko,734,0.33
Ituri,Aru,Ariwara Gr Angilia,3.125407,30.697657,Andia,1076,0.5
Ituri,Aru,Ariwara Gr Angilia,3.13694,30.70149,Angarakali,1556,0.47
Ituri,Aru,Ariwara Gr Angilia,3.109986,30.710688,Andia,1293,0.5
Ituri,Aru,Ariwara Gr Angilia,3.142549,30.69913,Angarakali,1499,0.47
Ituri,Aru,Ariwara Gr Angilia,3.146809,30.700455,Angarakali,1305,0.47
Ituri,Aru,Ariwara Gr Angilia,3.1268,30.69931,Andia,1182,0.5
Ituri,Aru,Ariwara Gr Angilia,3.126004,30.701143,Andia,1080,0.5
Ituri,Aru,Ariwara Gr Angilia,3.122446,30.695837,Andia,886,0.5
Ituri,Aru,Ariwara Gr Angilia,3.123919,30.68606,Andia,1853,0.5
Ituri,Aru,Ariwara Gr Angilia,3.120929,30.6926,Andia,1056,0.5
Ituri,Aru,Ariwara Gr Angilia,3.133609,30.696186,Andia,1995,0.5
Ituri,Aru,Ariwara Gr Angilia,3.124443,30.69181,Andia,1357,0.5
Ituri,Aru,Ariwara Gr Angilia,3.137039,30.69741,Angarakali,1918,0.47
Ituri,Aru,Aru,2.86192,30.81575,Rumu,1483,0.57
Ituri,Aru,Aru,2.861079,30.83331,Rumu,540,0.57
Ituri,Aru,Aru,2.843384,30.831604,Rumu,1786,0.57
Ituri,Aru,Aru,2.847984,30.841076,Rumu,1847,0.57
Ituri,Aru,Aru,2.860857,30.84601,Rumu,1918,0.57
Ituri,Aru,Aru,2.861471,30.839413,Rumu,1203,0.57
Ituri,Aru,Aru,2.872992,30.846312,Ayivu,1890,0.5
Ituri,Aru,Aru,2.876091,30.851795,Ayivu,1983,0.5
Ituri,Aru,Aru,2.867829,30.862032,Ayivu,1260,0.5
Ituri,Aru,Aru,2.857284,30.856344,Zavu,1855,0.57
Ituri,Aru,Aru,2.869456,30.850618,Ayivu,1317,0.5
Ituri,Aru,Aru,2.87465,30.825485,Rumu,1757,0.57
Ituri,Aru,Aru,2.867008,30.817787,Rumu,1501,0.57
Ituri,Aru,Aru,2.863056,30.824059,Rumu,680,0.57
Ituri,Aru,Aru,2.879965,30.834835,Okabia,884,0.22
Ituri,Aru,Aru,2.869998,30.833624,Rumu,1313,0.57
Ituri,Aru,Aru,2.850873,30.829418,Rumu,929,0.57
Ituri,Aru,Aru,2.86027,30.829536,Rumu,142,0.57
Ituri,Aru,Aru,2.840519,30.83374,Atekule,1742,0.4
Ituri,Aru,Aru,2.84711,30.84046,Rumu,1866,0.57
Ituri,Aru,Aru,2.867189,30.86103,Ayivu,1138,0.5
Ituri,Aru,Aru,2.845979,30.82083,Rumu,1718,0.57
Ituri,Aru,Aru,2.868829,30.81116,Lopa,220,0.29
Ituri,Aru,Aru,2.865789,30.82664,Rumu,771,0.57
Ituri,Aru,Aru,2.87051,30.83157,Rumu,1293,0.57
Ituri,Aru,Aru,2.87069,30.83798,Rumu,1632,0.57
Ituri,Aru,Aru,2.859819,30.83201,Rumu,361,0.57
Ituri,Aru,Arumva Gr Rumu,3.31887,30.857,Adupi,779,0.36
Ituri,Aru,Asada Gr Obitabo,2.466033,30.29992,,,
Ituri,Aru,Aubha Gr Popo,3.110601,30.650087,Adomi Mitsu,1897,0.25
Ituri,Aru,Aufala Gr Edyonga,2.917635,30.549164,Mbaraka,1051,0.46
Ituri,Aru,Aupe Gr Rumu,3.577184,30.782726,Nyagoro,205,0.18
Ituri,Aru,Awufala Gr Edyonga,2.906384,30.507772,Oliri,1258,0.17
Ituri,Aru,Awupe Gr Rumu,3.555926,30.855457,Poziri,855,0.18
Ituri,Aru,Ayida Gr Adja,2.406126,30.322792,Tapa,1606,0.44
Ituri,Aru,Ayiforo Gr Agey,3.203963,30.78803,Kuno,788,0.18
Ituri,Aru,Ayiko Anyu Gr Nderi Ali,3.17,30.797,Ayiko,1184,0.67
Ituri,Aru,Ayiko Gr Ofika,2.84984,30.632893,Arilepi Mongoyi,1419,0.3
Ituri,Aru,Ayile Gr Atsinia,2.810482,30.827497,Anyabolo,831,0.46
Ituri,Aru,Ayilia Gr Odraa,3.073777,30.626194,,,
Ituri,Aru,Azu Kengezi Gr Rumu,3.568007,30.798443,Kendrio,1395,0.44
Ituri,Aru,Azumba Gr Auko,2.74336,30.550264,Ombaa,1757,0.55
Ituri,Aru,Basue Gr Rumu,3.516666,30.749592,Agoroba,1588,0.33
Ituri,Aru,Bazue Gr Rumu,3.537484,30.71152,Aga,1534,0.25
Ituri,Aru,Bhiyo Gr Inzi,3.410063,30.867783,Nyori,1229,0.4
Ituri,Aru,Biringi Gr Biringi,2.817135,30.356106,Bloc C,1106,0.15
Ituri,Aru,Boli Gr Rungu,2.885179,30.1591,Kule,409,0.25
Ituri,Aru,Bolo Gr Araba,2.270499,30.484917,Loba,21,0.5
Ituri,Aru,Bongilio Gr Popo,3.182909,30.717058,Onibha,1878,0.43
Ituri,Aru,Burangha Gr Nyatsa Odru,2.826585,30.76221,Olibha,1184,0.43
Ituri,Aru,Buta Gr Panduru,2.851999,30.8086,Tsutsu Ama,1609,0.43
Ituri,Aru,Carré minier  V12 Gr Obitabo,2.4625,30.309849,,,
Ituri,Aru,carré minier Girapolo Gr Kandoy,2.512824,30.338514,Mekulu,849,0.15
Ituri,Aru,Dema Gr Kandoy,3.107815,30.774483,Nderi 2,733,0.36
Ituri,Aru,Dhoya Gr Dhoya,3.09388,30.445042,,,
Ituri,Aru,Dibwa Gr Ofaka,2.791666,30.637028,Ombanzara,411,0.29
Ituri,Aru,Didimadi Gr Katsa,3.54765,30.5307,Ombatsi,899,0.13
Ituri,Aru,Dirinva Gr Apinaka,2.917476,30.569326,Eriku,884,0.33
Ituri,Aru,Djamba Gr Djamba,2.912636,30.47666,Eyanga,1531,0.33
Ituri,Aru,Djebel Gabhu Gr Rumu,3.51077,30.706282,Rodo,1280,0.12
Ituri,Aru,Drisso Gr Drisso,3.406929,30.853409,Robu,437,0.4
Ituri,Aru,Dubai Gr Drisso,3.420511,30.815186,Bori,1549,0.44
Ituri,Aru,Dubhua Gr Adja,2.402699,30.324,Tapa,1604,0.2
Ituri,Aru,Dulawate Gr Rumu,3.4749,30.7737,LikilingA,1665,0.24
Ituri,Aru,EfaKe Gr Katsa,3.443835,30.814083,Moze Kinya,1535,0.27
Ituri,Aru,Ekereyi Gr Biringi,2.753575,30.315727,Essego,2,0.31
Ituri,Aru,Eleke Gr Rungu,2.919236,30.291977,Rokosi,1698,0.18
Ituri,Aru,Epiyo Gr Apinaka,2.93349,30.56856,Eriku,1184,0.4
Ituri,Aru,Erebhua Gr Araba,2.940721,30.831333,Opebhaku,1717,0.53
Ituri,Aru,Eru Gr Eru,2.847098,30.794737,Eliku,50,0.5
Ituri,Aru,Esibi Gr Ombi Anzi,2.945804,30.640713,Essebi,592,0.73
Ituri,Aru,Essoko Gr Kikia,3.111999,30.784,Ovisoni,1578,0.31
Ituri,Aru,Gaki Gr Drisso,3.46949,30.9062,Padruku,1902,0.36
Ituri,Aru,Gando Gr Biringi,2.847999,30.364943,,,
Ituri,Aru,Gbalia Siita Gr Popo,3.175899,30.521,Morodo,1009,0.0
Ituri,Aru,Gbula Gr Inzi,3.543723,30.611841,Dogo,637,0.22
Ituri,Aru,Giyawa Gr Rumu,3.507646,30.72508,Duku,1742,0.0
Ituri,Aru,Gole Gr Rumu,3.657756,30.776352,Ranyaka,1411,0.0
Ituri,Aru,Gombe Gr Rumu,3.288304,30.815601,Gombo,1513,0.8
Ituri,Aru,Gombu Gr Rogale,3.270065,30.535433,Zetri,1613,0.0
Ituri,Aru,Ingbokolo Gr Kumuru,3.39279,30.766623,Pokodro,742,0.5
Ituri,Aru,Ingbokolo Gr Kumuru,3.394293,30.766718,Pokodro,853,0.5
Ituri,Aru,Ingbokolo Gr Kumuru,3.405529,30.75813,Lotio,1052,0.29
Ituri,Aru,Ingbokolo Gr Kumuru,3.402833,30.761066,Pokodro,1987,0.5
Ituri,Aru,Ingbokolo Gr Kumuru,3.408547,30.759615,Lotio,1420,0.29
Ituri,Aru,Ingbokolo Gr Kumuru,3.3956,30.76377,Pokodro,1186,0.5
Ituri,Aru,Ingbokolo Gr Kumuru,3.396551,30.764656,Pokodro,1193,0.5
Ituri,Aru,Ingbokolo Gr Kumuru,3.390403,30.773108,Pokodro,265,0.5
Ituri,Aru,Ingbokolo Gr Kumuru,3.391632,30.761248,Pokodro,1214,0.5
Ituri,Aru,Ingbokolo Gr Kumuru,3.396219,30.76608,Pokodro,1065,0.5
Ituri,Aru,Ingbokolo Gr Kumuru,3.395329,30.77252,Pokodro,769,0.5
Ituri,Aru,Ingbokolo Gr Kumuru,3.395507,30.770065,Pokodro,804,0.5
Ituri,Aru,Ingbokolo Gr Kumuru,3.39299,30.771723,Pokodro,503,0.5
Ituri,Aru,Ingbokolo Gr Kumuru,3.402998,30.769396,Pokodro,1637,0.5
Ituri,Aru,Ingbokolo Gr Kumuru,3.399746,30.774618,Pokodro,1295,0.5
Ituri,Aru,Ingbokolo Gr Kumuru,3.398137,30.762299,Pokodro,1500,0.5
Ituri,Aru,Ingbokolo Gr Kumuru,3.40259,30.76408,Pokodro,1785,0.5
Ituri,Aru,Ingbokolo Gr Kumuru,3.399518,30.764162,Pokodro,1488,0.5
Ituri,Aru,Ingbokolo Gr Kumuru,3.40176,30.77122,Pokodro,1480,0.5
Ituri,Aru,Ingbokolo Gr Kumuru,3.40135,30.74933,Lotio,901,0.29
Ituri,Aru,Ingbokolo Gr Kumuru,3.399821,30.759739,Pokodro,1834,0.5
Ituri,Aru,Ingbokolo Gr Kumuru,3.405199,30.752783,Lotio,1034,0.29
Ituri,Aru,Ingbokolo Gr Kumuru,3.385447,30.775282,Pokodro,519,0.5
Ituri,Aru,Ingbokolo Muke Gr Katsa,3.5322,30.587385,Ayiru,317,0.21
Ituri,Aru,Inviriva Gr Katsa,3.593924,30.580605,Katsa,1629,0.15
Ituri,Aru,Inviriva Gr Katsa,3.595944,30.579447,Katsa,1857,0.15
Ituri,Aru,Inviriva Gr Katsa,3.602015,30.58335,,,
Ituri,Aru,Inzi Gr Inzi,3.452873,30.85804,Gombe,1005,0.0
Ituri,Aru,Ivu Gr Djurupani,2.96353,30.76755,Garia,1982,0.25
Ituri,Aru,Iyivu Gr Araba,2.912219,30.7838,Ebirikadu,1402,0.43
Ituri,Aru,Izi Gr Kandoy,2.530652,30.380995,Nzinza,18,0.44
Ituri,Aru,Izobalo Gr Drisso,3.400428,30.823318,Monobu,423,0.31
Ituri,Aru,Jebel Gabhu Gr Rumu,3.649111,30.766611,Ranyaka,1204,0.11
Ituri,Aru,Kalia Gr Panduru,2.859062,30.793406,Ekaka,1747,0.6
Ituri,Aru,Kaliga Gr Rumu,3.5418,30.829,Pakayo,905,0.33
Ituri,Aru,Kamagolo Gr Bakpulu,1.37343,29.64526,Balimani,1615,0.38
Ituri,Aru,Kamaka Gr Apaa,3.200217,30.709255,Apaa,1371,0.6
Ituri,Aru,Kameru II Gr Katsa,3.51686,30.603,Kameru,1511,0.8
Ituri,Aru,Karagba Gr Rumu,3.574934,30.623514,,,
Ituri,Aru,Karanyanya Gr Inzi,3.548736,30.625204,Dogo,1966,0.0
Ituri,Aru,Kata Gr Kandoy v,2.708172,30.36769,Turumu 1,43,0.17
Ituri,Aru,Katsa Gr Katsa,3.539629,30.5749,Ugari,1162,0.2
Ituri,Aru,Kendri Gr Popo,3.380178,30.465136,Nyandura,1560,0.43
Ituri,Aru,Kendrio Gr Rumu,3.489608,30.818737,Drimu Indrikwa,107,0.38
Ituri,Aru,Kengezi Base Gr Rumu,3.564361,30.799833,Kendrio,1151,0.42
Ituri,Aru,Kengezi Gr Rumu,3.508234,30.790983,Godhu,1244,0.17
Ituri,Aru,Kerekere  Gr Auko,2.700364,30.545858,Yergo,1717,0.31
Ituri,Aru,Keri Gr Rumu,3.498542,30.904537,Pundra,677,0.2
Ituri,Aru,Kerikona Gr Rumu,3.536554,30.820528,Kuzumbiri,1487,0.35
Ituri,Aru,Kidjoro Gr Nderi Ali,3.105333,30.7725,Ovisoni,1654,0.29
Ituri,Aru,Kijoro Gr Nderi,3.0861,30.7555,Ombayi,1885,0.17
Ituri,Aru,Kilife  Gr Katsa,3.512653,30.578531,Iri,1673,0.44
Ituri,Aru,Kimba Gr Rumu,3.521667,30.78928,Rumu Centre,1433,0.22
Ituri,Aru,Kisu I Gr Obitabo,2.44279,30.2217,Kissu 1,1267,0.77
Ituri,Aru,Kobo Gr Inzi ,3.414973,30.601685,Umbuluka,678,0.17
Ituri,Aru,Kolodo 1 Gr Djamba,2.902858,30.41602,Oro Omi,1492,0.4
Ituri,Aru,Kolodo II Gr Djamba,2.884417,30.453667,Olenvagari,1748,0.32
Ituri,Aru,Koobho Gr Inzi,3.42518,30.618465,Pologota,1235,0.43
Ituri,Aru,Kopango Gr Auko,2.406133,30.3228,Tapa,1608,0.36
Ituri,Aru,Kumuru Gr Kumuru,3.36715,30.77496,Nyatru,500,0.33
Ituri,Aru,Kupera Gr Inzi,3.394284,30.662445,Alumape,1636,0.46
Ituri,Aru,Labho Gr Labho,3.260256,30.56873,Laybo,882,0.8
Ituri,Aru,Leiko Uriga Gr Drisso,3.476994,30.905216,Padruku,1194,0.22
Ituri,Aru,Leinya Gr Rumu,3.50967,30.847395,Lokora,1496,0.33
Ituri,Aru,Leka Gr Rungu,2.921962,30.2176,Sedri,125,0.22
Ituri,Aru,Liga Gr Rumu,3.519769,30.794369,Nyori Igirako,1866,0.35
Ituri,Aru,Liku Gr Rumu,3.456634,30.910494,Bobiri,947,0.2
Ituri,Aru,Lirungha Gr Drisso,3.370583,30.90675,Leiko,487,0.31
Ituri,Aru,Lisoka Gr Drisso,3.43142,30.8884,Morodu,1403,0.17
Ituri,Aru,Lokoro Gr Odra,3.131815,30.64402,Danya,1241,0.0
Ituri,Aru,Loli Gr Adumi,3.575599,30.6318,,,
Ituri,Aru,Loliga Gr Inzi,3.462153,30.617271,Nyori Koloa,1533,0.35
Ituri,Aru,Loligo Gr Inzi,3.390485,30.836754,Roondra,404,0.31
Ituri,Aru,Lombe Gr Rumu,3.441112,30.86665,,,
Ituri,Aru,Lugbara Gr Obitabho,2.523497,30.314598,Angakezi,1287,0.27
Ituri,Aru,Luku Gr Popo,3.333333,30.55,Odrali,1096,0.2
Ituri,Aru,Lundi Gr Inzi,3.418003,30.82608,WuringA,136,0.33
Ituri,Aru,Lundranya Gr Kumuru,3.423717,30.794016,Lezu,1337,0.31
Ituri,Aru,Lunguma Gr Inzi,3.544291,30.613455,Dogo,749,0.18
Ituri,Aru,Lunguma Gr Ruma,3.446832,30.75725,Ingbangbe,219,0.38
Ituri,Aru,Madhikini Gr Drisso,3.467184,30.914394,Apayo,847,0.14
Ituri,Aru,Malaba Gr Abedju,3.415091,30.913168,Godria,1360,0.17
Ituri,Aru,Manga Saba Gr Jurupani,2.998235,30.798246,Ofaka,1413,0.27
Ituri,Aru,Matale Gr Rumu,3.646747,30.780346,Ranyaka,448,0.31
Ituri,Aru,Matru Gr Kumuru,3.444441,30.83021,Rikazu,861,0.36
Ituri,Aru,Mbese Gr Kandoy,2.545933,30.42377,Kepira,1610,0.18
Ituri,Aru,Mengo Gr Biringi,2.896919,30.39243,Olipi,141,0.2
Ituri,Aru,Metale Gr Agoroba,3.487066,30.83347,Rendra,1134,0.33
Ituri,Aru,Midhu Gr Inzi,3.47128,30.6904,Matru,1434,0.4
Ituri,Aru,Milara Gr Rumu,3.574686,30.72617,,,
Ituri,Aru,Miri Gr Rumu,3.461399,30.71272,Drora,1066,0.22
Ituri,Aru,Miriva Gr Popo,3.526406,30.801006,Yeli,1080,0.2
Ituri,Aru,Modu Gr Inzi,3.465873,30.61156,Modu Robu,1100,0.62
Ituri,Aru,Morebongho Gr Katsa,3.518814,30.576462,Kameru,1717,0.25
Ituri,Aru,Morodu Gr Drisso,3.468223,30.898966,Jobu,986,0.4
Ituri,Aru,Moze Gr Kumuru,3.417176,30.836779,Robu,1877,0.25
Ituri,Aru,Nderi Gr Nderi Ali,3.118305,30.77086,Nderi 2,1814,0.83
Ituri,Aru,Nduzi Gr Biringi,2.830113,30.320118,,,
Ituri,Aru,Ngazi Gr Bukiringi,2.737557,30.358212,Mutubi,1652,0.18
Ituri,Aru,Ngelingeli Gr Atekule,2.80252,30.72126,Onibha,1585,0.25
Ituri,Aru,Ngile Gr Kandoi,2.509938,30.330849,Kongomao,1329,0.31
Ituri,Aru,Ngota Gr Biringi,2.7511,30.3264,Essego,1219,0.36
Ituri,Aru,Nikazu Gr Inzi,3.349999,30.63333,Mingoro,1242,0.15
Ituri,Aru,Nono Gr Amaguna,3.00638,30.6916,Nono Ayia,1941,0.62
Ituri,Aru,Nono Gr Apa,3.175625,30.714308,,,
Ituri,Aru,Nyaguma Gr Wala,3.032907,30.616428,Munyele Bura,614,0.32
Ituri,Aru,Nyai Gr Apaa,3.193219,30.7,Apaa,351,0.25
Ituri,Aru,Nyai Kengezi Gr Rumu,3.503806,30.7855,Nyori Igirako,1048,0.4
Ituri,Aru,Nyai Kurere Gr Adumi,3.418796,30.744179,Kidyari,237,0.33
Ituri,Aru,Nyaipokula Gr Inzi,3.675796,30.774649,,,
Ituri,Aru,Nyamiliki Gr Adumi,3.210263,30.709894,,,
Ituri,Aru,Nyamurukudi Gr Kumuru,3.419137,30.800217,Marikulu,1297,0.42
Ituri,Aru,Nyangbara Gr Rumu,3.55117,30.83009,Pamuna,1738,0.27
Ituri,Aru,Nyanzaka Gr Popo,3.156199,30.383398,Biva,1086,0.17
Ituri,Aru,Nyatsa GR Nyatsa Odru,2.815099,30.758314,Ongoyi,1810,0.33
Ituri,Aru,Nyeite Gr Rumu,3.573652,30.717916,,,
Ituri,Aru,Nyori Gr Kumuru,3.46756,30.7517,Giawa,1176,0.2
Ituri,Aru,Nyoro Gr Alivu-Nyoro,3.1552,30.7518,Nono,1946,0.67
Ituri,Aru,Nzinzi Gr Popo,3.1133,30.25779,,,
Ituri,Aru,Odhumoni Gr Drisso,3.408526,30.923735,Godria,910,0.43
Ituri,Aru,Odjipako Gr Kuku,3.066666,30.7,Anyara Onveka,1568,0.19
Ituri,Aru,Odramachako Gr Nderi,3.119579,30.771929,Kidjoro,1996,0.33
Ituri,Aru,Odranyiri Gr Ofika,2.93947,30.7654,Ondolea,1425,0.38
Ituri,Aru,Odukulu Gr Rumu,3.594235,30.62055,,,
Ituri,Aru,Odumini Gr Drisso,3.399999,30.933332,Isoko,396,0.17
Ituri,Aru,Ofa Gr Eru,2.849961,30.86952,Zavu,1050,0.29
Ituri,Aru,Ofika Gr Azumba,2.862791,30.403028,Azao Assa,737,0.29
Ituri,Aru,Ofoo Gr Eru,2.861229,30.886118,Ondoko,601,0.6
Ituri,Aru,Ojipala Gr Eru,2.765978,30.687622,Mandulu 1,462,0.25
Ituri,Aru,Okaa Gr Katsa,3.43557,30.7694,Pizale,1719,0.2
Ituri,Aru,Okaba Gr Rumu,3.5301,30.7223,,,
Ituri,Aru,Okabi Gr Katsa,3.554708,30.61579,Dogo,1217,0.22
Ituri,Aru,Okey Gr Biringi,2.76338,30.3793,,,
Ituri,Aru,Olobho Gr Obitabo,2.479882,30.270391,Assada,1992,0.0
Ituri,Aru,Oluma Gr Auko,2.77716,30.515295,Azumba,1490,0.55
Ituri,Aru,Oluwa Gr Araba,2.85944,30.82417,Lopa,1872,0.44
Ituri,Aru,Ombatsi Gr Apinaka,2.853,30.812,Ngu Otse,1994,0.4
Ituri,Aru,Ombayi Gr Lolo,3.088957,30.750397,,,
Ituri,Aru,Ombokoro Gr Abedju,3.40581,30.917665,Isoko,1567,0.46
Ituri,Aru,Ondaku Gr Katsa,3.621006,30.731085,Nyeite,518,0.17
Ituri,Aru,Ongofa Gr Katsa,3.534209,30.506298,Gando,1542,0.18
Ituri,Aru,Onyi Gr Panduru,2.842758,30.770962,Ovisoni,1918,0.55
Ituri,Aru,Onzari Gr Popo,3.527687,30.455309,Likpu,1384,0.18
Ituri,Aru,Ori Gr Ovisoma v,3.283205,30.680248,Djerika,1652,0.4
Ituri,Aru,Oria Gr Ovisoma,3.176763,30.40546,,,
Ituri,Aru,Oriva Gr Katsa,3.216667,30.566668,Odraa,514,0.6
Ituri,Aru,Orivu Gr Nyatsa Odru,2.82848,30.7387,Ovua,1332,0.67
Ituri,Aru,Oronzi Gr Tereme,2.860368,30.74525,Anzu,159,0.4
Ituri,Aru,Osi Gr Atekule,2.766666,30.8,Ezoo,751,0.29
Ituri,Aru,Oui Gr Odraa,3.04885,30.603588,Gobiri,233,0.44
Ituri,Aru,Ovua Gr Ofika,3.001755,30.735592,Gila,1622,0.25
Ituri,Aru,Ozu Gr Adja,2.814842,30.52191,Odruvu,1866,0.44
Ituri,Aru,Pamuna Gr Rumu,3.427609,30.788757,Drimu,1841,0.36
Ituri,Aru,Panduru Gr Panduru,2.876529,30.783567,Yavu,771,0.36
Ituri,Aru,Paniki Gr Apinaka,2.933332,30.55,Onika Ovisoni,1274,0.42
Ituri,Aru,Pedele Gr Eru,2.773993,30.843496,Edidulu,218,0.46
Ituri,Aru,Pont Ovoa Gr Amaguna,3.00334,30.74758,Yevo,1473,0.31
Ituri,Aru,Rau Gr Adja,3.032604,30.529285,Awuko,746,0.5
Ituri,Aru,Rawu Gr Jurupani,3.078193,30.75875,Nyori,1142,0.22
Ituri,Aru,Robu Gr Rumu,3.478082,30.72661,Kaza,932,0.0
Ituri,Aru,Rodo Aliba Gr Nyatsa-Odru,2.88333,30.7,Alibha,734,0.62
Ituri,Aru,Rodo Gr Ombanzi Anzi,2.886449,30.696777,Ezoo,1990,0.5
Ituri,Aru,Rogale Gr Rogale,3.427546,30.813572,WuringA,1733,0.46
Ituri,Aru,Rokosi Gr Rungu,2.920527,30.249443,,,
Ituri,Aru,Route Aba Gr Inzi,3.454099,30.8582,Oka,1983,0.33
Ituri,Aru,Rumu 1 Gr Rumu,3.519214,30.793806,Rumu Centre,1181,0.8
Ituri,Aru,Rumu II Gr Rumu,3.519222,30.793139,Rumu Centre,1166,0.73
Ituri,Aru,Rungu Gr Rungu,2.95,30.316668,,,
Ituri,Aru,Salia Musala Gr Rumu,3.547497,30.835302,Pamuna,1047,0.44
Ituri,Aru,Sambiya Gr Lagbo,3.299999,30.56667,Mbasa,1216,0.33
Ituri,Aru,Sarasara Gr Azuba,2.890289,30.503483,Onika Edyonga,1304,0.19
Ituri,Aru,Shaba Gr Obitabo,2.432657,30.392296,Pey,853,0.0
Ituri,Aru,Sita Gr Rumu,3.609045,30.76955,Indribha,1844,0.33
Ituri,Aru,Soriyako Gr Rumu,3.512444,30.791918,Nyori Igirako,1347,0.57
Ituri,Aru,Tadiri Gr Katsa,3.487973,30.538391,Kilife,1755,0.33
Ituri,Aru,Tereme Gr Tereme,3.265693,30.706888,Edipi,1711,0.18
Ituri,Aru,Tou Gr Adja,3.09048,30.650242,Odruma,389,0.44
Ituri,Aru,Trua Gr Inzi,3.440361,30.839083,Rikazu,806,0.4
Ituri,Aru,Tsinzi Gr Popo,3.328382,30.528538,Odrali,1396,0.17
Ituri,Aru,Tsiwi Tsiwi Gr Nioro,2.7,30.61667,Okala,1646,0.0
Ituri,Aru,Turumu Gr Kandoy,2.735275,30.358133,Mutubi,1481,0.33
Ituri,Aru,Turupa Gr Drisso,3.402288,30.855997,Robu,1019,0.2
Ituri,Aru,Ubago Gr Inzi,3.409833,30.517302,Loli,1634,0.22
Ituri,Aru,Ulendere Gr Rumu,3.567574,30.771084,Upepeni,1190,0.4
Ituri,Aru,Urima Gr Drisso,3.418751,30.926256,Godria,265,0.55
Ituri,Aru,Utru Gr Inzi,3.359277,30.590193,Adrazika,952,0.17
Ituri,Aru,Uza Gr Biringi,2.818092,30.243835,,,
Ituri,Aru,Vura Gr Eru,2.884691,30.879845,Ombaotuni,541,0.15
Ituri,Aru,Wangita Gr Drisso,3.398499,30.8877,Kanyabha,1232,0.4
Ituri,Aru,Warambili Gr Oli,3.133332,30.55,Nyangule,1820,0.24
Ituri,Aru,Waro Gr Araba,2.892999,30.8534,Okuamani,115,0.17
Ituri,Aru,Yaba Gr Jurupani,2.951919,30.80139,Abhauni,563,0.55
Ituri,Aru,Yauwanya Gr Abedju,3.404789,30.90111,,,
Ituri,Aru,Yebi Gr Agiria,3.128599,30.739822,Lolo 1,1763,0.0
Ituri,Aru,Yekia Gr Odra,3.041989,30.591497,Gobiri,1777,0.18
Ituri,Aru,Yingi Gr Katsa,3.45722,30.772339,LikilingA,524,0.43
Ituri,Aru,Yuku Gr  Ofaka,2.82133,30.705776,Anyika,1536,0.4
Ituri,Aru,Zaki Gr Adia,2.833333,30.716667,Brazza,1299,0.4
Ituri,Djugu,Abali Gr Laudjo,1.856255,30.723898,Djokaba,1730,0.5
Ituri,Djugu,Abidha Gr Djukwa,2.142283,30.63151,,,
Ituri,Djugu,Abini Gr Abini,1.952036,30.324738,Wathum,1417,0.18
Ituri,Djugu,Aboro Gr Uketi,1.99467,30.86807,Korler,760,0.36
Ituri,Djugu,Abu Gr Ladedjo,1.77629,30.609789,Lombu,1799,0.5
Ituri,Djugu,Acha Gr Masumbuko,1.705132,30.529575,Zatchoni,1082,0.5
Ituri,Djugu,Ache Gr Pitso,1.839774,30.457516,Nzambe,1668,0.4
Ituri,Djugu,Adau Gr Wazabo,1.900766,30.00236,Irumu,1688,0.22
Ituri,Djugu,Adde Gr Dhendo,1.869099,30.666431,Ddikpa,1113,0.4
Ituri,Djugu,Adho Gr Fataki,1.941336,30.428988,Ngadjole,1249,0.5
Ituri,Djugu,Adhu Gr Sesele,1.749766,30.330414,Dhedi,1073,0.44
Ituri,Djugu,Adidi Gr Mabilindei,1.957864,30.033878,Kanga alivion,1429,0.33
Ituri,Djugu,Adji Gr Loga,1.724498,30.377232,Dhadha,1196,0.4
Ituri,Djugu,Adju Gr Ndjaudha,1.909549,30.51723,DEbu,1498,0.5
Ituri,Djugu,Adosa Gr Wazabo,1.908825,30.0644,Abombi,1970,0.36
Ituri,Djugu,Adu Gr Sesele,1.79803,30.3584,Kisabo,1263,0.22
Ituri,Djugu,Adye Gr Dz'na,1.965481,30.653442,Raa,889,0.29
Ituri,Djugu,Ae Gr Fataki,2.03349,30.479742,Masikini 1,1229,0.17
Ituri,Djugu,Afo Gr Fataki,1.918645,30.544048,Lots',1338,0.29
Ituri,Djugu,Ago Gr Dhendro,1.7208,30.7344,Tara,931,0.29
Ituri,Djugu,Agonzi Gr Kama,1.794052,30.127508,Ayao,1346,0.4
Ituri,Djugu,Agrr Gr Ndjaudha,1.873175,30.576174,Ndjago,1130,0.4
Ituri,Djugu,Agu Gr Penyi,1.504999,30.4411,Fichama,466,0.2
Ituri,Djugu,Ajoru Gr Linga,1.999631,30.785883,Belo,804,0.22
Ituri,Djugu,Akaba Gr Uchondji,2.035433,30.894232,Bala,1568,0.44
Ituri,Djugu,Akarci Gr Zabu,2.08976,30.867323,Bwa Kpandroma,1695,0.42
Ituri,Djugu,Akele Gr Fataki,1.929195,30.525764,KadUkpa,166,0.33
Ituri,Djugu,Akuli Gr Akeso Sindani,1.75092,30.06508,Mafutala,1148,0.46
Ituri,Djugu,Akwe Gr Dhego,2.083333,30.133333,Kpeku,1671,0.44
Ituri,Djugu,Alagi Gr Zengo,1.975878,30.221231,Jalarima,1864,0.62
Ituri,Djugu,Allah Gr D'zna,2.022969,30.74392,Nyali,1453,0.4
Ituri,Djugu,Alu Gr Gokalu,1.964727,30.538416,,,
Ituri,Djugu,Amema Gr Anyolo Fataki (Tchulu),1.67646,30.0758,Mame,1777,0.67
Ituri,Djugu,Ancien Combattant Gr Gokalu,1.934713,30.512144,Kpanga,911,0.26
Ituri,Djugu,Andasia Gr Kirongozi-Angwali,1.797984,30.234392,Ndii,1942,0.55
Ituri,Djugu,Andisa Gr Mabilindey,1.976004,29.968643,Matoro,67,0.17
Ituri,Djugu,Andjalewa Gr Wazabo,1.899402,30.047709,Musaba,1440,0.27
Ituri,Djugu,Andju Gr Buku,1.725242,30.50915,BudO,1028,0.22
Ituri,Djugu,Andro Gr Gokalu,1.963418,30.49871,Masikini 2,629,0.27
Ituri,Djugu,Anga Gr Pitso,1.839869,30.4475,Ngini,1932,0.44
Ituri,Djugu,Anu Gr Penyi,1.5511,30.4275,Shatchu,1223,0.4
Ituri,Djugu,Anyi Gr Djugu,1.920899,30.4544,Lambi,1838,0.44
Ituri,Djugu,Anzi Gr Pitso,1.84228,30.4002,Zali,1919,0.5
Ituri,Djugu,Ariwara Gr Mabilindey,2.04661,29.99768,Ndjakalay,1188,0.38
Ituri,Djugu,Arr Gr Fataki,1.932947,30.599674,Wali,935,0.29
Ituri,Djugu,Aruda Gr Ugwaro,2.096899,30.691698,Bale,1936,0.22
Ituri,Djugu,Aruu Gr Dz'na,1.864822,30.32211,Bavi,1966,0.25
Ituri,Djugu,Asada Gr Kandoy,1.985878,30.615446,Sanduku,372,0.5
Ituri,Djugu,Asu Gr Gobi,1.665778,30.59825,Pidja,1870,0.25
Ituri,Djugu,Atche Gr Pitso,1.841312,30.458633,Nzambe,1815,0.36
Ituri,Djugu,Athe Gr Buku,1.652966,30.566626,Ndrale,1727,0.4
Ituri,Djugu,Aura Gr Pamitu Amee,2.1447,30.76953,Lwala,44,0.44
Ituri,Djugu,Baana Gr Djugu,1.919952,30.502436,Kpanga,1059,0.55
Ituri,Djugu,Babhu Gr Mbr’bu,2.086719,30.702784,Bale,699,0.44
Ituri,Djugu,Bacha Gr Kekpa,1.85774,30.31587,Bavi,1937,0.44
Ituri,Djugu,Bagulu Gr Petsi,1.73932,30.236938,Ngbatsulu,918,0.67
Ituri,Djugu,Bahwere Gp Tambaki,1.517889,30.302519,,,
Ituri,Djugu,Baimani Gr Kekpa,1.826114,30.282644,Kpagboma,1538,0.4
Ituri,Djugu,Bakombe Gr Dzna,1.788159,30.344212,Kisabo,1940,0.31
Ituri,Djugu,Bakombe Gr Dz'na,1.790362,30.326075,Bubbu 1,870,0.29
Ituri,Djugu,Bakonde Gr Katcheche,1.875499,30.081142,Landa,864,0.5
Ituri,Djugu,Baku Gr Musaba,2.306299,30.10999,Mbura,1453,0.44
Ituri,Djugu,Bala Gr Dirokpa,1.813699,30.42671,Ndjala,1763,0.6
Ituri,Djugu,Balabala Gr Bendele,1.916067,30.060266,Balese,1712,0.43
Ituri,Djugu,Bali Gr Mbr’bu,2.093852,30.666542,Ngbavi,1774,0.6
Ituri,Djugu,Bali Gr Mbrbu,2.078611,30.709417,Bale,778,0.75
Ituri,Djugu,Bambu Gr Mbrbu,2.058126,30.633226,Zanje,382,0.2
Ituri,Djugu,Bambu Gr Yalala,1.80157,30.23662,Basuku,960,0.55
Ituri,Djugu,Bana Gr Gokalu,1.959269,30.546696,,,
Ituri,Djugu,Banana Gr Loda,2.020421,30.231869,Budza,1619,0.36
Ituri,Djugu,Bande-Nidjo Gr Mabilindey,1.984357,30.038727,Landa,1152,0.38
Ituri,Djugu,Bandibango Gr Musaba,2.116138,30.104721,Mundo,1748,0.4
Ituri,Djugu,Bandinalia Gr Itendey-Agonema,1.854388,30.057278,Andingbwa,1861,0.63
Ituri,Djugu,Bandoni Gr Tambaki,1.494933,30.403648,Nyare,1354,0.17
Ituri,Djugu,Bangala Gr Mabilindey,2.03129,30.00364,Beba,711,0.36
Ituri,Djugu,Banguli Gr Itendey,1.804054,30.122475,Bakolo,981,0.46
Ituri,Djugu,Bani Gr Luvangire,1.6252,30.35974,Bukpa,124,0.44
Ituri,Djugu,Bani Gr Luvangire,1.6618,30.401863,Bbau,38,0.5
Ituri,Djugu,Banya Gr Anyolo-Fataki (Tchulu),1.693799,30.07381,Gbalana,1951,0.67
Ituri,Djugu,Banzala Gr Mabilindey,2.065579,29.9405,Biyanda,1552,0.57
Ituri,Djugu,Bapu Gr Pilo-Masumbuku,2.054199,30.6205,Lumia,709,0.22
Ituri,Djugu,Basambi Gr Bulo,1.897699,30.3373,Limbu,1756,0.33
Ituri,Djugu,Basani Gr Dhendro,1.705399,30.7209,Thai,905,0.4
Ituri,Djugu,Bassa Gr Lona-Lotsikpa,1.890547,30.488941,Goba,1766,0.44
Ituri,Djugu,Batata Gr Kama,1.781337,30.183062,Ngabula Agula,1553,0.42
Ituri,Djugu,Batcha Gr Buku,1.730939,30.552702,Liba,1283,0.4
Ituri,Djugu,Batchu Gr Kekpa,1.855473,30.315779,Sombo,1957,0.18
Ituri,Djugu,Bbabu Gr Mbr’bu,2.045175,30.579094,Dhena 2,351,0.17
Ituri,Djugu,Bbambu Gr Yalala,1.757879,30.29892,Baluma,1886,0.5
Ituri,Djugu,Bblukpa Gr Buku,1.880699,30.5526,Gobbu,500,0.5
Ituri,Djugu,Bbobba Gr Dhedja,1.629546,30.59458,Sole,721,0.2
Ituri,Djugu,Bbu Gr Dhendo,1.863595,30.66131,Jibe,1841,0.29
Ituri,Djugu,Bbuchu Gr Lenga,1.9196,30.55862,Golo tshuke,1973,0.24
Ituri,Djugu,Be Gr Dhego,2.06899,30.244768,Beko,1941,0.67
Ituri,Djugu,Beba Gr Taratibo,1.771571,30.280132,Bendele,878,0.36
Ituri,Djugu,Bedu Ezekere Gr Bedu Ezekere,1.430529,30.29757,Burukpa,1033,0.32
Ituri,Djugu,Bele Gr Ngbavi,1.553699,30.4986,Mangala 2,1219,0.15
Ituri,Djugu,Beliba Gr Beliba,1.77564,30.49373,Mbli,892,0.6
Ituri,Djugu,Bendele Gr Bendele,1.709614,30.311543,Ngadjole,1723,0.53
Ituri,Djugu,Berunda Gr Ngazba Berunda,2.32097,30.246523,Dzili,1320,0.17
Ituri,Djugu,Besi Gr Loga,1.676246,30.422789,Belo,1935,0.5
Ituri,Djugu,Bethelehemu Gr Fataki,1.959964,30.584633,Buchu,585,0.38
Ituri,Djugu,Bhebho Gr Malabo,1.703699,30.3659,Dhedho,1202,0.67
Ituri,Djugu,Bi Gr Loga,1.710111,30.412027,Bii,1673,0.8
Ituri,Djugu,Bii Gr Gobi,1.728546,30.578312,Bulo,983,0.29
Ituri,Djugu,Bijamagosa Gr Bijamagosa,1.889122,30.11465,,,
Ituri,Djugu,Bini Gr Abini,1.936221,30.279547,Zapi,1264,0.25
Ituri,Djugu,Bisi Gr Uchonji,2.108946,30.896059,Tsubu Zaa Zii,1246,0.35
Ituri,Djugu,Blaquette Gr Mabilindey,1.907883,30.0764,Matete,1475,0.53
Ituri,Djugu,Blokpa Gr Dhedja,1.870352,30.49707,Djokaba,752,0.46
Ituri,Djugu,Blukpa Gr Dhego,2.083606,30.227722,Djaiba,764,0.33
Ituri,Djugu,Blukwa Gr Buku,1.747823,30.602045,Bapu,543,0.4
Ituri,Djugu,Blukwa-Mbi Gr Ladedjo,1.883,30.6873,Jiba,1603,0.29
Ituri,Djugu,Bodjo Gr Malabo,1.695971,30.379168,DzKpa,1128,0.2
Ituri,Djugu,Bodza Gr Limani,1.71606,30.259666,Dhika,1146,0.4
Ituri,Djugu,Boku Gr Tchudja,1.794829,30.2413,Basuku,1403,0.6
Ituri,Djugu,Botchu Gr Kekpa,1.813331,30.29605,Kpagboma,1554,0.29
Ituri,Djugu,Bresil Gr Wazabo,1.976492,29.969858,Matoro,83,0.17
Ituri,Djugu,Brii Gr Malabo,1.723796,30.34839,Site Mont Tsi,989,0.24
Ituri,Djugu,Brtsa Gr Ngle,1.950799,30.6445,Drakpa,1193,0.36
Ituri,Djugu,Bruxelles Gr Kama,1.785853,30.248243,Bbambu,609,0.27
Ituri,Djugu,Buba Gr Buba,2.02231,30.79765,Ngaba 1,1778,0.36
Ituri,Djugu,Buba-Ngbavi Gr Ngbavi,1.513447,30.500797,Kanana,352,0.35
Ituri,Djugu,Bubenga Gr Ngazba (Berunda),2.335,30.2272,Dzamba,613,0.31
Ituri,Djugu,Buddu Gr Buku,1.724936,30.562399,Bulo,868,0.44
Ituri,Djugu,Budhe Gr Gali,1.939919,30.55753,Ndjala,1373,0.18
Ituri,Djugu,Budhe-Dhego Gr Dhego,2.1473,30.2612,Kod'o,1617,0.27
Ituri,Djugu,Budho Gr Saliboko,1.689717,30.642937,Bitho,1316,0.6
Ituri,Djugu,Buki Gr Buki,1.735252,30.543346,Kiza,421,0.5
Ituri,Djugu,Bukoko Gr Pitso,1.854926,30.413076,Lele,1367,0.0
Ituri,Djugu,Buku Gr Buku,1.882975,30.484879,Laki,1780,0.25
Ituri,Djugu,Bule Plantation Gr Ngle,1.914198,30.601616,Bule,860,0.42
Ituri,Djugu,Bulo gr Bulo,1.93191,30.3351,Mngla,971,0.22
Ituri,Djugu,Bulo Gr Gobi,1.63458,30.385048,Bani,227,0.25
Ituri,Djugu,Buna Gr Saliboko,1.717488,30.513428,BudO,84,0.5
Ituri,Djugu,Buraki Gr Burakai,1.900161,30.046612,Musaba,1319,0.33
Ituri,Djugu,Butchu Gr Gali,1.922649,30.5593,Duma,806,0.2
Ituri,Djugu,Buu-Kachele Gr Ngle,1.877387,30.595905,Bu,1348,0.31
Ituri,Djugu,Buy Gr Sombuso,1.92751,30.786781,NdrDhi,32,0.0
Ituri,Djugu,Buy Gr Utcha,1.840631,30.496578,Gobu,1522,0.57
Ituri,Djugu,Buy U Gr Bedu-Ezekere,1.457026,30.29411,Buy Sabuni,1488,0.67
Ituri,Djugu,Bwanga Gr Kama,1.889189,30.1485,Nikadika,684,0.29
Ituri,Djugu,Café Gr Lossa Ndrema,1.559123,30.542957,Kiza,207,0.25
Ituri,Djugu,Camp de  pêche Rhoo Gr Gobi,1.670914,30.669712,Vhoo,28,0.27
Ituri,Djugu,"carré minier ""Byanda"" Gr Mabilindey",2.073172,30.027086,Nyasi,1544,0.25
Ituri,Djugu,"carré minier ""Camp 3"" Gr Tchudja",1.849604,30.199717,Bagina,1382,0.32
Ituri,Djugu,"carré minier ""Desert"" Gr Mabilindey",1.978224,30.048323,Pluto Mine,1838,0.34
Ituri,Djugu,"carré minier ""Gdado"" Gr Tchitchibi",2.067133,30.064768,,,
Ituri,Djugu,"carré minier ""Kadeza"" Gr Londroma",1.961025,30.14693,,,
Ituri,Djugu,"carré minier ""Kadingba"" Gr Ndikpa",1.98336,30.1523,,,
Ituri,Djugu,"carré minier ""Kandip"" Gr Mabilindey",1.825824,30.04969,Ngama,1083,0.25
Ituri,Djugu,"carré minier ""La folie"" Gr Mabilindey",1.952335,30.032927,Kanga alivion,836,0.35
Ituri,Djugu,"Carré minier ""Longalonga"" Gr Taratibu",1.77022,30.3105,Rond point,1548,0.24
Ituri,Djugu,"Carré minier ""Luka Malembe"" Gr Taratibo",1.781332,30.317694,Ciment Brique,1812,0.16
Ituri,Djugu,"carré minier ""Luka yayo"" Gr Wazabo",1.897047,30.071323,Matete,902,0.21
Ituri,Djugu,"carré minier ""Rofe"" Gr Baimani",1.832999,30.2814,Bengi,751,0.18
Ituri,Djugu,"carré minier ""Tadika"" Gr Dz'na",1.7884,30.3425,Kokoliko,1269,0.15
Ituri,Djugu,"carré minier ""Ubiba"" Gr Musaba",2.099499,30.1295,Jimbu,559,0.17
Ituri,Djugu,"carré minier ''17"" Gr Mabilindey",1.965533,30.039528,Pluto Mine,891,0.4
Ituri,Djugu,Carré minier Budjokpa Gr Taratibo,1.76011,30.307667,Ciment Brique,798,0.35
Ituri,Djugu,Carré minier Dhalu Gr Kpadinga,1.886016,30.307638,Crepao,1157,0.33
Ituri,Djugu,Carré minier Kpau-Lele Gr Dzna,1.849148,30.39322,Lele,933,0.31
Ituri,Djugu,Carré minier Kuluba Gr Taratibo,1.771168,30.300337,Bendele,1627,0.31
Ituri,Djugu,Carré minier Lutsu Gr Tambaki,1.610301,30.41272,Dheli,603,0.17
Ituri,Djugu,Carré minier Tsewe Gr Kekpa,1.796005,30.307896,Tsewe 1,824,0.4
Ituri,Djugu,Chatchu Gr Dirokpa,1.7731,30.4625,Chechu,1895,0.77
Ituri,Djugu,Chau Gr Dirokpa,1.679594,30.50395,Tchuba,1684,0.6
Ituri,Djugu,Chu Gr Dhendro,1.6769,30.6749,Vhoo,875,0.29
Ituri,Djugu,Dala Gr  Londroma,1.984722,30.192223,Jalarima,1779,0.5
Ituri,Djugu,Damas Gr Musaba,2.113749,30.1049,Eyazima,1607,0.5
Ituri,Djugu,Dar Gr Dhedja,1.912999,30.6072,DzNa,578,0.57
Ituri,Djugu,Datule (Soni) Gr Penyi,1.506496,30.494358,Dakule,660,0.83
Ituri,Djugu,Ddoro	Gr Dhego,2.076663,30.16757,Lobudhi,1192,0.17
Ituri,Djugu,Dede Gr Jili,1.680402,30.318037,DzNdja,1980,0.4
Ituri,Djugu,Dhebadza Gr Sombuso,1.942376,30.70512,Dhena,718,0.62
Ituri,Djugu,Dhedho Gr Malabo,1.730015,30.355715,Budjo,1575,0.36
Ituri,Djugu,Dhedi Gr Dirokpa,1.790294,30.421732,Ngbadhego,1179,0.43
Ituri,Djugu,Dhedja Gr Dhedja,1.832555,30.571556,Djaza,622,0.55
Ituri,Djugu,Dhego Gr Dhego,2.051968,30.232954,Doro,6,0.44
Ituri,Djugu,Dhego Gr Djaiba,2.205554,30.108334,Bongobongo,1173,0.27
Ituri,Djugu,Dhegru Gr Dhendro,1.897799,30.6858,Tchega,1898,0.5
Ituri,Djugu,Dhela Gr Dirokpa,1.915591,30.55915,Dhengavi,1719,0.62
Ituri,Djugu,Dhele Gr Dirokpa,1.739084,30.494873,Wadda,254,0.2
Ituri,Djugu,Dhelekpa Gr Utcha,2.187664,30.30459,,,
Ituri,Djugu,Dhembu Gr Dhedja,1.779235,30.546268,Dhedi,1876,0.55
Ituri,Djugu,Dhendo Gr Lossa-Ndrema,1.685971,30.564293,Ndeba,1405,0.36
Ituri,Djugu,Dhendo-petro Gr Dhendro,1.910338,30.67221,Doddi,1777,0.24
Ituri,Djugu,Dhendro Gr Dhendro,1.895755,30.656963,Diddo,1802,0.5
Ituri,Djugu,Dhendru Gr Lona Lodzipka,1.912505,30.455566,Ndjaddu,1682,0.43
Ituri,Djugu,Dhera Gr Ndjukpa,2.119498,30.603989,Ndjukpa,599,0.33
Ituri,Djugu,Dhesa Gr Buku,1.758016,30.571217,Tchussa,1188,0.5
Ituri,Djugu,Dhetchumbu Gr Buku,1.74736,30.620333,Dhechunbu,1763,0.84
Ituri,Djugu,Dhetho Gr Malabo,1.704195,30.350704,Bethelem,1934,0.43
Ituri,Djugu,Dhevi Gr Loga,1.716676,30.356985,Hongbe,1492,0.36
Ituri,Djugu,Dhevitchu Gr Sombuso,1.941786,30.705154,Dyevichu,1688,0.82
Ituri,Djugu,Dhey Gr Salibiko,1.716328,30.50976,BudO,508,0.25
Ituri,Djugu,Dhi Gr Lossa Ndrema,1.607879,30.59243,Dhedo 2,1805,0.4
Ituri,Djugu,Dhikpa Gr Dhendo,1.851868,30.671947,Jikpa,1511,0.73
Ituri,Djugu,Di Gr Lingo,1.745332,30.286983,Dii,1183,0.8
Ituri,Djugu,Digene Gr Wazabo,1.924739,29.955545,Moritani,735,0.29
Ituri,Djugu,Dikango Gr Dikango,2.250686,30.146866,Oke,252,0.2
Ituri,Djugu,Dimu Gr Mandje,1.864017,30.276314,Loji,1640,0.25
Ituri,Djugu,Dirokpa Gr Dirokpa,1.817222,30.432472,Panga,1131,0.33
Ituri,Djugu,Djadju Gr Ndjaudha,1.904099,30.5059,DEbu,140,0.4
Ituri,Djugu,Djaiba Gr Djaiba,1.985277,30.604103,Lodja,205,0.55
Ituri,Djugu,Djailo Gr Kekpa,1.81339,30.296171,Ndaki,651,0.55
Ituri,Djugu,Djambishi Gr Dz'na,1.848692,30.195375,Lodya,1649,0.29
Ituri,Djugu,Djangapoli Gr Mabilindey,1.936928,30.009262,Saio Galey,1468,0.4
Ituri,Djugu,Djeja Gr Ladedjo,1.8003,30.592,Djuba,849,0.6
Ituri,Djugu,Djelese ( Djaleve) Gr Mbr’bu,2.071899,30.688898,Bale,1511,0.55
Ituri,Djugu,Djogo Gr Jako-Ndahora,1.7913,30.3733,Golgota,1522,0.33
Ituri,Djugu,Djubadjo Gr Dhego,2.176645,30.188438,Gassa,1409,0.15
Ituri,Djugu,Djugu Gr Djugu,1.915247,30.503845,Djugo,1780,0.8
Ituri,Djugu,Djukpa Gr Kpadinga,1.890413,30.30397,Lokpa,1109,0.55
Ituri,Djugu,Djukr Gr Lossa Ndrema,1.731237,30.738604,Kiddikpa,1818,0.31
Ituri,Djugu,Djuu Gr Dhedja,1.831869,30.570566,Djaza,559,0.44
Ituri,Djugu,Dodjo Gr Risasi,1.755344,30.3916,Momo,1677,0.44
Ituri,Djugu,Donato Gr Itendey Agonema,1.786509,30.0976,Donato Malongakeke,12,0.5
Ituri,Djugu,Dotsi Gr Ndjubu,1.969303,30.35534,,,
Ituri,Djugu,Dotsu Gr Fataki,1.934123,30.403324,Loli,1278,0.22
Ituri,Djugu,Dr’zda Gr Dz'na,2.012471,30.662949,Djokpa,1215,0.36
Ituri,Djugu,Drakpa Gr Bulo-Shari,1.929911,30.326385,Mngla,1965,0.18
Ituri,Djugu,Drale Gr Saliboko,1.656072,30.482933,Wudhe,291,0.4
Ituri,Djugu,Dramani Gr Loga,1.662271,30.367785,Dz'na,1242,0.36
Ituri,Djugu,Drodro Gr Buku,1.766667,30.533333,Site Tsuya Drodro,1370,0.52
Ituri,Djugu,Drodro Gr Buku v,1.75668,30.54328,Site Tsuya Drodro,398,0.52
Ituri,Djugu,Drtsi Gr Laudjo,1.828019,30.63129,Tute,1006,0.22
Ituri,Djugu,Drungi Gr  Tchele,1.885161,30.325172,Limbu,1757,0.18
Ituri,Djugu,Duba Gr Musaba,2.277559,30.105446,Aria,1827,0.25
Ituri,Djugu,Dubele Gr Mabilendey,2.071693,30.013277,Bendere,1363,0.46
Ituri,Djugu,Dukri Gr Tchudja,2.156987,30.113653,Maskoti,484,0.33
Ituri,Djugu,Duma Gr Lona Lotsikpa,1.965345,30.539892,,,
Ituri,Djugu,Duvire Gr Sumbusu,1.971845,30.674042,Liri Unga,135,0.27
Ituri,Djugu,Dya Gr Buku,1.994348,30.607033,Lodja,1265,0.5
Ituri,Djugu,Dzadda Gr Malabo,1.6912,30.322655,Dada,1765,0.8
Ituri,Djugu,Dzadhi Gr Buku,1.756297,30.568073,Saio,450,0.4
Ituri,Djugu,Dzadi Gr Tchudja,1.822618,30.216015,Zukpa 2,1978,0.33
Ituri,Djugu,Dzaika Gr Ngle,1.926038,30.543905,Mbikpa,1777,0.5
Ituri,Djugu,Dzangu Gr Dz'na,2.01831,30.62028,,,
Ituri,Djugu,Dzaringa Gr Dhedja,1.795668,30.552477,Ndjaza 1,1215,0.38
Ituri,Djugu,Dzathi Gr Buku,1.737439,30.5528,Kiza,1049,0.4
Ituri,Djugu,Dzengi Gr Sombuso,1.931857,30.704496,Bengi,1029,0.73
Ituri,Djugu,Dz'mbu Gr Penyi,1.578055,30.436722,,,
Ituri,Djugu,Dz'na Gr Gali,1.928694,30.484306,Bura,1483,0.25
Ituri,Djugu,Dzri Gr Tolo,1.789198,30.485102,Mbli,1243,0.25
Ituri,Djugu,Dz'rodjo Gr Dhedja,1.840682,30.621971,Budyo,1100,0.33
Ituri,Djugu,Dzudda Gr Ladedjo,1.771087,30.57968,Tsida,1879,0.36
Ituri,Djugu,Elisha Gr Malabo,1.721858,30.379189,Uctha,953,0.36
Ituri,Djugu,Engavo Gr Tchomia,1.439746,30.48334,Nyakova,843,0.46
Ituri,Djugu,Esia Gr Swa-Tabi,2.4019,30.2155,Kaladao,1684,0.18
Ituri,Djugu,Ezekere Gr Bedu-Ezekere,1.5203,30.323183,Lone,357,0.18
Ituri,Djugu,Fataki Gr Fataki,1.989177,30.585306,Calvaire,1603,0.43
Ituri,Djugu,Fataki Mission Gr Fataki,1.990632,30.567974,Kamina,1105,0.4
Ituri,Djugu,Fichama Gr Tchomia,1.457556,30.472761,Tchusa,1891,0.46
Ituri,Djugu,Gai Gr Linga,1.977625,30.816378,Lingama Tsi,1715,0.43
Ituri,Djugu,Gali Gr Gali,1.93592,30.560034,Gokpa,1010,0.44
Ituri,Djugu,Gangala Gr Mabilindey,1.956668,30.015491,Kanga alivion,1889,0.5
Ituri,Djugu,Gay Gr Kekpa,1.805889,30.291555,Donga,874,0.5
Ituri,Djugu,Gay Gr Ngazba,2.283032,30.248278,Sara,1601,0.29
Ituri,Djugu,Gbaga Gr Tolo,1.736171,30.40589,Bii,1310,0.25
Ituri,Djugu,Gbagu Gr Buku,1.745373,30.575241,Ngbago,1201,0.73
Ituri,Djugu,Gbakalu Gr Gokalu,1.944556,30.528252,KadUkpa,1767,0.43
Ituri,Djugu,Gbala Gr Dirokpa,1.738921,30.49575,Wadda,159,0.4
Ituri,Djugu,Gbala Gr Jako,1.801699,30.402708,Toba,1275,0.44
Ituri,Djugu,Gbalana Gr Mali ya Kizungu,1.641783,30.066828,Itumagani,1674,0.38
Ituri,Djugu,Gbatchulu Gr Tsili,1.68864,30.44405,Lombu,453,0.29
Ituri,Djugu,Gbele Gr Bulo,1.827487,30.315292,,,
Ituri,Djugu,Gbetchu Gr Mayalibo,1.830935,30.501432,Kombu,8,0.33
Ituri,Djugu,Gbi Gr Lossa Ndrema,1.566699,30.5532,Gombi,1670,0.75
Ituri,Djugu,Gbidda Gr Loga,1.654036,30.403326,Bbau,887,0.4
Ituri,Djugu,Gboku Gr Pimbo,1.88509,30.503014,Goba,1642,0.44
Ituri,Djugu,Gbokudju Gr Sala,1.643499,30.3654,Bidju,794,0.62
Ituri,Djugu,Gboro Gr Dirokpa,1.81198,30.4521,BrBi,398,0.44
Ituri,Djugu,Gele Gr Kpadinga,1.858688,30.27549,Tchelo,91,0.4
Ituri,Djugu,Gene Gr Buku,1.757787,30.563986,Ngona,877,0.44
Ituri,Djugu,Gina Gr Jako Ndahora,1.793613,30.386675,Guna,765,0.75
Ituri,Djugu,Goba Gr Pimbo,1.7652,30.476383,Kpadhigo,15,0.33
Ituri,Djugu,Gobati Gr Fataki,2.01443,30.533585,Ngbatsiba 2,1084,0.59
Ituri,Djugu,Gobi Gr Gobi,1.863607,30.34588,Dhengai Budyu,1901,0.24
Ituri,Djugu,Godulu Gr Okere,2.317495,30.123144,Koumba,624,0.33
Ituri,Djugu,Godza Gr Buku,1.765701,30.616892,Lingo,1003,0.4
Ituri,Djugu,Gokalu Gr Gokalu,1.97578,30.547245,Dhego,1210,0.36
Ituri,Djugu,Gokpa Gr Dzna,1.93376,30.66662,Gokpa bilo,556,0.67
Ituri,Djugu,Golo 1 Gr Gokalu,1.925959,30.55103,Lots',1564,0.4
Ituri,Djugu,Golo 2 Gr Pimbo,1.676111,30.597723,Golo,1045,0.8
Ituri,Djugu,Golo Gr Dhendo,1.86967,30.6287,Golo 1,761,0.8
Ituri,Djugu,Golo Gr Gobi,1.6575,30.58532,Pidja,1972,0.0
Ituri,Djugu,Golo Gr Gokalu,1.926015,30.54686,Lots',1736,0.5
Ituri,Djugu,Gori Gr Penyi,1.539983,30.51313,Mbogi,1995,0.44
Ituri,Djugu,Goti Gr Dhego,1.661108,30.653795,Metusila,863,0.33
Ituri,Djugu,Gudda Gr Bulo,1.828799,30.30366,Ndaki,1605,0.4
Ituri,Djugu,Gudjo Gr Ndjukpa,2.132916,30.580723,Ngaludza,356,0.46
Ituri,Djugu,Gugbi Gr Risasi,1.770246,30.397194,Pangapanga,959,0.27
Ituri,Djugu,Gui Gr Musaba,2.100267,30.13336,Ngozo,192,0.25
Ituri,Djugu,Gumbu Gr Ngle,1.93881,30.608915,Loda,1024,0.0
Ituri,Djugu,Gure Gr Penyi,1.575479,30.436659,,,
Ituri,Djugu,Gutsi Gr Tchudja,1.886013,30.15541,Mavi,970,0.22
Ituri,Djugu,Guu Gr Loga,1.672469,30.383352,Ngule,1401,0.5
Ituri,Djugu,Hanga Gr Pitso,1.840963,30.400951,Zali,1816,0.22
Ituri,Djugu,Huma Gr Bendele,1.709059,30.29067,Luba,1035,0.5
Ituri,Djugu,Huu Gr Buku,1.760699,30.6101,Tchunga,1228,0.4
Ituri,Djugu,Idzani Gr Dz'na,1.802868,30.32975,Tsoda,1456,0.36
Ituri,Djugu,Iga Barriere,1.735329,30.30213,Site Kpangba,1081,0.33
Ituri,Djugu,Iga Barriere,1.733189,30.30786,Site Kpangba,409,0.33
Ituri,Djugu,Iga Barriere,1.735694,30.304111,Site Kpangba,885,0.33
Ituri,Djugu,Iga Barriere,1.731289,30.30576,Site Kpangba,659,0.33
Ituri,Djugu,Iga Barriere,1.737939,30.31056,Site Kpangba,588,0.33
Ituri,Djugu,Iga Barriere,1.736969,30.30359,Site Kpangba,998,0.33
Ituri,Djugu,Iga Barriere,1.72885,30.30522,Site Kpangba,822,0.33
Ituri,Djugu,Iga Gr Iga,1.718675,30.307695,Vila,250,0.57
Ituri,Djugu,Igwelai Gr Bija-Magosa,1.891873,30.064777,Abombi,87,0.15
Ituri,Djugu,Ikpa Gr Fataki,1.836014,30.575014,Ukpa,1417,0.75
Ituri,Djugu,Iri Gr Mayalibo,1.886013,30.478395,Lilo 1,857,0.22
Ituri,Djugu,Itendey Gr Agonema,1.78917,30.086126,Mandey,598,0.62
Ituri,Djugu,Ja Gr Gobi,1.744745,30.661045,Kpagba,968,0.25
Ituri,Djugu,Jagu Gr Fataki,1.973199,30.5958,Lodja,1437,0.44
Ituri,Djugu,Jangi-Ivu Gr Dhedja,1.767256,30.545029,Ndoki,693,0.29
Ituri,Djugu,Jee Gr Utcha,1.805755,30.562113,Dhele,1417,0.5
Ituri,Djugu,Jili Gr Malabo,1.74826,30.41568,Tchimba,1381,0.18
Ituri,Djugu,Jingu Gr Mandje,1.886309,30.278229,Loji,1838,0.44
Ituri,Djugu,Jipi Gr Gokpa,1.830471,30.514635,Lidjo,1898,0.22
Ituri,Djugu,Jiro Tara Gr Gobi,1.696503,30.530735,Rara,1908,0.62
Ituri,Djugu,Jisada Gr Malabo,1.709514,30.371998,Tsoba,1857,0.36
Ituri,Djugu,Jitchu Gr Kpadinga,1.872519,30.278963,Tchumbr,1481,0.62
Ituri,Djugu,Jitsoro Gr Mandje,1.87281,30.29584,Sombo,981,0.5
Ituri,Djugu,Jobalo Gr Fataki,1.98238,30.60047,Lodja,371,0.36
Ituri,Djugu,Joga Gr Pitso,1.824936,30.456736,Daga,300,0.5
Ituri,Djugu,Jukri Gr Gobi,1.702774,30.608103,Jiro,259,0.44
Ituri,Djugu,Ka 25 Gr Tchudja,1.82991,30.181477,Zukpa 2,1948,0.67
Ituri,Djugu,Ka 3 Gr Tchudja,1.849614,30.208055,Kpalu,385,0.44
Ituri,Djugu,Ka Gr Dz'na,1.958166,30.647694,Raa,1856,0.4
Ituri,Djugu,Kabakaba Gr Kabakaba,1.733332,30.116667,Benaimi,771,0.13
Ituri,Djugu,Kabal Gr Mabilindey,2.0559,29.9928,Ndjakalay,25,0.43
Ituri,Djugu,Kadimba Gr Bejamagosa,1.970263,30.14944,,,
Ituri,Djugu,Kahigwa Kudya Gr Tambaki,1.59911,30.353851,Kahigwa,1017,0.7
Ituri,Djugu,Kalidi Gr Dikango,2.301309,30.113964,Kabali,846,0.67
Ituri,Djugu,Kalisha Gr Lossa Ndrema,1.643599,30.6302,Lovi,955,0.36
Ituri,Djugu,Kama Gr Kama,1.83387,30.144638,Walimu,1282,0.4
Ituri,Djugu,Kambe Gr Malabo,1.723829,30.356882,Sombe 2,1795,0.5
Ituri,Djugu,Kamina Gr Abini,1.943954,30.23424,Ucangu,670,0.33
Ituri,Djugu,Kana Gr Kana,2.033333,30.25,Janga,1206,0.67
Ituri,Djugu,Kango Gr Dhendo,1.837463,30.846334,Ragedo,374,0.55
Ituri,Djugu,Kanitsonga Gr Ngazba,2.363414,30.214502,Limbiti,1038,0.24
Ituri,Djugu,Kanyo Gr Jako Ndahora,1.848263,30.479534,Kanyi,846,0.8
Ituri,Djugu,Kapele Gr Buku,1.740378,30.494827,DzKpa,1630,0.36
Ituri,Djugu,Karombo Gr Uketa,1.966456,30.86218,Kilo,1924,0.36
Ituri,Djugu,Katakoli Gr Wazabo,1.879969,30.07449,Abombi,1630,0.43
Ituri,Djugu,Katsu Gr Buba,2.028311,30.745497,Godjoka,40,0.33
Ituri,Djugu,Katsu Gr Kekpa,1.855558,30.315521,Goikpa,1252,0.36
Ituri,Djugu,Katsu Gr Luvangire,1.660891,30.334286,Katsu 2,648,0.83
Ituri,Djugu,Katsu gr Mbrbu,2.045639,30.6908,Libu,1817,0.22
Ituri,Djugu,Kau Gr Buku,1.772061,30.579775,Kpatiz,1566,0.44
Ituri,Djugu,Kawa Gr Lossa Ndrema,1.566666,30.533333,Kiza,1257,0.5
Ituri,Djugu,Kbee Gr Dz'na,1.794579,30.38261,Toba,1780,0.25
Ituri,Djugu,Kekpa Gr Kekpa,1.80566,30.30234,Nzali,715,0.2
Ituri,Djugu,Kibi Gr Ubiba,1.998347,30.245047,Ndima,1771,0.22
Ituri,Djugu,Kibu Gr Ubiba,1.984071,30.225468,Tombu,527,0.44
Ituri,Djugu,Kili Gr Pimbo,1.809221,30.418545,Buko,1100,0.25
Ituri,Djugu,Kilo-Etat Gr Itendey,1.819583,30.128584,Kolo,479,0.46
Ituri,Djugu,Kingoth Gr Jupawalu,2.134809,30.91486,Nvugo,1524,0.5
Ituri,Djugu,Kirongozi Gr Kirongozi-Angwali,1.764449,30.09401,Samangoli,1580,0.44
Ituri,Djugu,Kisuma Gr Fataki,1.949999,30.45,,,
Ituri,Djugu,Kitabo Abeli Gr Malabo,1.69058,30.3451,Abeli,19,0.59
Ituri,Djugu,Kitabu-Beli Gr Malabo,1.709437,30.364063,Site Malabo,1195,0.36
Ituri,Djugu,Kitagata Gr Tambaki,1.566136,30.296017,Kimia,1827,0.46
Ituri,Djugu,Kiza Gr Buku,1.79705,30.441362,Vira,1552,0.5
Ituri,Djugu,Klokpa Gr Gobi,1.72327,30.6233,KodA,1772,0.6
Ituri,Djugu,Kluba Gr Dirokpa,1.814942,30.427773,Lossa,1568,0.4
Ituri,Djugu,Kobo Gr Wiri,1.957304,30.211336,Yombe,488,0.44
Ituri,Djugu,Koikpa Gr Malabo,1.705541,30.43424,Kpadyu,1761,0.5
Ituri,Djugu,Koki Gr Kpadinga,1.81692,30.264912,Kpagboma,1979,0.33
Ituri,Djugu,Koli Gr Buku,1.75704,30.48692,Kpadhigo,1479,0.33
Ituri,Djugu,Kombo Gr Limani,1.721614,30.336826,Kombu,912,0.8
Ituri,Djugu,Kondje Gr Beliba,1.747889,30.415812,Kpande,1858,0.67
Ituri,Djugu,Kondo Gr Dhedja,1.856544,30.61223,Kato 2,1868,0.36
Ituri,Djugu,Kongo Gr Mulabo,1.694278,30.38861,Lita koko,1940,0.43
Ituri,Djugu,Korovi Gr Gobi,1.719642,30.557585,Liba,86,0.2
Ituri,Djugu,Kota Gr Wazabo,1.977622,29.967972,Matoro,222,0.2
Ituri,Djugu,Kotoni Gr Bedu Ezekere,1.443699,30.2945,Buy Kati,1862,0.43
Ituri,Djugu,Kotsodjo Gr Buku,1.738494,30.545244,Litsinga,1355,0.25
Ituri,Djugu,Kotu Gr Dhedja,1.832924,30.569157,Kondo,321,0.44
Ituri,Djugu,Kpabanga Gr Dz'na,1.790094,30.567293,Lokpa,1557,0.46
Ituri,Djugu,Kpabu Gr Loga,1.704964,30.463356,Kpadyu,1509,0.73
Ituri,Djugu,Kpadinga Gr Lona Lodzikpa,1.867455,30.302778,Mabanga,1879,0.53
Ituri,Djugu,Kpadole Gr Lopa,1.757694,30.366693,Kodjo,321,0.5
Ituri,Djugu,Kpaka Gr Dz'na,2.015896,30.619581,,,
Ituri,Djugu,Kpala gr Dzna,2.017721,30.620583,,,
Ituri,Djugu,Kpalo Gr Lossa Ndrema,1.66583,30.5128,Pelo,989,0.67
Ituri,Djugu,Kpalu Gr Tchudja,1.789808,30.266344,Village Kpatakpata,1446,0.4
Ituri,Djugu,Kpanga Gr Lona Lodzikpa,1.901808,30.564161,Dhengavi,1961,0.43
Ituri,Djugu,Kpanze Gr Bulo,1.833377,30.301632,Ngbangodjo,1691,0.25
Ituri,Djugu,Kparnganza Gr Loga,1.667636,30.43362,Varanu,1674,0.5
Ituri,Djugu,Kpawi Gr Dhendro,1.897894,30.681858,Dada,1842,0.22
Ituri,Djugu,Kpengbele Gr Pimbo,1.835549,30.45478,Nzambe,1392,0.4
Ituri,Djugu,Kubi Gr Tchibitchibi,2.036211,30.073984,,,
Ituri,Djugu,Kule Gr Utcha,1.795583,30.553453,Line,1160,0.5
Ituri,Djugu,Kumu Gr Mayaribu,1.87399,30.42512,,,
Ituri,Djugu,Kunja Ngumi Gr Dhego,2.078564,30.246054,Tchutchumbu,1062,0.27
Ituri,Djugu,Kunza Gr Ngaz'ba,2.239434,30.22247,Mapera 1,1449,0.15
Ituri,Djugu,La Gr Buku,1.728144,30.53511,Bapu,730,0.33
Ituri,Djugu,Labai Gr Beliba,1.812158,30.465761,Daga,1472,0.44
Ituri,Djugu,Labakpa Gr Mbrbu,2.084768,30.702322,Bale,484,0.36
Ituri,Djugu,Ladedjo Gr Ladedjo,1.781221,30.618834,Dyadda,1991,0.46
Ituri,Djugu,Ladile Gr Fataki,1.941262,30.59775,Wali,19,0.4
Ituri,Djugu,Laidha Gr Ndjukpa,2.203,30.3663,,,
Ituri,Djugu,Lailo Gr Ugwaro,2.088444,30.810444,Longavi,558,0.33
Ituri,Djugu,Lako Gr Budu,1.858309,30.21992,Sanduku,1046,0.36
Ituri,Djugu,Lala IDPs Gr Ngle,1.894364,30.598751,Longabi,1801,0.38
Ituri,Djugu,Lalo Gr Beliba,1.939167,30.279444,Lijo,1426,0.5
Ituri,Djugu,Lalo-Ureba Gr Mandje,1.825875,30.30348,Ngbangodjo,1197,0.2
Ituri,Djugu,Lalu Gr Mayalibo,1.907771,30.276087,Koli,1165,0.25
Ituri,Djugu,Lambi Gr Gokalu,1.938799,30.4647,,,
Ituri,Djugu,Lapele Gr Budu,1.727524,30.52332,Kapele,1379,0.83
Ituri,Djugu,Laraddi Gr Bulo,1.926471,30.307,Bulo-Shari,1229,0.47
Ituri,Djugu,Largu Gr Buku,1.743444,30.549166,Bapu,1593,0.44
Ituri,Djugu,Larokpa Gr Loga,1.672878,30.367243,Lita koko,1814,0.5
Ituri,Djugu,Laudjo Gr Djaiba,1.9878,30.6186,Lodja,1732,0.55
Ituri,Djugu,Lay Gr Wiri,1.924888,30.39864,Loli,1380,0.29
Ituri,Djugu,Lay Leo Gr Malabo,1.722355,30.371147,Lomande,1348,0.43
Ituri,Djugu,Leilenza Gr Bidjamagosa,1.850882,30.197758,Bagina,1531,0.43
Ituri,Djugu,Lendje Gr Gali,1.920071,30.562305,Senge,458,0.55
Ituri,Djugu,Lenga Gr Masumbuko,1.7041,30.5152,Losunga,1379,0.67
Ituri,Djugu,Lenge Gr Nglee,1.901221,30.642944,Ngopu,1944,0.4
Ituri,Djugu,Lenge Gr Saliboko,1.696272,30.530407,Losunga,563,0.5
Ituri,Djugu,Lera Gr Buku,1.750779,30.5931,Kpaluba,1975,0.36
Ituri,Djugu,Li Gr Fataki,1.991222,30.590166,Li 1,1361,0.67
Ituri,Djugu,Libba Gr Gobi,1.723075,30.588572,Lidjoba,1437,0.67
Ituri,Djugu,Liberia Gr Djugu,1.920894,30.50516,Bura,1023,0.55
Ituri,Djugu,Libi Gr Dz'na,2.044236,30.62204,Loki,1454,0.5
Ituri,Djugu,Libu Gr Dz'na,2.020111,30.715918,Bika,466,0.25
Ituri,Djugu,Lidda Gr Dhedja,1.810299,30.5626,Waliba,248,0.55
Ituri,Djugu,Lidha Mukubwa Gr Mbr'Bu,2.11027,30.66162,Leidha,108,0.53
Ituri,Djugu,Lidjo Gr Mayalibo,1.651904,30.486032,Lidyo,650,0.8
Ituri,Djugu,Lidyo Gr Penyi,1.682397,30.465788,Dhey,1772,0.44
Ituri,Djugu,Ligbanza Gr Kpadinga,1.87755,30.3145,Mabanga,1804,0.53
Ituri,Djugu,Liju Gr Mayaribu,1.874429,30.47318,Lilo 1,607,0.4
Ituri,Djugu,Likida Gr Taratibo,1.761836,30.32811,Koikpa,1835,0.5
Ituri,Djugu,Liko Gr Jako-Ndahora,1.80744,30.405388,Buko,1630,0.5
Ituri,Djugu,Likpa Gr Fataki,2.025262,30.486816,Masikini 1,60,0.27
Ituri,Djugu,Lilo Gr Mayalibo,1.79278,30.549992,Lora,441,0.5
Ituri,Djugu,Limbi Gr Utcha,1.791599,30.5529,Line,825,0.44
Ituri,Djugu,Limona Gr Petsi v,1.766667,30.216667,Kisanga,667,0.46
Ituri,Djugu,Lina Gr Malabo,1.709524,30.43325,Lotsi,1259,0.44
Ituri,Djugu,Lindu Gr Djaiba,1.983531,30.603285,Sanduku,1734,0.5
Ituri,Djugu,Line 2 Gr Gokpa,1.670289,30.55263,Ndrale,1101,0.33
Ituri,Djugu,Linga Gr Ezekere,1.540305,30.356722,Busini,495,0.36
Ituri,Djugu,Linga Gr Tatsi,1.49486,30.32081,Lima,1893,0.67
Ituri,Djugu,Lingo Gr Buku,1.863319,30.4829,Lilo 1,1813,0.55
Ituri,Djugu,Lingo Gr Lingo,1.70216,30.28656,Landa,350,0.4
Ituri,Djugu,Linyi Gr Sumbusu,1.976433,30.752539,Lodya,1837,0.4
Ituri,Djugu,Lio Gr Ndikpa,2.211101,30.61505,Tule,234,0.29
Ituri,Djugu,Lipe Gr Laudjo,1.777585,30.583094,Dogbe,1089,0.22
Ituri,Djugu,Lir Gr Dzna,1.965806,30.617107,Wabati,47,0.22
Ituri,Djugu,Liri-Unga Gr Dzna,1.974789,30.624681,Wabati,1346,0.13
Ituri,Djugu,Liso Gr Pitso,1.819625,30.495405,Tsoro,938,0.44
Ituri,Djugu,Lita Gr Loga,1.393831,30.215118,,,
Ituri,Djugu,Litchi Gr Utcha,1.767698,30.549503,Litsinga,1927,0.57
Ituri,Djugu,Litho Gr Dirokpa,1.80902,30.423895,Tchoro,1663,0.55
Ituri,Djugu,Liu Gr Budu,1.739807,30.48864,BUdu,1548,0.29
Ituri,Djugu,Livogo Gr Kama,1.822556,30.139639,Filo,90,0.4
Ituri,Djugu,Loba Gr Tchudja,1.886299,30.1933,Logani,1730,0.6
Ituri,Djugu,Lobana Gr Ngazba,2.291125,30.291327,Duvire,1908,0.0
Ituri,Djugu,Lobo gr Beliba,1.774839,30.5024,Tolo,1803,0.5
Ituri,Djugu,Lobo-Kongo Gr Malabo,1.720445,30.383083,Bogo,1257,0.57
Ituri,Djugu,Loda Gr Dzna,2.056037,30.233183,Lagura,1165,0.4
Ituri,Djugu,Loda Gr Dz'na,1.96533,30.6167,Wabati,39,0.2
Ituri,Djugu,Lodda Gr Djaiba,1.978963,30.594465,Lodja,1135,0.8
Ituri,Djugu,Lodha IDPs Gr Fataki,1.979329,30.614428,Lodja,1287,0.53
Ituri,Djugu,Lodile Gr Ndjaudha,1.811318,30.525286,Mali,822,0.4
Ituri,Djugu,Lodinga Gr Ngle,1.877699,30.595036,Lodda,859,0.67
Ituri,Djugu,Lodja Gr Djaiba,1.593083,30.363417,Gbokudju,93,0.46
Ituri,Djugu,Lodjo Dubele Gr Mabilidey,2.02583,30.00189,Beba,135,0.25
Ituri,Djugu,Lodua Gr Iga,1.718263,30.325336,Godo,1402,0.44
Ituri,Djugu,Loe Gr Dheno,1.897979,30.63972,Diddo,377,0.25
Ituri,Djugu,Loga 2 Gr Gokpa,1.890499,30.51991,Lenga,1828,0.55
Ituri,Djugu,Logari Gr Fataki,1.937701,30.539942,Jitso,1791,0.18
Ituri,Djugu,Logay Gr Dz'na,1.873785,30.336143,Tozaba,1424,0.36
Ituri,Djugu,Logoni Gr Tchudja,1.91425,30.171,Lossa,1764,0.36
Ituri,Djugu,Logo-Takpa Gr Lossa Ndrema,1.680812,30.551323,Takpa,1566,0.67
Ituri,Djugu,Loguba Gr Ngle,1.8903,30.5846,Lodda,1929,0.55
Ituri,Djugu,Lohu Gr Jako-Ndahora,1.767202,30.411179,Lots,1971,0.5
Ituri,Djugu,Loko Gr Buku,1.713194,30.648167,,,
Ituri,Djugu,Lokpakpa Gr Tchudja,1.807559,30.2235,Yalala,1542,0.43
Ituri,Djugu,Lokpakpa Gr Utcha,1.804149,30.53513,Gokpa,1181,0.62
Ituri,Djugu,Londje Gr Yalala,1.762137,30.254578,Lubasombe,1642,0.4
Ituri,Djugu,Londjina Gr Mbr'bu,2.05236,30.62128,Lumia,493,0.46
Ituri,Djugu,Londju Gr Buku,1.74652,30.6236,Lochu,544,0.55
Ituri,Djugu,Londoni Gr Mbribu,2.053944,30.62464,Tongo1,1802,0.46
Ituri,Djugu,Longaba Gr Lopa,1.747197,30.349976,Lopa,1354,0.55
Ituri,Djugu,Longalonga Gr Taratibo,1.76723,30.3136,Rond point,1786,0.4
Ituri,Djugu,Lonyo Gr Lonyo,1.623479,30.39211,Kaondro,1575,0.5
Ituri,Djugu,Lopebi Gr Dhedja,1.801625,30.557676,Lowi,1467,0.6
Ituri,Djugu,Lossa ndrema Gr Lossa Ndrema,1.866667,30.35,Dhengai Budyu,1511,0.24
Ituri,Djugu,Losu Gr Sumbusu,1.93568,30.737295,Pilo,1780,0.5
Ituri,Djugu,Lots Gr Lona Lotsikpa,1.897027,30.497917,Lowa,1306,0.5
Ituri,Djugu,Loy Gr Beliba,1.746909,30.41457,Momo,1332,0.29
Ituri,Djugu,Lu Gr Gokpa,1.80356,30.551533,Lora,810,0.33
Ituri,Djugu,Luchay Gr Bendele,1.768916,30.262583,Duba,1248,0.4
Ituri,Djugu,Luko Gr Dhedja,1.955649,30.57836,Kana,1198,0.25
Ituri,Djugu,Lukpa (Tsukpa) Gr Gokalu,1.934872,30.560581,Gokpa,953,0.6
Ituri,Djugu,Lumi Gr Limani,1.71544,30.3398,LaddI,1487,0.44
Ituri,Djugu,Lumia Gr Dz'na,2.021425,30.622305,Loki,1922,0.44
Ituri,Djugu,Mabanga 2 Gr Mabilindey,1.964602,29.953762,Panga,1400,0.57
Ituri,Djugu,Mabilindai Gr Mabilindey,1.949999,30.05,Mabilindey,1936,0.8
Ituri,Djugu,Mabua (Bua) Gr Tambaki,1.499429,30.472961,Landa,803,0.4
Ituri,Djugu,Madombo Gr Itendey,1.85543,30.100967,Aliba,1106,0.33
Ituri,Djugu,Makadinda Gr Bulo,1.943864,30.34446,Mngla,1113,0.29
Ituri,Djugu,Makofi Gr Dz’Maba,2.293943,30.1145,Aria,281,0.4
Ituri,Djugu,Makoko Gr Dhendo,1.873728,30.641924,Golo 2,41,0.33
Ituri,Djugu,Makpo Gr Limani,1.677672,30.275599,Mastolo,1191,0.5
Ituri,Djugu,Malabo Gr Malabo,1.560416,30.427528,Shatchu,1654,0.15
Ituri,Djugu,Maluka Gr Mabilindey,1.968304,29.97387,Matoro,1006,0.33
Ituri,Djugu,Mambisa Gr Kepka,1.782459,30.259798,Bbambu,1743,0.46
Ituri,Djugu,Mamboley Gr Ngazba,2.320863,30.207895,,,
Ituri,Djugu,Mandefu Gr Ugwaru,2.080079,30.590445,Kpambuni,900,0.27
Ituri,Djugu,Mandingbi Gr Kirongozi,1.819619,30.061623,Candipe,1055,0.5
Ituri,Djugu,Mandjamandji Gr Iga,1.701938,30.286663,Landa,328,0.47
Ituri,Djugu,Mandje Gr Bedu Ezekere,1.405892,30.34426,Rwempara,20,0.29
Ituri,Djugu,Mandombele Gr Wiri,1.9449,30.3978,Dotsu,1939,0.27
Ituri,Djugu,Mandro Gr Tambaki,1.629167,30.349167,Kwendra,1884,0.46
Ituri,Djugu,Mangambo Gr Tsili,1.730942,30.271315,Luma,1271,0.33
Ituri,Djugu,Mangbedu Gr Kama,1.820495,30.207335,Sangi BOdi,1813,0.56
Ituri,Djugu,Mangu Gr Malabo,1.900115,30.296904,Mabanga,1811,0.67
Ituri,Djugu,Mapendano Gr Wazabo,1.920506,29.98863,Irumu,1122,0.14
Ituri,Djugu,Masisi Gr Mabilindey,1.97115,30.0015,Mbalamuno,818,0.27
Ituri,Djugu,Masumbuko Gr Masumbuko,1.732277,30.539028,Ndjanguba,1263,0.33
Ituri,Djugu,Matamata Gr Musaba,2.029104,30.066978,Beleu,1627,0.0
Ituri,Djugu,Matete Gr Jako Ndahora,1.787655,30.387827,Thatsi,813,0.33
Ituri,Djugu,Matoro Gr Mabilindey,1.962,30.006779,Mbalamuno,576,0.4
Ituri,Djugu,Matupi Gr Loga,1.665783,30.37272,Tsilo,1218,0.36
Ituri,Djugu,Mawa Gr Tchudja,1.850888,30.219776,Mbuba,1973,0.44
Ituri,Djugu,Mayalibo Gr Mabilindey,1.843402,30.399986,Lele,944,0.17
Ituri,Djugu,Mayalibo Gr Mabilindey,1.016,30.0054,Ntoroko,311,0.13
Ituri,Djugu,Mayolo Gr Anyolo,1.710456,30.0865,Remy,1771,0.4
Ituri,Djugu,Maze Gr Utcha,1.801527,30.561304,Lora,1451,0.25
Ituri,Djugu,Mbaa Gr Djaiba,1.965299,30.61742,Wabati,90,0.4
Ituri,Djugu,Mbagu Gr Wazabo,1.902742,30.001738,Irumu,1458,0.4
Ituri,Djugu,Mbandu Gr Ndjubu,1.9167,30.4479,Gumbu,1216,0.55
Ituri,Djugu,Mbapele Gr Buku,1.791486,30.453089,Oba,1877,0.4
Ituri,Djugu,Mbaskpa Gr Loga,1.920598,30.571634,Gokpa,1702,0.5
Ituri,Djugu,Mbau Gr Dzna,1.805922,30.333233,Gobu,1846,0.5
Ituri,Djugu,Mbau Gr Kpadinga,1.959148,30.414616,Oka,1821,0.29
Ituri,Djugu,Mbau Gr Mabilindey,1.917,29.984175,Mudi,1975,0.5
Ituri,Djugu,Mbele Gr Ndjukpa,2.07989,30.57964,Kpambuni,1473,0.31
Ituri,Djugu,Mbetchi Gr Tambaki,1.457461,30.47901,Tchusa,1661,0.46
Ituri,Djugu,Mbidjo Gr Dhego,2.081394,30.108162,Centre Badjere,371,0.46
Ituri,Djugu,Mbikpa Gr Gokalu,1.821321,30.213842,Zukpa 2,1789,0.46
Ituri,Djugu,Mbina Gr Malabo,1.690497,30.344763,Vena,555,0.44
Ituri,Djugu,Mbli Gr Dirokpa,1.791849,30.4642,Beliba,1130,0.6
Ituri,Djugu,Mboyo Gr Mabilindey,1.926398,29.976118,,,
Ituri,Djugu,Mbudja Gr Utcha,1.799837,30.555855,Ndjaza 2,1470,0.43
Ituri,Djugu,Mbudjona Gr Ngle,1.904083,30.55502,Dz'na,1046,0.5
Ituri,Djugu,Mbuja Gr Utcha,1.895537,30.650087,Diddo,1115,0.0
Ituri,Djugu,Mbulaba Gr Lopa,1.746803,30.314459,Balabala,778,0.67
Ituri,Djugu,Meli Gr Gokpa,1.916669,30.5,DEbu,1648,0.25
Ituri,Djugu,Mengu Gr Beliba,1.758378,30.518011,Mengo,1678,0.8
Ituri,Djugu,Mesu Gr Buku,1.740774,30.5656,Dhessa,1336,0.4
Ituri,Djugu,Mindju Gr Loga,1.691125,30.416058,Mandro,1873,0.5
Ituri,Djugu,Mindju Gr Malabo,1.788401,30.18689,Dhelo Mindju,1828,0.67
Ituri,Djugu,Mita Gr Tchomia,1.51626,30.502907,Kanana,64,0.2
Ituri,Djugu,Monaco Gr Kabakaba,1.718747,30.100185,Nguta,708,0.36
Ituri,Djugu,Monga Gr Mandje,1.801823,30.2935,Donga,915,0.8
Ituri,Djugu,Mongbwalu Gr Mabilindey,1.93689,30.04671,Mugamba,1554,0.5
Ituri,Djugu,Mongbwalu Gr Mabilindey,1.928979,30.05577,Gangala 1,1567,0.44
Ituri,Djugu,Mongbwalu Gr Mabilindey,1.94183,30.03791,Mugamba,1574,0.5
Ituri,Djugu,Mongbwalu Gr Mabilindey,1.93287,30.04779,Mugamba,1985,0.5
Ituri,Djugu,Mongbwalu Gr Mabilindey,1.932898,30.048014,Mugamba,1980,0.5
Ituri,Djugu,Mongbwalu Gr Mabilindey,1.935639,30.04294,Mugamba,1802,0.5
Ituri,Djugu,Mongbwalu Gr Mabilindey,1.929299,30.04346,Malanga,1654,0.5
Ituri,Djugu,Mongbwalu Gr Mabilindey,1.94401,30.05399,Mugamba,928,0.5
Ituri,Djugu,Morgue gr Sesele,1.775145,30.361597,Parquet,1811,0.46
Ituri,Djugu,Mpigwa Gr Sumbusu,1.668269,30.551561,Takpa,254,0.36
Ituri,Djugu,Muganga Gr Sumbuso,1.815333,30.833736,Mibu,1511,0.36
Ituri,Djugu,Muke Gr Mbr'bu,2.108289,30.550318,Lotha Mukubwa,55,0.35
Ituri,Djugu,Mulabo Gr Mulabo,1.713639,30.353945,Site Malabo,300,0.59
Ituri,Djugu,Mulanday Gr Mabilindey,1.9741,30.01321,Mbalamuno,1698,0.35
Ituri,Djugu,Mulelu Gr Ndjubu,1.981032,30.355816,,,
Ituri,Djugu,Mulinga Gr Tolo,1.777261,30.40334,Singo,528,0.5
Ituri,Djugu,Mungbwalu,1.99,30.03,Kpangba,576,0.5
Ituri,Djugu,Muru Gr Mandje,1.859542,30.283716,Subu,1947,0.5
Ituri,Djugu,Musaba Gr Wazabo,1.922274,29.98836,Irumu,1263,0.36
Ituri,Djugu,Musekere Gr Sumbusu,1.903651,30.910042,Mbila,1057,0.15
Ituri,Djugu,Mussa Gr Kpadinga,1.834565,30.31627,,,
Ituri,Djugu,Mutanga Gr Penyi,1.5612,30.5164,Umbu,1002,0.36
Ituri,Djugu,Muvaramu Gr Lossa Ndrema,1.922749,30.934933,Luru,1199,0.5
Ituri,Djugu,N/A- settlement,2.861079,30.83331,Atekule,1527,0.38
Ituri,Djugu,Ndani Gr Mali Ya Kizungu,1.65274,30.05551,Badidho,1522,0.33
Ituri,Djugu,Ndjangi Gr Buku,1.763622,30.554346,Ndjala,1695,0.62
Ituri,Djugu,Ndjaridjo Gr Tolo,1.74504,30.39522,Dhadha,1905,0.4
Ituri,Djugu,Ndjerr Gr Ladedjo,1.819478,30.580416,Dheki,1234,0.36
Ituri,Djugu,Ndjey Gr Dz'na,1.807901,30.340893,Kpadyu,1916,0.36
Ituri,Djugu,Ndjudza Gr Gali,1.920614,30.570845,Ndjala,1686,0.62
Ituri,Djugu,Ndjugo Gr Djugu,1.923562,30.44211,Ndjaddu,1536,0.62
Ituri,Djugu,Ndjur Kidoko Gr Ndjukpa,2.076033,30.62576,Londoni,1634,0.32
Ituri,Djugu,Ndobu Gr Lona Lotsikpa,1.89354,30.5171,DEbu,1657,0.67
Ituri,Djugu,Ndogbe Gr Buku,1.748407,30.556799,Ngazba,1404,0.5
Ituri,Djugu,Ndoki Gr Buku,1.668889,30.609722,Golo,783,0.22
Ituri,Djugu,Ndrikpa Gr Djaiba,1.945466,30.640606,Drakpa,622,0.77
Ituri,Djugu,Ndrili Gr Linga,1.876832,30.731289,Ndalo,1392,0.55
Ituri,Djugu,Ndrkpa Gr Sesele,1.810135,30.467216,Vira,1734,0.4
Ituri,Djugu,Ndrongo Gr Gobi,1.70071,30.590055,Gobi,1560,0.36
Ituri,Djugu,Ndude Gr Sombuso,1.952419,30.70286,Djidda,668,0.36
Ituri,Djugu,Ngaju Gr Gali,1.927561,30.3669,,,
Ituri,Djugu,Ngakpa II Gr Ndjukpa,2.077616,30.62645,Tongo2,1725,0.27
Ituri,Djugu,Ngalau Gr Ladedjo,1.761999,30.6333,Dzengele,1988,0.43
Ituri,Djugu,Ngama Gr Mabilindey,1.976501,29.969606,Matoro,62,0.36
Ituri,Djugu,Ngandja Gr Luvangire,1.638813,30.360388,Nyanda,1587,0.77
Ituri,Djugu,Nganga Gr Lona Lotsikpa,1.8794,30.5376,Ngaba,1704,0.73
Ituri,Djugu,Ngaroli Gr Buku,1.7357,30.5976,Gbithi,422,0.31
Ituri,Djugu,Ngazba Gr Buku,1.72728,30.5484,Ndjanguba,1694,0.53
Ituri,Djugu,Ngbagu Gr Buku,1.752719,30.5898,Ngbago,841,0.83
Ituri,Djugu,Ngbala Gr Budu,1.715819,30.51011,Jiro Tara,1071,0.27
Ituri,Djugu,Ngbapeni Gr Malabo,1.549846,30.410473,Linga,911,0.46
Ituri,Djugu,Ngere Gr Tolo,1.758169,30.426401,Mande,1017,0.4
Ituri,Djugu,Ngiri Gr Ugwaru,2.130416,30.635027,Dheu,1484,0.0
Ituri,Djugu,Ngoba - Leka Gr Yalala,1.804368,30.242237,Basuku,341,0.38
Ituri,Djugu,Ngobi Gr Iga,1.721961,30.295668,BPI,620,0.5
Ituri,Djugu,Ngobu Akrii Gr Dz'na,1.991426,30.602415,Ngri,1520,0.53
Ituri,Djugu,Ngoi Gr Malabo,1.721544,30.353971,Tinyo,1850,0.44
Ituri,Djugu,Ngombu Gr Sombuso,2.017527,30.692223,Tsupu Kidogo,885,0.22
Ituri,Djugu,Ngongo Gr Pimbo,1.897063,30.491053,Gora,407,0.4
Ituri,Djugu,Ngotutsi Gr Ndjubu,1.930395,30.32843,Mngla,1731,0.31
Ituri,Djugu,Ngrikpa Gr Utcha,1.767639,30.54972,Ngona,1312,0.5
Ituri,Djugu,Nguga Gr Mabilindey,1.945379,30.015652,Kanga alivion,1461,0.33
Ituri,Djugu,Ngugo Gr Jako-Ndahora,1.794206,30.391191,Guna,1156,0.44
Ituri,Djugu,Ngukle Gr Loda,1.859087,30.275162,Lalo,1220,0.2
Ituri,Djugu,Nguo  Gr Musaba,2.12713,30.0992,Mundo,1536,0.44
Ituri,Djugu,Nguzo Gr Dhego,2.084407,30.107199,Godya 1,737,0.33
Ituri,Djugu,Ngwadhebu Gr Mandje,1.910099,30.2848,Zapi,1866,0.15
Ituri,Djugu,Niamamba Gr  Ngbavi,1.529932,30.522263,Ngbavi,685,0.43
Ituri,Djugu,Niangaray Gr Ngongo,1.690968,30.206484,Ngongo,285,0.27
Ituri,Djugu,Njakalai Gr Mabilindey,2.025099,30.0027,Beba,16,0.17
Ituri,Djugu,Njango Gr Loga,1.643084,30.41174,Dz'Na,49,0.4
Ituri,Djugu,Noga Gr Dzna,2.018959,30.7044,Bika,1621,0.25
Ituri,Djugu,Nogo Gr Gbavi,1.732756,30.508738,BudO,1802,0.25
Ituri,Djugu,Nongo Gr Bedjamagosa,1.944244,30.108116,Damblo,147,0.18
Ituri,Djugu,Nongo-Gbavi Gr Ngbavi,1.534387,30.33891,Busini,1891,0.24
Ituri,Djugu,Nuvo Gr Londroma,2.020592,30.177402,Juji,56,0.25
Ituri,Djugu,Nya Gr Utcha,1.777151,30.545786,Dyadda,1738,0.44
Ituri,Djugu,Nyaka Gr Dhego,2.079649,30.116142,Mukonomoya,1900,0.4
Ituri,Djugu,Nyakova Gr Tchomia,1.447276,30.439278,,,
Ituri,Djugu,Nyakrika Gr Ngbavi,1.572376,30.486774,Mutanga,1619,0.27
Ituri,Djugu,Nyali Gr Dz'na,1.99421,30.705,Dzailo,766,0.36
Ituri,Djugu,Nyalibati Gr Fataki,1.986606,30.539507,Obeni,1552,0.29
Ituri,Djugu,Nyamamba Gr Ngbavi,1.525277,30.519444,Nyakrika,1903,0.5
Ituri,Djugu,Nyamasa Gr Bija Magosa,1.890653,30.084305,Abelkozo,1756,0.13
Ituri,Djugu,Nyamasa Gr Djugu Centre,1.92005,30.47831,Saidi,1859,0.33
Ituri,Djugu,Nyamasa Gr Tsili,1.886579,30.087597,Landa,1965,0.33
Ituri,Djugu,Nyampala Gr Dirokpa,1.81774,30.434587,Ndjala,1019,0.57
Ituri,Djugu,Nyanda Gr Jili,1.66822,30.349718,Nganza Dhu,1164,0.5
Ituri,Djugu,Nyangaray Gr Petsi,1.711467,30.142376,Tchangalala,756,0.5
Ituri,Djugu,Nyangaray Gr Tsili,1.711316,30.142376,Tchangalala,745,0.5
Ituri,Djugu,Nyangri Gr Bendele,1.911381,30.501425,Kpanga,1979,0.46
Ituri,Djugu,Nyarada Gr Tsili,1.737794,30.25073,Mangala,100,0.43
Ituri,Djugu,Nyasi Gr Mabilindey,2.0794,30.0909,Centre Djatsi,1769,0.55
Ituri,Djugu,Nyau Gr Dhego,1.630496,30.390743,Ngbachulu,1977,0.46
Ituri,Djugu,Nyekese Gr Malabo,1.70349,30.33844,Nyakava,1706,0.43
Ituri,Djugu,Nyevi Gr Sombuso,1.943199,30.704496,Dyevichu,1521,0.62
Ituri,Djugu,Nyimbu Gr Jako-Ndahora,1.764219,30.409588,Penyi,1380,0.55
Ituri,Djugu,Nyinga Gr Gobi,1.731189,30.6085,Dinyo,1430,0.36
Ituri,Djugu,Nyolo Gr Ladedjo,1.776062,30.616814,Loto,647,0.44
Ituri,Djugu,Nyoro Gr Buku,1.774494,30.502022,Tolo,1781,0.44
Ituri,Djugu,Nzaka Gr Fataki,1.943016,30.596006,Kana,1948,0.44
Ituri,Djugu,Nzalo Gr Utcha,2.10217,30.251135,Nzado,1833,0.8
Ituri,Djugu,Nzambe Gr Pimbo,1.825209,30.45609,Daga,377,0.2
Ituri,Djugu,Nzitsiri Gr Risasi,1.749799,30.3932,Risasi,526,0.43
Ituri,Djugu,Nzoroji Gr Buku,1.768,30.604603,Loko,1749,0.36
Ituri,Djugu,Obeni Gr Djaiba,1.98977,30.60855,Li 2,512,0.22
Ituri,Djugu,Oka Gr Fataki,2.013,30.395811,Yawa,1848,0.29
Ituri,Djugu,Oke Gr Ngazba (Berunda),2.320992,30.246523,Dzili,1318,0.0
Ituri,Djugu,Otsu Gr Ndjubu,1.94716,30.358479,Uweci,1591,0.22
Ituri,Djugu,Paguta Gr Ucondji,2.099194,30.91336,Mangungu Vari,1843,0.42
Ituri,Djugu,Pale Gr Malabo,1.719162,30.370415,Pay,1572,0.57
Ituri,Djugu,Panduru Gr Kekpa,1.835433,30.26472,Madye,334,0.33
Ituri,Djugu,Panga Gr Dirokpa,1.78339,30.4567,Beliba,135,0.18
Ituri,Djugu,Panza Gr Pimbo,1.77822,30.5372,Bokpa,356,0.4
Ituri,Djugu,Parapluie Gr Tolo,1.828513,30.439327,Ndjala,456,0.27
Ituri,Djugu,Passion Gr Kpadinga,1.889716,30.309952,Crepao,1569,0.46
Ituri,Djugu,Pati Gr Mandje,1.8938,30.3075,Lokpa,578,0.44
Ituri,Djugu,Patsu Gr Dirokpa,1.830669,30.569265,Tsuki,1773,0.6
Ituri,Djugu,Peda Gr Zengo,1.997961,30.222488,Gbodza,551,0.4
Ituri,Djugu,Pelo Gr Petro,1.873718,30.620132,Golo 1,1674,0.4
Ituri,Djugu,Penyi Gr Penyi,1.534793,30.345217,Busini,1189,0.36
Ituri,Djugu,Penyi Gr Penyi,1.500869,30.4415,Loromi,1253,0.18
Ituri,Djugu,Petro Gr Dhendo,1.866722,30.631306,Kato 2,1056,0.36
Ituri,Djugu,Piko Gr Fataki,1.971521,30.583288,Wakoko,1260,0.4
Ituri,Djugu,Pilo Gr Mayaribo,1.847442,30.385326,Kpau,1205,0.25
Ituri,Djugu,Pimbo Gr Pimbo,1.844972,30.469904,Lobo 2,1997,0.36
Ituri,Djugu,Plaine Savo IDPs Gr Ngle,1.907403,30.585926,Lodinga,1956,0.35
Ituri,Djugu,Pli Gr Pimbo,1.797312,30.501852,Djukpa,211,0.22
Ituri,Djugu,Pluto Gr Tchibi-Tchibi,1.988574,30.027456,Luka malembe,1694,0.24
Ituri,Djugu,Poipo Gr Wazabo,1.903381,30.065464,Abombi,1365,0.36
Ituri,Djugu,Pugutha Gr Djupawalu,2.148,30.9348,Jupumule,1338,0.4
Ituri,Djugu,Ra Gr Dzna,1.960842,30.64978,Raa,1493,0.8
Ituri,Djugu,Radja Gr Gobi,1.726222,30.611938,KodA,905,0.22
Ituri,Djugu,Radju Gr Utcha,1.838667,30.574665,Dz'rodjo,1267,0.5
Ituri,Djugu,Rdja Gr Tchele,1.972095,30.374655,,,
Ituri,Djugu,Reti Gr Zabu,2.09031,30.89276,Rethy Mission,716,0.47
Ituri,Djugu,Rety-Se Gr Ucondji,2.098895,30.88897,Rethy Mission,1235,0.6
Ituri,Djugu,Reu Gr Djaiba,1.985903,30.606556,Gorgo,1488,0.25
Ituri,Djugu,Rho gr Ngle,1.908249,30.615807,Diro,1909,0.57
Ituri,Djugu,Rhoo Gr Buku,1.763803,30.615528,Loto,1965,0.5
Ituri,Djugu,Rhoo IDPs Gr Buku,1.762545,30.59061,Ngaroli,1606,0.38
Ituri,Djugu,Rr'da Gr Buku,1.745007,30.565207,Ndjala,1202,0.4
Ituri,Djugu,Rule Gr Sumbusu,1.95,30.7,Dhena,1576,0.22
Ituri,Djugu,Sabaido Gr Itendeyi,1.851459,30.12382,Aliba,1885,0.5
Ituri,Djugu,Sabakele Gr Bedjamagosa,1.9428,30.1078,Damblo,53,0.43
Ituri,Djugu,Sabe Gr Tchomia,1.514709,30.5026,Dakule,1532,0.4
Ituri,Djugu,Sadu Gr Dhedja,1.826414,30.571646,Tsuki,1244,0.44
Ituri,Djugu,Saikpa Gr Sala,1.599009,30.4337,Kpabu,1410,0.55
Ituri,Djugu,Sake Gr Mbr’bu,2.083333,30.733334,Iya,1274,0.29
Ituri,Djugu,Sala Gr Sala,1.595216,30.396435,Kakadz',1661,0.4
Ituri,Djugu,Sala Lope Gr Sala,1.602149,30.38251,Lipa senge,1950,0.42
Ituri,Djugu,Saliboko Gr Saliboko,1.688199,30.4819,Lobi,1032,0.33
Ituri,Djugu,Sandala Gr Wazabo,1.869467,30.049019,Andingbwa,195,0.5
Ituri,Djugu,Sanduku Gr Dzna,1.998,30.6365,,,
Ituri,Djugu,Sanzi Gr Taratibo,1.780321,30.293833,Nizi Centre,1399,0.67
Ituri,Djugu,Sasa Gr Ugwaro,2.122366,30.751976,Samba,1344,0.67
Ituri,Djugu,Sauda Gr Agonema,1.831218,30.123875,Sau,813,0.75
Ituri,Djugu,Saukpa Gr Sumbusu,1.933114,30.674355,Tchukpa,759,0.62
Ituri,Djugu,Sayo Gr Mabilindey,1.943369,30.02068,Saio Ndiri,474,0.43
Ituri,Djugu,Scierie Abelkozo Gr Bidjamagosa,1.889858,30.06552,Abombi,153,0.27
Ituri,Djugu,See Gr Malabo,1.722404,30.371433,Lewe,1378,0.57
Ituri,Djugu,Segui Gr Mabilindey,1.956261,30.036207,Sem,1979,0.5
Ituri,Djugu,Seka Gr Malabo,1.709393,30.371893,DzKpa,1800,0.44
Ituri,Djugu,Senge Gr  Lona-Lotshikpa,1.872329,30.529623,Musese,208,0.55
Ituri,Djugu,Serpe Gr Dhego,2.279299,30.2127,,,
Ituri,Djugu,Sesele Gr Sesele,1.756158,30.343336,Site Tse Lowi,1578,0.32
Ituri,Djugu,Seti Gr Wazabo,1.878646,30.05359,Abombi,1876,0.2
Ituri,Djugu,Shako Gr Beliba,1.775709,30.4902,Thatsi,1600,0.36
Ituri,Djugu,Shatchu Gr Dirokpa,1.811993,30.425339,Lossa,1653,0.33
Ituri,Djugu,Site IPDs Njangi Gr Buku,1.766556,30.550861,Site Tsuya Drodro,1052,0.36
Ituri,Djugu,So Gr Dhedja,1.695801,30.351467,Tsoba,976,0.57
Ituri,Djugu,Soba Gr Lossa Ndrema,1.582643,30.58365,Saramungu,1923,0.31
Ituri,Djugu,Solenyama Gr Batale,1.853809,30.27186,Lalo,533,0.15
Ituri,Djugu,Sombe Gr Limani,1.73447,30.3331,Sombe 2,532,0.83
Ituri,Djugu,Sombuso Gr Dirokpa,1.922571,30.503998,Bura,880,0.36
Ituri,Djugu,Su Gr Ladedjo,1.709131,30.364555,Vura,1562,0.33
Ituri,Djugu,Su Gr Ladedjo,1.786972,30.593332,Buju,449,0.33
Ituri,Djugu,Sube Gr Ndikpa,1.921658,30.171215,Ungwaru,725,0.18
Ituri,Djugu,Suber Gr Pamitu-Amee,2.13333,30.76667,Juparwoth,1621,0.29
Ituri,Djugu,Sukisa Gr Dhego,2.047739,30.065496,,,
Ituri,Djugu,Sukuma Gr Wazabo,1.971863,30.125917,,,
Ituri,Djugu,Sumbu Gr Sombuso,1.949342,30.701565,Sombo,1802,0.6
Ituri,Djugu,Suni Gr Gokpa,1.830484,30.571598,Tsuki,1602,0.67
Ituri,Djugu,Supu Kidoko Gr Ruvinga,2.055056,30.922112,Wiloo,466,0.38
Ituri,Djugu,Susu Gr Buku,1.750134,30.558628,Jissa,373,0.44
Ituri,Djugu,Taguli Gr Risasi,1.757125,30.424643,Mulinga,1440,0.46
Ituri,Djugu,Takpa Gr Fataki,2.002985,30.594486,Addi,1962,0.22
Ituri,Djugu,Tali Gr Singo,1.678092,30.481695,Lobi,1670,0.5
Ituri,Djugu,Tambaki Gr Tambaki,1.594925,30.396418,Kilo,1459,0.36
Ituri,Djugu,Tara Gr Lossa Ndrema,1.771561,30.766443,Tsokpa,1847,0.4
Ituri,Djugu,Taratibu Gr Taratibu,1.965694,30.5006,Ngbatsiba 3,491,0.42
Ituri,Djugu,Tata Gr Pimbo,1.765427,30.51575,Panza,1665,0.44
Ituri,Djugu,Tchadju Gr Dz'na,1.8048,30.351524,Bubbu 2,1828,0.14
Ituri,Djugu,Tchangana Gr Kirongozi,1.836166,30.019333,Abaluma,1788,0.38
Ituri,Djugu,Tchatsikpa Gr Beliba,1.763479,30.4707,Kpadhigo,649,0.33
Ituri,Djugu,Tchau Gr Dirokpa,1.774263,30.526714,Shachu,1242,0.55
Ituri,Djugu,Tche  IDPs Gr Losandrema,1.683253,30.523577,Zatchoni,1495,0.47
Ituri,Djugu,Tche Gr Losandrema,1.668709,30.52037,Tchuba,823,0.6
Ituri,Djugu,Tchedya Gr Buku,1.74617,30.58529,Tchoro,1742,0.46
Ituri,Djugu,Tchele Gr Tchele,1.836289,30.286762,Dhembu,1709,0.33
Ituri,Djugu,Tchelo Gr Mandje,1.886705,30.287245,Crepao,1274,0.5
Ituri,Djugu,Tchesu Gr Pitso,1.896049,30.404186,Dhehu,19,0.55
Ituri,Djugu,Tchey bi Gr Gobi,1.663141,30.584585,Pidja,1341,0.15
Ituri,Djugu,Tcheya Gr Loga,1.699437,30.417925,Iro Locho,1917,0.27
Ituri,Djugu,Tchibitchibi Gr Tchibitchibi,1.9722,30.0334,Mabilindey,1566,0.27
Ituri,Djugu,Tchimba Gr Budi,1.77804,30.40408,Toba,1594,0.55
Ituri,Djugu,Tchombe Ugwar Gr Ndikpa,1.92426,30.1746,Ungwaru,278,0.5
Ituri,Djugu,Tchoro Gr Dirokpa,1.774266,30.39739,Tolo,1298,0.6
Ituri,Djugu,Tchusa Gr Buku,1.794355,30.56863,Njachulu,1523,0.43
Ituri,Djugu,Tchutchu Gr Buraki,2.046914,29.974304,Adra,1678,0.0
Ituri,Djugu,Tchuu Gr Saliboko,1.6049,30.5032,Tchau,657,0.8
Ituri,Djugu,Tebu Gr Ladedjo,1.777099,30.6113,Lombu,1946,0.44
Ituri,Djugu,Tembela Gr Ngbavi,1.474717,30.481358,Bukuku,1106,0.15
Ituri,Djugu,Tete Gr Ladedjo,1.780472,30.624195,Loto,459,0.25
Ituri,Djugu,Tetete Gr Bedjamagosa,1.875486,30.08099,Abelkozo,69,0.14
Ituri,Djugu,Thatsi Gr Tolo,1.813631,30.42676,Singo,1374,0.36
Ituri,Djugu,Tivi Gr Lokari,1.981577,30.355177,,,
Ituri,Djugu,Tombo Gr Lodda,1.98958,30.2256,Tombu,540,0.8
Ituri,Djugu,Tongo Gr Mbrbu,2.129199,30.628,Ngiri,1489,0.4
Ituri,Djugu,Tongo II Gr Mbrbu,2.1308,30.6302,Ngiri,1777,0.62
Ituri,Djugu,Tragi Gr Burasi,1.848521,29.987453,Mangala,566,0.33
Ituri,Djugu,Trike Gr Tambaki,1.545606,30.32871,Kabeya 2,1179,0.31
Ituri,Djugu,Trikpa Gr Dhendro,1.843346,30.710318,DrKpa,1803,0.73
Ituri,Djugu,Tsaa Gr Gali,1.91902,30.553848,Lots',752,0.5
Ituri,Djugu,Tsalaka Gr Loga,1.875576,30.338451,Tozaba,1642,0.46
Ituri,Djugu,Tsali Gr Fataki,1.965365,30.536993,,,
Ituri,Djugu,Tsanga Gr Dhedja,1.887809,30.59626,Ngaddu,1084,0.5
Ituri,Djugu,Tsangu Gr Gokpa,1.823501,30.569126,Tsuki,1282,0.55
Ituri,Djugu,Tseki Gr Dhedja,1.872627,30.586416,Loko,541,0.22
Ituri,Djugu,Tsele Gr Tsili,1.716667,30.216667,Tchepi,1318,0.36
Ituri,Djugu,Tsena Gr Djako,1.839604,30.430887,Ndjala,1511,0.36
Ituri,Djugu,Tsewe Gr Kekpa,1.809412,30.292078,Ngole,1417,0.2
Ituri,Djugu,Tsha Gr Jako-Ndahora,1.792004,30.396955,Tsedha,1550,0.8
Ituri,Djugu,Tshalaka Gr Loga,1.70587,30.41639,Kpangavi,397,0.25
Ituri,Djugu,Tshumbu Gr Loga,1.684229,30.43338,Lombu,1070,0.5
Ituri,Djugu,Tsiba Gr Ladedjo,1.832,30.570787,Tsuki,1793,0.6
Ituri,Djugu,Tsibagunga Gr Malabo,1.733368,30.379366,Bau,779,0.46
Ituri,Djugu,Tsibu Gr Gali,1.917953,30.573172,Golo tshuke,1528,0.38
Ituri,Djugu,Tsida Gr Ladedjo,1.790382,30.612612,Tsilu,1281,0.6
Ituri,Djugu,Tsiku Gr Lopa,1.729593,30.34311,Limbu,1024,0.4
Ituri,Djugu,Tsilo Gr Jako Ndahora,1.814224,30.42715,Singo,1427,0.6
Ituri,Djugu,Tsilu Gr Ladedjo,1.772079,30.59094,Tsida,948,0.6
Ituri,Djugu,Tsinziri Gr Wazabo,1.925358,29.996546,Irumu,1153,0.31
Ituri,Djugu,Tsitsi Gr Fataki,1.957769,30.644842,Dema Tiu,599,0.29
Ituri,Djugu,Tsolu Gr Beliba,1.76839,30.4767,Tolo,1888,0.67
Ituri,Djugu,Tsotso Gr Fataki,1.970944,30.564852,Wakoko,1552,0.33
Ituri,Djugu,Tsotso Gr Lopa,1.765601,30.33295,D'Alots,1931,0.5
Ituri,Djugu,Tsu Gr Salibiko,1.680333,30.533438,Dhessa,1070,0.22
Ituri,Djugu,Tsuba Gr Dzna,1.998929,30.648,Ngokoni,1339,0.0
Ituri,Djugu,Tsuba Gr Gali,1.89162,30.56771,Bumbi,1513,0.4
Ituri,Djugu,Tsuba Gr Myalibo,1.865039,30.4738,Kaba,1225,0.44
Ituri,Djugu,Tsuba Gr Pimbo,1.828251,30.45148,Pitso,1167,0.4
Ituri,Djugu,Tsuga Gr Tsili,1.710752,30.209787,Avetso,1388,0.36
Ituri,Djugu,Tsukana Gr Malabo,1.722429,30.35146,Gangala,1423,0.43
Ituri,Djugu,Tsukpa Gr Djaiba,1.963799,30.6263,Tsotso,1025,0.33
Ituri,Djugu,Tsuli Gr Gali,1.901435,30.535906,Salo,437,0.44
Ituri,Djugu,Tsumbr Gr Penyi,1.547621,30.406607,Shatchu,1144,0.31
Ituri,Djugu,Tsunde Gr Loga,1.660709,30.400904,Mandro,1957,0.33
Ituri,Djugu,Tsurolu Gr Pimbo,1.775342,30.542515,Site Tsuya Drodro,1688,0.42
Ituri,Djugu,Tsuru Gr Masumbuko,1.702026,30.534817,Losunga,1184,0.33
Ituri,Djugu,Tsuyada Gr Buku,1.747776,30.526773,Duma,1937,0.36
Ituri,Djugu,Ube Gr Dz'na,1.77651,30.545547,Line,1749,0.29
Ituri,Djugu,Ucha Gr Loga,1.680596,30.318361,Guba,1492,0.5
Ituri,Djugu,Uchukpa Gr Sombuso,2.001399,30.8023,Ndeke,1742,0.17
Ituri,Djugu,Udongo Gr Mbr'bu,2.185307,30.5459,Ndefu 2,892,0.15
Ituri,Djugu,Ukareba Gr  Laudjo,1.73115,30.738674,Kiddikpa,1822,0.27
Ituri,Djugu,Uketi Gr Utcha,2.229229,30.3557,,,
Ituri,Djugu,Ukpa Gr Dhedja,1.824062,30.57593,Tsuki,741,0.44
Ituri,Djugu,Ukpakli Gr Dhedja,1.816552,30.565525,Tsuki,1565,0.5
Ituri,Djugu,Ukpe Gr Buku,1.759228,30.614033,R'kpa,1451,0.5
Ituri,Djugu,Ukumu Gr Mbrbu,2.078833,30.699472,Udongo,979,0.18
Ituri,Djugu,Ukumu Penge Gr Bulo,1.898723,30.299114,Mabanga,1632,0.33
Ituri,Djugu,Ulo Gr Dhedja,1.784229,30.552353,Lobo,1189,0.57
Ituri,Djugu,Umano Gr Sombuso,1.892199,30.8985,Njaya 1,1270,0.17
Ituri,Djugu,Upenji Gr Ndikpa,1.94,30.21,Ukermu,1853,0.33
Ituri,Djugu,Ureba Gr Kpadinga,1.849295,30.267221,Lalo,189,0.22
Ituri,Djugu,Utcha Gr Malabo,1.80172,30.55636,Tchura,1829,0.73
Ituri,Djugu,Utcha Gr Malabo,1.703655,30.425571,Iro Locho,964,0.29
Ituri,Djugu,Utchu Gr Zengo,1.94332,30.234324,Ucangu,606,0.55
Ituri,Djugu,Uu Gr Pimbo,1.801949,30.531097,Buy,1661,0.4
Ituri,Djugu,Uzi Gr Pimbo,1.780864,30.511736,Vidza,29,0.25
Ituri,Djugu,Uzi Gr Pimbo,1.7983,30.533386,Duba,535,0.29
Ituri,Djugu,Vedza Gr Buba,2.037889,30.796694,Vidza,1683,0.8
Ituri,Djugu,Visa Gr Lingo,1.70097,30.29592,Ikpa,1378,0.5
Ituri,Djugu,Viza Gr Obiba,1.721884,30.295584,Visa,1377,0.75
Ituri,Djugu,Vobu Gr Abini,2.045777,30.170322,Dhetchu,1603,0.18
Ituri,Djugu,Wabi Gr Dz'na,1.804883,30.351484,Bubbu 2,1818,0.18
Ituri,Djugu,Wadda Gr Dhego,2.02162,30.16976,Mupatay,1220,0.33
Ituri,Djugu,Wadingbi Gr Kirongozi,1.886486,30.025108,,,
Ituri,Djugu,Wadri Gr Dhendro,1.932806,30.71267,Dzadhu,1322,0.36
Ituri,Djugu,Wago Gr Ladedjo,1.754886,30.693068,Joo,1914,0.29
Ituri,Djugu,Waliba Gr Utcha,1.83437,30.571861,Lidda,436,0.55
Ituri,Djugu,Walu Gr Dirokpa,1.766685,30.456217,Lalo,1668,0.5
Ituri,Djugu,Wamara Gr Tambaki,1.618476,30.36492,Nyama,1517,0.55
Ituri,Djugu,Wassa Gr Laudjo,1.844959,30.675888,Kpalo,256,0.2
Ituri,Djugu,Waya Gr Kpadinga,1.853997,30.320492,Goikpa,1203,0.2
Ituri,Djugu,Waza Gr Mbr’bu,2.065,30.6919,Bale,1950,0.25
Ituri,Djugu,Wazabo Gr Wazabo,1.915213,30.060846,Paradiso,1732,0.43
Ituri,Djugu,Wibati Gr Fataki,1.983399,30.57798,Sinaï,1060,0.55
Ituri,Djugu,Winyi Gr Buku,1.743769,30.564632,Nyali,718,0.6
Ituri,Djugu,Wiri Gr Wiri,1.927777,30.4125,Likpi,1853,0.44
Ituri,Djugu,Yaa Gr Pimbo,1.964434,30.54041,,,
Ituri,Djugu,Yalala Gr Yalala,1.765547,30.29127,Kpando Barza,1451,0.33
Ituri,Djugu,Yiro Gr Sesele,1.705502,30.456604,Dhewi,1124,0.22
Ituri,Djugu,Yudja Gr Dhendro,1.851431,30.698057,DrKpa,1756,0.4
Ituri,Djugu,Zaru Gr Malabo,1.717147,30.357677,Pay,172,0.29
Ituri,Djugu,Zaz Gr Luvangire,1.651615,30.382036,Vara,637,0.29
Ituri,Djugu,Zumbe Gr Bedu-Ezekere,1.470278,30.319445,Zumbe 1,537,0.83
Ituri,Irumu,,1.319869,30.24939,Tsarukaka,641,0.0
Ituri,Irumu,AAA Gr Babiase,1.407412,30.333874,Rwempara,1155,0.36
Ituri,Irumu,Abembi Gr Badiangu,1.086581,29.771187,,,
Ituri,Irumu,Abendi Gr Bandibongosia,0.977249,29.872038,Bazingi,744,0.46
Ituri,Irumu,Adda Gr Bandiangu,1.101987,29.857365,Bandibu,394,0.36
Ituri,Irumu,Adumba Gr Baviba,1.347535,30.12308,Avenyuma,1942,0.57
Ituri,Irumu,Aginzi Gr Zadhu (Zitono),1.271611,30.20111,Ogobi,1840,0.36
Ituri,Irumu,Akanono Gr Badavilemba,1.075749,29.595444,Maimunde,1497,0.27
Ituri,Irumu,Akwekwe Gr Bandavilemba,0.83372,29.42432,,,
Ituri,Irumu,Alimba Gr Boloma,1.175179,30.1073,Batumbi,1741,0.46
Ituri,Irumu,Alise Gr Bamuko,1.220389,30.147032,Mbasa,1218,0.4
Ituri,Irumu,Alize Gr Boloma,1.253869,30.107618,Bhali,1332,0.6
Ituri,Irumu,Amupu Gr Bandavilemba,1.022323,29.86659,Katanga,1677,0.17
Ituri,Irumu,Angolo Gr Bamuko,1.228374,30.168884,Nzigo,1718,0.55
Ituri,Irumu,Anyozo Gr Baviba,1.43333,30.03333,Manzinia,1272,0.43
Ituri,Irumu,Apamayaya Gr Bandivilemba,1.066323,29.617773,Apakolu,429,0.38
Ituri,Irumu,Apende Gr Bandavilemba,1.080427,29.599436,Bwana Sura 1,1819,0.22
Ituri,Irumu,Apihinzi Gr Badiango,1.31208,29.849,Mandibe 1,552,0.24
Ituri,Irumu,Apihinzi Gr Bandavilemba,1.383329,29.76667,Baiti,1660,0.46
Ituri,Irumu,Arava Gr Bukiringi,1.159194,30.055195,Mawara 1,827,0.46
Ituri,Irumu,Aveba centre Gr Aveba,1.212352,30.08863,Aveba Mk,842,0.77
Ituri,Irumu,Aveba Gr Boloma,1.212556,30.08925,Aveba Mk,809,0.77
Ituri,Irumu,Avegi Gr Boloma,1.26142,30.11436,Bhali,748,0.4
Ituri,Irumu,Aveluma Gr Bukiringi,1.139206,30.00879,Kazana,449,0.31
Ituri,Irumu,Aveluma Gr Bukiringi,1.141298,30.012068,Kazana,25,0.31
Ituri,Irumu,Avezu Gr Boloma,1.254439,30.0833,Aveba Mudogo,121,0.47
Ituri,Irumu,Avido Gr Baley,0.985499,29.878471,Bazingi,511,0.33
Ituri,Irumu,Azita  Gr Zadhu,1.306563,30.233692,Kagaba,1772,0.36
Ituri,Irumu,Babimbila Gr Chini ya Kilima,1.382753,30.023865,Babadu,1261,0.53
Ituri,Irumu,Babukela Gr Tondabo,1.617496,30.09607,Bambiya,1393,0.53
Ituri,Irumu,Babulaba Gr  Tondabo,1.61869,30.16038,Mbukela,148,0.53
Ituri,Irumu,Babuloso Gr Baley,0.95757,29.82924,,,
Ituri,Irumu,Babunya Gr Tsere,1.566666,30.183332,Mabua,1761,0.67
Ituri,Irumu,Badili Gr Bandavilemba,0.99593,29.629246,Vuala Pantalon,1388,0.2
Ituri,Irumu,Badiya Gr Badiya,1.482839,30.02126,Mission,57,0.15
Ituri,Irumu,Badjembe Gr Mayaribo,1.466667,29.966667,Bangaza,1623,0.27
Ituri,Irumu,Badjendeza Gr Kabarole,1.584949,30.145758,,,
Ituri,Irumu,Badya Gr Badya,1.481389,30.025833,Sugenga,414,0.17
Ituri,Irumu,Bagaya Gr Babiasi,1.226096,30.16512,Bayomba,1125,0.46
Ituri,Irumu,Bagelya Gr Mayaribu,1.467962,29.972155,Bangaza,1934,0.57
Ituri,Irumu,Baguma Gr Loy-banigaga,1.416965,30.024332,Balumbata,574,0.67
Ituri,Irumu,Baguta Gr Mitego,1.109599,29.9693,Mitego,757,0.17
Ituri,Irumu,Bahele Gr Basusu,1.907665,30.7582,Ngelu,533,0.36
Ituri,Irumu,Bahura Gr Baviba,1.399999,30.28333,Adha,521,0.6
Ituri,Irumu,Bakadinda Gr Mayaribo,1.418568,29.824793,Mandongo,1735,0.35
Ituri,Irumu,Bakey Gr Banjabulu,1.591181,30.220467,Kolomani Bakey,842,0.53
Ituri,Irumu,Balazana Gr Balazana,1.583333,30.066668,Kodabo,1230,0.14
Ituri,Irumu,Balingina Gr Bokuchu,1.341506,29.786974,Village Bogi,1420,0.46
Ituri,Irumu,Bamara Gr Babunya,1.428799,29.9116,,,
Ituri,Irumu,Bambaka Gr Badavilemba,1.052266,29.583975,Maimunde,1853,0.27
Ituri,Irumu,Bambia Gr Kabarole,1.569689,30.055792,Sikumbili,1974,0.4
Ituri,Irumu,Bambili Gr Sota-Badya,1.496999,29.942,Mando_Kis,1695,0.25
Ituri,Irumu,Bandigu Gr Bandavilemba,1.179499,29.8265,,,
Ituri,Irumu,Bandikama Gr Loy-Banigaga,1.435709,30.01271,Mbandi 1,82,0.59
Ituri,Irumu,Bandikana Gr Mayaribu,1.467229,29.977398,Petro,689,0.0
Ituri,Irumu,Bandikasoha Gr Bakpulu,1.473479,30.017303,Ndenge 2,163,0.21
Ituri,Irumu,Bandikati Gr Sezabo,1.352187,29.675575,Bandikola,688,0.78
Ituri,Irumu,Bandikide Gr Baley,0.956058,29.7833,Vukaka,951,0.27
Ituri,Irumu,Bandikumo Gr Baley,0.973919,29.902752,Kyamata,214,0.25
Ituri,Irumu,Bandimbese Gr Bandavilemba,1.174139,29.6845,,,
Ituri,Irumu,Bandisayi Gr Chini ya Kilima,1.364735,30.027882,Mbala,239,0.43
Ituri,Irumu,Bandocha Gr Marabo Musezo,1.400936,29.990837,Zabuli,1328,0.14
Ituri,Irumu,Banduseza Gr Bandikato,1.282379,30.30576,Mbilina,1970,0.25
Ituri,Irumu,Bandutui Gr Makabo,1.488028,30.158583,Baluma,969,0.43
Ituri,Irumu,Bandweza Gr Babulogu,1.63811,30.214111,Gandey,1285,0.57
Ituri,Irumu,Banikagoro Gr Mayaribo,1.457599,30.01997,Bangoyo,1950,0.71
Ituri,Irumu,Banzingi Gr Baley,0.955277,29.785976,Vukaka,677,0.14
Ituri,Irumu,Banzingi Gr Baley,0.995736,29.797476,,,
Ituri,Irumu,Basanje Gr Beziha,1.40361,30.387056,,,
Ituri,Irumu,Basi Talolo Gr Loy Banigaga,1.366667,30.05,,,
Ituri,Irumu,Basiga Gr Basunu,1.554631,29.797792,Makokoy,904,0.15
Ituri,Irumu,Batonga Gr Tondoli,0.88736,29.923,,,
Ituri,Irumu,Bau Gr Baviba,1.323909,30.20344,Katorogo,914,0.18
Ituri,Irumu,Bavi Gr Baviba,1.330899,30.125801,Olongba,190,0.36
Ituri,Irumu,Bavi Moteur Gr Baviba,1.277333,30.166258,Momvu,1494,0.38
Ituri,Irumu,Bawanza Gr Bakpulu,1.357364,29.66941,Baniamosi,619,0.38
Ituri,Irumu,Bayamba Gr Bamuko,1.252858,30.141714,Musangura,1689,0.25
Ituri,Irumu,Bayeyi Gr Buley,1.008299,29.9003,Bukima,1305,0.33
Ituri,Irumu,Bayhana Gr Bayhana,1.557481,30.02507,Hanzabo,1859,0.57
Ituri,Irumu,Baywana Gr Baywana,1.566666,30.033333,Gangu 1,582,0.29
Ituri,Irumu,Bekembela Gr Bandavilemba,0.834824,29.422941,,,
Ituri,Irumu,Belu Gr Baley,0.986016,29.805319,,,
Ituri,Irumu,Beu Manyama Gr Bandavilemba,0.951062,29.386614,,,
Ituri,Irumu,Beyi Gr Bandivilemba,1.329921,29.748894,Ngombenyama,327,0.4
Ituri,Irumu,Bhunga Gr Boloma,1.269325,30.115986,Bhali,1440,0.55
Ituri,Irumu,Biane Gr Bandavilemba,1.049721,29.582964,Mambelenga 1,1925,0.24
Ituri,Irumu,Bidha Gr Baviba,1.34897,30.09559,Tradhadhi,1619,0.43
Ituri,Irumu,Bikima Gr Bikima,1.071099,29.9247,Katoma,136,0.5
Ituri,Irumu,Biro Gr Zadhu,1.28715,30.21965,Biro A,762,0.8
Ituri,Irumu,Bisa Gr Bandikatho,1.270535,30.313889,Kombi,70,0.44
Ituri,Irumu,Bisianza Gr Sidabo-Songolo,1.396943,30.197222,Sidabo,1291,0.43
Ituri,Irumu,Bitweyi Gr Bandavilemba,1.037919,29.556854,Zuaide,1104,0.31
Ituri,Irumu,Bobwa Gr Bokucho,1.344251,29.80579,Masome,1618,0.18
Ituri,Irumu,Boga Gr Boga,1.027111,29.956278,Izinga,343,0.4
Ituri,Irumu,Bogo Gr Bandiamuso,1.432719,29.75988,Baginda,1621,0.36
Ituri,Irumu,Bogoro Gr Babiase,1.40986,30.2799,Dodoy,774,0.36
Ituri,Irumu,Bombuo Gr Bandavilemba,1.255769,29.76311,,,
Ituri,Irumu,Bondo Gr Mayaribo,1.444943,29.873213,Bakadinda 1,806,0.38
Ituri,Irumu,Bosio Gr Badibongo Sia,1.104148,29.834688,,,
Ituri,Irumu,Boya Gr Mayaribo,1.445538,29.861317,Irumu Centre,1728,0.0
Ituri,Irumu,Budundu Gr Boga,1.017667,29.957056,Izinga,1185,0.15
Ituri,Irumu,Buguma Gr Bamuko,1.193899,30.18488,Dumara,1131,0.5
Ituri,Irumu,Bukima Gr Baley,0.954684,29.886538,Peka,62,0.4
Ituri,Irumu,Bukiringi Gr Bukiringi,1.126,29.985,Abori,1827,0.43
Ituri,Irumu,Bukoko Gr Badiangu,1.315778,29.815851,Mambedu,1543,0.31
Ituri,Irumu,Bukokwa Gr Bikima,0.983361,29.794193,,,
Ituri,Irumu,Bulambaire Gr Baley,0.945945,29.741547,,,
Ituri,Irumu,Bulanzabo Gr Marabo-Musezo,1.366639,29.93762,,,
Ituri,Irumu,Bulembi Gr Bandavilemba,1.197818,29.640505,,,
Ituri,Irumu,Bulese Gr Bandavilemba,0.890456,29.61188,Luna Cps,549,0.29
Ituri,Irumu,Buley Centre Gr Buley,1.032891,29.902056,Rwambo,1987,0.18
Ituri,Irumu,Buliki Gr  Bandiamusu,1.423444,29.827526,Ngalula,1198,0.31
Ituri,Irumu,Bulikoko Gr Babunya,1.616299,30.2114,Nguzi,1654,0.31
Ituri,Irumu,Bulirya Gr Rubingo,1.014889,29.931334,Buley,1508,0.67
Ituri,Irumu,Bunia,1.570665,30.218376,Mbunya,1452,0.73
Ituri,Irumu,Bunia,1.552528,30.234283,Mbunya,1236,0.73
Ituri,Irumu,Bunia,1.592682,30.296066,Kimia,1328,0.4
Ituri,Irumu,Bunia,1.5625,30.248417,Mbuji Mayi,1961,0.53
Ituri,Irumu,Bunia,1.572322,30.239025,Mbunya,1758,0.73
Ituri,Irumu,Bunia,1.565,30.248417,Mbuji Mayi,1942,0.53
Ituri,Irumu,Bunia,1.565875,30.24736,Aba,1197,0.5
Ituri,Irumu,Bunia,1.52155,30.269815,Mamba,1682,0.4
Ituri,Irumu,Bunia,1.541028,30.230133,Mbandaka,1239,0.46
Ituri,Irumu,Bunia,1.593683,30.260805,Nyonzi,1684,0.36
Ituri,Irumu,Bunia,1.53023,30.264048,Muta,1088,0.44
Ituri,Irumu,Bunia,1.59131,30.2207,Kolomani Bakey,849,0.32
Ituri,Irumu,Bunia,1.568405,30.255733,Mbuji Mayi,1192,0.53
Ituri,Irumu,Bunia,1.55927,30.247868,Banyali,1062,0.5
Ituri,Irumu,Bunia,1.58746,30.247318,Luma,1753,0.44
Ituri,Irumu,Bunia,1.575397,30.257223,Mbuji Mayi,1509,0.53
Ituri,Irumu,Bunia,1.572149,30.246147,Aba,1298,0.5
Ituri,Irumu,Bunia,1.582929,30.267159,Aba,1842,0.5
Ituri,Irumu,Bunia,1.559229,30.257568,Mbuji Mayi,1122,0.53
Ituri,Irumu,Bunia,1.56295,30.25922,Mbuji Mayi,774,0.53
Ituri,Irumu,Bunia,1.547713,30.21709,Mbunya,1918,0.73
Ituri,Irumu,Bunia,1.556467,30.265257,Mbuji Mayi,946,0.53
Ituri,Irumu,Bunia,1.55023,30.265907,Mbuji Mayi,1637,0.53
Ituri,Irumu,Bunia,1.56199,30.264114,Mbuji Mayi,383,0.53
Ituri,Irumu,Bunia,1.55558,30.255768,Mbuji Mayi,1533,0.53
Ituri,Irumu,Bunia,1.563496,30.2755,Mbuji Mayi,1081,0.53
Ituri,Irumu,Bunia,1.553534,30.253061,Mbuji Mayi,1909,0.53
Ituri,Irumu,Bunia,1.5728,30.28613,Kimia,1145,0.4
Ituri,Irumu,Bunia,1.538228,30.252457,Banyali,1897,0.5
Ituri,Irumu,Busaga Gr Batale,1.643998,30.256754,Loga,391,0.4
Ituri,Irumu,Busige Gr  Semuliki-Burasi,1.221999,30.431,,,
Ituri,Irumu,Bwaharani Gr Rubingo,1.02548,29.941889,Nyaikara,696,0.47
Ituri,Irumu,Bwakadi Gr Boyo,0.940699,29.81,Boyo,108,0.18
Ituri,Irumu,Cacao Gr Baley,1.02133,29.833418,,,
Ituri,Irumu,"carré minier ""Kibangu"" Gr Ngongo",1.676051,30.15274,Retsoba,1676,0.3
Ituri,Irumu,"carré minier ""Mondial"" Gr Baviba",1.349799,30.0833,Sodhu,1533,0.16
Ituri,Irumu,"carré minier ""Njorokone"" Gr Loy-Banigaga",1.419852,30.059946,CME,1784,0.16
Ituri,Irumu,Carrière Gr Bandavilemba,1.066691,29.610214,Maimunde,1523,0.38
Ituri,Irumu,Centrale Soleniama Gr Batale,1.64099,30.26549,Central,329,0.56
Ituri,Irumu,Chai Gr Makabo,1.502747,30.180864,Ibara,1848,0.22
Ituri,Irumu,Chea Gr Beziha,1.394837,30.36138,Zambilite,1844,0.15
Ituri,Irumu,Chekebele 1 Gr Loy-Banigaga,1.414767,30.02525,NChweke,1604,0.56
Ituri,Irumu,Cheki 2 Gr Babunya,1.63416,30.20592,Zanaki,464,0.31
Ituri,Irumu,Cheki 3 Gr Babunya,1.613253,30.217657,Kolomani Bakey,1850,0.29
Ituri,Irumu,Chini ya Kilima Gr Chini ya Kilima,1.3622,30.0307,Mbala,308,0.3
Ituri,Irumu,Diango Gr Bavandi,1.578289,30.176016,Budana,1660,0.5
Ituri,Irumu,Djanda Gr Bukiringi,1.175081,29.991879,,,
Ituri,Irumu,Djoka Gr  Bandiamusu,1.322859,29.747107,Ngombenyama,489,0.25
Ituri,Irumu,Djunde Gr Sidabo-Songolo,1.434396,30.216705,,,
Ituri,Irumu,Djuti Gr Babiase,1.489699,30.2194,,,
Ituri,Irumu,Dodoi Gr Babiase,1.416667,30.266666,Dodoy,1474,0.8
Ituri,Irumu,Dragon Gr Babiase,1.411635,30.3269,,,
Ituri,Irumu,Dudu Gr Bandjabulu,1.61877,30.282402,Nzere 2,991,0.0
Ituri,Irumu,Duduanje Gr Bandavilemba,1.081276,29.585482,Avudo 1,1168,0.27
Ituri,Irumu,Dzago Gr Bedu-Ezekere,1.473592,30.280476,Buy Zaba,1957,0.31
Ituri,Irumu,Dzakada Gr Mazangina v,1.614685,30.00694,Tiamala,1319,0.43
Ituri,Irumu,Epanza Gr Bandavilemba,1.137287,29.523085,Apende,1930,0.33
Ituri,Irumu,Gasiga Gr Boga,1.022457,29.911495,Rwambo,1504,0.17
Ituri,Irumu,Gasondja Gr Loy-Banigaga,1.427482,30.048782,Mission,1550,0.4
Ituri,Irumu,Geti Etat Gr Bamuko,1.213863,30.183887,Bangarido Tala,1937,0.43
Ituri,Irumu,Geti Gr Bamuko,1.208469,30.17401,Mulangi,930,0.36
Ituri,Irumu,Goranzi Gr Bandjabulu,1.619613,30.26542,Mbriti,1561,0.31
Ituri,Irumu,Goya Gr Baley,0.95586,29.861586,Sikwaila,1023,0.17
Ituri,Irumu,Hemba Gr  Chini ya Kilima,1.320582,30.053158,Alimba,145,0.55
Ituri,Irumu,Isura Gr Bamuko,1.14536,30.241388,Buguma,40,0.36
Ituri,Irumu,Kabata Gr Boga,1.004626,29.931005,Buley,1851,0.18
Ituri,Irumu,Kabona Gr Boloma,1.19341,30.1068,Kyenga,1599,0.33
Ituri,Irumu,Kabriki Gr Bandavilemba,0.873441,29.61366,Luna Alpha Jiri,1647,0.27
Ituri,Irumu,Kaburu Gr Baviba,1.331779,30.248665,Tsarukaka,711,0.27
Ituri,Irumu,Kabusongora Gr Kyabwohe,1.012266,29.989128,Ntoroko,1664,0.33
Ituri,Irumu,Kabutukuru Gr Boga centre,1.024075,29.94313,Budundu,1999,0.47
Ituri,Irumu,Kachuchu Gr Mwanga,1.604033,30.233023,Kolomani,1429,0.25
Ituri,Irumu,Kachuchu Gr Mwanga,1.607094,30.238646,Kolomani,1545,0.25
Ituri,Irumu,Kadanza Gr Sota,1.44858,29.934849,Bambili and Ndia,729,0.35
Ituri,Irumu,Kadjojo Gr Chini ya Kilima,1.404402,30.01849,Nongo,899,0.33
Ituri,Irumu,Kagoro Gr Zadhu,1.245998,30.122173,Anyaga,1633,0.33
Ituri,Irumu,Kagoy Gr Loy-Banigaga,1.427343,30.056925,NSingoma,1517,0.31
Ituri,Irumu,Kaguma Gr Bamuko,1.228889,30.1575,Bayomba,259,0.46
Ituri,Irumu,Kailemba Gr Buley,0.958235,29.832804,,,
Ituri,Irumu,Kaitango Gr Rubingo,1.059329,29.9686,,,
Ituri,Irumu,Kajenje Gr Buley,1.023959,29.9631,Kyaireta,797,0.4
Ituri,Irumu,Kakoga Gr Rubingo,1.056372,30.102667,,,
Ituri,Irumu,Kalakala Gr Bandiamusu,1.322931,29.806961,Mambedu,394,0.13
Ituri,Irumu,Kalalangwe Gr Bandavilemba,0.835654,29.41974,,,
Ituri,Irumu,Kalemie Gr Bandavilemba,1.061185,29.656227,Malweka,1502,0.29
Ituri,Irumu,Kalingi Gr Loy Banigaga,1.43268,30.039999,Manzinia,1859,0.53
Ituri,Irumu,Kalyabugongo Gr Bandihangu,1.220137,30.31184,,,
Ituri,Irumu,Kamatsi Gr Bukiringi,1.129194,29.988083,Kamatsi Mk,1070,0.82
Ituri,Irumu,Kambrugu Gr Mayaribu,1.456913,30.075953,Kaya,784,0.33
Ituri,Irumu,Kamuzora gr Batale,1.66278,30.2767,Kachunga,54,0.5
Ituri,Irumu,Kandana Singo Gr Zadhu (Zitono),1.30516,30.236206,Kagaba,1791,0.42
Ituri,Irumu,Kandjoka Gr Bandihangu,1.199999,30.316668,,,
Ituri,Irumu,Kandoyi Gr Bakpulu,1.357347,29.629618,Bamande,687,0.43
Ituri,Irumu,Kangay Gr Ngongo,1.666564,30.196775,Ndigadu,786,0.46
Ituri,Irumu,Kanyabugoli Gr Boga-Centre,1.0276,29.9831,Kyaireta,1567,0.42
Ituri,Irumu,Kanyamagara Gr Bukiringi,1.075088,30.007965,Matundru,795,0.32
Ituri,Irumu,Kanyamusenyi Gr Sidabo,1.417639,30.232082,Muromg,1620,0.22
Ituri,Irumu,Kanyasabu Gr Boga,1.011324,29.969316,Kyaireta,1217,0.47
Ituri,Irumu,Kanzoka Gr Bandihangu,1.186193,30.29461,Zali c,1201,0.15
Ituri,Irumu,Kapuru Gr Bandikato,1.30631,30.35878,Matete,1485,0.17
Ituri,Irumu,Karatuma Gr Bakpulu,1.299991,29.578632,,,
Ituri,Irumu,Karongo Gr Kyabwohe,0.979919,30.12167,,,
Ituri,Irumu,Karuruma Gr Sidabo,1.442476,30.217054,,,
Ituri,Irumu,Kaseke Gr Bandikatho,1.371526,30.432808,Katho,1786,0.36
Ituri,Irumu,Kasenyi Gr Beziha,1.390555,30.44139,Rukwanzi,374,0.53
Ituri,Irumu,Kasoko Gr Bandavilemba,1.118695,29.500307,Mahala,317,0.17
Ituri,Irumu,Kasoya Gr Zadhu (Zitono),1.195081,30.105564,Kyenga,1806,0.33
Ituri,Irumu,Katabey Gr Bandavilemba,1.035503,29.586744,Mambelenga 1,309,0.32
Ituri,Irumu,Katala Gr Budingili,1.110008,29.856894,Bandibu,1055,0.15
Ituri,Irumu,Katanda Gr Buley,0.94125,30.036556,Kitonzi,1969,0.43
Ituri,Irumu,Katanga Gr Baley,0.955547,29.861628,Sikwaila,1058,0.4
Ituri,Irumu,Katso Gr Boloma v,1.271469,30.10915,Kaguma,993,0.36
Ituri,Irumu,Kayera Gr Kyabwohe,0.9156,30.1357,Kabusongora,1696,0.47
Ituri,Irumu,Kazaroho Gr Bandavilemba,1.125164,29.507387,Ahombo 1,1764,0.38
Ituri,Irumu,Kela 1 Gr Basunu,1.534162,29.852526,Byuba,1886,0.18
Ituri,Irumu,Kela Gr Basunu,1.489235,29.780512,Singiniini,885,0.0
Ituri,Irumu,Kelege Gr Baviba,1.304749,30.12862,Koni,1764,0.2
Ituri,Irumu,Kelenzi Gr Boloma,1.243067,30.046852,Kima,1484,0.36
Ituri,Irumu,Kengelu Gr Boloma,1.227695,30.076914,Kanyangabhi,177,0.33
Ituri,Irumu,Keti Gr Boyo,0.916999,29.80004,Limbau,1237,0.2
Ituri,Irumu,Kiangenga Gr Bikima,1.077389,29.903296,Kabwanika,451,0.44
Ituri,Irumu,Kidaka Gr Buley,1.003139,29.91589,Budundu,1836,0.15
Ituri,Irumu,Kidepo Gr Bandavilemba,0.985692,29.570684,Uwautu,1825,0.0
Ituri,Irumu,Kikoga Gr Semuliki,1.022426,30.220482,Kayera,139,0.33
Ituri,Irumu,Kilia Gr Boga,1.0223,29.9966,Misimba,1026,0.5
Ituri,Irumu,Kilima Maibo Gr Bukiringi,1.128705,29.968887,Tsaki,1435,0.24
Ituri,Irumu,Kilonge Gr Bamuko,1.27152,30.106108,Longi,1781,0.67
Ituri,Irumu,Kimautu Gr Bandavilemba,1.066426,29.615276,Apakolu,178,0.29
Ituri,Irumu,Kimia Gr Boga-Centre,1.059738,29.9405,Karara,1638,0.36
Ituri,Irumu,Kinyambogo Gr Mayaribu,1.46482,29.97611,Bangaza,1883,0.24
Ituri,Irumu,Kinyanjojo Gr Boga,1.026919,29.909863,Bidindo,1203,0.35
Ituri,Irumu,Kio Gr Bikima,1.030884,29.90082,Bidindo,363,0.4
Ituri,Irumu,Kiri-kiri Gr Chini ya Kilima,1.399745,30.025635,Hamabo,32,0.0
Ituri,Irumu,Kisanga Gr Bandavilemba,0.873372,29.504902,Kanga Motema,1083,0.53
Ituri,Irumu,Kisege Gr Behiziha,1.387699,30.4244,Kengove 2,1641,0.53
Ituri,Irumu,Kisengi Gr Baviba v,1.315809,30.207092,Soke,754,0.36
Ituri,Irumu,Kisingo Gr Boga,0.91237,30.003498,,,
Ituri,Irumu,Kisodjo Gr Bukiringi,1.164059,30.06103,Mutimba,1347,0.14
Ituri,Irumu,Kisoke Gr Tsere,1.537999,30.116,Rwakalisa,687,0.4
Ituri,Irumu,Kitasaba Gr Mitego ,1.078109,29.9506,Kyamujanju,1452,0.33
Ituri,Irumu,Kitima Gr Ngombenyama,1.628983,29.960009,Dikidabo 2,227,0.38
Ituri,Irumu,Kitoma Gr Buley,0.995104,30.047323,,,
Ituri,Irumu,Koko Gr Batale,1.627868,30.26618,Koliba,1987,0.4
Ituri,Irumu,Kolu Gr Boloma,1.181769,30.14557,Muhigi,871,0.2
Ituri,Irumu,Komanda Gr Bandiamuso,1.37187,29.75627,Katanga,1313,0.57
Ituri,Irumu,Komanda Gr Bandiamuso,1.37422,29.76485,Katanga,1692,0.57
Ituri,Irumu,Komanda Gr Bandiamuso,1.359439,29.760498,Katanga,224,0.57
Ituri,Irumu,Komanda Gr Bandiamuso,1.36714,29.763212,Katanga,911,0.57
Ituri,Irumu,Komanda Gr Bandiamuso,1.361449,29.75951,Katanga,157,0.57
Ituri,Irumu,Komanda Gr Bandiamuso,1.368549,29.75656,Katanga,946,0.57
Ituri,Irumu,Komanda Gr Bandiamuso,1.363109,29.76611,Katanga,883,0.57
Ituri,Irumu,Kosa Gr Bandavilemba,1.311223,29.7375,Bavesa,928,0.4
Ituri,Irumu,Kosakosa Gr Bakpulu,1.359012,29.63972,Bapiya,542,0.29
Ituri,Irumu,Kpatsi Gr Babulaba,1.657999,30.25081,Loga,1781,0.2
Ituri,Irumu,Kpungumu Gr Bakpulu,1.409999,29.638409,,,
Ituri,Irumu,Kuka Gr Sota,1.516672,30.097198,,,
Ituri,Irumu,Kunda Gr Kunda,1.622079,30.158611,Ndena,1802,0.6
Ituri,Irumu,Kungbe Gr Bambuba Kisiki,0.8162,29.5191,Kalalangwe,1335,0.5
Ituri,Irumu,Kungubu Gr Bakpulu,1.399209,29.550756,,,
Ituri,Irumu,Kyabwohe Gr Kyabwohe,1.05833,29.94167,Kyabaganzi,1928,0.44
Ituri,Irumu,Kyamata Gr Baley,1.000959,29.91407,Buley,1584,0.17
Ituri,Irumu,Kyandungu Gr Boga Centre,1.022266,29.934412,Nyinagulu,1470,0.44
Ituri,Irumu,Kyangele Gr Rubingo (Kaitango),1.062379,29.941328,Rubingo Etat,295,0.3
Ituri,Irumu,Labo Gr Kabarole,1.588163,30.13156,Bokela,1777,0.4
Ituri,Irumu,Lapka Gr Ts'ritsi,1.45,29.86667,Bakadinda 1,1490,0.38
Ituri,Irumu,Lengabo Gr Lengabo,1.50677,30.24686,Ilongi Bila,985,0.44
Ituri,Irumu,Lodo Gr Bavandi,1.583511,30.15223,,,
Ituri,Irumu,Lorobi Gr Ts'ritsi,1.374043,30.288937,Lagabho,1752,0.31
Ituri,Irumu,Loya Gr Bandavilemba,1.268,29.6978,Bombuo,1243,0.2
Ituri,Irumu,Luga Gr Makabo,1.49757,30.168877,Luga 2,1588,0.8
Ituri,Irumu,Luna Mutueyi Gr Bandavilemba,0.88739,29.61266,Luna Cps,850,0.5
Ituri,Irumu,Mabakanda Gr Bandavilemba,0.877799,29.5467,Makutano,1432,0.59
Ituri,Irumu,Mabe-Nzela Gr Bandavilemba,1.337033,29.751873,Kimbaseke,1989,0.42
Ituri,Irumu,Mabiti Gr Badingu,1.399878,29.844433,,,
Ituri,Irumu,Machongani Gr Bandavilemba,1.138903,29.658958,Idohu,1502,0.13
Ituri,Irumu,Madibe Gr Sota-Badya,1.481389,30.02583,Mission,481,0.31
Ituri,Irumu,Magalabo Gr Babulaba,1.34572,30.20953,,,
Ituri,Irumu,Magalabo II Gr Babulaba,1.668269,30.23126,,,
Ituri,Irumu,Mahala Gr Bandavilemba,1.02514,29.58307,Mambelenga 2,34,0.33
Ituri,Irumu,Maimoya Gr Bandavilemba,0.781332,29.575047,,,
Ituri,Irumu,Maimude Gr Bandavilemba,1.072999,29.4892,,,
Ituri,Irumu,Maitatu Gr Baley,1.044265,29.867262,,,
Ituri,Irumu,Majengo Gr Bikima,1.029309,29.89691,Malibongo,783,0.62
Ituri,Irumu,Makabo Gr Makabo,1.513826,30.222338,Luga 1,193,0.17
Ituri,Irumu,Makanga Gr Bandiangu,1.10018,29.85142,Bandibu,297,0.29
Ituri,Irumu,Makanga Gr Bandiangu,1.121165,29.678738,,,
Ituri,Irumu,Makasa Gr Basunu,1.4664,29.84465,,,
Ituri,Irumu,Makolokolo Gr Zunguluka,1.077551,29.86898,Matete,891,0.25
Ituri,Irumu,Makone Gr Semiliki,0.998111,30.158167,Kyamugamba,151,0.25
Ituri,Irumu,Malaya Gr Buley,1.04751,29.923395,Karara,1281,0.5
Ituri,Irumu,Maliyanjame Gr Bandavilemba,1.333295,29.755074,Malingumu,812,0.6
Ituri,Irumu,Malo Gr Baviba,1.337739,30.19103,Zimbira,1322,0.36
Ituri,Irumu,Malonga Gr Bandikato,1.294213,30.363024,Matete,412,0.31
Ituri,Irumu,Malulu Gr Bikima,1.0762,29.9286,Katoma,820,0.33
Ituri,Irumu,Mambaka Gr Bandavilemba,1.185852,29.585972,,,
Ituri,Irumu,Mambelenga Gr Bandavilemba,0.985908,29.586739,Uwautu,355,0.12
Ituri,Irumu,Mambesu Gr Musezo,1.378363,29.974699,Ngbulazabo,931,0.24
Ituri,Irumu,Mambumembume Gr Bandavilemba,0.874041,29.534323,Makutano,28,0.3
Ituri,Irumu,Mamunde Gr Bandavilemba,1.089555,29.55848,Doduanze,1029,0.4
Ituri,Irumu,Manate Gr Bakpulu,1.338888,29.626347,Hollande,1772,0.43
Ituri,Irumu,Mandibe Gr Bokutso,1.302881,29.722721,Bandiauku,1070,0.5
Ituri,Irumu,Mandongo Gr Sota-Badya,1.48483,29.949118,Mando_Kis,458,0.59
Ituri,Irumu,Mangina - Irumu Gr Bandavilemba,1.069784,29.555605,Doduanze,1996,0.19
Ituri,Irumu,Mangiya Gr Bandiamusu,1.428007,29.832745,Mandongo,380,0.53
Ituri,Irumu,Mangwalo Gr Bandavilemba,1.092826,29.532524,,,
Ituri,Irumu,Manjaba Gr Kabarole,1.552888,30.148472,Kalokini,1890,0.27
Ituri,Irumu,Manyala Gr Bandavilemba,1.2632,29.69579,Pinzili 2,1844,0.25
Ituri,Irumu,Manzabuku Gr Bakpulu,1.306908,29.60745,,,
Ituri,Irumu,Manzangina Gr Mazangina,1.55171,29.9508,Nyauli,1867,0.25
Ituri,Irumu,Manzebi Gr Bandavilemba,1.029224,29.579548,Mambelenga 2,603,0.32
Ituri,Irumu,Manzobe Gr Bandavilemba,1.176509,29.6865,,,
Ituri,Irumu,Mapera Gr Babiase,1.404621,30.335102,Rwempara,1021,0.57
Ituri,Irumu,Mapipa Gr Baley,0.953415,29.781897,Vukaka,1173,0.33
Ituri,Irumu,Marabo Gr Mayaribu,1.442098,30.002808,Sugabo,201,0.5
Ituri,Irumu,Masangu Gr Basunu,1.513046,30.023964,Kabungani,253,0.38
Ituri,Irumu,Masasi Gr Baviba,1.341303,30.11672,Omo,1588,0.22
Ituri,Irumu,Masini Gr Zunguluka,1.088,29.7901,,,
Ituri,Irumu,Masira Gr Bamuko,1.23845,30.13667,Mbasa,1646,0.73
Ituri,Irumu,Masongo Gr Bandavilemba,1.13995,29.53773,Apende,1773,0.31
Ituri,Irumu,Masongolya Gr Kyabwohe,0.904922,30.138226,Buguma,1238,0.25
Ituri,Irumu,Matalatala Gr Boloma,1.18333,30.08333,Mahimbi,1586,0.24
Ituri,Irumu,Matete Gr Tondoli,0.9592,29.9189,,,
Ituri,Irumu,Mawara Gr Boloma,1.46667,30.025,Boya 1,1291,0.17
Ituri,Irumu,Mayala Gr Mayala,2.034322,29.88881,Kamba,627,0.36
Ituri,Irumu,Mayalibo Gr Mayalibo,1.035009,29.58598,Mambelenga 1,255,0.3
Ituri,Irumu,Mayi Ya Franga Gr Babiase,1.407449,30.29923,Adha,1431,0.22
Ituri,Irumu,Mazangina Gr  Mazangina,1.631,30.15,Waga,1586,0.31
Ituri,Irumu,Mbala Gr Chini ya Kilima,1.346799,30.0141,,,
Ituri,Irumu,Mbandi Gr  Loy-Banigaga,1.453055,30.093334,Kombokabo,1983,0.4
Ituri,Irumu,Mberu Gr Batale,1.632714,30.245495,Ndembo Malabo,1639,0.22
Ituri,Irumu,Mbise Gr Boloma,1.218127,30.050377,Barahi,1942,0.36
Ituri,Irumu,Mbogu Gr Babiase,1.491279,30.28012,,,
Ituri,Irumu,Mboko 1 Gr Chini ya Kilima,1.353199,30.0258,Mbala,1382,0.33
Ituri,Irumu,Mbriti Gr Batale,1.622707,30.308681,Mbala,847,0.36
Ituri,Irumu,Mikisi Gr Bikima,1.081547,29.9546,Mafofo,1309,0.17
Ituri,Irumu,Misimba Gr Rubingo,0.941541,30.022978,Kabugeja,355,0.27
Ituri,Irumu,Mitego Gr Mitego,1.136388,29.990833,Avengo,1529,0.5
Ituri,Irumu,Mitembo Gr Kyabwohe,0.88633,30.075588,Masongolya,590,0.24
Ituri,Irumu,Mitembo Gr Kyabwohe,0.93623,30.03098,Kabugeja,718,0.13
Ituri,Irumu,Mobala Gr Mayaribo,1.45763,30.020061,Boya 1,996,0.33
Ituri,Irumu,Molisho Gr Bandavilemba,0.815842,29.413815,,,
Ituri,Irumu,Monge Gr Bandavilemba,1.201804,29.610891,Lolueba,1530,0.33
Ituri,Irumu,Mont Hoyo Gr Bokucho,1.252591,29.767136,,,
Ituri,Irumu,Muduguru Gr Tondoli,0.966284,29.9346,,,
Ituri,Irumu,Mudzibala Gr Banjabulu,1.605898,30.26959,Kasegwa,1278,0.25
Ituri,Irumu,Muganga Gr Tondabo,1.642173,30.114977,,,
Ituri,Irumu,Mugua Gr Babiasi,1.407335,30.29935,Adha,1438,0.22
Ituri,Irumu,Mugulumoya Gr Ngongo,1.6438,30.1574,Matumini,1639,0.33
Ituri,Irumu,Mugwanga Gr Buley,0.97245,29.97712,Mtumberi,579,0.25
Ituri,Irumu,Muholou Gr Bandavilemba,1.248626,29.773203,,,
Ituri,Irumu,Muhuma II Gr Banjabulu,1.607758,30.24811,Kolomani,1843,0.35
Ituri,Irumu,Mukasila Gr Bakpulu,1.394819,29.69161,Bandiboli 1,1574,0.32
Ituri,Irumu,Mukato Gr Boloma,1.23728,30.04689,Kamatsi,514,0.46
Ituri,Irumu,Mukoro Gr Bukiringi,1.11115,30.012186,,,
Ituri,Irumu,Mulefu Gr Ngombe Nyama,1.631332,30.036057,Puluku,822,0.5
Ituri,Irumu,Mumu Gr Babulaba,1.673241,30.273981,Limani,1932,0.2
Ituri,Irumu,Murubia Gr Sota-Badya,1.48449,29.994099,Bajembe 1,1824,0.25
Ituri,Irumu,Musana Gr  Zadhu (Zitono),1.23765,30.206438,Manzokpe,1750,0.43
Ituri,Irumu,Musezo Gr Marabo-Musezo,1.388599,29.9776,Ngbulazabo,1748,0.38
Ituri,Irumu,Musisi Gr Boga-Centre,1.025593,29.909657,Bidindo,1289,0.31
Ituri,Irumu,Mutoyi Gr Bandavilemba,1.0374,29.551086,Zuaide,1693,0.33
Ituri,Irumu,Mutwey Gr Bandavilemba,0.948054,29.385239,,,
Ituri,Irumu,Muze Gr Chini ya Kilima,1.361096,30.031527,Sodu,129,0.25
Ituri,Irumu,Muzibala Gr Bandjabulu,1.600741,30.269274,Kasegwa,849,0.27
Ituri,Irumu,Mwanga Gr Babulogu,1.643999,30.224,Magalabo,730,0.57
Ituri,Irumu,Ndemule Gr Bandiamusu,1.416667,29.816668,Ngalula,928,0.43
Ituri,Irumu,Ndengesa Gr Baley,0.95958,29.84747,Sikwaila,1366,0.25
Ituri,Irumu,Nderembi Gr Kabarole,1.570703,30.056404,Sikumbili,1980,0.35
Ituri,Irumu,Ndibanane Gr Banjabulu,1.602843,30.261219,Nzere Centre,616,0.29
Ituri,Irumu,Ndimo Gr Bandavilemba,1.116016,29.627466,Ndimo 2,567,0.83
Ituri,Irumu,Ndoya Gr Mayaribu,1.4335,29.8437,Mandongo,984,0.46
Ituri,Irumu,Nduma Gr Bandavilemba,1.197916,29.56549,,,
Ituri,Irumu,Ndumberi Gr Buley,0.998771,30.061285,,,
Ituri,Irumu,Nduza Gr Kabarole,1.584934,30.145721,,,
Ituri,Irumu,Nduzanabo Gr Tsere,1.54338,30.154491,Kadongoma,1881,0.22
Ituri,Irumu,Ngamalendu Gr Bandavilemba,1.169849,29.551493,,,
Ituri,Irumu,Nganga Gr Ngongo,1.309079,29.82336,Mandibe 2,153,0.27
Ituri,Irumu,Ngasu-Bavi Gr Baviba,1.383635,30.085325,Mangu,1863,0.4
Ituri,Irumu,Ngazi Gr Bikima,1.083122,29.954824,Kyangele,482,0.31
Ituri,Irumu,Ngezi Gr Beziha,1.224066,30.449408,,,
Ituri,Irumu,Ngida 1 Gr Loy-Banigaga,1.241479,30.0503,Kima,1069,0.36
Ituri,Irumu,Ngidda Gr Babunya,1.645267,30.245527,Dzida,186,0.55
Ituri,Irumu,Ngidda Gr Babunya,1.447608,30.216228,,,
Ituri,Irumu,Ngidda Gr Babunya,1.649999,30.25,Dzida,828,0.55
Ituri,Irumu,Ngiliabo Gr Bavandi,1.611091,30.164648,Ndena,412,0.31
Ituri,Irumu,Ngoma Gr Rubingo (Kaitango),1.036699,30.118116,,,
Ituri,Irumu,Ngongo Gr Ngongo,1.659558,30.193125,Makabo Ngongo,1195,0.63
Ituri,Irumu,Ngopa Gr Basunu,1.430037,29.836945,Mandongo,144,0.46
Ituri,Irumu,Ngumi Gr Bandavilemba,1.055199,29.6294,Kasoko,1815,0.0
Ituri,Irumu,Njia-Panda Gr Behiziha,1.387689,30.382732,,,
Ituri,Irumu,Nombe Gr Ts'ritsi,1.356527,30.26725,Lakpa,61,0.0
Ituri,Irumu,Nongo Gr Bamuko,1.470833,30.128334,Nzenge,793,0.55
Ituri,Irumu,Ntoroko Gr Rubingo,0.963105,30.0704,,,
Ituri,Irumu,Nyabagenzi Gr Buleyi,0.989835,30.0602,,,
Ituri,Irumu,Nyabangeyi Gr Buley,0.993889,29.95589,Nyabakala,1812,0.53
Ituri,Irumu,Nyabiri Gr Baviba,1.317332,30.154795,Walo,1936,0.18
Ituri,Irumu,Nyabwanda Gr Semuliki,1.039602,30.122034,,,
Ituri,Irumu,Nyaigo Gr Bukiringi,1.164059,30.06103,Maga,1160,0.4
Ituri,Irumu,Nyakabira Gr Babiase,1.414559,30.2483,Muromg,699,0.13
Ituri,Irumu,Nyakeru Gr Babiase,1.505627,30.279713,Djenge,1629,0.31
Ituri,Irumu,Nyakunde Gr Loy Banigaga,1.432,30.03342,NChweke,937,0.4
Ituri,Irumu,Nyaligbohu Gr  Buley,1.002782,29.914385,Budundu,1999,0.24
Ituri,Irumu,Nyamabale Gr Mitego,1.105064,29.966469,Mitego,171,0.27
Ituri,Irumu,Nyamavi Gr Bandikato,1.317471,30.409288,,,
Ituri,Irumu,Nyamavi-Sule Gr Bandikatho,1.322939,30.38547,Nyamavi,769,0.74
Ituri,Irumu,Nyamireju Gr Rubingo,1.027672,30.016787,,,
Ituri,Irumu,Nyamusole Gr Babiase,1.420789,30.2771,Mugua,716,0.29
Ituri,Irumu,Nyandama Gr Bukiringi,1.103808,29.939337,,,
Ituri,Irumu,Nyangarama Gr Sidabo,1.394199,30.2234,,,
Ituri,Irumu,Nyanjige Gr Semuliki,1.035899,30.191801,Kikoga,1087,0.14
Ituri,Irumu,Nyanzige Gr Semuliki-Burasi,1.222,30.431,,,
Ituri,Irumu,Nyaronga Gr Makabo,1.473714,30.255026,Nyakeru,756,0.53
Ituri,Irumu,Nyaruma Gr Zadhu,1.25179,30.23105,Kasumaka,626,0.53
Ituri,Irumu,Nyarwina Gr Rubingo,1.034019,30.0067,,,
Ituri,Irumu,Nyasinga Gr Bukiringi,1.153939,30.028696,Mangala,667,0.53
Ituri,Irumu,Nyasona Gr Boloma,1.237061,30.044827,Barahi,355,0.31
Ituri,Irumu,Nyasumbi Gr Zadhu,1.25179,30.23105,Kasumaka,626,0.5
Ituri,Irumu,Nyau Gr Boloma,1.170407,30.127665,Batumbi,589,0.36
Ituri,Irumu,Obhe Gr Bukiringi,1.13659,29.978039,Avegi,757,0.22
Ituri,Irumu,Ofay fôret Gr Bandavilemba,1.186699,29.8804,,,
Ituri,Irumu,Ofaye Gr Bandavilemba,1.200299,29.6936,Pygmés,1038,0.36
Ituri,Irumu,Okaluru Gr Bandingili,1.105489,29.87105,Bandibu,1964,0.29
Ituri,Irumu,Okiasi Gr Ts'ritsi,1.351397,30.263336,Lakpa,667,0.36
Ituri,Irumu,Orwa Gr Makabo,1.516669,30.21667,Luga 1,895,0.2
Ituri,Irumu,Otomabere Gr Bandavilemba,1.012552,29.58562,Mambelenga 2,1443,0.48
Ituri,Irumu,Paipai Gr Baley,0.996056,29.828339,,,
Ituri,Irumu,Pamanyama Gr Bandavilemba,1.150938,29.531096,Apende,346,0.27
Ituri,Irumu,Peka Gr Sota,1.454131,29.931307,Bambili and Ndia,17,0.1
Ituri,Irumu,Petro Gr Mayaribu,1.519741,29.876066,Mabongo,380,0.17
Ituri,Irumu,Pika Maibo Gr Bandivilemba,1.05005,29.58279,Mambelenga 1,1965,0.18
Ituri,Irumu,Pinga Gr Baviba,1.400508,30.085533,Nyamabho,1940,0.31
Ituri,Irumu,Pont Ituri Gr Bandavilemba,1.384207,29.704268,Bavunkutu,669,0.32
Ituri,Irumu,Puduchabo Gr Ngongo,1.6914,30.21054,NdrChukpa,1773,0.44
Ituri,Irumu,Rayabo Gr Loy Banigaga,1.39365,30.025734,Hamabo,709,0.67
Ituri,Irumu,Rubingo Gr Rubingo,1.039916,29.931944,Rubingo Mission,632,0.64
Ituri,Irumu,Rudjumba Gr Kabarole,1.597625,30.08932,Bambiya,1219,0.4
Ituri,Irumu,Rujumba Gr Kabarole,1.595492,30.10498,Nderembi,1362,0.4
Ituri,Irumu,Rukwanzi Gr Beziha,1.234207,30.469673,,,
Ituri,Irumu,Rusimba Gr Kyabwohe,0.965376,30.13168,Karongo,1057,0.14
Ituri,Irumu,Rwabitera Gr Baley,0.967306,29.868944,Sikwaila,1179,0.47
Ituri,Irumu,Rwendegeya Gr Bandihangu,1.242455,30.329082,Muchanga,10,0.33
Ituri,Irumu,Sadji Gr Zadhu,1.270984,30.26653,,,
Ituri,Irumu,Saga Gr Kunda,1.621817,30.130816,Kalonga,73,0.55
Ituri,Irumu,Salambongo Gr Ngombe Nyama,1.696751,29.981882,,,
Ituri,Irumu,Samiti Gr Behiziha,1.372171,30.42105,Muchanga,1660,0.14
Ituri,Irumu,Sasa Gr Bandavilemba,1.18471,29.691065,Bandimbese,1796,0.14
Ituri,Irumu,Sekai Gr Babiase,1.376893,30.273756,Lagabho,61,0.17
Ituri,Irumu,Senge Gr Sidabo,1.402907,30.155931,Tsengu,1153,0.73
Ituri,Irumu,Sengule Gr Bangole,0.815298,29.521214,Kalalangwe,1548,0.35
Ituri,Irumu,Sesa Gr Bandavilemba,1.258159,29.6956,Ngereza,1094,0.36
Ituri,Irumu,Sezabo Gr Chini ya kilima,1.365749,29.99311,Ngbulazabo,1551,0.5
Ituri,Irumu,Sidabo Gr Sidabo,1.403494,30.173094,Androzo,714,0.31
Ituri,Irumu,Singinini Gr Basunu,1.502709,29.83072,Bainda,1783,0.27
Ituri,Irumu,Singo Gr Baviba,1.421594,30.0601,CME,1674,0.0
Ituri,Irumu,Singoma Gr Loy-Banigaga,1.453222,30.077223,Kaya,1217,0.18
Ituri,Irumu,Soko Makala Gr Babiase,1.392676,30.367792,,,
Ituri,Irumu,Sokotano Gr Bandavilemba,1.252992,29.694395,Ngereza,1683,0.13
Ituri,Irumu,Soleniama Gr Babulaba,1.684957,30.27654,Site Limani,1869,0.4
Ituri,Irumu,Soleniama Gr Batale,1.668777,30.273739,Bunga 1,1444,0.25
Ituri,Irumu,Solenyama Gr Batalee,1.632064,30.25884,Kenya,1302,0.57
Ituri,Irumu,Sona Gr Beziha,1.367813,30.383324,,,
Ituri,Irumu,Songolo Gr Baviba,1.411391,30.1549,Tsengu,1554,0.46
Ituri,Irumu,Soya Gr Loy Banigaga,1.367607,30.077036,Songokoy,1727,0.5
Ituri,Irumu,Subi Gr Bakpulu,1.309782,29.552519,,,
Ituri,Irumu,Taga Gr Bandiamuso,1.416123,29.749722,Baginda,1998,0.55
Ituri,Irumu,Talingba Gr Ts'ritsi,1.236467,30.116278,Tongbe,220,0.57
Ituri,Irumu,Talolo Gr Loy-Banigaga,1.45334,30.012295,Bangoyo,1001,0.46
Ituri,Irumu,Tandi Gr Mayaribu,1.418149,30.023638,Mbandi 2,1660,0.62
Ituri,Irumu,Tarama Gr Bamuko,1.193943,30.184877,Dumara,1136,0.5
Ituri,Irumu,Tchabi Gr Baley,0.980611,29.8772,Bulambaire,1841,0.38
Ituri,Irumu,Tchadu Gr Bamuko,1.213075,30.134874,Kakado,1421,0.33
Ituri,Irumu,Tchendabo Gr Tondabo,1.603569,30.126474,Nderembi,1821,0.35
Ituri,Irumu,Tekele Gr Mazangina,1.564216,29.98768,Dikid,1637,0.18
Ituri,Irumu,Telega Gr Batale,1.634909,30.3023,Mboga,87,0.36
Ituri,Irumu,Tibo Gr Bayhana,1.542029,30.026205,Tumbiabo,1736,0.67
Ituri,Irumu,Tinda Gr Makabo,1.474504,30.128433,Nkodo,1721,0.4
Ituri,Irumu,Tokomeka Gr Bandavilemba,1.099999,29.916668,Bikima,1429,0.43
Ituri,Irumu,Tondabo Gr Tondabo,1.591004,30.116095,Nderembi,35,0.4
Ituri,Irumu,Tondoli Gr Tondoli,0.931779,29.9243,,,
Ituri,Irumu,Tongbe Gr Bamuko,1.173254,30.170273,Nongo,1349,0.55
Ituri,Irumu,Tsede Gr Bamuko,1.187947,30.153944,Tsadhu,317,0.55
Ituri,Irumu,Tsere Gr Tsere,1.540987,30.18003,Ndenge,1842,0.36
Ituri,Irumu,Tshianitshiani Gr Bandavilemba,0.793631,29.51145,,,
Ituri,Irumu,Tsukele Gr Baviba,1.32403,30.2045,Soke,205,0.55
Ituri,Irumu,Tulabo Gr Loy Banigaga,1.438227,30.081945,,,
Ituri,Irumu,Tumali Gr Ngongo,1.669844,30.207306,Sumbabo,1605,0.46
Ituri,Irumu,Tumbeli Gr Boga,1.012696,29.957554,Nyabakala,736,0.25
Ituri,Irumu,Tume Gr  Bandavilemba,1.119354,29.489777,Mahala,946,0.2
Ituri,Irumu,Uesakalongo Gr Bandavilemba,0.985563,29.570534,Uwautu,1839,0.24
Ituri,Irumu,Uhuse Gr Bandivelemba,1.213286,29.721735,,,
Ituri,Irumu,Uwautu Gr Bandavilemba,0.975965,29.5301,,,
Ituri,Irumu,Uwesa Gr Bandavilemba,1.04857,29.60597,Maimunde,1821,0.31
Ituri,Irumu,Vukaka Gr Boyo-Bwakadi,0.93729,29.81089,Boyo,429,0.0
Ituri,Irumu,Waga Gr Ngongo,1.66866,30.1425,Waga 2,1626,0.8
Ituri,Irumu,Zadhu Gr Zadhu,1.240031,30.128244,Alubhu,1348,0.55
Ituri,Irumu,Zimbi Gr Ngongo,1.689355,30.206036,Bunde,1834,0.2
Ituri,Irumu,Zunguluka Gr Bundingili,1.099999,29.916668,Bikima,1429,0.27
Ituri,Mahagi,Ababa Nen Gr Ngote,2.230099,30.8185,Pamone,854,0.4
Ituri,Mahagi,Abali Gr Paramvor,2.175961,31.164589,Alisi,1739,0.6
Ituri,Mahagi,Abia Gr Abia,2.027422,31.04893,Labu,1658,0.5
Ituri,Mahagi,Abii Gr Anghal II,2.543127,30.490578,Dubai,1906,0.44
Ituri,Mahagi,Abira Gr Abira,2.083333,31.116667,Abira Ramogi 2,1536,0.53
Ituri,Mahagi,Abiya Gr Koch-Lala,2.602111,30.584417,Koc Abey 2,312,0.4
Ituri,Mahagi,Adisi Gr Jupawalu,2.135138,30.869028,Zikali,775,0.36
Ituri,Mahagi,Adu Gr Anguza,2.2172,30.6559,Rimba,15,0.25
Ituri,Mahagi,Afoyo Gr Jupio,2.112246,31.03036,Korle,1344,0.2
Ituri,Mahagi,Afoyorwoth Gr Anghal,2.595,30.5008,Kolwezi,1810,0.24
Ituri,Mahagi,Aguru Gr Anyola-Zeu,2.552589,30.7513,,,
Ituri,Mahagi,Agyero Gr Parombo,2.315979,31.03215,Agore,1921,0.55
Ituri,Mahagi,Ahtatha Gr Djupagasa,2.13155,31.0392,Athatha,25,0.57
Ituri,Mahagi,Akara Gr Akara,2.273879,30.89748,Palara Lul,1875,0.53
Ituri,Mahagi,Akusi Gr Nioka,2.22689,30.70016,Akusi Abaka,1008,0.62
Ituri,Mahagi,Ala Gr Anghal II,2.514242,30.477571,Yilo  1,1296,0.22
Ituri,Mahagi,Alagi Gr Akara,2.258256,30.927675,Jupangbaka,1684,0.27
Ituri,Mahagi,Alasi Gr Jupio,2.196114,31.040462,Pamala,1789,0.55
Ituri,Mahagi,Alengbasi Gr Ngazba,2.278326,30.344736,Mawa,1038,0.31
Ituri,Mahagi,Alesi Gr Pacuta,2.397305,30.73686,Duari,143,0.4
Ituri,Mahagi,Aleza Gr Rona,2.336667,30.701944,Laza,843,0.67
Ituri,Mahagi,Ali Gr Ngote,2.269799,30.696,Alii 2,1656,0.67
Ituri,Mahagi,Alingongo Gr Jupakanya,2.525769,30.65125,Ngbazu,855,0.27
Ituri,Mahagi,Alokolum Gr Adraa,2.473133,30.556023,GodAwuzi,1661,0.25
Ituri,Mahagi,Alu Gr Djupanyalengi,2.181482,30.917646,Angolo,1484,0.44
Ituri,Mahagi,Amati Gr Ruvinga,2.055716,30.937504,Walla,1159,0.4
Ituri,Mahagi,Ambaki Gr Urii,2.233333,31.116667,Ngala,486,0.36
Ituri,Mahagi,Ambe Gr Nioka,2.212939,30.68073,Akusi Abaka,1651,0.27
Ituri,Mahagi,Ambere Gr Umoyo,2.101459,30.944733,Lome Asee,1912,0.4
Ituri,Mahagi,Ameri Pacuta Gr Rona,2.373058,30.755129,Kor Ameri,1171,0.48
Ituri,Mahagi,Andandara Gr Ukazu,2.251312,31.053604,Jupadur,1858,0.38
Ituri,Mahagi,Andingi Gr Pamithu Amee,2.12848,30.879633,Nyina,1694,0.5
Ituri,Mahagi,Andri Gr Zabu,2.196428,30.98952,Ajagi,304,0.4
Ituri,Mahagi,Anduka Gr Agba,2.240294,31.067057,Madi,1673,0.4
Ituri,Mahagi,Angaba Gr Paravor,2.203444,31.205973,Unguru,1541,0.33
Ituri,Mahagi,Angeru Gr Agba,2.258635,31.05729,Ambere,1660,0.5
Ituri,Mahagi,Angola Gr Djupakanya,2.322432,30.940722,Jupanjalangiya,1961,0.4
Ituri,Mahagi,Angu Gr Pacuta,2.4112,30.7299,Aranza,29,0.4
Ituri,Mahagi,Anguza Gr Paramvor,2.15973,31.133154,Payer,662,0.18
Ituri,Mahagi,Aoda Gr Nioka,2.237445,30.611727,Para,1977,0.5
Ituri,Mahagi,Apaa Gr Alur,2.227646,31.14343,Pamaya,870,0.6
Ituri,Mahagi,Aranja Gr Pakwo,2.386138,30.80986,Jupanapa,1722,0.43
Ituri,Mahagi,Atata Gr Urii,2.238245,31.0735,Jupanyatharu,568,0.35
Ituri,Mahagi,Auko Gr Auko,2.7,30.55,Alima Moko,930,0.43
Ituri,Mahagi,Avere Gr Aupa,2.637444,30.46,Sunda 2,110,0.17
Ituri,Mahagi,Avogira Gr Rona,2.299999,30.98333,Gamba,1035,0.33
Ituri,Mahagi,Avogira Gr Rona v,2.278209,30.81758,Avogira Uribu,808,0.7
Ituri,Mahagi,Avu Gr Nioka,2.186399,30.72755,Jupanduru,588,0.33
Ituri,Mahagi,Awe Gr Ngote,2.252933,30.784826,Sina,1215,0.29
Ituri,Mahagi,Awisi Gr Urii,2.197833,31.118834,Pamukwenda,1056,0.27
Ituri,Mahagi,Awora Gr Alur,2.21457,31.177185,Awora 1,1117,0.83
Ituri,Mahagi,Awuu Gr Rona,2.294188,30.664825,Ali,142,0.29
Ituri,Mahagi,Ayisi Gr Akara,2.244916,30.83852,Ndaki,1647,0.4
Ituri,Mahagi,Azimini Gr Adra,2.421089,30.4882,Ndimalo,404,0.29
Ituri,Mahagi,Azinabu Gr Laburamogi,2.035367,31.04377,Labu Azinavu 2,692,0.57
Ituri,Mahagi,Aziri 2 Gr Djupakanya,2.580703,30.54536,Aziri,1270,0.83
Ituri,Mahagi,Banda Gr Sabu,2.214467,30.970457,Jupanyavuka,140,0.38
Ituri,Mahagi,Bavu Tendro Gr Ruvinga,2.0118,30.96782,Boda,975,0.27
Ituri,Mahagi,Bena Gr Ruvinga,2.055402,30.92854,Juba,1119,0.5
Ituri,Mahagi,Beyo Gr Jupio,2.130183,31.060555,Ugengo,1715,0.4
Ituri,Mahagi,Biti Gr Jupunyangu,1.968036,30.997623,Got Jobi,705,0.33
Ituri,Mahagi,Blena Gr Nioka,2.174375,30.605452,Ngakpa,1653,0.36
Ituri,Mahagi,Bubenga Gr Jukoth II,2.36465,30.282906,Meiya,1146,0.33
Ituri,Mahagi,Bulo Gr Nzeba,2.180104,30.575386,Lugo,1785,0.5
Ituri,Mahagi,Camp passion Gr Nzeba,2.1682,30.6367,Maibo,246,0.35
Ituri,Mahagi,Chana Koko Gr Apala,1.963351,31.00919,Kalingwa 2,746,0.4
Ituri,Mahagi,Cubu Gr Alur,2.23863,31.1891,Unguru,27,0.4
Ituri,Mahagi,Daisi Gr Adra,2.409528,30.550816,Maibo,1237,0.4
Ituri,Mahagi,Dala Gr Musongwa,2.22543,30.85362,Alagi,1620,0.67
Ituri,Mahagi,Deja Gr Awoo,2.140322,31.005716,Jupawalu,1784,0.33
Ituri,Mahagi,Dhala Gr Musongwa,1.974653,30.948397,Redha,1780,0.6
Ituri,Mahagi,Dhejuu Gr Agasa,2.134645,31.025957,Korduru,1437,0.46
Ituri,Mahagi,Dhini Gr Anghal II,2.540699,30.575184,Uree,1937,0.0
Ituri,Mahagi,Dilolo Gr Djupakanya,2.588026,30.513508,Kingba,1527,0.17
Ituri,Mahagi,Djala Gr Adraa,2.39453,30.537182,Njala,1974,0.8
Ituri,Mahagi,Djupabaleso Gr Paker,2.508605,30.490246,,,
Ituri,Mahagi,Djupabong 1 Gr Akapa,2.292999,30.87389,Jupabosi,1856,0.63
Ituri,Mahagi,Djupachang’u Gr Paker,2.243278,30.924074,Jupangbaka,1767,0.57
Ituri,Mahagi,Djupajangay Gr Djupio,2.231209,30.8982,Jupujanga,516,0.8
Ituri,Mahagi,Djupajathim Beju Gr Jupawalu,2.146976,30.927538,Jupajathim,1394,0.77
Ituri,Mahagi,Djupakiya Gr Aree,1.973268,30.994926,Jupanyarabi,1275,0.6
Ituri,Mahagi,Djupalang'U Gr Jupawalu,2.122443,30.87764,Jupulangu Awuu,1840,0.67
Ituri,Mahagi,Djupalebe Gr Ukadhu,2.392399,30.753792,Jupasonga,1872,0.44
Ituri,Mahagi,Djupalithum Gr Pacutha,2.40661,30.7845,Lualu,512,0.5
Ituri,Mahagi,Djupamalawi Gr Ngote,2.292423,30.78778,Jupamalawi Vijana,506,0.71
Ituri,Mahagi,Djupamaya Gr Abia,2.01261,31.044928,Jupalonya,1254,0.67
Ituri,Mahagi,Djupambisi Gr  Pamitu Amee,2.139695,30.845856,Jupalobo,1913,0.56
Ituri,Mahagi,Djupamogo Ambere Gr Palara,2.341599,30.9915,Ambere,170,0.55
Ituri,Mahagi,Djupamone Gr Ngote,2.223027,30.771807,Pacua,1252,0.29
Ituri,Mahagi,Djupanyalengi Gr Djupujom,2.242832,30.870806,Jupacora,1593,0.48
Ituri,Mahagi,Djupanyika Gr Palara,2.365767,30.976465,Jupalithi,1459,0.53
Ituri,Mahagi,Djupa-Oyo Gr Djupio,2.135299,31.0841,Jupadrogo 1,1683,0.5
Ituri,Mahagi,Djupawodegi Gr Palara,2.483333,30.616667,Djigo,869,0.38
Ituri,Mahagi,Djupayamu Gr Pamitu Amee,2.142179,30.75524,Juparwoth,102,0.44
Ituri,Mahagi,Djupazaga Gr Ngote,2.286499,30.702944,Amogi,1542,0.29
Ituri,Mahagi,Djupiera Gr Paramvor,2.14082,31.2019,Jupierawiri,608,0.74
Ituri,Mahagi,Djupucama Gr Padeya,2.337879,30.89108,Jupavuka,1275,0.59
Ituri,Mahagi,Djupudera Gr Djupujom,2.225754,30.852404,Jupa Ferme,654,0.53
Ituri,Mahagi,Djupugulu Gr Djupio,2.125582,31.0855,Jupugulo,748,0.82
Ituri,Mahagi,Djupujanga Gr Awoo,2.234999,31.069,Jupanyatharu,1026,0.55
Ituri,Mahagi,Djupujuru Gr Ngote,2.264889,30.789778,Jupubia,851,0.5
Ituri,Mahagi,Djupupoka Gr Djupakanya,2.601942,30.514624,Kogumbara,1745,0.22
Ituri,Mahagi,Djuru Gr Pamithu Amee,2.115227,30.877527,Jupulangu Awuu,1721,0.32
Ituri,Mahagi,Dra Gr Djupawalu-Luu,2.174725,30.865732,Jupadar,1400,0.4
Ituri,Mahagi,Dubai Gr Anghal 2,2.555146,30.59036,Akpe,350,0.22
Ituri,Mahagi,Dujuu Gr Agasa,2.139363,31.041897,Jupagu,1124,0.55
Ituri,Mahagi,Egobi Gr Paramvor,2.175574,31.224972,Pakeno,991,0.36
Ituri,Mahagi,Gabu Gr Nzeba,2.185444,30.61725,Ngakpa,1906,0.4
Ituri,Mahagi,Gayi Gr Chari,2.284323,30.489279,Loba,1632,0.25
Ituri,Mahagi,Girabolo Gr Anghal 2,2.547565,30.4363,Kepira,245,0.43
Ituri,Mahagi,Gisigi Gr Awoo,2.226404,30.962332,Pathole Gisigi,1795,0.6
Ituri,Mahagi,Goba Gr Muswa,1.957023,30.989492,Bogo,1594,0.5
Ituri,Mahagi,Godawasi Gr Adra,2.236049,30.594025,Gadhats,913,0.53
Ituri,Mahagi,Goli Mahagi Gr Jupamamba,2.376419,31.029518,Nyanguma,1882,0.32
Ituri,Mahagi,Goma Gr Ruvinga,2.045403,31.041271,Karombo,269,0.36
Ituri,Mahagi,Gosi Gr Pakwong’a,2.285279,30.91403,Gosi Zina,1618,0.62
Ituri,Mahagi,Gosizina Gr Gossi,2.249419,30.93436,Gosi Ngba,1822,0.71
Ituri,Mahagi,Gossi Gr Gossi,2.31239,30.98088,Urussi,1562,0.55
Ituri,Mahagi,Gotcana Gr Paker,2.25213,30.9193,Jupangbaka,758,0.35
Ituri,Mahagi,Gulu Gr Rona,2.405359,30.58098,Dhelenyi,1506,0.17
Ituri,Mahagi,Guna Gr Padea Kabasa,2.320733,30.911308,Jupuzunga,982,0.46
Ituri,Mahagi,Gwonyeri Gr Akara,2.275259,30.84717,Jupu Winji 2,1038,0.3
Ituri,Mahagi,Haut Shari Gr Rona,2.339889,30.632584,Ndrusini,431,0.33
Ituri,Mahagi,Jabi Gr Ruvinga,2.050445,30.938498,Juba,1628,0.5
Ituri,Mahagi,Jadi Gr Ukazu,2.238152,31.054272,Madi,1129,0.75
Ituri,Mahagi,Jalusene Gr Jupawalu,2.122389,30.877916,Jupangima,1253,0.35
Ituri,Mahagi,Jelasiga Gr Anghal II,2.55861,30.50389,Sira 2,612,0.43
Ituri,Mahagi,Jilo Gr Adra,2.40102,30.52163,Djalasiga,1097,0.31
Ituri,Mahagi,Joo Gr Adraa,2.376245,30.493095,,,
Ituri,Mahagi,Juda Gr Gossi,2.313999,30.9759,Jupatombu,1257,0.46
Ituri,Mahagi,Jula Gr Ngote,2.231813,30.816786,Jupabinga,1916,0.46
Ituri,Mahagi,Jupabaliko Gr Pamitu Amee,2.169513,30.87636,Jupadar,1695,0.59
Ituri,Mahagi,Jupabisha Gr Jupanyalengi,2.167407,30.841965,Jupabica,1667,0.82
Ituri,Mahagi,Jupacer Gr Ngote,2.250603,30.698637,Jupasunda,1552,0.5
Ituri,Mahagi,Jupacida Liby Gr Ngote,2.289561,30.749657,Jupacida,1824,0.76
Ituri,Mahagi,Jupadrogo Gr Abira,2.2578,31.0826,Jupanyatharu,1932,0.48
Ituri,Mahagi,Jupagori Gr Adraa,2.467453,30.556147,Majanga,1597,0.4
Ituri,Mahagi,Jupajauvor Gr Pamitu-Amee,0.876999,30.14599,,,
Ituri,Mahagi,Jupajauvor Gr Pamitu-Amee,0.893958,30.138844,,,
Ituri,Mahagi,Jupajauvor Gr Pamitu-Amee,0.900277,30.13367,Buguma,1719,0.25
Ituri,Mahagi,Jupajaya Gr Ruvinga,2.074261,30.955439,Juparima,794,0.62
Ituri,Mahagi,Jupaju Gr Adra,2.371798,30.576374,Ngodju,1606,0.33
Ituri,Mahagi,Jupakamu Gr Aree,1.969444,31.00203,Jupajunga,703,0.59
Ituri,Mahagi,Jupakeno Gr Pakwo,2.381436,30.775515,Aweka,839,0.31
Ituri,Mahagi,Jupakingi Gr Rona,2.3536,30.74874,Jupadrogo,407,0.56
Ituri,Mahagi,Jupalango Gr Nioka,2.197459,30.69539,Ambe,1347,0.15
Ituri,Mahagi,Jupamula Gr Sabu,2.131758,31.079468,Jupamukina,1862,0.78
Ituri,Mahagi,Jupamunzi 1 Gr Paker,2.226,30.908,Jupamuzi Bwe,1204,0.78
Ituri,Mahagi,Jupanyabulo Gr Ngote,2.204046,30.746138,Jupalangu,1118,0.6
Ituri,Mahagi,Jupanyarucel Gr Labu Ramogi,2.041666,31.045834,Jupango,1561,0.53
Ituri,Mahagi,Juparanyi Gr Djupujom,2.23333,30.86667,Jupanyalengi,1951,0.67
Ituri,Mahagi,Jupasonga Gr Jupio,2.1435,31.0525,Jupagu,1601,0.67
Ituri,Mahagi,Jupawiwu Gr Awo,2.178301,30.977695,Jupabika,777,0.62
Ituri,Mahagi,Jupayamu Gr Pamitu Amee,2.130162,30.864645,Jupawalu,1727,0.75
Ituri,Mahagi,Jupayembo Gr Agasa,2.136699,30.9971,Jupayora,1890,0.71
Ituri,Mahagi,Jupazangbo Gr Ngazba (Berunda),2.31147,30.277475,Molabo,956,0.38
Ituri,Mahagi,Jupuduru Gr Sabu,2.168499,31.0144,Jupudero,1536,0.75
Ituri,Mahagi,Jupugwoko Gr Ruvinga,2.055449,31.0089,Ngolo,1404,0.43
Ituri,Mahagi,Jupujom-Avida Gr Jupujom,2.299999,30.98333,Jumba,1948,0.44
Ituri,Mahagi,Jupulangu Gr Nioka,2.136277,30.867332,Jupawanga,1193,0.67
Ituri,Mahagi,Jupulobu Gr Angahal II,2.488517,30.642912,Djupagasa,1500,0.35
Ituri,Mahagi,Jupuyaka Gr Are,1.987352,30.979717,Jupakia,1910,0.8
Ituri,Mahagi,Juru Gr Pamitu Amee,2.216238,30.879852,Juvudo 1,1368,0.5
Ituri,Mahagi,Jurusi Gr Nzeba,2.179136,30.603575,Lugo,1877,0.2
Ituri,Mahagi,Juvona Gr Pakwonga,2.293312,31.040375,Ladju,1278,0.36
Ituri,Mahagi,Kabasa Gr Padea Kabasa,2.324944,30.903667,Jupawaza,674,0.43
Ituri,Mahagi,Kaladawo-Berunda Gr Berunda-Djukoth,2.316669,30.31667,,,
Ituri,Mahagi,Kalangada Gr Chari,2.281208,30.60985,Njedhe,1500,0.27
Ituri,Mahagi,Kamatso Gr Nzeba,2.207566,30.547216,,,
Ituri,Mahagi,Kambala Gr Shari,2.324944,30.5658,Mbasa,1799,0.67
Ituri,Mahagi,Kambi-Tatu Gr Awoo,2.061003,31.058868,Uloki 1,872,0.35
Ituri,Mahagi,Karombo Gr Padea Kabasa,2.336875,30.891762,Ayaka,1175,0.33
Ituri,Mahagi,Kasengu Gr Djupio,2.13646,31.08508,Palamu,187,0.31
Ituri,Mahagi,Kasingbana Gr Pamitu Amee,2.12975,30.74775,Samba,1953,0.4
Ituri,Mahagi,Kaswa Gr Aree,1.960999,30.967,Jupamasa,1948,0.46
Ituri,Mahagi,Kele Gr Djupakanya,2.589313,30.505,Koc Tikeu,956,0.31
Ituri,Mahagi,Kepira Gr Anghal 2,2.583913,30.451027,Takuyo,124,0.17
Ituri,Mahagi,Kermes Gr Djupanyalengi,2.18333,30.95,Ndrele,1939,0.33
Ituri,Mahagi,Kingoth Gr Djupanyalengi-Yathe,2.180258,30.893606,Djupanyalengi Foyo,1790,0.24
Ituri,Mahagi,Korongbo Gr Jukoth II,2.338889,30.293612,Jupavangbo,1879,0.44
Ituri,Mahagi,Kosovo Gr Djukoth II,2.334445,30.418907,,,
Ituri,Mahagi,Kothungola Gr Amee,2.211901,30.881268,Ukebu Djupagbamu,1807,0.31
Ituri,Mahagi,Kotichana Gr Musongwe,1.936563,30.93884,Kweti,933,0.43
Ituri,Mahagi,Kpena Gr  Pamitu Amee,2.151843,30.834747,Jupuguna,1656,0.46
Ituri,Mahagi,Kpo Gr Anghal II,2.49287,30.47722,Yilo  1,1797,0.22
Ituri,Mahagi,Kudha Gr Umoyo,2.109452,30.940893,Druna,1816,0.4
Ituri,Mahagi,Kusu Gr Kusu,2.691943,30.724722,Tubinzu 1,1785,0.31
Ituri,Mahagi,Laa Gr Shari,2.322314,30.549522,Plantation,1849,0.46
Ituri,Mahagi,Labu Bessi Gr Aree,1.98911,30.985472,Labu,1443,0.57
Ituri,Mahagi,Labu Gr Labu,2.054399,31.0815,Jupadubo,863,0.33
Ituri,Mahagi,Lakada Gr Nioka,2.198566,30.699335,Jupadi,1555,0.33
Ituri,Mahagi,Lamuka Gr Nzeba,2.192354,30.64204,Mawa,738,0.4
Ituri,Mahagi,Langa Gr Ruvinga,2.037656,30.955612,Jupanjaya,859,0.43
Ituri,Mahagi,Leda Gr Nioka,2.137209,30.63546,Dheu,1908,0.25
Ituri,Mahagi,Lego Gr Adraa,2.4281,30.560581,Tsalagbi,1775,0.33
Ituri,Mahagi,Leku Gr Nioka,2.258744,30.635769,Riku,1300,0.5
Ituri,Mahagi,Lenge Gr Amee,2.150943,30.830069,Ukebu,1264,0.2
Ituri,Mahagi,Lenju Gr Paramvor,2.175292,31.199545,Pakeno,96,0.36
Ituri,Mahagi,Libi Gr Ngote,2.289309,30.7276,Jupalokire,66,0.29
Ituri,Mahagi,Loch Gr Abira,2.156702,31.132524,Jupulangu,1889,0.15
Ituri,Mahagi,Loda Gr Are,2.082099,30.9358,Lome Asee,1655,0.46
Ituri,Mahagi,Loko Gr Nzeba,2.175676,30.581797,Lugo,919,0.5
Ituri,Mahagi,Lombana Gr Ngazba Berunda,2.32202,30.277903,Molabo,220,0.31
Ituri,Mahagi,Lona Gr Nioka,2.145406,30.653378,Ngolokpa,1878,0.5
Ituri,Mahagi,Lor Gr Nzeba,2.172605,30.622215,Maibo,1768,0.25
Ituri,Mahagi,Lotovi Gr Pamitu Amee,2.158931,30.777565,Jupajatim,1104,0.27
Ituri,Mahagi,Lozaluga Gr Rona,2.38384,30.65771,Tangala,350,0.4
Ituri,Mahagi,Lugo Gr Nzeba,2.224018,30.579695,Lord,1068,0.5
Ituri,Mahagi,Lulijo Gr Ruvinga,2.017038,31.000797,Zigo,120,0.4
Ituri,Mahagi,Luma Gr Djupakanya,2.581587,30.583935,Kor Luma,962,0.67
Ituri,Mahagi,Luu Gr Agasa,2.139244,31.00362,Korduru,1395,0.4
Ituri,Mahagi,Magurugu Gr Gossi,2.317929,30.961569,Urussi,895,0.43
Ituri,Mahagi,Mahagi,2.29748,30.99718,Mamba,935,0.55
Ituri,Mahagi,Mahagi,2.298979,31.00332,Mamba,1161,0.55
Ituri,Mahagi,Mahagi,2.308219,30.9993,Padang'a,1146,0.46
Ituri,Mahagi,Mahagi,2.289609,30.99918,Mamba,33,0.55
Ituri,Mahagi,Mahagi,2.28853,30.98923,Mamba,1124,0.55
Ituri,Mahagi,Mahagi,2.31023,30.99368,Padang'a,1718,0.46
Ituri,Mahagi,Mahagi,2.299721,30.991943,Mamba,1415,0.55
Ituri,Mahagi,Mahagi,2.300169,30.99103,Mamba,1515,0.55
Ituri,Mahagi,Mahagi,2.293699,30.97883,Gamba,846,0.36
Ituri,Mahagi,Mahagi,2.29354,30.98191,Mamba,1989,0.55
Ituri,Mahagi,Mahagi,2.29215,30.9964,Mamba,450,0.55
Ituri,Mahagi,Mahagi,2.298089,31.00892,Mamba,1444,0.55
Ituri,Mahagi,Mahagi,2.30199,30.991558,Mamba,1649,0.55
Ituri,Mahagi,Mahagi,2.297199,30.98107,Gamba,872,0.36
Ituri,Mahagi,Mahagi,2.306629,30.98437,Jumba,1682,0.36
Ituri,Mahagi,Mahagi Port Gr Djupasonge,2.135065,31.235134,Pamaya,1166,0.35
Ituri,Mahagi,Malu Gr Nzeba,2.242378,30.579376,Lord,1508,0.25
Ituri,Mahagi,Marasi Gr Rona,2.303832,30.642174,Shari Ura,22,0.4
Ituri,Mahagi,Mawa Gr Ngazba Berunda,2.332566,30.422852,,,
Ituri,Mahagi,Mbogo Gr Pamitu Amee,2.222687,30.884832,Ndombi,1670,0.36
Ituri,Mahagi,Mbowu Gr Urii,2.287494,31.070724,Udyek,1639,0.2
Ituri,Mahagi,Meyiya Gr Ngazba (Berunda),2.308404,30.273111,Molabo,1408,0.33
Ituri,Mahagi,Mokambo Gr Labu Ramogi,2.039169,31.050167,Karombo,939,0.71
Ituri,Mahagi,Mona Gr Pamitu Amee,2.14509,30.848011,Jupuguna,542,0.33
Ituri,Mahagi,Mont Zeu Gr Anyola,2.533329,30.75,Ngote,1689,0.46
Ituri,Mahagi,Mukachi Gr Musongwa,1.977831,31.026192,Ulikingi,682,0.4
Ituri,Mahagi,Mungere Gr Jupamamba,2.29598,31.063467,Keresi,1310,0.46
Ituri,Mahagi,Musongwa Gr Musongwa,1.914944,30.91725,Pigwa,913,0.46
Ituri,Mahagi,Ndaro Gr Muswa,1.983333,31.016666,Parombo,1904,0.5
Ituri,Mahagi,Ndawe Gr Apala,1.989693,31.047443,Ukwezavu,1391,0.31
Ituri,Mahagi,Ndefu Gr Nzeba,2.210236,30.622927,Tule,844,0.22
Ituri,Mahagi,Ndimalo Gr Adra,2.585037,30.50467,Ahologo 2,1301,0.38
Ituri,Mahagi,Ndjala Gr Adra,2.546056,30.476526,Alula,905,0.55
Ituri,Mahagi,Ndrosi Gr Djupamamba,2.28389,31.07028,Keresi,985,0.5
Ituri,Mahagi,Ndrujo Gr Chari,2.321947,30.54657,Rhi,1095,0.22
Ituri,Mahagi,Ngabu Gr Nioka,2.153199,30.600103,,,
Ituri,Mahagi,Ngote Gr Ngote,2.222611,30.793306,Jupabinga,1561,0.29
Ituri,Mahagi,Ngri Gr Ndjukpa,2.085613,30.592834,Kpambuni,424,0.33
Ituri,Mahagi,Njechekwa Gr Nioka,2.217395,30.687712,Akusi Abaka,737,0.2
Ituri,Mahagi,Njuda Gr Apala,2.003943,31.023806,Jupango,1298,0.5
Ituri,Mahagi,Nyabele Gr Nzeba,2.171288,30.468845,,,
Ituri,Mahagi,Nyaleka Gr Rona,1.996,31.008722,Apalakal,849,0.53
Ituri,Mahagi,Nyamukawa Gr Pamitu Amee,2.172689,30.884127,Jupamula Ndama,1012,0.43
Ituri,Mahagi,Nyangambi Gr Jupujom,2.290985,30.969612,Gamba,1818,0.57
Ituri,Mahagi,Nyarambe Gr Urii,2.253753,31.122723,Panyona Rp,899,0.44
Ituri,Mahagi,Nyarube Gr Jupamaba,2.284899,31.0451,Ambere,1694,0.46
Ituri,Mahagi,Nyaruweka Gr Anghal II,2.501718,30.538767,God Awisi,66,0.22
Ituri,Mahagi,Nyekese Gr Djupujom,2.197916,30.88239,Jupanyalengi Rigi,1041,0.25
Ituri,Mahagi,Nzeba Gr Nzeba,2.251669,30.613901,Zanzibar,1207,0.62
Ituri,Mahagi,Nzinzi Gr Anghal 2,2.533332,30.533333,Tali Tali,1765,0.27
Ituri,Mahagi,Oguro Gr Ngote,2.21778,30.7875,Gira,710,0.44
Ituri,Mahagi,Pabong Gr Ngote,2.219769,30.7476,Jupalangu,1154,0.53
Ituri,Mahagi,Paicing Gr Djupamamba,2.287317,31.048923,Ting Kori,316,0.38
Ituri,Mahagi,Pajulu Gr Pajulu,2.108439,31.20011,Pakulo,1477,0.67
Ituri,Mahagi,Pajuma Gr Jupio,2.091589,31.084608,Jupahimba,1792,0.53
Ituri,Mahagi,Pajuma-Sabu Gr Sabu,2.118469,31.057907,Jupalungu,1097,0.4
Ituri,Mahagi,Pakenge-Druna Gr Umoyo,2.18922,30.987556,Panyang,1927,0.4
Ituri,Mahagi,Pakenge-Juu Gr Jupawalu,2.165507,30.908531,Jupabook Huu,957,0.52
Ituri,Mahagi,Pakenge-Kpena Gr Pamitu Amee,2.10926,30.7316,Raga,71,0.35
Ituri,Mahagi,Pakenge-Siro Gr Umoyo,2.138303,30.8774,Yanago,1491,0.44
Ituri,Mahagi,Pakenge-Yina Gr Jupawalu,2.143022,30.927368,Jupasonge,983,0.48
Ituri,Mahagi,Palamu Gr Awasi,2.056793,31.097061,Jupamukina,1727,0.5
Ituri,Mahagi,Palara Koli Gr Musongwe,1.935108,30.937386,Pakulo,810,0.47
Ituri,Mahagi,Palara Lul Gr Palara,2.308796,30.902876,Jupawaza,1618,0.44
Ituri,Mahagi,Paley Gr Pakwong’a,2.277384,30.95789,Apodorwa,1496,0.31
Ituri,Mahagi,Pamitu-Amee Gr Pamithu-Amee,2.302379,30.973812,Camps Mine,1651,0.38
Ituri,Mahagi,Pamitu-Padeya Gr Padeya,2.316417,30.729994,Jupanyar,72,0.38
Ituri,Mahagi,Pamone Gr Ngote,2.414334,30.590366,Awoo,444,0.4
Ituri,Mahagi,Pamoya Gr Alur,2.275389,31.142397,Pajaw Tegot,630,0.35
Ituri,Mahagi,Pamukwenda Gr Urii,2.229904,31.044783,Pujok,1219,0.4
Ituri,Mahagi,Panduru Gr Panduru,2.20842,30.990475,Andoko,908,0.46
Ituri,Mahagi,Pangenge Gr Are,2.148108,30.863554,Jupawanga,1239,0.47
Ituri,Mahagi,Pangere Gr Alur,2.229805,31.147774,Panyadong 2,971,0.44
Ituri,Mahagi,Pangoro Gr Paramvor,2.131006,31.187935,Pakulo,1609,0.46
Ituri,Mahagi,Panyona Gr Urii,2.235624,31.1909,Awora 1,1891,0.43
Ituri,Mahagi,Pariko Gr Kusu,2.723151,30.701591,Arumva,708,0.33
Ituri,Mahagi,Pariko Gr Ndama,2.619528,30.745872,Aupi,1577,0.4
Ituri,Mahagi,Parumanga Gr Nioka,2.104398,30.59321,Kpambuni,1840,0.47
Ituri,Mahagi,Patole Gr Urii,2.284394,31.045326,Zale,1537,0.6
Ituri,Mahagi,Pavule Gr Pamitu-Amee,2.209491,30.845194,Jupanyalengi,1695,0.44
Ituri,Mahagi,Puma Gr Nioka,2.2571,30.63614,Puna,1906,0.75
Ituri,Mahagi,Pundiga Gr Agba,2.21619,31.0558,Anduka,215,0.46
Ituri,Mahagi,Ragbu Gr Chari,2.231848,30.588032,Kpangba,1009,0.5
Ituri,Mahagi,Ravage Gr Ngote,2.225162,30.811157,Cite Ramazani,1804,0.43
Ituri,Mahagi,Rigbi Gr Pamitu-Ameee,2.14771,30.824121,Jupathobino,357,0.25
Ituri,Mahagi,Rimanga Gr Nzeba,2.156892,30.627998,Ngakpa,1619,0.46
Ituri,Mahagi,Riza Gr Pamitu Amee,2.154057,30.790129,Jupabedu,53,0.17
Ituri,Mahagi,Rond-Point Zanzibar Gr Chari,2.252944,30.6149,Zanzibar,1076,0.59
Ituri,Mahagi,Ruvinga Gr Ruvinga,2.000118,30.989782,Njuda,1164,0.33
Ituri,Mahagi,Saa Gr Apala,1.984477,31.030931,Sora 2,1283,0.44
Ituri,Mahagi,Sabu Gr Sabu,2.216069,31.010084,Satere,191,0.4
Ituri,Mahagi,Sana Gr Rona,2.174055,30.65469,Silimani,1708,0.5
Ituri,Mahagi,Selega Gr Nioka,2.29062,30.6012,Leku,407,0.4
Ituri,Mahagi,Shaba Gr Anghal 2,2.451819,30.4069,Kobho,1383,0.2
Ituri,Mahagi,Shabate Gr Jupawalu,2.110599,30.9255,Ambere,1686,0.46
Ituri,Mahagi,Shuber Gr Pamitu Amee,2.109205,30.71102,Angu,517,0.2
Ituri,Mahagi,Simbi Gr Rona,2.298512,30.974705,Yima,1844,0.44
Ituri,Mahagi,Sisi Gr Nioka,2.151452,30.635342,Cité watsi,1483,0.44
Ituri,Mahagi,Sodjo Gr Musongwe,1.931982,30.937876,Mulio,890,0.2
Ituri,Mahagi,Speli Gr Nioka,2.200346,30.708553,Jupadi,600,0.36
Ituri,Mahagi,Taga Gr Anghal II,2.53217,30.48402,Kingili,1455,0.18
Ituri,Mahagi,Tala Gr Djupujom,2.242575,30.870455,Alagi,1123,0.67
Ituri,Mahagi,Tangbe Gr Chari,2.322495,30.546099,Tedi,1705,0.4
Ituri,Mahagi,Teda Gr Nioka,2.184999,30.72833,Pabong,1866,0.2
Ituri,Mahagi,Tembo Gr Pamitu Amee,2.125579,30.834177,Ukebu,821,0.4
Ituri,Mahagi,Terali Gr Are,1.955117,30.927212,Kasingwa,1134,0.29
Ituri,Mahagi,Terawa Gr Anghal II,2.586396,30.509146,Kogumbara,858,0.27
Ituri,Mahagi,Terususa Gr Ngote,2.218188,30.754284,Kathe,741,0.31
Ituri,Mahagi,Thali Gr Djupakanya,2.574708,30.514656,Ahologo 2,1430,0.29
Ituri,Mahagi,Tharu Gr Sabu,2.110814,31.061934,Ugalu,1161,0.4
Ituri,Mahagi,Theraru Gr Abira,2.087444,31.124722,Juparum,1942,0.43
Ituri,Mahagi,Theruyelu Gr Musongwa,1.931126,30.941727,Jupalaju,1615,0.35
Ituri,Mahagi,Titileda Gr Nioka,2.146111,30.60932,,,
Ituri,Mahagi,Togo Gr Urii,2.265718,31.147854,Pajaw Tegot,852,0.4
Ituri,Mahagi,Tokolibire Gr Adra,2.482069,30.63191,Molu,215,0.29
Ituri,Mahagi,Tsuba Gr Nzeba,2.215339,30.569872,Kpangba G,590,0.29
Ituri,Mahagi,Tule Gr Adraa,2.412142,30.52794,Godima,595,0.0
Ituri,Mahagi,Ubongwa Gr Jupasonge,2.144361,31.241352,Sun,954,0.4
Ituri,Mahagi,Udjuu Gr Anghal II,2.549266,30.589783,Uree,228,0.22
Ituri,Mahagi,Ugalu Gr Urii,2.233099,31.0412,Jupadur,1861,0.5
Ituri,Mahagi,Ugwilo Gr Agba,2.166186,31.098269,Utheko,1849,0.33
Ituri,Mahagi,Ukaya Gr Anghal II,2.54028,30.499166,Dubai,1123,0.4
Ituri,Mahagi,Ukayu Gr Padeya,2.325067,30.861902,Upanu,1926,0.6
Ituri,Mahagi,Ukebo Gr Djupanyalengi,2.200263,30.925474,Ukebu,1437,0.8
Ituri,Mahagi,Ukebu Gr Gossi,2.280483,30.962793,Uguro,505,0.4
Ituri,Mahagi,Ukebu-Goloni Gr Ukadhu,2.209409,31.04318,Ukebu,1044,0.59
Ituri,Mahagi,Ukebu-Wiri Gr Ukazu,2.225805,31.0175,Wi Rii,1807,0.5
Ituri,Mahagi,Ularu Gr Djupakanya,2.59288,30.492529,Kogumbara,1192,0.43
Ituri,Mahagi,Ulyeko Gr Gossi,2.255485,30.952826,Lakala,1215,0.33
Ituri,Mahagi,Umedho Gr Kusu,2.660057,30.53434,Mbaku,976,0.18
Ituri,Mahagi,Umoyo Gr Umoyo,2.163542,30.938549,Undokolo,161,0.46
Ituri,Mahagi,Umulo Gr Agasa,2.139436,31.004045,Umulo 2,887,0.83
Ituri,Mahagi,Upila Gr Djupakanya,2.333637,30.954609,Jupanjalangiya,1936,0.42
Ituri,Mahagi,Uraa Gr Anyola,2.5878,30.6783,Wowu,1857,0.25
Ituri,Mahagi,Uriwo Gr Jupamamba,2.361229,31.000193,Uyaru,1284,0.4
Ituri,Mahagi,Uriwo-Jupumyer Gr Jupamamba,2.374039,31.027365,Agyero,781,0.3
Ituri,Mahagi,Usigo Anghal II Gr Anghal II,2.455019,30.4794,Usigo 2,1439,0.55
Ituri,Mahagi,Uthoro Gr Pacuta,2.387007,30.756891,Kor Ameri,397,0.27
Ituri,Mahagi,Uyiko Gr Agasa,2.1322,31.0141,Jupafoyo,1636,0.46
Ituri,Mahagi,Vichu Gr Rona,2.35,30.7,Bagu,1993,0.22
Ituri,Mahagi,Vida Gr Ngote,2.22305,30.80452,Gira,1717,0.5
Ituri,Mahagi,Walpalar Gr Musongwa,1.936502,30.93878,Jupalaju,945,0.5
Ituri,Mahagi,Wayu Gr Ndjukpa,2.137619,30.590242,Ngaludza,1225,0.33
Ituri,Mahagi,Wele Gr Berunda,2.333281,30.36104,,,
Ituri,Mahagi,Wida Gr Jupio,2.167387,31.066015,Wi rube,1649,0.36
Ituri,Mahagi,Wiluu Gr Ruvinga,2.049999,31.05,Warini,1298,0.36
Ituri,Mahagi,Wi-Soo Gr Pamithu Amee,2.134778,30.830778,Jupathobino,907,0.24
Ituri,Mahagi,Wi-Vu Gr Musongwa,1.929332,30.91961,Vuu,321,0.5
Ituri,Mahagi,Wizii Gr Apala,1.990278,30.996471,Cawa,1640,0.22
Ituri,Mahagi,Yabasi Gr Adraa,2.418466,30.57723,Tsalagbi,1237,0.43
Ituri,Mahagi,Yagu Gr Nzeba,2.226055,30.602472,Gunbga,1967,0.4
Ituri,Mahagi,Yala Gr Ngote,2.253191,30.709702,Alii 1 Puna,1208,0.4
Ituri,Mahagi,Yama Gr Paker,2.232623,30.899761,Jupamuzii Bika,1050,0.33
Ituri,Mahagi,Yari Gr Rona,2.442858,30.681938,Alla Tukpa,1148,0.14
Ituri,Mahagi,Yawu Gr Umoyo,2.143838,30.932673,Jupatombu,1601,0.31
Ituri,Mahagi,Yilo Gr Anghal II,2.560265,30.464321,Otu,1148,0.29
Ituri,Mahagi,Yina Gr Umoyo,2.146559,30.883385,Luza,1197,0.25
Ituri,Mahagi,Zabu Gr Nioka,2.29125,30.642443,Shari Ura,1378,0.31
Ituri,Mahagi,Zagu Gr Nioka,2.23522,30.606873,Kpangba,1670,0.36
Ituri,Mahagi,Zale Gr Djupamamba,2.282608,30.980589,Rida,1581,0.25
Ituri,Mahagi,Zali Gr Koch Lala,2.647524,30.53179,Mbaku,457,0.22
Ituri,Mahagi,Zavi Gr Pamitu Amee,2.163666,30.765888,Pamitu,907,0.4
Ituri,Mahagi,Zaza Gr Nzeba,2.177051,30.572899,Thitsi,1850,0.0
Ituri,Mahagi,Zee Gr Djupawalu,2.202352,30.87649,Jupanyalengi,1614,0.13
Ituri,Mahagi,Zengo Gr Nioka,2.159499,30.683,GodAwobi,1944,0.31
Ituri,Mahagi,Zengu Gr Gossi,2.230556,30.966389,Jupazangu,1555,0.57
Ituri,Mahagi,Zii Gr Anghal 2,2.43979,30.45596,Gele,1471,0.0
Ituri,Mahagi,Zii Gr Apala,1.994341,30.999632,Biti,1957,0.57
Ituri,Mahagi,Zolo Gr Pakwonga,2.393908,30.776403,Rodo,1384,0.5
Ituri,Mambasa, Zunguluka 2 Gr Bapwele,1.410539,29.093367,Alima,1844,0.25
Ituri,Mambasa,Adridja Gr Ngayo,1.392277,27.62706,Okapi,1972,0.33
Ituri,Mambasa,Adumbi Gr Bafwambaya,1.733381,27.8668,Adombi,1259,0.83
Ituri,Mambasa,Akokora Gr Andikau,1.7,29.066668,Kotso,1845,0.5
Ituri,Mambasa,Alambi Gr Walese Dese,1.38651,29.05144,Alima,1594,0.55
Ituri,Mambasa,Amani Gr Bangole,0.880321,29.053318,,,
Ituri,Mambasa,Amino Gr Bafwambaya,1.34981,27.67373,,,
Ituri,Mambasa,Andiduta Gr Badumbisa,1.737848,29.043867,Aluta,1907,0.62
Ituri,Mambasa,Andilongona Gr Bayaku,1.361781,29.45458,Makwangi,1921,0.32
Ituri,Mambasa,Andindulu Gr Bayaku,1.363908,29.531733,Banditongo,1643,0.53
Ituri,Mambasa,Andiopa Gr Andikau,1.781103,29.012356,Ngbolokube,88,0.24
Ituri,Mambasa,Anditonge Gr Andimbuta,1.5173,29.059528,Kadame,1248,0.4
Ituri,Mambasa,Andoro Gr Andimbuta,2.015955,29.708464,,,
Ituri,Mambasa,Apakangbwa Gr Bayaku,1.3786,29.49901,Andimakpoche,1391,0.27
Ituri,Mambasa,Apesiko Gr Bapwele,1.110612,29.269724,Apatineko,1911,0.62
Ituri,Mambasa,Apetineko Gr Bapwele,1.114593,29.243423,,,
Ituri,Mambasa,Asefu Gr Bangole,0.832791,29.380207,,,
Ituri,Mambasa,Asela Gr Bangole,0.666191,29.197083,,,
Ituri,Mambasa,Avakubi Gr Bangole,0.85,29.366667,Kisangani,0,0.38
Ituri,Mambasa,Babeke Gr Basiri,1.399999,28.066668,B Badengaido,1422,0.33
Ituri,Mambasa,Babeke-Makayao Gr Babunda,1.404444,27.696667,Babunda,128,0.38
Ituri,Mambasa,Baberu Gr Babunda,1.424499,27.6128,Babonde,1027,0.62
Ituri,Mambasa,Babesua Gr Bafwabete,1.427989,28.14244,,,
Ituri,Mambasa,Babika Gr Ngayo,1.424307,28.357082,,,
Ituri,Mambasa,Babila-babombi Gr Bangole,0.830299,29.2373,Ngaka,1611,0.21
Ituri,Mambasa,Babofi Gr Bapwele,1.35,29.05,Gabon,803,0.55
Ituri,Mambasa,Babondo Gr  Karani-Yedi,1.997627,29.67398,,,
Ituri,Mambasa,Babukelu Gr Makeke,0.631758,29.267286,Mbelu,1438,0.62
Ituri,Mambasa,Babulonjo Gr Bakwanza,1.347607,29.177738,Makoko,113,0.4
Ituri,Mambasa,Badilika Gr Bayaku,1.379825,29.437267,Kundalakundala,1718,0.36
Ituri,Mambasa,Bafatuha Gr Ngayo,1.615419,27.70112,,,
Ituri,Mambasa,Bafwabango Gr Ngayo,1.751888,27.82453,Abasina,1281,0.47
Ituri,Mambasa,Bafwakengele Gr Ngayo,1.715072,27.81373,Kengbe,569,0.56
Ituri,Mambasa,Bafwambaya Gr Bafwambaya,1.718904,27.815178,Bavamoka,1463,0.56
Ituri,Mambasa,Bafwanakengele Gr Ngayo,1.59111,27.695057,Ngayo,164,0.21
Ituri,Mambasa,Bafwanangala Gr Babunda,1.34,27.57873,,,
Ituri,Mambasa,Bahama Gr Byaku,1.40163,29.348108,Bahaha,1151,0.83
Ituri,Mambasa,Baiti Ituri Gr Bangole,0.795132,29.36697,,,
Ituri,Mambasa,Bakahiku Gr Mambembe-Bela,0.633333,29.233334,,,
Ituri,Mambasa,Bakofi Gr Bakwanza,1.385699,29.2883,Babofi 2,1287,0.71
Ituri,Mambasa,Bakungwe Gr Bakahiku,0.756232,28.84513,,,
Ituri,Mambasa,Bakutete Gr Bangole,0.710273,29.321941,,,
Ituri,Mambasa,Bakwanza Gr Bapwele,1.252697,29.20733,,,
Ituri,Mambasa,Bakweu Gr Basiri,1.407009,28.103445,Bavanaubo,1914,0.4
Ituri,Mambasa,Balimani Gr Bakpulu,1.356925,29.609097,Bamande,1596,0.67
Ituri,Mambasa,Balulodjo Gr Bakwanza,1.371587,29.282347,Kimbangu,707,0.35
Ituri,Mambasa,Bana Congo Gr Bayaku,1.36369,29.5409,Banditongo,628,0.7
Ituri,Mambasa,Banana 1 Gr Bapongomo,1.368129,28.8637,Banana Gite 1,1605,0.76
Ituri,Mambasa,Bandari Gr Andimbuta,1.654229,28.597948,,,
Ituri,Mambasa,Bandikindo Gr Bakwanza,1.346508,29.174454,Andikwakwa,930,0.5
Ituri,Mambasa,Bandikongbe Gr Bakwanza,1.364027,29.4523,Makusiki,1482,0.32
Ituri,Mambasa,Bandikweyi Mapimbi Gr Bangole,0.752402,29.3098,Mapimbi,342,0.56
Ituri,Mambasa,Bandilongo Gr Bakahiko,0.71811,29.175158,Makumbise,594,0.21
Ituri,Mambasa,Bandimukumu Gr Bakaiko,0.921696,28.699295,,,
Ituri,Mambasa,Bandingeu Gr Bangole,0.665939,29.3803,Ilange,65,0.53
Ituri,Mambasa,Bandipakau Gr Bangole,0.702221,29.244694,Mandeite,926,0.44
Ituri,Mambasa,Bandundu Gr Bapongomo,1.36052,28.914562,,,
Ituri,Mambasa,Bandundulu Gr Bangole,0.726351,29.3497,Kandiasa,9,0.33
Ituri,Mambasa,Bangole Gr Bangole,0.7439,29.3074,Mapimbi,727,0.14
Ituri,Mambasa,Banguli Gr Itendey,1.801944,30.127028,Bakolo,1512,0.46
Ituri,Mambasa,Bangusu Gr Bakwanza,1.403138,29.39459,Babumakisi,954,0.47
Ituri,Mambasa,Banzubanzu Gr Bakwanza,1.34375,29.330027,,,
Ituri,Mambasa,Banzunzu Gr Bangole,1.291538,29.121334,,,
Ituri,Mambasa,Baobao Gr Bakahiku,0.780777,29.141464,,,
Ituri,Mambasa,Baombi Gr Andikau,1.68409,29.061256,Bandisoli,1982,0.53
Ituri,Mambasa,Bapela Gr Babombi,1.360777,28.750305,Bandisende,656,0.38
Ituri,Mambasa,Bapela Gr Babombi,1.362014,28.753817,Bandisende,672,0.38
Ituri,Mambasa,Baraka Gr Bakahiku,1.051491,29.200018,,,
Ituri,Mambasa,Basiri Gr Basiri,1.333333,28.0,,,
Ituri,Mambasa,Basiziale Gr Bangole,0.693997,29.351528,,,
Ituri,Mambasa,Batoka Gr Bapwele,0.933972,29.316341,,,
Ituri,Mambasa,Bavakini Gr Enjewa,1.136075,27.948914,,,
Ituri,Mambasa,Bavebango Gr Ngayo,1.628049,27.7388,Bavabena,54,0.59
Ituri,Mambasa,Bawenzi Gr Bakwanza,1.113628,29.204082,,,
Ituri,Mambasa,Bayisa Gr Bayaku,1.360134,29.455538,Makusiki,988,0.29
Ituri,Mambasa,Bembele Gr Ngayo,1.343615,27.587355,,,
Ituri,Mambasa,Biakatu Gr Teturi,0.853615,29.258192,Bandisuba,1743,0.38
Ituri,Mambasa,Biakatu Mayi Gr Bangole,0.829558,29.237274,Ngaka,1529,0.35
Ituri,Mambasa,Biena Gr Bangole,0.704478,29.192722,,,
Ituri,Mambasa,Binase Gr Binase,1.355049,29.03151,Kisanga,687,0.46
Ituri,Mambasa,Bisco Gr Babeke Disaye,1.382972,28.090664,,,
Ituri,Mambasa,Bisisa Gr M'putu,1.143746,29.061993,,,
Ituri,Mambasa,Bokoka Gr Bakahiku,0.905809,28.755976,,,
Ituri,Mambasa,Bolokube Gr Andikau,1.831846,28.990822,Nduye,908,0.31
Ituri,Mambasa,Boluo Gr Bakahiku,0.903222,28.756483,,,
Ituri,Mambasa,Brazza Gr Binase,1.430505,29.044085,Kero,23,0.2
Ituri,Mambasa,Bubali Gr Teturi,0.870474,29.250841,Lalia,1448,0.55
Ituri,Mambasa,Bucha Gr Teturi,0.877574,29.239817,Kibauta,1906,0.5
Ituri,Mambasa,Budjimayi Gr Bangole,0.854499,29.407,,,
Ituri,Mambasa,Bukulani Gr Andifele,1.649999,29.05,Mangbau,1625,0.27
Ituri,Mambasa,Bunyuka  Gr Bangole,0.846014,29.283335,,,
Ituri,Mambasa,Butama Gr Bapwele,1.421074,29.04863,Kero,1180,0.0
Ituri,Mambasa,Butiaba II Gr Binase,1.309872,29.063648,Butama 2,1820,0.67
Ituri,Mambasa,Camp Kisangani Gr Bangole,0.74667,29.35681,Baliyaya,1109,0.36
Ituri,Mambasa,Camp Libération Gr Bakahiku,0.908662,28.706764,,,
Ituri,Mambasa,Camp Mambasa Gr Bapongomo,1.28984,28.915974,,,
Ituri,Mambasa,Camp Rwenzori Gr Teturi,0.964067,29.22642,Kenya,1490,0.22
Ituri,Mambasa,"Carré  minier "" Kanzambu"" Gr M'putu",1.185612,29.010817,Kanzambu,1038,0.55
Ituri,Mambasa,"Carré  minier ""Libreville"" Gr Bafwambaya",1.723466,27.883192,Esuyowapi,1674,0.12
Ituri,Mambasa,"carré miner ""Congo Riche"" Gr Basiri",1.347399,28.0126,,,
Ituri,Mambasa,"carré minier "" Camp Base"" Gr Bapwele",1.081873,29.200815,Methodiste,1975,0.19
Ituri,Mambasa,"carré minier ""Camp Libération"" Gr Bakaheku",0.898527,28.715195,,,
Ituri,Mambasa,"carré minier ""Camp Mobutu"" Gr Bapwele",1.125578,29.010714,,,
Ituri,Mambasa,"carré minier ""Camp Yolo"" Gr Bapwele",1.068722,29.181425,Yolo,1527,0.31
Ituri,Mambasa,"carré minier ""Cinquantenaire"" Gr Bapwele",1.128299,29.159882,Mayuano,1215,0.24
Ituri,Mambasa,"carré minier ""Diamant-Or"" Gr Babunda",1.409242,27.66771,Bavamazoa,1158,0.31
Ituri,Mambasa,"Carré minier ""Dieu Merci"" Gr Ngayo",1.756556,27.836966,Abasina,571,0.2
Ituri,Mambasa,"carré minier ""G6"" Gr Andikau",1.851483,29.04674,,,
Ituri,Mambasa,"carré minier ""Indépendant"" Gr Bapwele",1.074223,29.170109,,,
Ituri,Mambasa,"carré minier ""Jérusalem"" Gr Bangole",0.907679,29.298544,Kotakoli,1291,0.13
Ituri,Mambasa,"carré minier ""Kimya Mining"" Gr Bafwakoa",1.373654,28.021048,,,
Ituri,Mambasa,"carré minier ""Kotakoli"" Gr Teturi",1.232779,29.119366,,,
Ituri,Mambasa,"Carré minier ""Kulungu"" Gr Enjewa",1.335368,28.09,Kulungu,1187,0.52
Ituri,Mambasa,"carré minier ""La Grâce"" Gr Babunda",1.432026,27.639132,,,
Ituri,Mambasa,"carré minier ""Libre-Ville"" Gr Bafwambaya",1.340644,28.056322,,,
Ituri,Mambasa,"carré minier ""Maipunji"" Gr Bafwambaya",1.7,27.933332,,,
Ituri,Mambasa,"carré minier ""Mandimo 1"" Gr Bapwele",1.086457,29.195349,Methodiste,1262,0.19
Ituri,Mambasa,"carré minier ""Masiki"" Gr Bapwele",1.073449,29.174604,Yolo,1714,0.0
Ituri,Mambasa,"carré minier ""Mbudji-mai"" Gr Bafwambaya",1.734614,27.85624,Carrieres,994,0.44
Ituri,Mambasa,"carré minier ""Mikili"" Gr Teturi",0.853695,29.188084,Makangalo,1666,0.21
Ituri,Mambasa,"carré minier ""Mongaliema"" Gr Papwele",1.135022,29.192259,,,
Ituri,Mambasa,"carré minier ""Mopa"" Gr Bafwambaya",1.711861,27.892353,Dopi,1640,0.19
Ituri,Mambasa,"carré minier ""Muchacha"" Gr Enjewa",1.315634,28.140587,Mavuvu,328,0.15
Ituri,Mambasa,"carré minier ""Mungu iko"" Gr Bakahiku",0.83797,29.14763,,,
Ituri,Mambasa,"carré minier ""Ndimo"" Gr Teturi",0.958199,29.2871,Mepunga,1793,0.08
Ituri,Mambasa,"carré minier ""Pede"" Gr Bakahiku",0.925638,28.702557,,,
Ituri,Mambasa,"carré minier ""Russie"" Gr Bapwele",1.047479,29.201303,,,
Ituri,Mambasa,"carré minier ""Rwenzori"" Gr Babila Teturi",1.031944,29.304972,,,
Ituri,Mambasa,"carré minier ""Santa Maria"" Gr Bafwambaya",1.717983,27.912012,,,
Ituri,Mambasa,"carré minier ""Shaba"" Gr Bafwabete",1.707146,27.873173,,,
Ituri,Mambasa,"carré minier ""Tika Mwana"" Gr Ngayu",1.636998,27.742538,Bavamiti,28,0.32
Ituri,Mambasa,carré minier ''Camp Base'' Gr Bafwambaya,1.727053,27.894981,Esuyowapi,1700,0.13
Ituri,Mambasa,carré minier ''Eswiyo Wapi'' Gr Bafwabete,1.692806,27.937567,,,
Ituri,Mambasa,carré minier ''Mabele Mokonzi'' Gr Bafwambaya,1.744557,27.851807,Carrieres,1919,0.44
Ituri,Mambasa,Carré minier Mabuo Gr Babombi,1.340219,28.651066,,,
Ituri,Mambasa,Chefferie Gr Bapwele,1.20693,29.141085,Jerusalem,1994,0.33
Ituri,Mambasa,Congo ya sika Gr Babeke d’Isaye,1.313122,28.886406,,,
Ituri,Mambasa,Dingbo Gr Bayaku,1.354527,29.510416,Andindulu,1811,0.4
Ituri,Mambasa,Dinglo Gr Andikau,1.85993,29.240229,,,
Ituri,Mambasa,Disaye Gr Babeke d’Isaye,1.366956,28.19152,,,
Ituri,Mambasa,Dondola Gr Bangole,0.739472,29.174994,Alafu,287,0.33
Ituri,Mambasa,Dongoma Gr Bangole,0.839863,29.190372,,,
Ituri,Mambasa,Dubai Gr Bangole,0.864287,29.42126,,,
Ituri,Mambasa,Dwana-Nzuri Gr Bandavilemba,1.330425,29.749893,Malingumu,562,0.3
Ituri,Mambasa,Ebiane Gr Bangole,0.999861,28.656454,,,
Ituri,Mambasa,Ebiena Gr Bakahiku,0.758436,29.1221,Mateka,1429,0.33
Ituri,Mambasa,Ebundu Gr Bakwanza,0.983972,29.248222,Elake,1960,0.18
Ituri,Mambasa,Efundi Gr Andibuta,1.514919,29.0573,Kadame,905,0.17
Ituri,Mambasa,Ekati Gr Bangole,0.788222,29.141027,Elimba,1871,0.36
Ituri,Mambasa,Ekatu Gr Bakahiku,0.722864,29.187483,Makumbise,876,0.14
Ituri,Mambasa,Embo Gr Babila Bakwanza,1.333333,28.15,,,
Ituri,Mambasa,Entombilo Gr Bangole,0.846599,29.3225,Baiti,1064,0.29
Ituri,Mambasa,Epene Gr Bandengo,1.32939,27.973648,Basiri,1248,0.0
Ituri,Mambasa,Epulu Gr Babombi,1.403055,28.571112,Nepuse,745,0.55
Ituri,Mambasa,Gabon Gr Mputu,1.349043,29.07065,Mandima,727,0.33
Ituri,Mambasa,Gbaka Gr Babeka d'Isaye,1.484145,28.368418,,,
Ituri,Mambasa,Giza Gr Bangole,0.762313,29.20485,Mangila,1339,0.55
Ituri,Mambasa,Hewa Bora Gr Bakahiku,0.733884,29.174648,Alafu,351,0.29
Ituri,Mambasa,Hila Gr Teturi,0.911262,29.111841,,,
Ituri,Mambasa,Ilako Gr Teturi,1.052294,29.169163,Matembo,1248,0.33
Ituri,Mambasa,Ilange Gr Bangole,0.642099,29.265303,Ngwaba,1127,0.33
Ituri,Mambasa,Ilimba Gr Bangole,0.762573,29.104923,Mateka,1490,0.33
Ituri,Mambasa,Ilota Gr Bakahiku,0.921531,28.626047,,,
Ituri,Mambasa,Indili Gr Enjewa,1.299841,28.142813,Mavuvu,1995,0.0
Ituri,Mambasa,Ingi Gr Bafwabete,1.691378,28.509996,,,
Ituri,Mambasa,Itali Gr Bakahiko,0.673488,29.13551,,,
Ituri,Mambasa,Itembo Gr Bakahiku,0.94686,28.63855,,,
Ituri,Mambasa,Ituri/Pont Ituri,1.094249,29.15351,Bango,1312,0.1
Ituri,Mambasa,Jiapanda Gr Mambembe,0.983332,29.1,Mapembe,0,0.27
Ituri,Mambasa,Kadika Gr Bapwele,1.13388,29.179726,,,
Ituri,Mambasa,Kadodo Gr Teturi,1.025099,29.210876,Jerusalem,1117,0.13
Ituri,Mambasa,Kalalandwe Gr Babunda,1.451408,27.62633,Banguba,164,0.24
Ituri,Mambasa,Kalehu Gr Bakahiku,0.852428,28.823435,,,
Ituri,Mambasa,Kaleverio Gr Bangole,0.777953,29.152012,,,
Ituri,Mambasa,Kalongo Gr Bangole,0.7935,29.1245,Mabangungu,2,0.35
Ituri,Mambasa,Kalvario Gr Bakahiku,0.753287,29.158545,Mahu,1455,0.17
Ituri,Mambasa,Kamaombi Gr Bangole,0.758776,29.270836,Makele,88,0.29
Ituri,Mambasa,Kampala Gr Bangole,0.852319,29.30611,Kapela,1200,0.77
Ituri,Mambasa,Kandiesa Gr Bangole,0.747196,29.27044,Makele,1330,0.29
Ituri,Mambasa,Kangesa Gr Bangole,0.754417,29.30197,Kitenge,1621,0.57
Ituri,Mambasa,Kanyota Gr Bangole,0.842499,28.904306,,,
Ituri,Mambasa,Kapela Gr Bakahiku,0.85,28.966667,,,
Ituri,Mambasa,Karezo Gr Bayaku,1.406582,29.521223,,,
Ituri,Mambasa,Kasoko Gr Bangole,0.901027,29.300194,,,
Ituri,Mambasa,Kasopo Gr Mambembe Bela,0.764334,29.108685,Mateka,1035,0.33
Ituri,Mambasa,Katchoma Gr Bangole,0.709461,29.24433,Katsoma,708,0.8
Ituri,Mambasa,Katerain Gr Bangole,0.698342,29.227257,,,
Ituri,Mambasa,Katirisa Gr Mambembe,0.688767,29.226746,,,
Ituri,Mambasa,Katongo Gr Teturi,1.055829,29.196913,,,
Ituri,Mambasa,Kawame Gr Bangole,0.832499,29.319233,,,
Ituri,Mambasa,Kawame Gr Bangole,0.840703,29.326227,Baiti,1092,0.18
Ituri,Mambasa,Kazaroho Gr Bakahiku,0.911341,28.643938,Bandilongo,1128,0.33
Ituri,Mambasa,Kazaroho2 Gr Bakahiku,0.840786,29.438105,,,
Ituri,Mambasa,Keluwe Gr Bakahiku,0.907133,28.737192,,,
Ituri,Mambasa,Keneubi Gr Bangole,0.699306,29.283228,,,
Ituri,Mambasa,Kesi Gr Maro,2.108211,29.529396,,,
Ituri,Mambasa,Kibela Gr Mambembe,0.766667,28.4,,,
Ituri,Mambasa,Kibeneti Gr Bangole,0.828706,29.341154,Makangalo,399,0.24
Ituri,Mambasa,Kichwa ya Muwa Gr Bapwele,1.281195,29.158617,Masongo,135,0.1
Ituri,Mambasa,Kikundi Gr Bakaheku,0.825751,29.083944,,,
Ituri,Mambasa,Kilimandjaro Gr Bakahiku,0.84305,29.108004,Luhindi,1114,0.32
Ituri,Mambasa,Kingbi Gr Andimbuta,1.620525,29.063889,,,
Ituri,Mambasa,Kisanga Gr Bayaku,1.357926,29.465883,Makusiki,193,0.27
Ituri,Mambasa,Kithengi Gr Bangole,0.837877,29.347012,Makangalo,1108,0.35
Ituri,Mambasa,Koboko Gr Bakahiku,0.914948,28.693893,,,
Ituri,Mambasa,Koiba Gr Bangole,0.859135,29.070604,,,
Ituri,Mambasa,Kokolubo Gr Bangole,0.761735,29.32083,Malikidou,1991,0.35
Ituri,Mambasa,Kotakoli Gr Teturi,0.895374,29.260145,,,
Ituri,Mambasa,Kpedekpede Gr Bayaku,1.397199,29.3843,Bandikombe,799,0.2
Ituri,Mambasa,Kukulu Gr Bakahiku,0.641215,29.091476,,,
Ituri,Mambasa,Kundala Gr Bayaku,1.353,29.4742,Andilongona,1751,0.33
Ituri,Mambasa,Kundu Gr Teturi,0.831708,28.864147,,,
Ituri,Mambasa,Kwelekwele Gr Bakwanza,1.227929,29.391464,,,
Ituri,Mambasa,Lako Gr Teturi,1.002529,29.182928,Sayo,1245,0.5
Ituri,Mambasa,Lalia Gr Teturi,0.876969,29.24083,Kibauta,1984,0.33
Ituri,Mambasa,Lekesa Gr Teturi,1.003723,29.18348,Sayo,1357,0.4
Ituri,Mambasa,Lelesi Gr Bangole,0.860261,28.982157,,,
Ituri,Mambasa,Letacredi Gr Bapwele,1.156486,29.19148,,,
Ituri,Mambasa,Lindi Gr Bakaiko,0.545892,28.584839,,,
Ituri,Mambasa,Lolwa Gr Bayaku,1.349916,29.495388,Andilongona,727,0.38
Ituri,Mambasa,Luengbe Gr Teturi,0.921872,29.236246,Mutondo,1957,0.29
Ituri,Mambasa,Luhindi Gr Bahahiku,0.852337,28.72581,,,
Ituri,Mambasa,Luka yayo Gr Bandavilemba,0.95248,29.645473,Onglase,1888,0.25
Ituri,Mambasa,Luvutau Gr Andifele,1.526049,29.1471,,,
Ituri,Mambasa,Luyindi Gr Bangole,0.897606,29.297367,,,
Ituri,Mambasa,Lwemba Gr Teturi,0.979659,29.184078,Mahulo,514,0.17
Ituri,Mambasa,Lyanga Gr Bakahiko,0.712463,29.170177,Makumbise,1399,0.13
Ituri,Mambasa,Mabakpolya Gr Bayaku,1.292027,29.490139,,,
Ituri,Mambasa,Mabakuwa Gr Babila Teturi,0.957449,28.95634,,,
Ituri,Mambasa,Mabalifa Gr Mambembe,0.675176,29.234407,Makumbo,1544,0.4
Ituri,Mambasa,Mabanga Gr Bakahiku,0.743094,28.595196,,,
Ituri,Mambasa,Mabangifo Gr Bayaku,1.381659,29.522928,Andimakpoche,1933,0.29
Ituri,Mambasa,Mabasey Gr Bayaku,1.352409,29.49557,Andisede 1,1582,0.35
Ituri,Mambasa,Mabelua Gr Bangole,0.698777,29.311737,,,
Ituri,Mambasa,Mabelula Gr Bangole,0.650148,29.277992,Vuswaha,1423,0.27
Ituri,Mambasa,Mabongifo Gr Bayaku,1.387105,29.57928,Apelikoko,1510,0.33
Ituri,Mambasa,Mabula Gr Babunda,1.438529,27.6205,Banguba,1733,0.46
Ituri,Mambasa,Mabungapi Gr Teturi,0.847862,29.28669,Kapela,1902,0.27
Ituri,Mambasa,Mabuo Gr Bangole,0.780066,29.327227,,,
Ituri,Mambasa,Mabutuha Gr Bakahiku,0.900833,28.631111,,,
Ituri,Mambasa,Machebe Gr Bangole,0.766138,29.335194,,,
Ituri,Mambasa,Machette Gr Karani,1.888473,29.806805,,,
Ituri,Mambasa,Madiodio Gr Bangole,0.757099,29.3047,Mapimbi,1084,0.53
Ituri,Mambasa,Mahu Gr Bangole,0.764599,29.1484,Baootepe,1766,0.17
Ituri,Mambasa,Maibo Gr Bakwanza,1.063167,29.172861,Matembo,1715,0.67
Ituri,Mambasa,Maibundu Gr Bakahiku,0.8367,29.0928,,,
Ituri,Mambasa,Makamanda Gr Bakahiku,0.85992,28.66593,Mabutua,1740,0.38
Ituri,Mambasa,Makambo Gr Bangole,0.7595,29.293337,Makakwa,520,0.57
Ituri,Mambasa,Makangalo Gr Bangole,0.651974,29.277464,Vuswaha,1614,0.25
Ituri,Mambasa,Makangalo Gr Teturi,0.850933,29.175915,Makodoka,1516,0.47
Ituri,Mambasa,Makele Gr Bangole,0.849395,29.325739,Baiti,679,0.18
Ituri,Mambasa,Makelele Gr Andikau,1.380859,29.0507,Afrique Du Sud,1175,0.18
Ituri,Mambasa,Makilidohu Gr Bangole,0.703,29.3235,,,
Ituri,Mambasa,Makodoka Gr Bapwele,0.856688,29.212854,Mupanda,1891,0.53
Ituri,Mambasa,Makoko 2 Gr Nyangwe,1.430539,29.04416,Kero,30,0.33
Ituri,Mambasa,Makoko Gr Bakahiku,1.006801,28.997847,,,
Ituri,Mambasa,Makoko Gr Bapwele,0.747371,29.206465,Mangila,1441,0.31
Ituri,Mambasa,Makombo Gr Bakahiku,0.637587,29.005255,,,
Ituri,Mambasa,Makumbise Gr Bangole,0.763423,29.26746,Makele,662,0.53
Ituri,Mambasa,Makumbo Gr Bapwele,1.273998,29.286203,Bolenu Botoka,1515,0.2
Ituri,Mambasa,Makwangi Gr Bayaku,1.376703,29.422747,Matete,1017,0.29
Ituri,Mambasa,Maleki Gr Bayaku,1.388499,29.5082,Andimakpoche,149,0.33
Ituri,Mambasa,Malekwe Gr Bakahiku,0.857856,29.164087,Nduma,1979,0.33
Ituri,Mambasa,Malikwango Gr Bangole,0.749226,29.221733,Makumo,1748,0.5
Ituri,Mambasa,Malindi Gr Teturi,0.58493,28.73345,,,
Ituri,Mambasa,Malinzia Gr Teturi,0.946305,29.30075,,,
Ituri,Mambasa,Malutu Gr Teturi,1.002169,29.1677,Apekele,1286,0.31
Ituri,Mambasa,Mambabo Gr Bakahiku,0.894051,28.676905,,,
Ituri,Mambasa,Mambaka Gr Bakaiku,0.767836,28.773874,,,
Ituri,Mambasa,Mambalu Gr Bapongomo,1.371613,28.9505,Makalanga,1839,0.5
Ituri,Mambasa,Mambasa Gr M'putu,1.35517,29.04108,Butiaba,1948,0.43
Ituri,Mambasa,Mambasa Gr M'putu,1.358719,29.03835,Hewabora,1990,0.4
Ituri,Mambasa,Mambasa Gr M'putu,1.35528,29.03119,Kangambili,601,0.35
Ituri,Mambasa,Mambasa Gr M'putu,1.371279,29.03264,Pays_Bas,616,0.53
Ituri,Mambasa,Mambasa Gr M'putu,1.36834,29.02641,Pays_Bas,1210,0.53
Ituri,Mambasa,Mambasa Gr M'putu,1.359878,29.037128,Pays_Bas,1928,0.53
Ituri,Mambasa,Mambasa Gr M'putu,1.36017,29.0355,Pays_Bas,1864,0.53
Ituri,Mambasa,Mambau II Gr Bangole,0.854336,29.321388,Baiti,1314,0.57
Ituri,Mambasa,Mambeke Gr Teturi,1.312479,29.060986,Kandate,1111,0.29
Ituri,Mambasa,Mamome Gr Teturi,1.01988,29.161266,Apekele,818,0.31
Ituri,Mambasa,Mamopi Gr Bafwabete,0.739519,28.761324,,,
Ituri,Mambasa,Mamulembo Gr Bakahiku,0.724034,29.179188,Makumbise,430,0.56
Ituri,Mambasa,Mamuntoli Gr Bangole,0.787739,29.269253,,,
Ituri,Mambasa,Mandeite Gr Bangole,0.796348,29.185024,Kalevrio,1653,0.38
Ituri,Mambasa,Mandimani Gr Teturi,1.048222,29.203978,,,
Ituri,Mambasa,Mandimo 2 Gr Bapwele,1.084915,29.122526,,,
Ituri,Mambasa,Mandundund Gr Bapwele,1.201138,29.272083,,,
Ituri,Mambasa,Mangambo Gr Bangole,0.942212,29.36638,,,
Ituri,Mambasa,Mangambo Gr Teturi,0.881136,29.384176,,,
Ituri,Mambasa,Mangapi Gr Bafwakao,1.264822,27.831278,,,
Ituri,Mambasa,Mangina Pori Gr Bapwele,0.8144,29.306,Pangolo,1365,0.42
Ituri,Mambasa,Mangobo Gr Teturi,0.970149,29.175781,Mahulo,1602,0.46
Ituri,Mambasa,Mangonzi Gr Bangole,0.756965,29.296993,Mongali,1569,0.53
Ituri,Mambasa,Mangundu Gr Bangole,0.812716,29.30346,Pangolo,1621,0.4
Ituri,Mambasa,Manteite Gr Mambembe,0.626929,29.234816,,,
Ituri,Mambasa,Mantumbi Gr Bangole,0.737585,29.363823,Machebe,1032,0.4
Ituri,Mambasa,Manyama Gr Teturi,0.838482,29.111507,Luhindi,1070,0.14
Ituri,Mambasa,Manzia Gr Mambembe,0.627749,29.254084,Nziapanda,857,0.53
Ituri,Mambasa,Manzumbu Gr Teturi,0.916667,29.233334,Manzombo,736,0.75
Ituri,Mambasa,Mapasana Gr Teturi,0.935118,29.236174,Bucha,1259,0.15
Ituri,Mambasa,Mapeke Gr Bangole,0.645281,29.245989,Manzia,1593,0.33
Ituri,Mambasa,Mapemba Gr Bapwele,1.049983,29.157452,Matembo,765,0.71
Ituri,Mambasa,Mapera Gr Bangole,0.757799,29.251387,,,
Ituri,Mambasa,Mapili Gr Bangole,0.64963,29.45319,,,
Ituri,Mambasa,Mapimbi Gr Bangole,0.868719,29.296644,Kapela,983,0.31
Ituri,Mambasa,Mapwakila Gr Bakahiku,0.712228,29.170237,Makumbise,1410,0.44
Ituri,Mambasa,Maroc Gr Nyangwe,1.24721,28.917,,,
Ituri,Mambasa,Masahu Gr Mambembe,0.63994,29.235197,Manzia,1955,0.5
Ituri,Mambasa,Masana Gr Bangole,0.800516,29.202206,Kalevrio,787,0.14
Ituri,Mambasa,Maseenze Gr M'putu,1.286826,29.098923,Butama,775,0.29
Ituri,Mambasa,Masiki Gr Teturi,1.056679,29.158712,Mamome,1240,0.33
Ituri,Mambasa,Masongo Gr Bakahiku,0.770006,29.115946,Mateka,32,0.31
Ituri,Mambasa,Masongo Gr Bapwele,0.85,29.23333,Mabilingano,1840,0.56
Ituri,Mambasa,Mataba Gr Andikau,1.372965,29.046646,Pays_Bas,1546,0.43
Ituri,Mambasa,Matadi Gr Bangole,0.845596,29.30775,Kapela,1905,0.33
Ituri,Mambasa,Matete Gr Bakaheku,0.762884,29.177694,Mahu,1058,0.4
Ituri,Mambasa,Matolo Gr Bangole,0.737367,29.28004,,,
Ituri,Mambasa,Matolo Gr Bangole v,0.737367,29.28004,,,
Ituri,Mambasa,Matolo Gr Bapwele,1.235183,29.288689,,,
Ituri,Mambasa,Matoti Gr Bakahiku,0.762205,29.134853,Baootepe,1276,0.43
Ituri,Mambasa,Mausyio Gr Bakwanza,0.963521,29.207083,Lwemba Mine,868,0.33
Ituri,Mambasa,Mayala Gr Mayala,2.103127,29.682495,,,
Ituri,Mambasa,Mayi Safi Gr Bapwele,1.21175,29.182222,Mawambi,1315,0.38
Ituri,Mambasa,Mbembe Gr Bapwele,1.137289,29.086948,,,
Ituri,Mambasa,Mbembese Gr Bapwele,1.14328,29.23531,,,
Ituri,Mambasa,Mbenzu Gr Bayaku,1.356999,29.4724,Makusiki,923,0.29
Ituri,Mambasa,Mbesembese Gr Bapwele,1.178297,29.144665,,,
Ituri,Mambasa,Mbopi 47 Gr Bangole,0.857052,29.351671,Kisangani,1842,0.12
Ituri,Mambasa,Mbopi Gr Teturi,0.85,29.233334,Mabilingano,1840,0.38
Ituri,Mambasa,Mboyo Gr Mabilindey,1.319491,28.135687,Mavuvu,371,0.18
Ituri,Mambasa,Mekenya Gr Bapwele,1.115095,29.2207,Maliembu,1451,0.27
Ituri,Mambasa,Mekima Gr Teturi,1.1015,29.2149,Maliembu,741,0.29
Ituri,Mambasa,Mekwata Gr Bangole,0.770337,29.188395,Mangila,1935,0.43
Ituri,Mambasa,Memika Gr Bapwele,1.2314,29.325167,,,
Ituri,Mambasa,Merveille Gr Teturi,0.858264,29.222607,,,
Ituri,Mambasa,Miliese Gr Bangole,0.707229,29.273243,,,
Ituri,Mambasa,Mingazi Gr Bapwele,1.106199,29.1645,Bango,1244,0.33
Ituri,Mambasa,Mitume Gr Bangole,0.877345,29.057327,,,
Ituri,Mambasa,Molokay Gr Babeke Disaye,1.389765,27.949028,Bafwakoa,986,0.27
Ituri,Mambasa,Molokay Gr Babeke Disaye,1.399999,27.95,Bafwakoa,1316,0.27
Ituri,Mambasa,Motomoto Gr Bafwakoa,1.39803,28.04319,Babeke,44,0.0
Ituri,Mambasa,M'pela Gr M'putu,1.19436,29.033138,Pede,22,0.44
Ituri,Mambasa,Mpioka Gr Teturi,1.038236,29.235733,,,
Ituri,Mambasa,M'putu Gr M'putu,1.347494,29.06377,Mandima,1417,0.17
Ituri,Mambasa,Muchacha Gr Babeke Disaye,1.375316,27.992605,,,
Ituri,Mambasa,Muchanga Gr Babila Bakwanza,1.456846,29.049377,Kaniki,1260,0.29
Ituri,Mambasa,Mukou Gr Bakwanza,0.987596,29.24705,Elake,1590,0.2
Ituri,Mambasa,Mupanda Gr Papwele,0.828348,29.217197,Musiko,1524,0.31
Ituri,Mambasa,Musangwa Gr Bangole,0.850996,29.322702,Baiti,1043,0.15
Ituri,Mambasa,Musiko Gr Bangole,0.855951,29.06576,,,
Ituri,Mambasa,Musuku Gr Bangole,0.668609,29.42482,,,
Ituri,Mambasa,Mutongulo Gr Bangole,0.853075,29.108232,Luhindi,1311,0.25
Ituri,Mambasa,Mutweyi Gr Bandavilemba,0.932869,29.6113,Katabey,355,0.43
Ituri,Mambasa,Nakota Gr Bangole,0.86076,29.328766,Baiti,1375,0.36
Ituri,Mambasa,Nase Gr Bapwele,1.191431,29.083652,,,
Ituri,Mambasa,Ndaye Gr  Bakahiku,0.912068,28.69826,,,
Ituri,Mambasa,Nduli Gr Andimbuta,1.933066,29.094778,,,
Ituri,Mambasa,Nduye Koto Gr Adumbisa,1.843969,29.03235,Memekidele,1897,0.2
Ituri,Mambasa,Ngaka Gr Bangole,0.796709,29.230621,Katanga,783,0.5
Ituri,Mambasa,Ngayo Gr Ngayo,1.5468,27.67546,Bavasamoa,632,0.29
Ituri,Mambasa,Ngila Gr Bangole,0.750895,29.206919,Mangila,1315,0.83
Ituri,Mambasa,Ngina Gr Bangole,0.702448,29.213827,,,
Ituri,Mambasa,Ngoka Gr Bapwele,0.903622,29.265427,,,
Ituri,Mambasa,Ngubo Gr Bangole,0.858763,29.355722,Kisangani,1559,0.29
Ituri,Mambasa,Ngwado Gr Mputu,1.34701,29.054785,Angola,1826,0.5
Ituri,Mambasa,Nia-Nia Gr Babunda,1.406944,27.607279,Niania 2,1014,0.53
Ituri,Mambasa,Niania Riche Gr Bavaio (Nia-Nia),1.376958,27.597677,Bavazubange,118,0.26
Ituri,Mambasa,Ntombilo Gr Teturi,0.95301,29.219292,Kenya,63,0.15
Ituri,Mambasa,Ntuma Gr Bangole,0.8439,29.3084,,,
Ituri,Mambasa,Nyaonga Gr Bangole,0.847109,29.280388,Metal,1890,0.17
Ituri,Mambasa,Nzaro Gr Walese Dese,1.390619,29.05177,Harua 2,1277,0.33
Ituri,Mambasa,Nziapanda Gr Mambembe-Bela,0.615664,29.278538,Bahaha,1498,0.4
Ituri,Mambasa,Pakwa Gr Bakahiku,0.849325,28.724089,,,
Ituri,Mambasa,Pamedi Gr Bakahiko,0.71784,29.181475,Makumbise,313,0.4
Ituri,Mambasa,Pangite Gr Bangole,0.861658,28.948675,,,
Ituri,Mambasa,Pangoyi Gr Bakahiku,0.728316,28.578741,,,
Ituri,Mambasa,Paseleku Gr Bakaiko,0.8319,29.178,Kasoko,1944,0.43
Ituri,Mambasa,Pasili Gr Bangole,0.725562,29.279299,,,
Ituri,Mambasa,Patakula Gr Bangole,0.7408,29.276026,,,
Ituri,Mambasa,Pedau Gr Bayaku,1.41234,29.592915,Maria,406,0.2
Ituri,Mambasa,Pede Gr Bapwele,1.183333,29.016666,Kanzambu,699,0.0
Ituri,Mambasa,Peke Gr Banole,0.825483,29.208927,Musiko,1925,0.2
Ituri,Mambasa,Petinalyembo Gr Teturi,0.842881,29.179382,Kasoko,964,0.22
Ituri,Mambasa,Petineko Gr Bapwele,1.196334,29.208582,,,
Ituri,Mambasa,Pikidi Gr Bayaku,1.378059,29.480318,,,
Ituri,Mambasa,PK 12 RN 25 Gr Babunda,1.47332,27.641676,Bavakini,58,0.21
Ituri,Mambasa,PK 15 Gr Bapwele,1.257354,29.097595,PK17,1093,0.67
Ituri,Mambasa,PK 18 Gr Bapwele,1.225739,29.111822,,,
Ituri,Mambasa,PK 26 Gr Bapwele,1.206761,29.116049,Some,284,0.0
Ituri,Mambasa,PK 47 Gr Busakini,1.438984,27.620504,Banguba,1687,0.0
Ituri,Mambasa,PK 49 Route Bafwasande Gr Babombi,1.385027,28.703709,Longela,875,0.21
Ituri,Mambasa,PK 5 Gr Binase,1.30899,29.0645,Kandate,1235,0.18
Ituri,Mambasa,PK 51 RN25 Gr Bafwambaya,1.794793,27.84638,,,
Ituri,Mambasa,Pk 8,1.383329,28.01667,,,
Ituri,Mambasa,Pk 9 Gr Babunda,1.377472,27.59761,Bavazubange,70,0.0
Ituri,Mambasa,PK4 axe Niania-Avakubi Gr Bavaio (Nia-Nia),1.369899,27.5969,Bavazubange,906,0.3
Ituri,Mambasa,Placosi Gr Teturi,0.872516,29.246784,Lalia,1947,0.5
Ituri,Mambasa,Plaine Gr Bayaku,1.392897,29.601511,Apelikoko,1212,0.4
Ituri,Mambasa,Popi Gr Makeke,0.625236,29.243685,Nziapanda,1437,0.15
Ituri,Mambasa,Poto Gr Bangole,0.755501,29.259144,Makele,1437,0.0
Ituri,Mambasa,Réveil Gr Teturi,0.862393,29.276274,Metal,1965,0.36
Ituri,Mambasa,Sans Souci Gr Binase,1.233783,29.014091,,,
Ituri,Mambasa,Sayuni Gr Bapongomo,1.365195,28.974886,Sayo,1300,0.6
Ituri,Mambasa,Seswa Gr Bangole,0.841544,29.329153,Baiti,857,0.2
Ituri,Mambasa,Sitarudi Gr Bakwanza,0.985971,29.247694,Elake,1751,0.15
Ituri,Mambasa,Site Gr Nyangwe,1.368098,29.009674,Nyangwe,182,0.18
Ituri,Mambasa,Sun-City Gr Nyangwe,1.311014,29.051735,Kandate,682,0.27
Ituri,Mambasa,Tabora Gr Nyangwe,1.366796,28.966772,Tobola,1793,0.67
Ituri,Mambasa,Talisa Lokele Gr Basiri,1.337465,27.97685,Basiri,1610,0.21
Ituri,Mambasa,Tandika Gr Bakahiku,0.847999,29.1258,Luhindi,940,0.43
Ituri,Mambasa,Tengi Gr Bangole,0.752502,29.336605,Nakota,1014,0.18
Ituri,Mambasa,Tepe Gr Bakaiko,0.922923,28.704565,,,
Ituri,Mambasa,Teturi Gr Teturi,1.052188,29.147635,Matonge,213,0.31
Ituri,Mambasa,Tindika Gr Nyangwe,1.358391,28.951036,Kilimamweza,555,0.33
Ituri,Mambasa,Tobola Gr Bapongomo,1.383654,28.90543,Banana Ecole,1553,0.33
Ituri,Mambasa,Tohya Gr  Mambembe,0.656762,29.251604,Ngwaba,1441,0.18
Ituri,Mambasa,Tohya Gr  Mambembe,0.817835,29.084614,Matondo,1173,0.33
Ituri,Mambasa,Tokoleko Gr Bapwele,1.283332,29.15,Masongo,867,0.27
Ituri,Mambasa,Tokoleko II Gr Mputu,1.250239,29.0922,Metale,1348,0.35
Ituri,Mambasa,Tokotoko Gr Bangole,0.638025,29.24233,Ngwaba,1619,0.0
Ituri,Mambasa,Vatican Gr Bafwabaya ,1.746556,27.87386,Carrieres,1740,0.25
Ituri,Mambasa,Viavoka Gr Bangol,0.722634,29.242167,,,
Ituri,Mambasa,Village Central Gr Bangole,1.231932,29.117506,,,
Ituri,Mambasa,Village Central Gr Teturi,0.891799,29.3263,Ndombilo,1806,0.27
Ituri,Mambasa,Vingazi Gr Bangole,0.713213,29.244743,Katsoma,1124,0.14
Ituri,Mambasa,Vuhimba Gr Bangole,0.933592,29.236507,Bucha,1427,0.5
Ituri,Mambasa,Vupiri Gr Bakahiku,0.894232,28.707647,,,
Ituri,Mambasa,Vupiri Gr Bangole,0.87462,29.038687,,,
Ituri,Mambasa,Wamba Gr Bangole,0.862201,29.139727,Mutume,182,0.18
Ituri,Mambasa,Watu Gr Teturi,1.012716,29.165117,Sayo,1825,0.25
Ituri,Mambasa,Wesa Gr Bangole,0.828401,29.297342,,,
Ituri,Mambasa,Yeluka Gr Bayaku,1.415881,29.325632,Zelangai,1441,0.43
Ituri,Mambasa,Yosefu Gr Bangole,0.856827,29.34649,Quarante Sept,1117,0.21
Ituri,Mambasa,Zunguluka Gr Andimbuta,1.469277,29.04887,Kaniki,124,0.27
Nord-Kivu,Beni, Mbongya Gr Buliki,0.378226,29.423563,Vuthungu,717,0.27
Nord-Kivu,Beni,Abatonga,0.915667,29.724754,,,
Nord-Kivu,Beni,Abialose Gr Batangi Mbau,0.749666,29.621918,,,
Nord-Kivu,Beni,Aloya Gr Baswagha Madiwe,0.509589,29.140425,Mangalala,554,0.43
Nord-Kivu,Beni,Anta-Mapini,0.79272,29.60006,Kibango,1605,0.22
Nord-Kivu,Beni,Anzuma Gr Bambuba Kisiki,0.719164,29.716248,,,
Nord-Kivu,Beni,Apehutu,0.187693,29.733473,,,
Nord-Kivu,Beni,Apetina Gr Batangi Mbau,0.818997,29.489426,,,
Nord-Kivu,Beni,Atokaka,0.796694,29.623306,,,
Nord-Kivu,Beni,Atonza Gr Banande Kainama,0.898802,29.70721,,,
Nord-Kivu,Beni,Bahatsa,0.430099,29.7293,Kitokoli,1856,0.13
Nord-Kivu,Beni,Baiti Gr Bantangi Mbau,0.431327,29.613968,Halungupa,1063,0.14
Nord-Kivu,Beni,Bamale,0.599309,29.49495,Mbandaka,1862,0.43
Nord-Kivu,Beni,Bambausu,0.603048,29.877775,Ndama 1,1693,0.4
Nord-Kivu,Beni,Bandinguya,0.634684,29.866213,Maale,796,0.27
Nord-Kivu,Beni,Bango Gr Banande Kainama,0.902185,29.765318,,,
Nord-Kivu,Beni,Baoba Gr Bambuba Kisiki,0.816595,29.52026,,,
Nord-Kivu,Beni,Bapakombe-Pendekali Gr Baswagha Madiwe,0.522049,29.324812,Kalemi,1164,0.32
Nord-Kivu,Beni,Beni,0.520671,29.470327,Tamende Kati,1886,0.38
Nord-Kivu,Beni,Beni,0.490718,29.464367,Beu,1846,0.57
Nord-Kivu,Beni,Beni,0.496243,29.462751,Enra,1214,0.5
Nord-Kivu,Beni,Beni,0.485729,29.461103,Benengule,1759,0.46
Nord-Kivu,Beni,Beni,0.496577,29.465424,Enra,928,0.5
Nord-Kivu,Beni,Beni,0.518201,29.49098,Boikene Centre 1,712,0.46
Nord-Kivu,Beni,Beni,0.499173,29.452715,Mbanivuka 1,1111,0.4
Nord-Kivu,Beni,Beni,0.482945,29.46331,Beu,1784,0.57
Nord-Kivu,Beni,Beni,0.501575,29.44532,Mbanivuka 1,1815,0.4
Nord-Kivu,Beni,Beni,0.498913,29.452707,Mbanivuka 1,1085,0.4
Nord-Kivu,Beni,Beni,0.499033,29.452732,Mbanivuka 1,1096,0.4
Nord-Kivu,Beni,Beni,0.496473,29.461622,Enra,1322,0.5
Nord-Kivu,Beni,Beni,0.497529,29.48467,Beu,1662,0.57
Nord-Kivu,Beni,Beni,0.481316,29.455326,Buleyi,1781,0.6
Nord-Kivu,Beni,Beni,0.497858,29.473751,Beu,1707,0.57
Nord-Kivu,Beni,Beni,0.52068,29.470337,Tamende Kati,1888,0.38
Nord-Kivu,Beni,Beni,0.498482,29.473433,Beu,1785,0.57
Nord-Kivu,Beni,Beni,0.485244,29.458698,Benengule,1509,0.46
Nord-Kivu,Beni,Beni,0.499023,29.452717,Mbanivuka 1,1096,0.4
Nord-Kivu,Beni,Beni,0.490299,29.42528,Nzali,1922,0.44
Nord-Kivu,Beni,Beni,0.517365,29.484964,Boikene Centre 1,1186,0.46
Nord-Kivu,Beni,Beni,0.564275,29.478128,Matembo Nzuma,1483,0.24
Nord-Kivu,Beni,Beni,0.4957,29.47139,Beu,1614,0.57
Nord-Kivu,Beni,Beni,0.455635,29.431028,Tabi,623,0.5
Nord-Kivu,Beni,Beni,0.542312,29.49006,Ngadi,207,0.44
Nord-Kivu,Beni,Beni,0.520665,29.470345,Tamende Kati,1887,0.38
Nord-Kivu,Beni,Beni,0.489065,29.466192,Beu,1585,0.57
Nord-Kivu,Beni,Beni,0.475105,29.500616,Sobiede,1923,0.36
Nord-Kivu,Beni,Beni,0.505918,29.389704,Kibaliituri,414,0.27
Nord-Kivu,Beni,Beni,0.485777,29.461061,Benengule,1758,0.46
Nord-Kivu,Beni,Beni,0.520754,29.470266,Tamende Kati,1890,0.38
Nord-Kivu,Beni,Beni,0.489202,29.462881,Beu,1935,0.57
Nord-Kivu,Beni,Beni,0.56704,29.4357,Mulekya,1386,0.18
Nord-Kivu,Beni,Beni,0.500852,29.467842,Enra,557,0.5
Nord-Kivu,Beni,Beu-Manyama Gr Batangi-Mbau,0.92135,29.4118,,,
Nord-Kivu,Beni,Bhughemba,0.567676,29.9235,Bukohua,1547,0.5
Nord-Kivu,Beni,Bilimani Gr Bambuba Kisiki,0.823041,29.605099,,,
Nord-Kivu,Beni,Bovata,0.666666,29.833332,,,
Nord-Kivu,Beni,Buhira Gr Basongora,0.201514,29.705175,Vuhira,684,0.83
Nord-Kivu,Beni,Buhumba,0.686119,29.9091,Lughali,1544,0.43
Nord-Kivu,Beni,Bukira ,0.175595,29.71234,Lwandumbi,1641,0.27
Nord-Kivu,Beni,Bulemba Gr Banande Kainama,0.901499,29.773903,,,
Nord-Kivu,Beni,Bulimba Gr Buliki,0.335373,29.436071,Soma,1718,0.36
Nord-Kivu,Beni,Bulongo Gr Bolema,0.32609,29.69288,Bukokoma,1279,0.53
Nord-Kivu,Beni,Bunake Gr Bambuba Kisuli,0.863861,29.658527,,,
Nord-Kivu,Beni,Bunditombi,0.580888,29.853695,Ndama 1,1946,0.35
Nord-Kivu,Beni,Bunyuka Gr  Isale Bulambo,0.14297,29.366987,Bukoroghoto,1744,0.33
Nord-Kivu,Beni,Busega Gr Isale Bulambo,0.131005,29.384869,Busaghala,608,0.67
Nord-Kivu,Beni,Butani,0.855273,29.588638,Kasana 2,1541,0.29
Nord-Kivu,Beni,Butuhe Gr Malio Butuhe,0.210581,29.27171,Ndulutulu,1081,0.4
Nord-Kivu,Beni,Butungera Gr Isale Bulambo,0.2515,29.38159,Mutendero,1837,0.56
Nord-Kivu,Beni,Cantine Gr Baswagha Madiwe,0.509024,29.142246,Katoke,1329,0.46
Nord-Kivu,Beni,Chilau,0.210817,29.446423,Vuhima,1265,0.5
Nord-Kivu,Beni,Chuchubo Gr Bambuba Kisuli,0.825917,29.648193,,,
Nord-Kivu,Beni,Eringeti Gr Bambuba Kisuli,0.850884,29.609985,Maendeleo 1,169,0.32
Nord-Kivu,Beni,Haila,0.763109,29.528358,,,
Nord-Kivu,Beni,Horototo Gr Bawisa,0.61488,29.86108,Matolu,24,0.29
Nord-Kivu,Beni,Hovi Gr Bolema,0.373784,29.676567,,,
Nord-Kivu,Beni,Ibanda,0.926783,29.855984,,,
Nord-Kivu,Beni,Ibathama,0.249224,29.755043,Kavalya,793,0.4
Nord-Kivu,Beni,Irangyo,0.573135,29.942686,Kasangali,1313,0.38
Nord-Kivu,Beni,Kabweke Gr Baswagha Madiwe,0.588311,29.168304,Mangelela,159,0.38
Nord-Kivu,Beni,Kadepo,0.279051,29.464424,Ivale,1604,0.36
Nord-Kivu,Beni,Kadou Gr Batangi Mbau,0.54745,29.505022,Ngadi,1591,0.4
Nord-Kivu,Beni,Kaghando Gr Baniangala,0.600628,29.954794,Kamanzara,1253,0.47
Nord-Kivu,Beni,Kahando,0.581418,29.951294,Kasangali,544,0.5
Nord-Kivu,Beni,Kainama Gr Banande Kainama,0.90669,29.78872,,,
Nord-Kivu,Beni,Kakalali Gr Bolema,0.211953,29.45381,Panze,1681,0.15
Nord-Kivu,Beni,Kakuka,0.907109,29.78456,,,
Nord-Kivu,Beni,Kalalangwe Gr Batangi Mbau,0.864995,29.440474,,,
Nord-Kivu,Beni,Kalau,0.426735,29.419884,Matembo,1220,0.17
Nord-Kivu,Beni,Kalembo ,0.35023,29.651638,,,
Nord-Kivu,Beni,Kalemia Gr Basongora,0.101893,29.70792,Kighali,1049,0.57
Nord-Kivu,Beni,Kalevya Gr Bolema,0.346529,29.749252,Kanyatsi,1342,0.53
Nord-Kivu,Beni,Kaliberio Gr Baswagha Madiwe,0.33173,29.233908,Kaleveryo,1582,0.67
Nord-Kivu,Beni,Kalindumbu Gr Basongora,0.109664,29.639624,,,
Nord-Kivu,Beni,Kaluvula,0.343885,29.693682,Hurara,1451,0.29
Nord-Kivu,Beni,Kamirongo Gr Basongora,0.078725,29.722017,Kasanga,375,0.5
Nord-Kivu,Beni,Kamungu Gr Banande Kainama,0.879234,29.677423,,,
Nord-Kivu,Beni,Kamwanga Gr Isale Kasongwere,0.08468,29.449566,Kisunga,1919,0.53
Nord-Kivu,Beni,Kanaana Gr Malambo,0.472041,29.690292,,,
Nord-Kivu,Beni,Kangaita,0.354164,29.342216,,,
Nord-Kivu,Beni,Kangothe Gr Malio Butuhe,0.176599,29.306934,Kangote B,1283,0.82
Nord-Kivu,Beni,kangwaye Gr Batangi Mbau,0.626591,29.546612,,,
Nord-Kivu,Beni,Kanyamututsa Gr Isale Kasongwere,-0.065586,29.5181,Kinyamigha,315,0.55
Nord-Kivu,Beni,Kanyangungu ,-0.033026,29.402697,Vusyanga,1537,0.42
Nord-Kivu,Beni,Kanyatsi Gr Kalonge,0.222905,29.378567,Mumole,1538,0.0
Nord-Kivu,Beni,Kanyavuhiri,0.358422,29.468021,,,
Nord-Kivu,Beni,Karuhamba N/A Groupement,-0.0233,29.604,,,
Nord-Kivu,Beni,Kasaka,0.161533,29.645508,,,
Nord-Kivu,Beni,Kasana,0.825038,29.604496,,,
Nord-Kivu,Beni,Kasanzi Gr Buliki,0.326723,29.433674,Soma,834,0.18
Nord-Kivu,Beni,Kasindi Lubiriha Gr Basongora,0.044112,29.71415,Lubiriha Centre,785,0.67
Nord-Kivu,Beni,Kasitu Gr Malio Butuhe,0.211459,29.27196,Kasesa,663,0.5
Nord-Kivu,Beni,Kathiri Gr Masiki Kalonge,-0.03,29.377666,Kinyatsi,98,0.53
Nord-Kivu,Beni,Katikali,0.187932,29.436905,Kalambi,1529,0.53
Nord-Kivu,Beni,Katimbyo Gr Kasongwere,0.125936,29.445898,,,
Nord-Kivu,Beni,Katsangwele,0.307613,29.715538,Kisanga,1566,0.56
Nord-Kivu,Beni,Kaubeli Gr Batangi-Mbau,0.633329,29.5,Sikwaila,1993,0.4
Nord-Kivu,Beni,Kavalia,0.0251,29.4623,Vutumbi,229,0.29
Nord-Kivu,Beni,Kavuhiriro,0.344606,29.412165,Kyalolo,1206,0.35
Nord-Kivu,Beni,Kayenze,0.646507,29.908516,Buisegha,850,0.13
Nord-Kivu,Beni,Kazaroho Gr Bambuba Kisuli,0.705999,29.6573,,,
Nord-Kivu,Beni,Kazaroho I Gr Batangi Mbau,0.845973,29.434336,,,
Nord-Kivu,Beni,Keba,0.738525,29.497566,,,
Nord-Kivu,Beni,Kibwe Gr Bunyuka,0.175099,29.4043,Kirimba,1351,0.5
Nord-Kivu,Beni,Kididiwe Gr Batangi Mbau,0.511849,29.550488,,,
Nord-Kivu,Beni,Kidolo Gr Bolem,0.302053,29.716188,Kisanga,1966,0.31
Nord-Kivu,Beni,Kihondo,0.189732,29.726166,,,
Nord-Kivu,Beni,Kikarara,0.117508,29.710443,Muramba,24,0.4
Nord-Kivu,Beni,Kikawa,0.635088,29.872568,Kitindula,1665,0.4
Nord-Kivu,Beni,Kikura Gr Beniangala,0.5824,29.9628,Kithembo,552,0.29
Nord-Kivu,Beni,Kikyo,0.579531,29.900343,Luvika,1710,0.36
Nord-Kivu,Beni,Kimbya Gr Malio-Butuhe,0.28073,29.27157,Kanyatsi,1218,0.43
Nord-Kivu,Beni,Kinyambahore Gr Malambo,0.406361,29.6684,,,
Nord-Kivu,Beni,Kinziki Gr Batangi Mbau,0.651156,29.558912,,,
Nord-Kivu,Beni,Kipabashi Gr Baswagha Madiwe,0.50095,29.129568,Mabwe,1706,0.29
Nord-Kivu,Beni,Kisiki,0.759027,29.565489,Quaŕtier Beni,1367,0.21
Nord-Kivu,Beni,Kisikivi Gr Batangi Mbau,0.716666,29.55,Tenambo 1,1773,0.0
Nord-Kivu,Beni,Kisuhi,0.611908,29.946217,Kikura,1075,0.5
Nord-Kivu,Beni,Kisui Gr Banande Kainama,0.936399,29.861,,,
Nord-Kivu,Beni,Kisungu,0.264265,29.253647,Makungu,1064,0.71
Nord-Kivu,Beni,Kitahuha,0.2563,29.3347,Masunga,836,0.4
Nord-Kivu,Beni,Kitaragha,0.022579,29.50176,Kiwanza,1751,0.5
Nord-Kivu,Beni,Kitevya Gr Batangi Mbau,0.747069,29.473043,,,
Nord-Kivu,Beni,Kithamiaka Gr Masiki Kalonge,0.026972,29.437204,Thako,1383,0.53
Nord-Kivu,Beni,Kithete,0.116512,29.405203,Vuswagha,1759,0.13
Nord-Kivu,Beni,Kithuma Gr Buliki,0.274805,29.456352,Ivale,1047,0.33
Nord-Kivu,Beni,Kitokolyo Gr Isale Vuhovi,0.008607,29.517668,Katolu,652,0.53
Nord-Kivu,Beni,Kitongote Gr Basongora,0.116554,29.640682,,,
Nord-Kivu,Beni,Kitovo Gr Masiki Kalonge,0.057215,29.48324,Kitsimba,1671,0.43
Nord-Kivu,Beni,Kitowa Gr Malio,0.202629,29.18858,Kyasigha,651,0.43
Nord-Kivu,Beni,Kitshanga,0.415944,29.560745,,,
Nord-Kivu,Beni,Kituma,0.308952,29.443237,Musandaba,789,0.27
Nord-Kivu,Beni,Kitwamuke,0.282429,29.3344,Kitsanga,384,0.47
Nord-Kivu,Beni,Kivwevwe,0.208,29.5051,,,
Nord-Kivu,Beni,Kombo Gr Bawisa,0.599699,29.8703,Kikyo,846,0.4
Nord-Kivu,Beni,Kotolu Gr Isale Vuhovi,0.0776,29.40969,Katolu,694,0.83
Nord-Kivu,Beni,Kpele,0.903798,29.851294,Kakuka,1016,0.18
Nord-Kivu,Beni,Kpolou,0.898,29.7241,,,
Nord-Kivu,Beni,Kugheki,0.0802,29.3491,Vuliki,1587,0.46
Nord-Kivu,Beni,Kukutama ,0.705905,29.439438,,,
Nord-Kivu,Beni,Kyakoli,0.163137,29.5022,,,
Nord-Kivu,Beni,Kyanimbe,0.66328,29.88551,Kilambi,1114,0.53
Nord-Kivu,Beni,Kyanzaba Gr Batangi Mbau,0.529399,29.317398,Mangada,503,0.53
Nord-Kivu,Beni,Kyavikere,0.402079,29.76893,Kyamukuve,201,0.56
Nord-Kivu,Beni,Kyavikere Gr Buliki,0.33634,29.3546,Kyavisogho,848,0.53
Nord-Kivu,Beni,Kyavikundi,0.132262,29.411163,Kahondo,471,0.47
Nord-Kivu,Beni,Kyavinyonge Gr Isale Kasongwere,-0.1612,29.567554,Muko,1790,0.27
Nord-Kivu,Beni,Kyavinyonge Gr Isale Kasongwere,-0.154634,29.56321,Muhindo,1622,0.33
Nord-Kivu,Beni,Kyavirimu,-0.123837,29.394278,Kaliro,957,0.53
Nord-Kivu,Beni,Kyavisale,0.194139,29.35764,Kyamavya,1854,0.59
Nord-Kivu,Beni,Kyavithuthu,0.412012,29.469,Kalingathe,1860,0.48
Nord-Kivu,Beni,Kyondo Gr Isale Kasongwere,0.004985,29.402237,Katsundo,910,0.57
Nord-Kivu,Beni,Lesse  Gr Banande Kainama,0.833021,29.681412,,,
Nord-Kivu,Beni,Libokora Gr Malambo,0.349113,29.642118,,,
Nord-Kivu,Beni,Limbau,0.906899,29.811,Kithimba,1893,0.57
Nord-Kivu,Beni,Linzo Gr Bambuba Kisuli,0.831444,29.606186,Kunabo,1834,0.36
Nord-Kivu,Beni,Lisasa Gr Buliki,0.319736,29.426556,Soma,328,0.4
Nord-Kivu,Beni,Loselose Gr Bolema,0.425051,29.7107,Kitokoli,736,0.12
Nord-Kivu,Beni,Loulo Gr Bolema,0.390394,29.746895,,,
Nord-Kivu,Beni,Lume Gr Bolema,0.2556,29.7206,Quaŕtier Lume,626,0.47
Nord-Kivu,Beni,Lutundula,0.732939,29.78778,,,
Nord-Kivu,Beni,Mabasimba,0.284096,29.668127,Balombi,47,0.5
Nord-Kivu,Beni,Mabatundu Gr Batangi Mbau,0.856,29.459,,,
Nord-Kivu,Beni,Mabeto Gr Isale Kasongwere,0.193956,29.519932,,,
Nord-Kivu,Beni,Mabondo,0.464688,29.74952,,,
Nord-Kivu,Beni,Mabuku Gr Malio Butuhe,0.322717,29.300682,Vukaka,278,0.33
Nord-Kivu,Beni,Mabulengwa,0.377499,29.294111,Kasese,1896,0.25
Nord-Kivu,Beni,Madina,0.760208,29.69938,,,
Nord-Kivu,Beni,Magherya gr Isale Vuhovi,0.043216,29.544159,,,
Nord-Kivu,Beni,Magherya N/A Groupement,0.063199,29.5395,,,
Nord-Kivu,Beni,Maibo Gr Bambuba Kisuli,0.750374,29.56438,,,
Nord-Kivu,Beni,Maitatu,0.778356,29.554108,Mangimu,1052,0.57
Nord-Kivu,Beni,Makele Gr Batangi Mbau,0.755012,29.516352,,,
Nord-Kivu,Beni,Makembi Gr Bambuba Kisuli,0.826138,29.565472,,,
Nord-Kivu,Beni,Makisabo Gr Malambo,0.402381,29.572704,,,
Nord-Kivu,Beni,Makodu Gr Batangi Mbau,0.891332,29.405027,,,
Nord-Kivu,Beni,Makusa-Maitundulu Gr Baswagha Madiwe,0.438858,29.127338,Katota,652,0.17
Nord-Kivu,Beni,Maleki,0.757133,29.467585,,,
Nord-Kivu,Beni,Malese Gr Baswagha Madiwe,0.497444,29.191563,,,
Nord-Kivu,Beni,Malihi Gr Bunyuka,0.223499,29.3882,Mumole,1232,0.33
Nord-Kivu,Beni,Mama Neema,0.868255,29.659603,,,
Nord-Kivu,Beni,Mambabeka,0.686414,29.535816,Mutokambali,1867,0.5
Nord-Kivu,Beni,Mamove Gr Batangi Mbau,0.824146,29.441244,,,
Nord-Kivu,Beni,Mandumbi Gr Batangi Mbau,0.73031,29.3676,Matokeo,556,0.27
Nord-Kivu,Beni,Mangazi Gr Batangi Mbau,0.908307,29.416868,,,
Nord-Kivu,Beni,Mangina Gr Batangi Mbau,0.603929,29.310913,Mandimba,1451,0.67
Nord-Kivu,Beni,Mangondomu Gr Baswagha Madiwe,0.518199,29.3718,Kamango,1532,0.59
Nord-Kivu,Beni,Mangwengwete Gr Baswagha Madiwe,0.342983,29.150023,Mwamba,1106,0.22
Nord-Kivu,Beni,Manzalao-Kanana,0.470308,29.65441,,,
Nord-Kivu,Beni,Manzanzaba,0.583416,29.296806,D' Etat,1903,0.12
Nord-Kivu,Beni,Manzati Gr Banande Kainama,0.903083,29.772556,,,
Nord-Kivu,Beni,Mapobu Gr Bambuba Kisiki,0.711305,29.608667,,,
Nord-Kivu,Beni,Masala,0.505299,29.29259,,,
Nord-Kivu,Beni,Masangavo Gr Malio Butuhe,0.276508,29.362486,Vuranga,1847,0.5
Nord-Kivu,Beni,Masua Gr Baswagha Madiwe,0.425897,29.149427,Mavwe,1805,0.4
Nord-Kivu,Beni,Masulukwede Gr Batangi Mbau,0.601527,29.518972,,,
Nord-Kivu,Beni,Mataba Gr Buliki,0.3837,29.3762,Kabasha,376,0.46
Nord-Kivu,Beni,Matiba Gr Batangi Mbau,0.638392,29.58749,,,
Nord-Kivu,Beni,Matombo Gr Bambuba Kisiki,0.738443,29.559164,,,
Nord-Kivu,Beni,Matunduluko Gr Bawisa,0.617363,29.869572,Matolu,988,0.59
Nord-Kivu,Beni,Matunduluko Gr Bawisa,0.630025,29.887892,Kitindula,1314,0.5
Nord-Kivu,Beni,Mavete Gr Batangi Mbau,0.727582,29.503477,Matokeo,1550,0.46
Nord-Kivu,Beni,Mayangose N/A Groupement,0.523299,29.5199,,,
Nord-Kivu,Beni,Mayele,0.332904,29.61205,,,
Nord-Kivu,Beni,Mayi Moya Gr Bambumba Kisiki,0.774416,29.568527,Mangimu,626,0.5
Nord-Kivu,Beni,Mayi Safi Gr Banande Kainama,0.899056,29.70136,,,
Nord-Kivu,Beni,Mayimbili,0.779555,29.59148,Kokola,759,0.13
Nord-Kivu,Beni,Mbingi Gr Batangi Mbau ,0.859057,29.457724,,,
Nord-Kivu,Beni,Mbumbi Gr Bambuba Kisuli,0.448307,29.366005,Ngumo,62,0.36
Nord-Kivu,Beni,Mbutaba Gr Batangi Mbau,0.724099,29.3979,,,
Nord-Kivu,Beni,Mighende Gr Malambo,0.224858,29.67898,,,
Nord-Kivu,Beni,Mine Gr Baswagha Madiwe,0.464314,29.11025,,,
Nord-Kivu,Beni,Misenge,0.694067,29.464891,,,
Nord-Kivu,Beni,Mpoko ,0.5774,29.9183,Bukohua,321,0.33
Nord-Kivu,Beni,Muhororo,0.316561,29.762539,,,
Nord-Kivu,Beni,Mukakati,0.726328,29.84996,Katibombo,1569,0.47
Nord-Kivu,Beni,Mukida Gr Batangi Mbau,0.636919,29.532003,,,
Nord-Kivu,Beni,Mukoko Gr Bambuba Kisuli,0.76516,29.56906,Mulobia,1625,0.46
Nord-Kivu,Beni,Mukondi Gr Banande Kainama,0.894142,29.736082,,,
Nord-Kivu,Beni,Mulobya,0.802504,29.5336,,,
Nord-Kivu,Beni,Mulwa,0.4128,29.6662,,,
Nord-Kivu,Beni,Muramba Gr Basongora,0.121418,29.68124,Ighaviro,56,0.13
Nord-Kivu,Beni,Murambi Gr Bolema,0.39535,29.7683,Vuthangi,1024,0.4
Nord-Kivu,Beni,Musamambo,-0.056399,29.528692,Kinyamigha,1559,0.32
Nord-Kivu,Beni,Musandaba Gr Batangi Mbau,0.704204,29.443283,,,
Nord-Kivu,Beni,Musangwa Gr Batangi-Mbau,0.816254,29.373323,,,
Nord-Kivu,Beni,Museya Gr  Isale Kasongwere,-0.078671,29.5265,Vutero,244,0.33
Nord-Kivu,Beni,Musololo,0.604624,29.928564,Muhororo,957,0.62
Nord-Kivu,Beni,Musu,0.614673,29.86118,Matolu,8,0.4
Nord-Kivu,Beni,Mutido,0.898849,29.815634,Kainama Centre,1133,0.15
Nord-Kivu,Beni,Mutube Gr Batangi Mbau,0.592417,29.44891,,,
Nord-Kivu,Beni,Mutwanga Gr Bolema,0.328929,29.745758,Mustora,583,0.53
Nord-Kivu,Beni,Muzirandulu,0.9089,29.8394,Kakuka,430,0.24
Nord-Kivu,Beni,Mwalika Gr Masiki Vayana,-0.083333,29.516666,Vwambala,1225,0.53
Nord-Kivu,Beni,Mwalika PNV N/A Groupement,0.244013,29.50834,,,
Nord-Kivu,Beni,Mwenda Gr Bolema,0.4104,29.7688,Kidedeya,477,0.43
Nord-Kivu,Beni,Mwenye,0.129399,29.3822,Masenge,1114,0.62
Nord-Kivu,Beni,Ndiva,0.740526,29.907713,,,
Nord-Kivu,Beni,Ndoy Gr Batangi Mbau,0.619641,29.549368,,,
Nord-Kivu,Beni,Ngala,0.366939,29.687082,,,
Nord-Kivu,Beni,Ngingi ,0.194324,29.7004,Bukira,181,0.17
Nord-Kivu,Beni,Ngite Gr Batangi Mbau,0.595529,29.4924,Ngite Gauche Et Droite,68,0.37
Nord-Kivu,Beni,Ngitse Gr Isale Kasongwere,-0.0972,29.3886,Vuseryo,412,0.31
Nord-Kivu,Beni,Ntoma Gr  Bolema,0.453597,29.632032,Ngandu,870,0.36
Nord-Kivu,Beni,Ntombi,0.852199,29.5391,,,
Nord-Kivu,Beni,Nyaleke Gr Batangi-Mbau,0.480456,29.5198,Taliata,1852,0.29
Nord-Kivu,Beni,Nzuma PNV N/A Groupement,0.569271,29.598717,,,
Nord-Kivu,Beni,Oicha Gr Batangi Mbau,0.696446,29.518211,Oicha Premier,1321,0.56
Nord-Kivu,Beni,Opira I Gr Bambuba Kisiki,0.792721,29.600056,Kokola,1290,0.31
Nord-Kivu,Beni,Opira IV Gr Bambuba Kisiki,0.812427,29.6039,,,
Nord-Kivu,Beni,PK 10 Route Kamango,0.67488,29.59371,,,
Nord-Kivu,Beni,PK 17 Route Kamango Gr Batangi Mbau,0.667725,29.61158,Kambi Ya Miba,1624,0.25
Nord-Kivu,Beni,PK 20 Route Kamango Gr Watalinga,0.666899,29.6321,Kambi Ya Miba,666,0.25
Nord-Kivu,Beni,PK 40 Route Kamango Gr Batalinga,0.728016,29.841667,,,
Nord-Kivu,Beni,PK 5 Route Kamango Gr Batangi Mbau,0.674556,29.59397,,,
Nord-Kivu,Beni,PK30 Route Kamango,0.734076,29.723854,,,
Nord-Kivu,Beni,Pont Hululu,0.18749,29.658396,,,
Nord-Kivu,Beni,Pont Hululu,0.196373,29.633001,,,
Nord-Kivu,Beni,Pont Semuliki Gr Malambo,0.420801,29.562895,,,
Nord-Kivu,Beni,Pwenti,0.797042,29.467022,,,
Nord-Kivu,Beni,Pwindi Gr Batangi Mbau,0.767314,29.484035,,,
Nord-Kivu,Beni,Rwahwa Gr Malio Butuhe,0.273003,29.226496,Kahamba,1535,0.46
Nord-Kivu,Beni,Samboko Gr Bambuba Kisiki,0.85525,29.501,,,
Nord-Kivu,Beni,Semuliki,0.738942,29.792809,,,
Nord-Kivu,Beni,Sesele,0.711899,29.6182,,,
Nord-Kivu,Beni,Supa-kalau,0.419708,29.470547,Cellula Matali,101,0.42
Nord-Kivu,Beni,Tchani-Tchani Gr Bambuba Kisuli,0.80252,29.533558,,,
Nord-Kivu,Beni,Tingwe Gr Bambuba Kisiki,0.879396,29.659748,,,
Nord-Kivu,Beni,Totolito Gr Batangi Mbau,0.678166,29.577206,,,
Nord-Kivu,Beni,Tuha Gr Batangi Mbau,0.632017,29.365438,,,
Nord-Kivu,Beni,Tumbula Gr Malambo,0.399298,29.632944,,,
Nord-Kivu,Beni,Tungudu,0.756527,29.644278,,,
Nord-Kivu,Beni,Vemba Gr Batangi,0.554216,29.55285,,,
Nord-Kivu,Beni,Vido,0.95226,29.861216,,,
Nord-Kivu,Beni,Visiki Gr Baswagha Madiwe,0.3957,29.2221,Usine,128,0.36
Nord-Kivu,Beni,Visiki-Mambombo Gr Baswagha Madiwe,0.3946,29.2233,Visiki,1973,0.57
Nord-Kivu,Beni,Vuhambo,0.1949,29.2724,Munyabu,717,0.43
Nord-Kivu,Beni,Vuhumbi Gr Bunyuka,0.185058,29.3596,Mathembe,1923,0.4
Nord-Kivu,Beni,Vukohwa ,0.56946,29.921038,Bukohua,1252,0.71
Nord-Kivu,Beni,Vulindi ,0.08333,29.438723,Kinihya,1021,0.43
Nord-Kivu,Beni,Vupara Gr Isale Bulambo,0.132374,29.391207,Vuhima,512,0.5
Nord-Kivu,Beni,Vusokoli Isale Vuhovi,0.116645,29.4,,,
Nord-Kivu,Beni,Vuthotholya,0.170717,29.634155,,,
Nord-Kivu,Beni,Vuyuwe,0.190435,29.4012,Vusereghenye,1716,0.44
Nord-Kivu,Beni,Wesa Gr Batangi-Mbau,0.649232,29.445429,Upende,1526,0.2
Nord-Kivu,Lubero, Kinyatsi Gr Hutwe,-0.350493,29.2956,Kasinga,793,0.53
Nord-Kivu,Lubero,Alimbongo Gr Utwe,-0.368791,29.15618,Lusinga,667,0.5
Nord-Kivu,Lubero,Asangwe Gr Batike,0.305485,28.059202,,,
Nord-Kivu,Lubero,Bandulu Gr Batike,0.267641,28.452833,,,
Nord-Kivu,Lubero,Banoli Gr Bareje,0.283705,28.607346,,,
Nord-Kivu,Lubero,Betelehem Gr Bapakonde,0.604797,28.799646,,,
Nord-Kivu,Lubero,Biambwe Gr Manzia,0.260769,28.97364,Isale,517,0.5
Nord-Kivu,Lubero,Biena Gr Manzia,-0.333334,29.016666,,,
Nord-Kivu,Lubero,Bingi Gr Musindi,-0.407123,29.08011,Itundwe,878,0.33
Nord-Kivu,Lubero,Biringa,-0.661521,29.039413,Kalevya,343,0.14
Nord-Kivu,Lubero,Birira Gr Luongo,-0.361331,29.14943,Lusinga,1417,0.31
Nord-Kivu,Lubero,Bitakongo Gr Tama,-0.518172,28.91519,,,
Nord-Kivu,Lubero,Buhenge,-0.645631,29.09441,Kataro,1305,0.0
Nord-Kivu,Lubero,Buhenge Gr Itala,-0.653493,29.084394,Vuvatsi,1059,0.14
Nord-Kivu,Lubero,Buhenie Gr Luongo,-0.016528,29.146528,Vuhenya,492,0.57
Nord-Kivu,Lubero,Bukai Gr Bapakonde,0.549139,28.859129,,,
Nord-Kivu,Lubero,Bukumba,-0.534214,29.276884,,,
Nord-Kivu,Lubero,Bukununu Gr Musindi,-0.37765,29.35438,Vuhunga,435,0.4
Nord-Kivu,Lubero,Bumate,-0.166247,29.193752,Kanyatsi,1821,0.29
Nord-Kivu,Lubero,Bunama,-0.677151,29.122417,,,
Nord-Kivu,Lubero,Bunande Gr Bapukara,0.007013,28.80118,,,
Nord-Kivu,Lubero,Burambia Gr Musindi,-0.52026,29.226448,Kipuli,1766,0.29
Nord-Kivu,Lubero,Busekera Gr Tama,-0.590121,29.03135,Kyuto,508,0.15
Nord-Kivu,Lubero,Butalika Gr Tama,-0.588299,29.069021,Kasiki,349,0.43
Nord-Kivu,Lubero,Butembo,0.125516,29.298473,Bulumbi,1218,0.57
Nord-Kivu,Lubero,Butembo,0.094481,29.302061,Bulema,1419,0.62
Nord-Kivu,Lubero,Butembo,0.105548,29.288261,Bulema,1546,0.62
Nord-Kivu,Lubero,Butembo,0.13318,29.30554,Mulemberi,656,0.5
Nord-Kivu,Lubero,Butembo,0.15153,29.298792,Mbowa,856,0.5
Nord-Kivu,Lubero,Butembo,0.158491,29.310913,Lyambo,804,0.46
Nord-Kivu,Lubero,Butembo,0.098669,29.308186,Bulema,1172,0.62
Nord-Kivu,Lubero,Butembo,0.150674,29.321175,Mutone,690,0.46
Nord-Kivu,Lubero,Butembo,0.122364,29.299093,Bulema,1713,0.62
Nord-Kivu,Lubero,Butembo,0.112997,29.343178,Vuhambo,876,0.57
Nord-Kivu,Lubero,Butembo,0.122991,29.23983,Vusumba,1474,0.43
Nord-Kivu,Lubero,Butembo,0.110464,29.295685,Bulema,794,0.62
Nord-Kivu,Lubero,Butembo,0.147562,29.255411,Matembe,269,0.57
Nord-Kivu,Lubero,Butembo,0.16647,29.2948,Mbowa,1453,0.5
Nord-Kivu,Lubero,Butembo,0.133359,29.321335,Ngote B,677,0.43
Nord-Kivu,Lubero,Butembo,0.142467,29.30713,Mulemberi,1639,0.5
Nord-Kivu,Lubero,Butembo,0.07378,29.340677,Mutitiro,1753,0.4
Nord-Kivu,Lubero,Butembo,0.134039,29.31483,Mulemberi,1585,0.5
Nord-Kivu,Lubero,Butembo,0.115667,29.340818,Vuhambo,760,0.57
Nord-Kivu,Lubero,Butembo,0.07428,29.309408,Kahembe,710,0.43
Nord-Kivu,Lubero,Butembo,0.113098,29.28058,Vulemba,1250,0.57
Nord-Kivu,Lubero,Butembo,0.1505,29.333551,Mutone,755,0.46
Nord-Kivu,Lubero,Bweghera Gr Ngulo,0.070749,29.258661,Bweteta 1,1551,0.59
Nord-Kivu,Lubero,Byanze Gr Utwe,-0.364372,29.234488,,,
Nord-Kivu,Lubero,Chanika Gr Musindi,-0.634007,29.36371,,,
Nord-Kivu,Lubero,Commercial-Kimemi,0.136639,29.28449,Kimemi,1370,0.52
Nord-Kivu,Lubero,Dela Gr Bapakombe,0.58086,28.849472,,,
Nord-Kivu,Lubero,Egombo Gr Bapaitumba,0.44069,28.4286,Ekulu,161,0.18
Nord-Kivu,Lubero,Ekenye Gr Bapukara,0.041145,28.7226,Matiba,490,0.0
Nord-Kivu,Lubero,Fatua Gr Luenga,-0.387431,28.6454,Ngumba,419,0.18
Nord-Kivu,Lubero,Fungula Macho Gr Baredje,0.152403,28.791346,,,
Nord-Kivu,Lubero,Gbado Gr Bapakombe,0.387326,28.739815,,,
Nord-Kivu,Lubero,Gelumbe Gr Bapakombe,0.301391,28.910236,Mambembe,1150,0.4
Nord-Kivu,Lubero,Hoho Gr Bapakonde,0.608063,28.787617,,,
Nord-Kivu,Lubero,Hutwe Gr Musindi,-0.397993,29.320679,Dwani,307,0.2
Nord-Kivu,Lubero,Hutwe Gr Utwe,-0.429193,29.23553,Kyuto,1784,0.4
Nord-Kivu,Lubero,Ikuvula Gr Bukenie,-0.128172,29.281263,Mukuka,514,0.46
Nord-Kivu,Lubero,Itala Gr Itala,-0.75327,29.06047,Kimaka,204,0.55
Nord-Kivu,Lubero,Itili Gr Buhimba,0.13018,29.02973,Buta,1819,0.22
Nord-Kivu,Lubero,Itondwe Gr Musindi,-0.4337,29.016909,,,
Nord-Kivu,Lubero,Ivatsiro Gr Utwe ,-0.36959,29.2024,Kyulo,847,0.15
Nord-Kivu,Lubero,Ivingu Gr Mbulie,-0.091688,29.05855,,,
Nord-Kivu,Lubero,Kabikere,-0.499279,29.269402,,,
Nord-Kivu,Lubero,Kaghando,-0.694659,29.152712,Kavale,1915,0.43
Nord-Kivu,Lubero,Kaghembe Gr Muhola,-0.090861,29.35437,Kighetsi,220,0.5
Nord-Kivu,Lubero,Kaghuli ,-0.2426,29.3943,,,
Nord-Kivu,Lubero,Kaghumo Gr Itala,-0.660954,29.114794,Bunama,101,0.31
Nord-Kivu,Lubero,Kaheku Gr Manzia,0.05883,28.96694,Masakoki,858,0.29
Nord-Kivu,Lubero,Kahuha Gr Buhimba,-0.331221,29.2216,Kyanzoghu,1701,0.53
Nord-Kivu,Lubero,Kalegha,-0.03,29.2795,Mukangwe,1671,0.4
Nord-Kivu,Lubero,Kalikuku Gr Luongo,-0.102072,29.220354,Vwandanze,854,0.12
Nord-Kivu,Lubero,Kalingati Gr Musindi,-0.611609,29.231848,Mwatsiro,1955,0.35
Nord-Kivu,Lubero,Kalonge,-0.340962,29.228876,Kyanzoghu,354,0.5
Nord-Kivu,Lubero,Kalonge Gr Buhimba,-0.31434,29.2112,Kaseghe,1121,0.57
Nord-Kivu,Lubero,Kalumbi Gr Mwenye,0.357365,29.08326,Bukoka,171,0.31
Nord-Kivu,Lubero,Kalundu,0.072999,29.0812,Maombi Kirivata,139,0.18
Nord-Kivu,Lubero,Kalupa Gr Manzia,0.064925,28.91684,,,
Nord-Kivu,Lubero,Kalwanga Gr Buyora,0.12048,29.24587,Kighali,328,0.4
Nord-Kivu,Lubero,Kamandi Gite Gr Musindi,-0.590642,29.261435,Kanyamahanga,476,0.5
Nord-Kivu,Lubero,Kamandi Gr Musindi,-0.6,29.3,Kamandi Lac,1551,0.78
Nord-Kivu,Lubero,Kambaila Gr Ngulo,0.169747,29.173265,Kyamwiki,1755,0.5
Nord-Kivu,Lubero,Kambau Gr Bapaitumba,0.450233,28.900793,Mausa,381,0.55
Nord-Kivu,Lubero,Kambau Gr Manzia,0.449842,28.898834,Mausa,381,0.55
Nord-Kivu,Lubero,Kamihunga Gr Tama,-0.202351,29.208652,Vulera,37,0.13
Nord-Kivu,Lubero,Kanaana ,-0.100075,28.790222,,,
Nord-Kivu,Lubero,Kandole Gr Musindi,-0.381849,29.321005,Kasololo,1010,0.53
Nord-Kivu,Lubero,Kaniyi Gr Utwe,0.272194,29.130444,Katundula,1712,0.4
Nord-Kivu,Lubero,Kanonombe Gr Baredje,0.142206,28.381193,,,
Nord-Kivu,Lubero,Kanyabayonga Gr Itala,-0.69044,29.16749,Kanyamalolo,649,0.61
Nord-Kivu,Lubero,Kanyamahwa Gr Musindi,-0.412055,29.12151,Kanyambene 2,185,0.55
Nord-Kivu,Lubero,Kanyatsi Gr Mbulie,-0.216702,29.139784,Kaswalya 1,1941,0.44
Nord-Kivu,Lubero,Kanyatsi Gr Musindi,-0.468505,29.182821,Makofi,1329,0.29
Nord-Kivu,Lubero,Kanyatsi Gr Musindi,-0.467398,29.158543,,,
Nord-Kivu,Lubero,Kanyaviunza Gr Itala,-0.742297,29.0818,,,
Nord-Kivu,Lubero,Kapolerwa Gr Tama,-0.547875,29.054527,Kanyatsi,1083,0.35
Nord-Kivu,Lubero,Kasanga Gr Baredje,0.14519,28.81688,Batama,45,0.46
Nord-Kivu,Lubero,Kasinga,0.031622,29.209845,Ibwe Kyambula,291,0.3
Nord-Kivu,Lubero,Kasingiri Gr Musindi,-0.410767,29.1199,Nyamusigha,1811,0.42
Nord-Kivu,Lubero,Kasinzwe Gr Bulengya,-0.178921,29.316532,Kalangira,1796,0.35
Nord-Kivu,Lubero,Kasithu Gr Musindi,-0.485313,29.248058,Ngekeni,183,0.29
Nord-Kivu,Lubero,Kasiyiro ,0.0261,29.0123,Vutahi,401,0.29
Nord-Kivu,Lubero,Kasiyirwe Gr Mbulie,0.028689,29.10375,Masingiri,886,0.56
Nord-Kivu,Lubero,Kasoko Gr Bukenye,-0.017494,29.27161,Kathembo,1590,0.43
Nord-Kivu,Lubero,Kasugho Gr Musindi,-0.2559,29.0003,Kavingu,433,0.43
Nord-Kivu,Lubero,Katakala Gr Itala,-0.706961,29.008589,,,
Nord-Kivu,Lubero,Katero Gr Tama,-0.133333,29.383333,Kikuka,1042,0.33
Nord-Kivu,Lubero,Katolo Gr Mbulie,-0.223447,29.030535,,,
Nord-Kivu,Lubero,Katolo Gr Ngulo,0.014178,29.252922,Kagote,1466,0.5
Nord-Kivu,Lubero,Katsinga Gr Itala,-0.672354,29.04005,Kalevya,1243,0.4
Nord-Kivu,Lubero,Katsivwe,-0.60577,29.296574,,,
Nord-Kivu,Lubero,Katundu Gr Luongo,-0.450001,28.833332,Matwa,741,0.33
Nord-Kivu,Lubero,Katwa Gr Musindi,-0.554396,29.211851,Kasololwe,1671,0.43
Nord-Kivu,Lubero,Kauli,-0.247904,29.417814,Kalingate,1573,0.57
Nord-Kivu,Lubero,Kavasinza Gr Ngulo,0.086346,29.159801,Kasitu,1111,0.53
Nord-Kivu,Lubero,Kavikiri,-0.505443,29.298023,Kanzanza,1759,0.25
Nord-Kivu,Lubero,Kaviniro,-0.143076,29.399977,Kahindi,1113,0.67
Nord-Kivu,Lubero,Kaviru Gr Musindi,-0.01591,29.31777,Kavale,1213,0.5
Nord-Kivu,Lubero,Kaviseghe Gr Bulengya,-0.257413,29.31324,Katambi,955,0.38
Nord-Kivu,Lubero,Kavumba Gr Musindi,-0.586543,29.145554,,,
Nord-Kivu,Lubero,Kayna Gr Itala,-0.609169,29.17267,Kinahwa,569,0.5
Nord-Kivu,Lubero,Kazaroho Gr Musindi,-0.62525,29.24801,Kakwangura,266,0.44
Nord-Kivu,Lubero,Kiamba Gr Tama,-0.600334,28.982006,,,
Nord-Kivu,Lubero,Kibambazi Gr Musindi,-0.42108,29.187609,Matembe 2,343,0.33
Nord-Kivu,Lubero,Kibanda Gr Itala,-0.62126,29.1437,,,
Nord-Kivu,Lubero,Kibera Gr baredje,0.144553,28.762112,,,
Nord-Kivu,Lubero,Kibukulu,-0.433334,28.966667,,,
Nord-Kivu,Lubero,Kidiva,0.063199,29.3203,Kavali,1707,0.5
Nord-Kivu,Lubero,Kighali,-0.136841,29.07573,Vulenze,37,0.14
Nord-Kivu,Lubero,Kihati Gr Musindi,-0.403983,29.180876,Kiluvo,1916,0.33
Nord-Kivu,Lubero,Kikovovo Gr Mwenye,0.306683,29.0935,,,
Nord-Kivu,Lubero,Kikule Gr Mbulie,-0.187785,29.041563,Kikuli,1684,0.83
Nord-Kivu,Lubero,Kili Gr Manzia,0.149176,28.905306,Kirimba,104,0.55
Nord-Kivu,Lubero,Kimbabazi,-0.412776,29.184822,Matembe 2,1315,0.22
Nord-Kivu,Lubero,Kimbulu Gr Luongo,-0.05,29.233334,Kibwa,1086,0.5
Nord-Kivu,Lubero,Kinyamahiri Kikuvo,-0.482117,29.277283,Kyatsinge,244,0.22
Nord-Kivu,Lubero,Kinyatsi Gr Luongo,-0.013068,29.143232,Vuhenya,50,0.4
Nord-Kivu,Lubero,Kinyavuhere Gr Musindi,-0.422604,28.93179,,,
Nord-Kivu,Lubero,Kinyonyu Gr Musindi,-0.5444,29.216908,Kipuli,1268,0.43
Nord-Kivu,Lubero,Kipese Gr Bulengya,-0.241301,29.2931,Vupesi,509,0.5
Nord-Kivu,Lubero,Kiragho,0.168027,29.173195,Kyamwiki,1674,0.27
Nord-Kivu,Lubero,Kiranga,-0.599238,29.129044,,,
Nord-Kivu,Lubero,Kiribata,-0.277463,29.2389,Kyuna,172,0.31
Nord-Kivu,Lubero,Kirikiri Gr Buhimba,-0.36475,29.312956,Kavaviri,1944,0.5
Nord-Kivu,Lubero,Kirimba Gr Manzia,0.164786,28.893133,,,
Nord-Kivu,Lubero,Kisaka Gr Luongo,-0.286921,29.447998,Katero,316,0.33
Nord-Kivu,Lubero,Kisanga Gr Batike,0.336452,28.483858,,,
Nord-Kivu,Lubero,Kisavulo Gr Tama,-0.534197,28.974525,,,
Nord-Kivu,Lubero,Kisimba Gr Musindi,-0.603438,29.210835,,,
Nord-Kivu,Lubero,Kisongera Gr Itala,-0.666939,29.239412,,,
Nord-Kivu,Lubero,Kitaki,-0.274786,29.308989,Kaviseghe,1352,0.27
Nord-Kivu,Lubero,Kitaviro,0.10671,29.1873,Kavughavugha,110,0.3
Nord-Kivu,Lubero,Kitevya,-0.247625,29.402142,Iremera,1686,0.43
Nord-Kivu,Lubero,Kitobindo Gr Tama,-0.58715,29.123756,,,
Nord-Kivu,Lubero,Kitobo,-0.25,29.25,Katetsa,1204,0.31
Nord-Kivu,Lubero,Kitovo Gr Utwe,-0.22871,29.23665,Kivolu,638,0.67
Nord-Kivu,Lubero,Kitowa,-0.198751,29.1759,Kaviru,1670,0.33
Nord-Kivu,Lubero,Kivale Gr Mbulie,-0.17927,29.1227,Kakonze,123,0.46
Nord-Kivu,Lubero,Kivandya Gr Mbulie,-0.157888,29.108728,,,
Nord-Kivu,Lubero,Kivisire Gr Bukenye,-0.035492,29.281977,Kamivali,1436,0.5
Nord-Kivu,Lubero,Kivugha Gr Ngulo,0.090921,29.159145,Lukuka,612,0.46
Nord-Kivu,Lubero,Kivukulu Gr Musindi,-0.44177,28.980347,,,
Nord-Kivu,Lubero,Kodjo Gr Babika,0.157909,28.587322,,,
Nord-Kivu,Lubero,Kyahulwa Gr Musindi,-0.643519,29.2438,Kanyandahi,128,0.44
Nord-Kivu,Lubero,Kyamasimba,-0.331801,29.2222,Kyanzoghu,1610,0.32
Nord-Kivu,Lubero,Kyanganda Gr Manzia,0.276596,28.901066,Tsakatsaka,372,0.42
Nord-Kivu,Lubero,Kyaramba Gr Hutwe,-0.416266,29.219332,Mulumba,1908,0.4
Nord-Kivu,Lubero,Kyavikere,-0.583128,29.182144,Kyambene,1794,0.59
Nord-Kivu,Lubero,Kyerere Gr Luongo,-0.191359,29.335592,Kasinga,382,0.14
Nord-Kivu,Lubero,Kyuto,-0.596271,29.08319,Kasiki,1661,0.18
Nord-Kivu,Lubero,Lenda Gr Bapakombe,0.423936,28.64385,Midede,1538,0.36
Nord-Kivu,Lubero,Lepya,-0.616671,29.11667,Kitonga,846,0.17
Nord-Kivu,Lubero,Lirombya,-0.044097,29.328875,Kitembe,459,0.4
Nord-Kivu,Lubero,Lubero Gr Buyora,-0.153972,29.241667,Kamalera,714,0.43
Nord-Kivu,Lubero,Lubumbashi Gr Bapakombe,0.590833,28.726444,,,
Nord-Kivu,Lubero,Luhanga,-0.6375,28.9934,Kyamba,102,0.31
Nord-Kivu,Lubero,Luhotu Gr Buyora,0.013725,29.343868,Kighumo,1186,0.31
Nord-Kivu,Lubero,Lukanga Gr Bukenye,-0.075126,29.29513,Kasanga,1622,0.71
Nord-Kivu,Lubero,Lukono Gr Mwenye,0.23896,29.130472,Visiki,1761,0.17
Nord-Kivu,Lubero,Lukuka Gr Musindi,-0.410401,29.1212,Nyamusigha,1720,0.25
Nord-Kivu,Lubero,Lulera,-0.338341,29.25171,Manga,1753,0.18
Nord-Kivu,Lubero,Lumboku Gr Bulengya,-0.24956,29.30945,Mumole,1431,0.46
Nord-Kivu,Lubero,Luofu Gr Tama,-0.616931,29.11302,Mukosasenge,978,0.25
Nord-Kivu,Lubero,Luseke Gr Musindi,-0.210786,29.145742,Pupiri,89,0.17
Nord-Kivu,Lubero,Lusela Gr Bapukara,-0.144826,28.1824,,,
Nord-Kivu,Lubero,Lusukwe,-0.571169,29.11591,Kitobindo,1371,0.12
Nord-Kivu,Lubero,Lusuli Gr Itala,-0.660059,29.11444,Bunama,65,0.17
Nord-Kivu,Lubero,Luthali,-0.309728,29.250425,Manga,1770,0.17
Nord-Kivu,Lubero,Luveve Gr Bukenye,-0.110823,29.3548,Iremera,1467,0.31
Nord-Kivu,Lubero,Mabambi Gr Muhola,0.07434,29.12427,Mbangi,1780,0.62
Nord-Kivu,Lubero,Mabana  Gr Bapakombe,0.534905,28.7836,Mobisio,315,0.31
Nord-Kivu,Lubero,Mabeha Gr Manzia,0.281917,29.021278,Sebu,924,0.2
Nord-Kivu,Lubero,Magazine Gr bapakombe,0.62761,28.867556,,,
Nord-Kivu,Lubero,Magelegele Gr Babika,0.190789,28.66562,Sayo,1594,0.14
Nord-Kivu,Lubero,Magogo Gr Mwenye,0.421889,28.986538,Gelumbe,615,0.15
Nord-Kivu,Lubero,Majengo  Gr Bapukara,-0.029278,28.657316,,,
Nord-Kivu,Lubero,Makaburi Gr Bapakonde,0.567866,28.815556,Bilulu,1724,0.29
Nord-Kivu,Lubero,Makoko Gr Luongo,-0.02762,29.117485,Mihira,1742,0.33
Nord-Kivu,Lubero,Makoko Gr Mwenye,0.384112,29.06121,Bakoma,1132,0.5
Nord-Kivu,Lubero,Malonge Gr Luongo,-0.015837,29.144932,Vuvengwa,1591,0.27
Nord-Kivu,Lubero,Mambowa,0.187999,29.11,Kirima,723,0.31
Nord-Kivu,Lubero,Mandelya,0.329335,29.078278,Mambya,932,0.57
Nord-Kivu,Lubero,Manga Gr Buhimba,-0.289901,29.2347,Kilonge,1027,0.33
Nord-Kivu,Lubero,Mangada Gr Bapakombe,0.5895,28.937279,,,
Nord-Kivu,Lubero,Mangoya Gr Manzia,0.248726,28.85544,Masayi,1952,0.46
Nord-Kivu,Lubero,Mangumo Gr Babika,0.178874,28.657309,Sayo,27,0.36
Nord-Kivu,Lubero,Manzeku Gr Manzia,0.232076,29.083351,Luvika,142,0.15
Nord-Kivu,Lubero,Manzumbu Gr Bapakombe,0.410831,28.735191,Masayi,66,0.29
Nord-Kivu,Lubero,Mapera Gr Itala,-0.637301,29.1752,Masingiro,1920,0.4
Nord-Kivu,Lubero,Masakosi Gr Musindi,-0.145904,28.954082,,,
Nord-Kivu,Lubero,Maseme Gr Baredje,0.287593,28.815409,Itembo,21,0.33
Nord-Kivu,Lubero,Masereka Gr Bukenye,-0.133331,29.33333,Mbanda,1094,0.43
Nord-Kivu,Lubero,Masiele,0.394181,28.6905,Fatua,542,0.17
Nord-Kivu,Lubero,Masika Gr Musindi,-0.49244,29.1908,Kikyo,910,0.36
Nord-Kivu,Lubero,Masokosi Gr Luongo,0.095326,28.839664,,,
Nord-Kivu,Lubero,Matailende Gr Batike,0.300534,28.3091,,,
Nord-Kivu,Lubero,Matoto Gr Luongo,0.066115,28.9941,Matembo,1462,0.62
Nord-Kivu,Lubero,Matsiva Gr Musindi,-0.533741,29.129635,Kiviri,1842,0.31
Nord-Kivu,Lubero,Matuna Gr Manzia,0.16481,28.891005,,,
Nord-Kivu,Lubero,Mavondo Gr Buyora,0.0086,29.3418,Ndeko,1792,0.5
Nord-Kivu,Lubero,Mavwe Gr Mwenye,0.368528,29.0759,Bukoka,1657,0.18
Nord-Kivu,Lubero,Mbata Gr Mwenye,0.230621,29.126347,,,
Nord-Kivu,Lubero,Menge Gr Luongo,-0.089833,29.289028,Ngumwe,1352,0.55
Nord-Kivu,Lubero,Midede Gr Bareje,0.346459,28.6926,Lingitana,1957,0.13
Nord-Kivu,Lubero,Mighobwe Gr Musindi,-0.53888,29.14966,Bubiho,1313,0.43
Nord-Kivu,Lubero,Mighoto Gr Buhimba,-0.326105,29.253506,Manga,1040,0.33
Nord-Kivu,Lubero,Mihake,-0.014853,29.302494,Mukangwe,1934,0.43
Nord-Kivu,Lubero,Miindo,-0.494092,29.071566,Masika,1553,0.33
Nord-Kivu,Lubero,Mitero Gr Musindi,-0.499687,29.059992,Vusavali,1854,0.14
Nord-Kivu,Lubero,Mivea Gr Musindi,-0.47416,29.002625,,,
Nord-Kivu,Lubero,Mont Muhola,0.109434,29.136738,,,
Nord-Kivu,Lubero,Muhangi Gr Bulengya,0.03389,29.09535,Manga,1768,0.67
Nord-Kivu,Lubero,Muhendwe Gr Ngulo,0.014302,29.308111,Muhendwe Kisero,1744,0.7
Nord-Kivu,Lubero,Muhuluko ,-0.263748,29.408575,Bruxelles,1942,0.24
Nord-Kivu,Lubero,Mukeberwa Gr Tama,-0.601348,29.006096,,,
Nord-Kivu,Lubero,Mukiki Gr Bapukara,0.04309,28.78262,Kambau,191,0.33
Nord-Kivu,Lubero,Mulinde Gr Itala,-0.706588,29.053453,Muhongo,280,0.43
Nord-Kivu,Lubero,Mulinde Gr Musindi,-0.377073,29.111996,Vulemera,1328,0.4
Nord-Kivu,Lubero,Mulo Gr Luongo,-0.134771,29.26654,Munovo,778,0.6
Nord-Kivu,Lubero,Munoli Gr Ngulo,0.061859,29.212408,Mukulu,1240,0.5
Nord-Kivu,Lubero,Mupando,-0.416668,29.016666,,,
Nord-Kivu,Lubero,Muramba,-0.196896,29.475803,,,
Nord-Kivu,Lubero,Musasa,-0.0813,29.13287,Musasa Kisevere,335,0.57
Nord-Kivu,Lubero,Musenda Gr Luongo,-0.268154,29.431747,Vusera,1785,0.62
Nord-Kivu,Lubero,Musienene Gr Ngulo,0.033333,29.266666,Liseke,1901,0.4
Nord-Kivu,Lubero,Musigha,-0.47814,28.78461,,,
Nord-Kivu,Lubero,Musiola Gr Baredje,0.257236,28.784037,Maseme,1223,0.31
Nord-Kivu,Lubero,Musuku,-0.216668,28.9,,,
Nord-Kivu,Lubero,Muvale Gr Luongo,-0.133975,29.21972,Kyahali,1775,0.31
Nord-Kivu,Lubero,Mwenye,0.256583,29.141344,Musenge,1601,0.62
Nord-Kivu,Lubero,Ndando Gr Buoyora,0.0644,29.281,Vighango,1996,0.43
Nord-Kivu,Lubero,Ndoluma Gr Musindi,-0.291571,29.16511,Kiholu,343,0.46
Nord-Kivu,Lubero,Nduko,0.085031,29.262915,Kikyo,1933,0.4
Nord-Kivu,Lubero,Ndwali Gr Musindi,-0.661988,29.294504,,,
Nord-Kivu,Lubero,Ngele,-0.130882,28.641422,,,
Nord-Kivu,Lubero,Ngeleza Gr Buyora,0.034805,29.343805,Vulekya,1679,0.43
Nord-Kivu,Lubero,Ngohi Gr Bulengya,0.003623,28.9883,,,
Nord-Kivu,Lubero,Ngonji,0.0603,29.0511,Singa,869,0.36
Nord-Kivu,Lubero,Nguramo Gr Utwe,-0.321672,29.155499,Kasinga,1964,0.43
Nord-Kivu,Lubero,Ntoyo,0.35,28.783333,Mangobo,1916,0.5
Nord-Kivu,Lubero,Ombole Gr Babika,0.283332,28.616667,,,
Nord-Kivu,Lubero,Panorama Gr Baredje,0.099285,28.8053,,,
Nord-Kivu,Lubero,Pasusu Gr Manzia,0.161427,28.816395,Kilima,1808,0.17
Nord-Kivu,Lubero,Pembelele,0.053396,28.901575,Matuna,17,0.13
Nord-Kivu,Lubero,Pombi Gr Muhola,0.088757,29.1064,Ngwiro Mitongo,1637,0.32
Nord-Kivu,Lubero,Robinet Gr Babika,0.09612,28.557747,,,
Nord-Kivu,Lubero,Talihya,-0.17467,29.3414,Kasinga,1780,0.43
Nord-Kivu,Lubero,Tembe Gr Baredje,0.266642,28.666517,Makeleme,1488,0.46
Nord-Kivu,Lubero,Tihe Gr Muhola,0.1834,29.144518,,,
Nord-Kivu,Lubero,Timbotimbo Gr Tama,-0.593354,29.093023,,,
Nord-Kivu,Lubero,Tsakatsaka Gr Muhola,0.096024,29.0592,Kaghembe,513,0.22
Nord-Kivu,Lubero,Tshiaberimu,-0.1434,29.4187,,,
Nord-Kivu,Lubero,Tulihi Gr Bulengya,-0.326217,29.253794,Manga,1073,0.0
Nord-Kivu,Lubero,Tungutwasa,-0.116667,29.15,,,
Nord-Kivu,Lubero,Utwe,-0.100001,29.1,,,
Nord-Kivu,Lubero,Vihuli,-0.210581,29.279549,Kikula,1808,0.5
Nord-Kivu,Lubero,Viringa Gr Itala,-0.649515,29.045843,Kalevya,1378,0.29
Nord-Kivu,Lubero,Virira Gr Musindi,-0.500985,29.099958,,,
Nord-Kivu,Lubero,Vitimba Gr Musindi,-0.503431,29.16157,Ilangira,1195,0.4
Nord-Kivu,Lubero,Vuhesi Gr Musindi,-0.281651,29.132399,,,
Nord-Kivu,Lubero,Vuhoyo Gr Musindi,-0.624401,29.2475,Lugharama,321,0.27
Nord-Kivu,Lubero,Vukendo Gr Bulengya,-0.278401,29.29931,Kaviseghe,252,0.25
Nord-Kivu,Lubero,Vukothina Gr Musindi,-0.260135,29.131807,Vuhesi,425,0.53
Nord-Kivu,Lubero,Vukumba,-0.577577,29.25489,Kanyamahanga,1998,0.32
Nord-Kivu,Lubero,Vulambayiri,0.088125,29.146603,Mbangi,1190,0.47
Nord-Kivu,Lubero,Vunyakondomia Gr Bulengya,-0.186533,29.34629,Kasinga,931,0.2
Nord-Kivu,Lubero,Vunzuli Gr Mwenye,0.255385,29.134947,Katundula,779,0.5
Nord-Kivu,Lubero,Vusa,0.048558,29.1708,Lumaka,154,0.4
Nord-Kivu,Lubero,Vusayi Gr Bulengya,0.0129,29.01383,Vutahi,1084,0.67
Nord-Kivu,Lubero,Vusesa Gr Musindi,-0.543372,29.16264,Vulavwa,1386,0.46
Nord-Kivu,Lubero,Vutakonda Gr Bukenie,-0.119957,29.381968,Mulyandanda,1947,0.5
Nord-Kivu,Lubero,Vutanda Gr Ngulo,0.100928,29.191172,Kavughavugha,711,0.42
Nord-Kivu,Lubero,Vutegha Gr Musindi,-0.509788,29.269657,Kanzanza,1695,0.13
Nord-Kivu,Lubero,Vutusi Gr Bukenie,0.048896,29.158422,Vutuma Kyambiri,718,0.48
Nord-Kivu,Lubero,Vuyinga Gr Luongo,0.06038,29.05104,Singa,870,0.67
Nord-Kivu,Lubero,Vwambali Gr Ngulo,0.014986,29.125757,Kitatumba,928,0.47
Nord-Kivu,Lubero,Wandazi,-0.081544,29.226568,Makoka,1184,0.31
Nord-Kivu,Lubero,Wimbi Gr Musindi,-0.278413,29.171215,Vusinimbira,1290,0.5
Nord-Kivu,Masisi,Bagambila,-1.123686,28.927132,Basogo,1547,0.4
Nord-Kivu,Masisi,Biakoka,-1.308316,28.919655,Kibugu Bushenge,1376,0.09
Nord-Kivu,Masisi,Bibancha,-1.501272,28.796282,Kibahemula,1767,0.56
Nord-Kivu,Masisi,Bibatama Gr Kamuronza,-1.45,29.033333,Kabati,1348,0.43
Nord-Kivu,Masisi,Bihira,-1.4,28.81667,Birere,188,0.5
Nord-Kivu,Masisi,Biholo Gr Bafuna,-1.317554,28.68516,Buhongole,735,0.53
Nord-Kivu,Masisi,Biiri Gr Biiri,-1.326046,28.756495,Buholo,765,0.18
Nord-Kivu,Masisi,Bikunche Gr Bafuna,-1.291814,28.69972,,,
Nord-Kivu,Masisi,Bikundji Gr Ufamandu I,-1.678967,28.70929,Muololo,626,0.13
Nord-Kivu,Masisi,Bintimbi,-1.13217,28.8102,Matshumbi,1503,0.47
Nord-Kivu,Masisi,Bioro,-1.441149,28.783295,Bitobolo,1246,0.62
Nord-Kivu,Masisi,Biteete Gr Biiri,-1.461128,28.86641,Kisuma Route,1318,0.32
Nord-Kivu,Masisi,Bitongi,-0.990946,28.89283,Malemo,1762,0.15
Nord-Kivu,Masisi,Bitoyi Gr Bapfuna,-1.382996,28.812704,Saio,1081,0.4
Nord-Kivu,Masisi,Bitoyi Gr Nyamaboko I,-1.438363,28.665686,Busurungi,1942,0.27
Nord-Kivu,Masisi,Bituha,-1.351835,28.720581,Burora,1545,0.5
Nord-Kivu,Masisi,Bohenda,-1.361141,28.73341,Burora,38,0.46
Nord-Kivu,Masisi,Bonde Gr Bapfuna,-1.334792,28.777016,Bonde 1,574,0.83
Nord-Kivu,Masisi,Buabo ,-1.443401,28.7631,Muhemba,1124,0.33
Nord-Kivu,Masisi,Bubowa Gr Bapfuna,-1.238151,28.759361,Lwibo,1704,0.36
Nord-Kivu,Masisi,Buchalwishi,-1.000001,28.883333,Malemo,1712,0.24
Nord-Kivu,Masisi,Buchira,-1.254298,28.816957,Kyamabuye,1781,0.25
Nord-Kivu,Masisi,Budahunga,-1.111236,28.926712,Muhu,1473,0.46
Nord-Kivu,Masisi,Bugarama,-1.495876,28.771402,Mibira,275,0.43
Nord-Kivu,Masisi,Buhambi Gr Bashali Kayembe,-1.287889,29.027493,,,
Nord-Kivu,Masisi,Buhato,-1.245584,28.831608,Kasenyera,23,0.13
Nord-Kivu,Masisi,Buhenda,-1.361444,28.737947,Burora,516,0.46
Nord-Kivu,Masisi,Buheno Gr Buabo,-1.464446,28.83122,Kibuu,1318,0.36
Nord-Kivu,Masisi,Buhima,-1.59354,28.986465,Bushuhe,866,0.46
Nord-Kivu,Masisi,Buhumba,-1.466347,28.868973,Kisuma Route,695,0.32
Nord-Kivu,Masisi,Buisa Gr Ufamandu I,-1.689232,28.776909,Miano,1608,0.4
Nord-Kivu,Masisi,Buiti Gr Nyamaboko II,-1.51745,28.610558,Mboo,1119,0.22
Nord-Kivu,Masisi,Bukonde,-1.070861,28.73353,Ndeko,1886,0.5
Nord-Kivu,Masisi,Bukundu Gr Ufamandu I,-1.628309,28.756536,Muturirwa,1864,0.25
Nord-Kivu,Masisi,Bulende Gr Bashali Mokoto,-1.062029,28.68439,Bukucha,372,0.29
Nord-Kivu,Masisi,Bulinda Gr Nyamaboko II,-1.548466,28.688028,Kakoka,446,0.15
Nord-Kivu,Masisi,Bulindi,-1.363372,28.879023,Mitando,172,0.43
Nord-Kivu,Masisi,Bulindi GR Bashali Kaembe,-1.331589,28.887157,Lushuli 2,417,0.38
Nord-Kivu,Masisi,Bulolero,-1.521487,28.68671,Mberwa,1675,0.43
Nord-Kivu,Masisi,Buloto,-1.391725,28.773224,Muhondo,1185,0.46
Nord-Kivu,Masisi,Bulwa Gr Buabo,-1.457287,28.759483,Mbuwangali,1576,0.53
Nord-Kivu,Masisi,Buma Gr Ufamandu II,-1.659259,28.70148,Kalee,1206,0.22
Nord-Kivu,Masisi,Bumba Gr Ufamandu I,-1.687467,28.821863,Bukone,1993,0.36
Nord-Kivu,Masisi,Bunande Gr Bashali Mokoto,-1.137254,29.042158,Bushanga,799,0.53
Nord-Kivu,Masisi,Bungingo Gr Ufamandu II,-1.629365,28.65169,Bitoyi,239,0.43
Nord-Kivu,Masisi,Bunyakabia Gr Ufamandu I,-1.67434,28.76154,Miano,782,0.27
Nord-Kivu,Masisi,Bunyamurangai Gr Ufamanu I,-1.676355,28.780594,Miano,1508,0.33
Nord-Kivu,Masisi,Bunyamwina Gr Biiri,-1.403703,28.793674,Kinyangutu,1182,0.4
Nord-Kivu,Masisi,Bunyiole Gr Muvunyi Matanda,-1.504241,28.953756,Nyabibwe,1840,0.5
Nord-Kivu,Masisi,Buongo Gr Ufamandu I,-1.695481,28.6712,Bunyakangendo,1981,0.53
Nord-Kivu,Masisi,Buoye,-1.366123,28.75526,Busoro,953,0.55
Nord-Kivu,Masisi,Bupfuhi,-1.261241,28.92238,Rushoti,673,0.43
Nord-Kivu,Masisi,Buramo Gr Bashali Kayembe,-1.433138,28.977005,Kausa 1,596,0.31
Nord-Kivu,Masisi,Burubi Gr Bapfuna,-1.313015,28.709047,Kyaninga,1196,0.14
Nord-Kivu,Masisi,Buruso Gr Ufamandu I,-1.728729,28.64526,Biriko,650,0.5
Nord-Kivu,Masisi,Busasa,-1.172488,28.950357,Bukumba,1386,0.46
Nord-Kivu,Masisi,Busekere Gr Buabo,-1.463504,28.808043,Kirwa,1426,0.31
Nord-Kivu,Masisi,Busha,-1.233333,28.933332,Kihaze,765,0.36
Nord-Kivu,Masisi,Bushaire Gr Bashali Kayembe,-1.2461,28.8295,Kasenyera,263,0.24
Nord-Kivu,Masisi,Bushaire Gr Nyamaboko I,-1.45889,28.632195,Ngomashi,1449,0.38
Nord-Kivu,Masisi,Bushenge Gr Bashali Mokoto,-1.075529,29.002527,Rujagati,1385,0.25
Nord-Kivu,Masisi,Bushiha Gr Buabo,-1.496401,28.760777,Mibira,1247,0.46
Nord-Kivu,Masisi,Bushuhi,-1.52278,28.98556,Mushaki,989,0.57
Nord-Kivu,Masisi,Bushuli,-1.351499,28.893879,Lushuli 1,1871,0.75
Nord-Kivu,Masisi,Busoro Gr Bashali Mukoto,-1.218303,28.878942,Mulinde,381,0.15
Nord-Kivu,Masisi,Butsira,-1.221169,28.75028,Kilambo,885,0.14
Nord-Kivu,Masisi,Butuma Gr Ufamandu II,-1.4712,28.6091,Kibahemula,1848,0.38
Nord-Kivu,Masisi,Buuli Gr Ufamandu I,-1.67695,28.762161,Miano,587,0.2
Nord-Kivu,Masisi,Buxoha,-1.217744,29.027443,,,
Nord-Kivu,Masisi,Buzee Gr Bapfuna,-1.321916,28.762276,Buholo,60,0.36
Nord-Kivu,Masisi,Bwambaliro Gr Banyungu,-1.380054,28.747488,Kauli,1609,0.4
Nord-Kivu,Masisi,Bwambaliro Gr Mupfunyi Shanga,-1.58655,29.035055,Ngumba,765,0.38
Nord-Kivu,Masisi,Bwendero Gr Bashali Mokoto,-1.204167,28.7775,Ndurumo,1585,0.53
Nord-Kivu,Masisi,Bweremana Gr Muvunyi Shanga,-1.694297,29.015116,Burora,739,0.4
Nord-Kivu,Masisi,Bwibereko,-1.615848,28.950884,Buzihe,1636,0.4
Nord-Kivu,Masisi,Byembamba Gr Ufamandu I,-1.74149,28.73832,,,
Nord-Kivu,Masisi,"carré minier ""Gakombe""",-1.570918,28.882973,Kalambairo Centre,811,0.27
Nord-Kivu,Masisi,Chamarambo Gr Biiri,-1.398683,28.807865,Chandao,1970,0.59
Nord-Kivu,Masisi,Changayi  Nyamaboko II,-1.517566,28.672846,Nihima 1,713,0.34
Nord-Kivu,Masisi,Chembechembe,-1.771622,28.733084,,,
Nord-Kivu,Masisi,Chembechembe Gr Ufamandu II,-1.657372,28.659033,Misimba,1187,0.21
Nord-Kivu,Masisi,Chogero Gr bashali Mokoto,-1.192917,28.904917,Muhororo,1691,0.53
Nord-Kivu,Masisi,Chugi Gr Muvunyi,-1.541726,28.764343,Chamarambo,1449,0.27
Nord-Kivu,Masisi,Chumba Gr Biiri,-1.42982,28.8546,Cyumba,1413,0.83
Nord-Kivu,Masisi,Dondo,-1.407519,28.745275,Tondo,999,0.8
Nord-Kivu,Masisi,Ferme Osso Gr Muvunyi Matanda,-1.529994,28.912884,Nteko,1423,0.27
Nord-Kivu,Masisi,Ferme Rigo Gr Biiri,-1.458807,28.87485,Kisuma Route,1314,0.36
Nord-Kivu,Masisi,Fundula Gr Ufamandu I,-1.670457,28.788713,Kashukano,1631,0.25
Nord-Kivu,Masisi,Gahurumba,-1.525427,28.731768,Kaloba,1827,0.4
Nord-Kivu,Masisi,Gasiza Gr Bashali Mokoto,-1.273729,28.966331,Nganga,1606,0.5
Nord-Kivu,Masisi,Gitovu,-1.47119,28.9384,Rubare,1765,0.17
Nord-Kivu,Masisi,Gomba Gr Bashali Mokoto,-1.267398,28.934883,Malinda,1227,0.33
Nord-Kivu,Masisi,Hango Gr Bashali Mokoto,-1.303893,29.000366,Rungoma,1389,0.5
Nord-Kivu,Masisi,Hango Gr Muvunyi Shanga,-1.68275,28.9113,Lukunda,999,0.17
Nord-Kivu,Masisi,Hembe Gr Bashali Mokoto,-1.104185,28.809183,,,
Nord-Kivu,Masisi,Jugujugu Gr Bashali Mokoto,-1.030083,28.870096,Ngundu,890,0.43
Nord-Kivu,Masisi,Kaandja Gr Bapfuna,-1.340531,28.711634,Kyangara 2 Makabya,1666,0.24
Nord-Kivu,Masisi,Kabansi,-1.363686,28.747837,Busoro,1810,0.31
Nord-Kivu,Masisi,Kabanzi  Gr Ufamandu I,-1.734896,28.716866,Kiali,1625,0.5
Nord-Kivu,Masisi,Kabare,-1.159101,29.000698,Kihimba,195,0.46
Nord-Kivu,Masisi,Kabase Gr Muvunyi Shanga,-1.6598,28.985786,Makabya,1334,0.62
Nord-Kivu,Masisi,Kabashumba Gr Muvunyi Matanda,-1.623672,28.964842,Buzihe,562,0.25
Nord-Kivu,Masisi,Kabingu Gr Muvunyi Kibabi,-1.496324,28.833061,Nyabarenge,1829,0.47
Nord-Kivu,Masisi,Kabingu Gr Muvunyi Shanga ,-1.634812,28.9787,Nambi,901,0.5
Nord-Kivu,Masisi,Kabingu Gr Nyamaboko I,-1.398119,28.700909,Kabingu Tsiro,1020,0.7
Nord-Kivu,Masisi,Kabingu Kamatale,-1.730006,28.84571,Kamatare,909,0.58
Nord-Kivu,Masisi,Kabukomo Gr Bashali Mokoto,-1.243796,28.90616,Kinyamatembe,1292,0.3
Nord-Kivu,Masisi,Kabumba Gr Muvunyi Kibabi,-1.542117,28.727123,Bibatama,1948,0.4
Nord-Kivu,Masisi,Kachai Gr Ufamandu II,-1.667557,28.690193,Bunybabaiti,1939,0.35
Nord-Kivu,Masisi,Kafunzi Gr Bapfuna,-1.323674,28.696468,Lushali,1576,0.29
Nord-Kivu,Masisi,Kaghundu (Kahundu) Gr Muvunyi Matanda,-1.489808,28.909018,,,
Nord-Kivu,Masisi,Kahanga Gr Bashali Kayembe,-1.343529,28.875221,Musaara,735,0.43
Nord-Kivu,Masisi,Kahoongole,-1.682781,29.00111,Kyabondo,938,0.56
Nord-Kivu,Masisi,Kahumba Gr Kamuronza,-1.524951,29.0728,Luhonga,1049,0.14
Nord-Kivu,Masisi,Kahunda Gr Ufamandu II,-1.609,28.6982,,,
Nord-Kivu,Masisi,Kahuno Gr Nyamaboko II,-1.589464,28.56772,,,
Nord-Kivu,Masisi,Kakohwa Gr Banyungu,-1.47881,28.8346,Nyabarenge,1534,0.24
Nord-Kivu,Masisi,Kakungwe Gr Nyamaboko I,-1.483334,28.666668,Kalungu,1879,0.67
Nord-Kivu,Masisi,Kalambahiro,-1.266668,28.983334,Mutulirwa,1878,0.3
Nord-Kivu,Masisi,Kalambairo,-1.384951,28.833212,Kinyambatsi,1766,0.57
Nord-Kivu,Masisi,Kalambairo Gr Bapfuna,-1.387442,28.821695,Kinyambatsi,1206,0.57
Nord-Kivu,Masisi,Kalengera Gr Bashali Mokoto,-1.14964,28.9699,Katuna,871,0.53
Nord-Kivu,Masisi,Kalibiri,-1.001689,28.90431,Jugujugu,1767,0.0
Nord-Kivu,Masisi,Kaliki Gr Nyamaboko II,-1.521392,28.673388,Kasindi,1260,0.62
Nord-Kivu,Masisi,Kaloba Gr Muvunyi Kibabi,-1.520577,28.728588,Mikeno,1791,0.33
Nord-Kivu,Masisi,Kalonge Gr Bashali Kayembe,-1.381063,28.903147,Lugeshi,1628,0.43
Nord-Kivu,Masisi,Kalonge Gr Bashali Kayembe,-1.366668,28.933332,Kishanga,869,0.53
Nord-Kivu,Masisi,Kalonge Gr Ufamandu I,-1.720035,28.721848,,,
Nord-Kivu,Masisi,Kalunda,-1.210101,28.9243,Mahiga,926,0.31
Nord-Kivu,Masisi,Kalungu Gr Nyamaboko I,-1.489558,28.568348,Ngoyi,43,0.33
Nord-Kivu,Masisi,Kambule Gr Kambule,-1.585961,28.695683,Kahunda,49,0.43
Nord-Kivu,Masisi,Kamodoka Gr Bashali Mokoto,-1.114921,28.9511,Mikondo,1933,0.53
Nord-Kivu,Masisi,Kamonyi Gr Bashali Mokoto,-1.246619,28.866608,,,
Nord-Kivu,Masisi,Kamuobe Gr Ufamandu I,-1.679389,28.779884,Miano,1413,0.33
Nord-Kivu,Masisi,Kamve Gr Muvunyi Shanga,-1.583507,29.048834,Kaduki Stade,1768,0.35
Nord-Kivu,Masisi,Kananira,-1.113977,28.903269,Kivuye,1034,0.29
Nord-Kivu,Masisi,Kanoka Gr Bashali Mokoto,-1.143183,29.04183,Bushanga,1249,0.43
Nord-Kivu,Masisi,Kanyabikono Gr Kamuronza,-1.5711,29.04673,Kimoka Ndolero,1595,0.4
Nord-Kivu,Masisi,Kanyenchuki Gr Muvunyi Kibabi,-1.559451,28.8265,Kinyabifuko,669,0.45
Nord-Kivu,Masisi,Kanyundo Gr Bapfuna,-1.341535,28.836147,Kanyundo Central,1306,0.67
Nord-Kivu,Masisi,Kapopo,-1.727729,28.700726,Nyamibuto,49,0.27
Nord-Kivu,Masisi,Karambi,-1.526944,29.046389,Kashovu,1044,0.29
Nord-Kivu,Masisi,Karambi Gr Bashali Mokoto,-1.267996,28.905767,Tambi,751,0.67
Nord-Kivu,Masisi,Karambi Gr Buabo,-1.473939,28.803612,Kasura,1483,0.62
Nord-Kivu,Masisi,Karambi Gr Ufamandu I,-1.749612,28.70828,Kiali,895,0.5
Nord-Kivu,Masisi,Karenga Gr Kamuronza,-1.43564,29.07675,Karambi,842,0.57
Nord-Kivu,Masisi,Karton Gr Bashali Mokoto,-1.227402,29.050692,Ndondo Kiusha,122,0.21
Nord-Kivu,Masisi,Karunda,-1.3289,28.7205,Kyaninga,1756,0.53
Nord-Kivu,Masisi,Kasengesi Gr Kamuronza,-1.595601,29.1045,,,
Nord-Kivu,Masisi,Kasenyera,-1.150268,28.784294,Nganga,894,0.4
Nord-Kivu,Masisi,Kasenyi Gr Muvunyi Kibabi,-1.534701,28.8057,Kinigi,959,0.46
Nord-Kivu,Masisi,Kashanga Gr Mupfunyi Shanga,-1.615598,28.97465,Buzihe,1089,0.14
Nord-Kivu,Masisi,Kashasha,-1.143301,28.8749,,,
Nord-Kivu,Masisi,Kasheheshehe,-1.538266,28.66923,Kasheshe,966,0.8
Nord-Kivu,Masisi,Kasheke Gr Muvunyi Kibabi,-1.504905,28.84452,Kalonge,1670,0.43
Nord-Kivu,Masisi,Kasheke Gr Nyamaboko I,-1.540681,28.7178,Mikeno,1403,0.31
Nord-Kivu,Masisi,Kasheshera,-1.451417,28.782925,Kilambo,1995,0.24
Nord-Kivu,Masisi,kashopfu Gr Bapfuna,-1.2505,28.7493,Mashango,1806,0.5
Nord-Kivu,Masisi,Kashovu Gr Buabo,-1.3395,28.7804,Kasho,566,0.83
Nord-Kivu,Masisi,Kasopo Gr Bashali Mokoto,-1.251928,28.966864,Kibarizo,535,0.43
Nord-Kivu,Masisi,Kasura Gr Bashali Mokoto,-1.257749,28.926308,Malinda,1115,0.31
Nord-Kivu,Masisi,Kasura Gr Kamuronza,-1.482392,29.050468,Buranda,684,0.46
Nord-Kivu,Masisi,Katahandwa   Gr Bashali Mokoto,-1.021076,28.926456,Kikohwa,1702,0.47
Nord-Kivu,Masisi,Katahandwa Gr Nyamaboko I,-1.496352,28.738668,Mataba,1247,0.5
Nord-Kivu,Masisi,Katahandwa Gr Ufamando I,-1.676223,28.856222,Lufufu,1877,0.0
Nord-Kivu,Masisi,Katanda,-1.213473,28.78692,Bwendero,1961,0.27
Nord-Kivu,Masisi,Katari Gr Muvunyi Kibabi,-1.216051,28.74468,Lukweti,1817,0.46
Nord-Kivu,Masisi,Katobotobo,-1.533013,28.700508,Kakoka,1831,0.38
Nord-Kivu,Masisi,Katobotobo Gr Buabo,-1.506503,28.744677,Mataba,65,0.38
Nord-Kivu,Masisi,Katopfu Gr Muvunyi Kibabi,-1.673474,28.890308,Luzirantaka,1998,0.22
Nord-Kivu,Masisi,Katovu Gr Bashali Kayembe,-1.354088,28.97019,Kabuga,457,0.5
Nord-Kivu,Masisi,Katovu Gr Buabo,-1.452871,28.8279,Kibuu,734,0.36
Nord-Kivu,Masisi,Katoyi Gr Ufamandu I,-1.707199,28.680334,Bunyakangendo,334,0.32
Nord-Kivu,Masisi,Katsihiro Gr Nyamaboko I,-1.367074,28.687601,Shango 2,1640,0.24
Nord-Kivu,Masisi,Katuhunda  Gr Ufamandu I ,-1.718318,28.730621,Nyamiri,1706,0.12
Nord-Kivu,Masisi,Katwakasibu Gr Ufamandu I,-1.71981,28.727089,,,
Nord-Kivu,Masisi,Katyatso,-1.48444,28.634249,Kalembera,1101,0.35
Nord-Kivu,Masisi,Kaundu Gr Muvunyi Matanda ,-1.45642,28.9266,Gasovu,216,0.33
Nord-Kivu,Masisi,Kavuta Gr Muvunyi Kibabi,-1.540285,28.775124,Kavuta Sud,602,0.75
Nord-Kivu,Masisi,Kibahima ,-1.377841,28.84105,Buhimba,1171,0.67
Nord-Kivu,Masisi,Kibanda Gr Nyamaboko I,-1.351301,28.696,Lushali,1625,0.14
Nord-Kivu,Masisi,Kibinda Gr Ufamandu I,-1.73161,28.7272,,,
Nord-Kivu,Masisi,Kibugu Gr Bashali Kayembe,-1.353701,28.985,Kishebere,1839,0.4
Nord-Kivu,Masisi,Kibundi Gr Nyamaboko II,-1.509293,28.658539,Nihima,891,0.31
Nord-Kivu,Masisi,Kibungu,-1.333061,28.972927,Bukengele,308,0.5
Nord-Kivu,Masisi,Kibuwa Gr Ufamandu II,-1.65175,28.617083,Biolo,1618,0.18
Nord-Kivu,Masisi,Kibuye,-1.418561,28.81641,Kanii,1402,0.36
Nord-Kivu,Masisi,Kigarama,-1.348297,28.907997,Katimba,1398,0.4
Nord-Kivu,Masisi,Kihanga,-1.558129,29.00972,Kataunda,1893,0.53
Nord-Kivu,Masisi,Kihave Gr Bashali Mokoto,-1.034101,28.945198,Kikohwa,884,0.62
Nord-Kivu,Masisi,Kihazi ,-1.240551,28.942104,Kihaze,725,0.83
Nord-Kivu,Masisi,Kihira Gr Bashali Mokoto,-1.23128,28.79,Kitobo,1598,0.33
Nord-Kivu,Masisi,Kihunda,-1.251883,28.979301,Shanga,1707,0.46
Nord-Kivu,Masisi,Kihunda Gr Bashali Mokoko,-1.191803,28.997623,Mulinga,1516,0.43
Nord-Kivu,Masisi,Kikohwa Gr Basali Mokoto,-1.071517,28.93738,Nyamuhanga,1360,0.24
Nord-Kivu,Masisi,Kikonda Gr Bapfuna,-1.309626,28.758545,Kautu,1984,0.33
Nord-Kivu,Masisi,Kilambo Gr Bashali Mokoto,-1.679723,28.699722,Muololo,1645,0.29
Nord-Kivu,Masisi,Kilambo Gr Nyamaboko I,-1.490341,28.730953,Kasiza,1953,0.46
Nord-Kivu,Masisi,Kilambo Gr Ufamandu I,-1.676348,28.713152,Muololo,108,0.29
Nord-Kivu,Masisi,Kilondo,-1.216054,28.744677,Kilambo,1382,0.57
Nord-Kivu,Masisi,Kinene Gr Nyamaboko I,-1.566667,28.566668,,,
Nord-Kivu,Masisi,Kinyana Gr Bashali Mokoto,-1.132087,28.83635,Kazibake,1333,0.4
Nord-Kivu,Masisi,Kinyangutu ,-1.4164,28.7859,Kibirangiro,119,0.48
Nord-Kivu,Masisi,Kinyanzovu Gr Bapfuna,-1.396696,28.854973,Kalinga,1095,0.47
Nord-Kivu,Masisi,Kinyaongo Gr Bapfuna,-1.273351,28.745148,Kautu,1917,0.29
Nord-Kivu,Masisi,Kinyumba Gr Bapfuna,-1.281892,28.734728,,,
Nord-Kivu,Masisi,Kionde Gr Bapfuna,-1.36365,28.82591,Bukingi,1387,0.46
Nord-Kivu,Masisi,Kipfumu,-1.369903,28.760025,Kivumu Bunia,679,0.53
Nord-Kivu,Masisi,Kiriba Gr Banyungu,-1.325171,28.76713,Kasho,1606,0.36
Nord-Kivu,Masisi,Kiringi Gr Bashali Mokoto,-1.107114,29.024204,Mbuhi,631,0.17
Nord-Kivu,Masisi,Kiripa Gr Ufamandu I,-1.699034,28.715672,Katuunda,1402,0.29
Nord-Kivu,Masisi,Kirundu Gr  Ufamandu I,-1.670612,28.788607,Kashukano,1625,0.38
Nord-Kivu,Masisi,Kise Gr Bashali Mokoto,-1.258907,28.923923,Rushoti,391,0.18
Nord-Kivu,Masisi,Kishanga Gr Utunda,-0.945527,28.126038,,,
Nord-Kivu,Masisi,Kishe,-1.498101,28.7853,Kitembe,1537,0.5
Nord-Kivu,Masisi,Kishee Gr Bapfuna,-1.278585,28.741007,,,
Nord-Kivu,Masisi,Kishingiri,-1.4884,28.7033,Kalambairo 2,891,0.27
Nord-Kivu,Masisi,Kishondja Gr Buabo,-1.33811,28.84565,Kaandja Jiwe,1936,0.48
Nord-Kivu,Masisi,Kishopfu,-1.322115,28.988913,Gisovu,1514,0.57
Nord-Kivu,Masisi,Kisima Gr Biliri,-1.350052,28.79091,Kyasamba,1382,0.57
Nord-Kivu,Masisi,Kitchanga Gr Bashali Mokoto,-1.248905,29.059708,Katanda,524,0.62
Nord-Kivu,Masisi,Kitobo Gr Bapfuna,-1.262542,28.796757,Tongo,1762,0.55
Nord-Kivu,Masisi,Kitobo Gr Bashali Mokoto,-1.130543,28.82998,Kazibake,633,0.43
Nord-Kivu,Masisi,Kitobo Gr Nyamaboko I,-1.472505,28.61787,Ngwiro,24,0.33
Nord-Kivu,Masisi,Kitso,-1.130543,28.82998,Kazibake,633,0.31
Nord-Kivu,Masisi,Kituva Gr Mupfunyi Shanga,-1.63646,29.028648,Kihindo,54,0.31
Nord-Kivu,Masisi,Kitwangano,-1.05284,28.728086,Kauli,34,0.27
Nord-Kivu,Masisi,Kiuli Gr Kamuronza,-1.555473,29.043028,Kimoka Ndolero,1973,0.32
Nord-Kivu,Masisi,Kiusha Gr Bashali Mokoto,-1.194858,29.031914,Kihira,1385,0.67
Nord-Kivu,Masisi,Kiwatire Gr Ufamandu I,-1.681855,28.749096,Bukuba,1474,0.29
Nord-Kivu,Masisi,Kobokobo Gr Muvunyi Karuba,-1.552107,29.00406,Mungo,1007,0.15
Nord-Kivu,Masisi,Kubuhimba Gr Bashali Kayembe,-1.327663,29.014091,Rungoma,1868,0.38
Nord-Kivu,Masisi,Kwiriba,-1.405481,28.782124,Kibirangiro,1401,0.44
Nord-Kivu,Masisi,Kyafulo Gr Banyungu,-1.407725,28.77982,Kinyangutu,1183,0.47
Nord-Kivu,Masisi,Kyakyungo,-1.415663,28.744587,Kakohwa,1741,0.5
Nord-Kivu,Masisi,Kyaninga Gr Bapfuna,-1.316087,28.695526,Tsingati,1183,0.5
Nord-Kivu,Masisi,Kyeekire,-1.0,28.88333,Malemo,1712,0.14
Nord-Kivu,Masisi,Kyekire Gr Bashali Mokoto,-1.183494,28.975515,Kisangani,1834,0.25
Nord-Kivu,Masisi,Kyeshero Gr Ufamandu I,-1.691545,28.80699,Kashukano,1473,0.47
Nord-Kivu,Masisi,Loashi Gr Biiri,-1.359056,28.791048,Loashi Lwa Bashia,1734,0.52
Nord-Kivu,Masisi,Lubuu Gr Nyamaboko II,-1.559544,28.62221,Murambi,1417,0.33
Nord-Kivu,Masisi,Lufulamingi Gr Bashali Mokoto,-1.290671,28.965391,Murambi,1611,0.44
Nord-Kivu,Masisi,Luhando Gr Nyamaboko,-1.454979,28.607883,Bulungu,1328,0.43
Nord-Kivu,Masisi,Luhanga Gr Bashali Mokoto,-1.111733,28.937866,Shahalya,1448,0.4
Nord-Kivu,Masisi,Luho,-1.466668,28.566668,Busese,1356,0.2
Nord-Kivu,Masisi,Luhuha Gr Bapfuna,-1.271001,28.8236,Luhinzi,1141,0.46
Nord-Kivu,Masisi,Lukale Gr Kamuronza,-1.436911,29.063702,Karambi,1836,0.31
Nord-Kivu,Masisi,Lukole Gr Banyungu,-1.429618,28.749748,Lushebere,886,0.4
Nord-Kivu,Masisi,Lukopfu Gr Muvunyi Kibabi,-1.472834,28.839401,,,
Nord-Kivu,Masisi,Lukumbu Gr Kibabi II,-1.531405,28.731724,Kaloba,1580,0.31
Nord-Kivu,Masisi,Lulima,-1.318115,28.749502,Buhama 2,1195,0.43
Nord-Kivu,Masisi,Luseme Gr Ufamandu I,-1.639622,28.728392,Mutuza,1548,0.17
Nord-Kivu,Masisi,Lushebere Gr Biiri,-1.404536,28.85805,Budulira,214,0.24
Nord-Kivu,Masisi,Lushovu Gr Ufamandu I,-1.720035,28.721848,,,
Nord-Kivu,Masisi,Lutanda,-1.471247,28.667278,Kalungu,1484,0.43
Nord-Kivu,Masisi,Luundje Gr Muvunyi Matanda,-1.54355,28.86854,Muderi,1865,0.46
Nord-Kivu,Masisi,Luusha Gr Bashali Mokoto,-1.018973,28.827827,Masiza,486,0.33
Nord-Kivu,Masisi,Lwama Gr Bashali Mokoto,-1.179503,28.890585,Mariba,40,0.36
Nord-Kivu,Masisi,Lwizi Kamatale Gr Muvunyi Shanga,-1.722775,28.878063,Kamatare,1975,0.64
Nord-Kivu,Masisi,Magera Gr Bashali Kayembe,-1.426624,29.041742,Mangera 1,1282,0.8
Nord-Kivu,Masisi,Mahiga,-1.683334,28.783333,Kashukano,1632,0.4
Nord-Kivu,Masisi,Mahya Gr Nyamaboko I,-1.54324,28.56178,Kashindi,1618,0.31
Nord-Kivu,Masisi,Mahya Gr Nyamaboko II,-1.527046,28.613182,Matala,1089,0.55
Nord-Kivu,Masisi,Mahya Gr Ufamandu I,-1.69363,28.7202,,,
Nord-Kivu,Masisi,Makabya Gr Banyungu,-1.34153,28.7261,Kyangara 2 Makabya,56,0.56
Nord-Kivu,Masisi,Makondero Gr Nyamaboko I,-1.642254,28.897444,,,
Nord-Kivu,Masisi,Makowe Gr Ufamandi I,-1.740024,28.664412,Miko,1973,0.6
Nord-Kivu,Masisi,Makwira Gr Bashali Mokoto,-1.256455,28.935303,Malinda,106,0.57
Nord-Kivu,Masisi,Malehe Gr Kamuronza,-1.518225,29.044527,Kashovu,1897,0.31
Nord-Kivu,Masisi,Malumba Gr Ufamandu I,-1.707449,28.762844,Kashuno,554,0.29
Nord-Kivu,Masisi,Mamfe Gr Nyamaboko I,-1.360799,28.729412,Manve,1560,0.6
Nord-Kivu,Masisi,Manfe Gr Ufamandu II,-1.601594,28.593666,,,
Nord-Kivu,Masisi,Mangya Gr Muvunyi Shanga,-1.666201,28.8971,Murambi,1461,0.31
Nord-Kivu,Masisi,Maninge Gr Ihana,-1.482445,28.562416,Ngoyi,1013,0.33
Nord-Kivu,Masisi,Maninge Gr Ufamandu I,-1.679132,28.75976,Miano,830,0.5
Nord-Kivu,Masisi,Mashaki Gr Buabo,-1.459654,28.82719,Kibuu,636,0.33
Nord-Kivu,Masisi,Mashaki Gr Nyamaboko I,-1.445324,28.710337,Kasura,558,0.46
Nord-Kivu,Masisi,Mashanda Gr Ufamandu I,-1.723521,28.7353,Nyamiri,1687,0.13
Nord-Kivu,Masisi,Mashango Gr Bashali Kayembe,-1.38041,28.964104,Rushangi,1164,0.62
Nord-Kivu,Masisi,Masisi Gr Biiri,-1.4,28.816668,Kausi,208,0.55
Nord-Kivu,Masisi,Masiza Gr Kihondo,-1.492239,28.729956,Gahazi,260,0.33
Nord-Kivu,Masisi,Matanda Gr Muvunyi Matanda,-1.54204,28.9355,Matanda Gite,1625,0.74
Nord-Kivu,Masisi,Matongo Gr Biliri,-1.3655,28.78484,Buhangala,1037,0.38
Nord-Kivu,Masisi,Matovu Gr Nyamaboko II,-1.495281,28.6534,Bivumu,1537,0.33
Nord-Kivu,Masisi,Matyatso Gr Buabo,-1.453998,28.769245,Mbuwangali,1374,0.33
Nord-Kivu,Masisi,Maya Gr Nyamaboko II,-1.550001,28.616667,Kikoma,561,0.4
Nord-Kivu,Masisi,Mayongwe Gr Ufamandu I,-1.724589,28.656855,Kingete,1868,0.4
Nord-Kivu,Masisi,Mayuano Gr Ufamandu I,-1.673667,28.818222,Kachai,956,0.31
Nord-Kivu,Masisi,Mbene Gr Baptuna,-1.219137,28.81745,Kinyana,988,0.17
Nord-Kivu,Masisi,Mbenerwa Gr Nyamaboko I,-1.50462,28.7305,Mataba,1557,0.43
Nord-Kivu,Masisi,Mberwa Gr Nyamaboko I,-1.522077,28.724773,Mikeno,1341,0.33
Nord-Kivu,Masisi,Mbisi Gr Ufamandu I,-1.746478,28.698652,Kiali,1993,0.4
Nord-Kivu,Masisi,Mbitsi Gr Nyamaboko I,-1.362029,28.709152,Shango 2,1167,0.14
Nord-Kivu,Masisi,Mbuangali Gr Nyamaboko II,-1.559392,28.624304,Murambi,1474,0.38
Nord-Kivu,Masisi,Mbuhi Gr Banyungu,-1.39069,28.7736,Bushuhi,1844,0.67
Nord-Kivu,Masisi,Mibachano Gr Bashali Mokoto,-1.224568,28.803406,Bwendero,1762,0.35
Nord-Kivu,Masisi,Mibamba Gr Ufamandu I,-1.745304,28.68949,Miko,1448,0.36
Nord-Kivu,Masisi,Mifungulo Gr Bashali Mokoto,-1.2542,28.943798,Malinda,875,0.38
Nord-Kivu,Masisi,Mihuli Gr Ufamandu I,-1.65938,28.730787,Mutuza,261,0.33
Nord-Kivu,Masisi,Mikino Gr Nyamaboko I,-1.523412,28.717632,Mikeno,660,0.83
Nord-Kivu,Masisi,Mikondo Gr Ufamandu,-1.583629,28.742702,Miole,310,0.5
Nord-Kivu,Masisi,Mindi Gr Biiri,-1.406217,28.796606,Kanii,1313,0.4
Nord-Kivu,Masisi,Mishakishaki Gr Bishusha,-1.284051,29.074297,,,
Nord-Kivu,Masisi,Mishavu Gr Kibabi II,-1.556801,28.7303,Muhairwe,425,0.4
Nord-Kivu,Masisi,Misinga Gr Bashali Mokoto,-1.055384,28.968603,Mont Goma,1958,0.5
Nord-Kivu,Masisi,Mitando Gr Bashali Kayembe,-1.367111,28.90208,Mpanamo,1582,0.57
Nord-Kivu,Masisi,Mitoyo Gr Ufamandu I,-1.661112,28.835443,Kachai,1585,0.17
Nord-Kivu,Masisi,Mokoto Gr Bashali Mokoto,-1.29134,28.974686,Gomba,612,0.18
Nord-Kivu,Masisi,Mont Biyaga Gr Kamuronza,-1.515898,29.023752,Buganjo,475,0.33
Nord-Kivu,Masisi,Mont Kagoma Gr Kamuronza,-1.498508,29.025124,Katembe,1444,0.33
Nord-Kivu,Masisi,Mpaka Gr Bashali Mokoto,-0.99099,28.904167,,,
Nord-Kivu,Masisi,Mpanamo Gr Bashali Kayembe,-1.356323,28.901917,Luhanga 1,1230,0.38
Nord-Kivu,Masisi,Muchacha Gr Biiri,-1.440261,28.8364,Butashiba 2,772,0.32
Nord-Kivu,Masisi,Mudugudu Gr Ufamandu II,-1.612796,28.663404,,,
Nord-Kivu,Masisi,Mufa Gr Nyamaboko I,-1.41246,28.696577,Makondero,1836,0.31
Nord-Kivu,Masisi,Mugando Gr Kamuronza,-1.463918,29.080389,,,
Nord-Kivu,Masisi,Muhairwa Gr Nyamaboko II,-1.499311,28.6661,Nihima 2,1421,0.25
Nord-Kivu,Masisi,Muhanga Gr Bapfuna,-1.321731,28.83244,Miandja,779,0.57
Nord-Kivu,Masisi,Muhanga Gr Buabo,-1.511366,28.751764,Mataba,1012,0.46
Nord-Kivu,Masisi,Muhololo Gr Ufamandu I,-1.700275,28.70917,Katuunda,716,0.12
Nord-Kivu,Masisi,Mukeberwa Gr Bapfuna,-1.312359,28.815372,Mitero,389,0.4
Nord-Kivu,Masisi,Mukohwa Gr Bapfuna,-1.373416,28.794172,Wabuka,1079,0.46
Nord-Kivu,Masisi,Mukohwa Gr Ufamandu I,-1.740068,28.698273,Miko,1951,0.55
Nord-Kivu,Masisi,Mukowa Gr Ufamandu 1,-1.761117,28.756836,,,
Nord-Kivu,Masisi,Mulango Gr Muvunyi Karuba,-1.648845,28.899508,Bulengero,1947,0.62
Nord-Kivu,Masisi,Muleha Gr Bashali Mokoto,-1.03895,28.913628,Mbukuru,1802,0.31
Nord-Kivu,Masisi,Mulema Gr Nyamaboko I,-1.483151,28.7309,Kishe,1948,0.18
Nord-Kivu,Masisi,Mulolo Gr Ufamandu I,-1.67811,28.695312,,,
Nord-Kivu,Masisi,Mulungu Gr Nyamaboko II,-1.545287,28.677683,Gishingiri,1884,0.24
Nord-Kivu,Masisi,Mumo,-1.033333,28.85,Hembe,930,0.22
Nord-Kivu,Masisi,Munezero Gr Bapfuna,-1.373475,28.810034,Kauma,55,0.15
Nord-Kivu,Masisi,Munyaruguru Gr Bashali Kayembe,-1.393794,29.091072,,,
Nord-Kivu,Masisi,Murambi Gr Bapfuna,-1.352634,28.838234,Bugamba,1732,0.57
Nord-Kivu,Masisi,Murambi Gr Kamuronza,-1.534945,29.02386,Kitingitira,1890,0.22
Nord-Kivu,Masisi,Murambi Gr Muvunyi Karuba,-1.58706,28.9939,Bugoroba,1314,0.4
Nord-Kivu,Masisi,Muranga Gr Banyungu,-1.401773,28.7753,Miano,731,0.5
Nord-Kivu,Masisi,Muripanya Gr Kamuronza,-1.512589,29.0872,Luhonga,1683,0.25
Nord-Kivu,Masisi,Murorwa Gr Bashali Mokoto,-1.486491,28.81524,Mugara,1222,0.62
Nord-Kivu,Masisi,Musaara Gr Bashali  Mokoto,-1.260222,28.926031,Malinda,1211,0.43
Nord-Kivu,Masisi,Mushaala Gr Bashali Kayembe,-1.32905,28.888039,Lushuli 2,120,0.47
Nord-Kivu,Masisi,Mushebere Gr Ufamado I,-1.675226,28.803967,Nyalushange,1860,0.4
Nord-Kivu,Masisi,Mushwau Gr Nyamaboko I,-1.332842,28.685,Lushali,934,0.57
Nord-Kivu,Masisi,Mushwira Gr Kamuronza,-1.5,29.066668,Luhonga,1838,0.4
Nord-Kivu,Masisi,Musimbira Gr Ufamadu I,-1.741125,28.75625,,,
Nord-Kivu,Masisi,Musongati Gr  Bashali Kayembe,-1.477422,28.961773,Butanga,121,0.5
Nord-Kivu,Masisi,Mutakano Gr Nyamaboko I,-1.450001,28.6817,Lupangu,697,0.4
Nord-Kivu,Masisi,Mutanda,-1.383333,28.95,Rushangi,444,0.4
Nord-Kivu,Masisi,Mutilirwa Gr Bashali Mokoto,-1.195688,28.940912,Mahiga,1681,0.4
Nord-Kivu,Masisi,Mutindi Gr Ufamandu II,-1.775918,28.749664,,,
Nord-Kivu,Masisi,Mutuza Gr Ufamandu I,-1.614914,28.75804,Muturirwa,561,0.67
Nord-Kivu,Masisi,Muxuku Gr Bashali Mokoto,-1.050826,28.72644,Kauli,256,0.18
Nord-Kivu,Masisi,Muyange Gr Bashali Kayembe,-1.426273,28.998022,Rushinga,81,0.4
Nord-Kivu,Masisi,Mwaamba Gr Ufamandu I,-1.724772,28.772741,Kashovu,1961,0.14
Nord-Kivu,Masisi,Mwima Gr Nyamaboko I,-1.455356,28.611359,Kibahemula,106,0.27
Nord-Kivu,Masisi,Myasimingi Gr Ufamandu I,-1.75034,28.727621,Kiali,1258,0.27
Nord-Kivu,Masisi,Ndekemiko Gr Ufamandu I,-1.718532,28.658344,Ndeko,591,0.71
Nord-Kivu,Masisi,Nderembi Gr Mupfunyi Kibabi,-1.564351,28.7707,Nzuzi,1387,0.31
Nord-Kivu,Masisi,Ndinda,-1.508696,28.884464,Kasiza,1440,0.33
Nord-Kivu,Masisi,Ndongi Gr Ufamandu I,-1.756719,28.70194,Bindobondobo,1288,0.44
Nord-Kivu,Masisi,Ndumba Gr Nyamaboko II,-1.515553,28.685856,Mberwa,1489,0.5
Nord-Kivu,Masisi,Ndurumo Gr Bashali Mokoto,-1.201303,28.74054,Majengo,1103,0.29
Nord-Kivu,Masisi,Ngambamutera Gr Ufamandu II,-1.63168,28.624147,,,
Nord-Kivu,Masisi,Ngandjo Gr Bashali Kayembe,-1.38312,29.031015,Mihanga 1,1931,0.38
Nord-Kivu,Masisi,Ngando Gr Ufamandu II,-1.660124,28.580568,Mbeshembeshe,1381,0.0
Nord-Kivu,Masisi,Ngingwe,-1.000001,28.883333,Jugujugu,1854,0.27
Nord-Kivu,Masisi,Ngirangamwa Gr Bashali Mokoto,-1.239082,29.021244,Lubula,1470,0.12
Nord-Kivu,Masisi,Ngisha Gr Muvunyi Shanga,-1.676078,28.910303,Lukunda,1671,0.31
Nord-Kivu,Masisi,Ngoi,-1.5,28.583332,,,
Nord-Kivu,Masisi,Ngololo Gr Ufamandu I,-1.663059,28.780714,Mushebere,1518,0.0
Nord-Kivu,Masisi,Ngomane Gr Bapfuna,-1.386864,28.844776,Kahongole,448,0.5
Nord-Kivu,Masisi,Ngululu Gr Nyamaboko I,-1.503431,28.7351,Lungubu,1141,0.57
Nord-Kivu,Masisi,Nguru Gr Bashali Mokoto,-1.125019,29.025183,Nyenyeri,1383,0.31
Nord-Kivu,Masisi,Njingo Gr Ufamandu II,-1.640301,28.65431,Mitimingi,908,0.4
Nord-Kivu,Masisi,Nsingati Gr Ufamandu I,-1.670398,28.836838,Muhanga,936,0.4
Nord-Kivu,Masisi,Ntango Gr Bashali Mokoto,-1.080362,28.777594,Mahya,1771,0.18
Nord-Kivu,Masisi,Ntete Gr Buabo,-1.443627,28.73142,Kalonge Ntete,758,0.56
Nord-Kivu,Masisi,Nyabiashwa Gr Nyamaboko I,-1.471012,28.699419,Kalambairo 2,1092,0.27
Nord-Kivu,Masisi,Nyabikere Gr Bashali Mokoto,-1.165296,28.749508,Kilondo,1759,0.12
Nord-Kivu,Masisi,Nyabionyi Gr Matanda,-1.527547,28.92215,Nyakajanga,212,0.42
Nord-Kivu,Masisi,Nyabukerere Gr Nyamaboko II,-1.553396,28.60921,Chambeho,1887,0.32
Nord-Kivu,Masisi,Nyabura Gr Bashali Mokoto,-1.218097,28.88273,Kamonyi,636,0.29
Nord-Kivu,Masisi,Nyakajanga Gr Muvunyi Matanda,-1.533489,28.955612,Nyamirazo,1927,0.42
Nord-Kivu,Masisi,Nyakatandala Gr lwindi,-1.585913,28.679792,Kahunda,1723,0.53
Nord-Kivu,Masisi,Nyakigano Gr Ufamandu I,-1.605086,28.772015,Nkokwe,50,0.4
Nord-Kivu,Masisi,Nyakyungo Gr Banyungu,-1.41465,28.7433,Kakohwa,1571,0.38
Nord-Kivu,Masisi,Nyamibuto Gr Ufamandu I,-1.727314,28.74526,Nyamiri,1787,0.62
Nord-Kivu,Masisi,Nyamiyaga Gr Muvunyi Kibabi,-1.596033,28.774244,Katanga,1845,0.38
Nord-Kivu,Masisi,Nyampanika Gr Bashali Mokoto,-1.126993,29.002747,Kashanje,1501,0.33
Nord-Kivu,Masisi,Nyamumpuku Gr Nyamaboko I,-1.456201,28.73481,Mashaki 1,1029,0.21
Nord-Kivu,Masisi,Nyarushamba Gr Bashali Mukoto,-1.048957,28.902884,Mureha,1314,0.35
Nord-Kivu,Masisi,Nzanganano Gr Bashali Mokoto,-0.985949,28.8329,,,
Nord-Kivu,Masisi,Nzingati Gr Ufamandu I,-1.683473,28.815832,Nyalushange,1589,0.32
Nord-Kivu,Masisi,Pariss,-1.383724,29.159594,,,
Nord-Kivu,Masisi,Piki Gr Bapfuna,-1.389012,28.801628,Residentiel,1850,0.27
Nord-Kivu,Masisi,Pilote Gr Bashali Mokoto,-1.079611,29.00639,Rujagati,1986,0.14
Nord-Kivu,Masisi,Pont Katanda,-1.271251,29.02745,,,
Nord-Kivu,Masisi,Rambo I Gr Ufamandu I,-1.745503,28.704042,Kiali,1436,0.33
Nord-Kivu,Masisi,Rambo II Gr Ufamandu I,-1.701303,28.709782,Katuunda,705,0.12
Nord-Kivu,Masisi,Remeka  Gr Ufamandu I,-1.682799,28.734442,Bukuba,171,0.33
Nord-Kivu,Masisi,Remera Gr Ufamandu I,-1.656685,28.764614,Miruta,1944,0.33
Nord-Kivu,Masisi,Rubare Gr B Kayembe,-1.430851,28.97403,Kausa 1,1012,0.31
Nord-Kivu,Masisi,Rugeyo Gr Kamuronza,-1.533759,29.041199,Bunyakangendo,1887,0.42
Nord-Kivu,Masisi,Rumeneti Gr Kamuronza,-1.472958,28.9952,,,
Nord-Kivu,Masisi,Runigi Gr Muvunyi Kibabi,-1.610997,28.786127,Lubuu,1183,0.18
Nord-Kivu,Masisi,Rupfunda Gr Kamuronza,-1.47647,28.9995,,,
Nord-Kivu,Masisi,Rushengo Gr Kamuronza,-1.463167,29.016722,,,
Nord-Kivu,Masisi,Rushoga Gr Muvunyi Matanda,-1.578041,28.968,Chona,746,0.5
Nord-Kivu,Masisi,Rushuli Gr Bashali Kayembe,-1.319466,28.865667,Bushaire,836,0.53
Nord-Kivu,Masisi,Rusinga Gr Bashali Mokoto,-1.233042,29.049105,Mungote,947,0.43
Nord-Kivu,Masisi,Rutoboko Gr Kamuronza,-1.564881,29.033735,Kaduki Stade,1789,0.2
Nord-Kivu,Masisi,Ruzinga Gr Muvunyi Karuba,-1.582631,28.928661,Rugonda,1702,0.57
Nord-Kivu,Masisi,Rwiririza Gr Muvunyi Karuba,-1.639926,28.920322,Ruhegeri,1215,0.35
Nord-Kivu,Masisi,Sake Gr Kamuronza,-1.574714,29.048359,Kaduki Stade,800,0.38
Nord-Kivu,Masisi,Sake Gr Kamuronza,-1.571281,29.053623,Kaduki Stade,604,0.38
Nord-Kivu,Masisi,Samaria Gr Ufamandu I,-1.664007,28.789883,Mushebere,1134,0.25
Nord-Kivu,Masisi,Shaalya Gr Bashali Mokoto,-1.087981,28.981718,Mihara,1219,0.46
Nord-Kivu,Masisi,Shahalya Gr Bashali Mokoto,-1.122512,29.01497,Bukama 3,1650,0.25
Nord-Kivu,Masisi,Shahi Gr Ufamandu I,-1.681006,28.847454,Kasake Centre,1280,0.36
Nord-Kivu,Masisi,Shakingi Gr Buabo,-1.469103,28.788857,Kirwa,818,0.31
Nord-Kivu,Masisi,Shanga Gr Bashali Kayembe,-1.370955,29.071981,,,
Nord-Kivu,Masisi,Shanga Gr Bashali Mokoto,-1.224213,29.035257,Ndondo Kiusha,1825,0.32
Nord-Kivu,Masisi,Shebyancha Gr Bapfuna,-1.320761,28.777721,Bitechula,1520,0.42
Nord-Kivu,Masisi,Sheke Gr Nyamaboko II,-1.57601,28.578497,Bukumbure,578,0.14
Nord-Kivu,Masisi,Shove Gr Kamuronza,-1.555278,29.107166,,,
Nord-Kivu,Masisi,Singa Gr Bapfuna,-1.394495,28.83413,Residentiel,1966,0.38
Nord-Kivu,Masisi,Tara Gr Bashali Kayembe,-1.458337,28.6002,Katanga,1088,0.55
Nord-Kivu,Masisi,Tebero Gr Banyungu,-1.390993,28.73309,Bulera,1238,0.5
Nord-Kivu,Masisi,Tebero Gr Bashali Kayembe,-1.371424,29.026981,Mihanga 1,1966,0.0
Nord-Kivu,Masisi,Tonde Gr Banyungu,-1.388834,28.740877,Tondo,1191,0.8
Nord-Kivu,Masisi,Tunda Gr Bashali Kayembe,-1.416668,28.95,Nkuba,1954,0.4
Nord-Kivu,Masisi,Tuonane Gr Kamuronza,-1.448391,29.0795,Karambi,620,0.14
Nord-Kivu,Masisi,Tuonane Gr Ufamandu I,-1.651456,28.720388,Mutuza,1321,0.46
Nord-Kivu,Masisi,Tusange Gr Ufamandu I,-1.64588,28.724867,Mutuza,1409,0.46
Nord-Kivu,Masisi,Ufamandu,-1.688404,28.81859,Nyalushange,1634,0.32
Nord-Kivu,Masisi,Vituha Gr Banyungu,-1.347981,28.719196,Burora,1902,0.33
Nord-Kivu,Masisi,Yehe Gr Bapfuna,-1.355255,28.76043,Kinyeere,1703,0.5
Nord-Kivu,Nyiragongo,Bubiro Gr Munigi,-1.628806,29.268566,Buhombo,1909,0.62
Nord-Kivu,Nyiragongo,Bugamba I Gr Mukudja,-1.608001,29.203,Kasumba,1666,0.5
Nord-Kivu,Nyiragongo,Bugamba II Gr Mukudja,-1.611318,29.217176,Kasumba,237,0.47
Nord-Kivu,Nyiragongo,Buhene Gr Munigi,-1.638281,29.23885,Bulengera,1812,0.67
Nord-Kivu,Nyiragongo,Buhumba Gr Buhumba,-1.527779,29.346111,Kabuhanga,997,0.5
Nord-Kivu,Nyiragongo,Bushagara Gr Munigi,-1.597925,29.236814,Mutaho,1787,0.27
Nord-Kivu,Nyiragongo,Bushwaga Gr Munigi,-1.619198,29.281084,Bukanda,1976,0.53
Nord-Kivu,Nyiragongo,Byungo Gr Munigi,-1.622626,29.230024,Turunga,1985,0.46
Nord-Kivu,Nyiragongo,Domaine-Le Parc,-1.514331,29.199162,,,
Nord-Kivu,Nyiragongo,entre Kibati et Rusayo,-1.559425,29.246914,,,
Nord-Kivu,Nyiragongo,Gakeri Gr Kibumba,-1.455473,29.355328,,,
Nord-Kivu,Nyiragongo,Gasizi Gr Kibumba,-1.506743,29.369003,Kbiriga,1171,0.31
Nord-Kivu,Nyiragongo,Gisi N/A Groupement,-1.524779,29.307735,,,
Nord-Kivu,Nyiragongo,Goma,-1.658389,29.241259,Lowa,1489,0.5
Nord-Kivu,Nyiragongo,Goma,-1.633611,29.16725,Bugamba,1866,0.55
Nord-Kivu,Nyiragongo,Goma,-1.674605,29.240671,Mont Goma,1352,0.62
Nord-Kivu,Nyiragongo,Goma,-1.650998,29.170687,Amani,815,0.44
Nord-Kivu,Nyiragongo,Goma,-1.624128,29.14388,Mungirima,858,0.46
Nord-Kivu,Nyiragongo,Goma,-1.697925,29.243893,Minova,1299,0.4
Nord-Kivu,Nyiragongo,Goma,-1.69773,29.243975,Minova,1281,0.4
Nord-Kivu,Nyiragongo,Goma,-1.687711,29.231298,Mont Goma,500,0.62
Nord-Kivu,Nyiragongo,Goma,-1.050001,28.9,Mureha,1194,0.4
Nord-Kivu,Nyiragongo,Goma,-1.663396,29.22494,Lowa,736,0.5
Nord-Kivu,Nyiragongo,Goma,-1.675985,29.221363,Mont Goma,1451,0.62
Nord-Kivu,Nyiragongo,Goma,-1.650654,29.23135,Nyakakoma,1354,0.46
Nord-Kivu,Nyiragongo,Goma,-1.686312,29.242512,Mont Goma,1197,0.62
Nord-Kivu,Nyiragongo,Goma,-1.683108,29.239038,Mont Goma,764,0.62
Nord-Kivu,Nyiragongo,Goma,-1.615469,29.161343,Majengo,1787,0.36
Nord-Kivu,Nyiragongo,Goma,-1.673751,29.23236,Mont Goma,1062,0.62
Nord-Kivu,Nyiragongo,Goma,-1.642991,29.187426,Bugamba,982,0.55
Nord-Kivu,Nyiragongo,Goma,-1.662643,29.233759,Lowa,925,0.5
Nord-Kivu,Nyiragongo,Kabagana II Gr Buhumba,-1.522161,29.356016,Kabuhanga,1489,0.6
Nord-Kivu,Nyiragongo,Kabare,-1.480557,29.428333,,,
Nord-Kivu,Nyiragongo,Kabaya Gr Munigi,-1.63158,29.24,Kasenyi,757,0.46
Nord-Kivu,Nyiragongo,Kabeneti Gr Buhumba,-1.55275,29.29519,,,
Nord-Kivu,Nyiragongo,Kaguri Gr Kibati,-1.607909,29.258577,Kaguli,540,0.83
Nord-Kivu,Nyiragongo,Kalake N/A Groupement,-1.50595,29.189148,,,
Nord-Kivu,Nyiragongo,Kanyabuki N/A Groupement,-1.494836,29.277666,,,
Nord-Kivu,Nyiragongo,Kanyamahoro Gr Buhumba,-1.54293,29.302952,,,
Nord-Kivu,Nyiragongo,Kanyanja Gr Buhumba,-1.5905,29.2631,Bukanda,1904,0.53
Nord-Kivu,Nyiragongo,Kanyarushinya Gr Buvira,-1.637008,29.246586,Kasenyi,136,0.5
Nord-Kivu,Nyiragongo,Kanyatsi Gr Muja,-1.587801,29.2194,Mutaho,1201,0.14
Nord-Kivu,Nyiragongo,Kanyesheja Gr Buhumba,-1.562796,29.328133,,,
Nord-Kivu,Nyiragongo,Kanzana Gr Mudja,-1.605122,29.185736,Kahande,1925,0.57
Nord-Kivu,Nyiragongo,Kibati Gr Kibati,-1.592358,29.262648,Buhama,630,0.33
Nord-Kivu,Nyiragongo,Kibumba Gr Kibumba,-1.50446,29.3414,Rulimba,1017,0.57
Nord-Kivu,Nyiragongo,Kibumba Gr Kibumba,-1.501617,29.327953,Rulimba,914,0.57
Nord-Kivu,Nyiragongo,Kibumba Gr Kibumba,-1.501138,29.330126,Rulimba,838,0.57
Nord-Kivu,Nyiragongo,Kiguru Gr Buvira,-1.624257,29.272985,,,
Nord-Kivu,Nyiragongo,Kihisi Gr Munigi,-1.644485,29.24363,Kimbilio,1438,0.57
Nord-Kivu,Nyiragongo,Kisheshe Gr Kibati,-1.541245,29.272314,,,
Nord-Kivu,Nyiragongo,Mudja Gr Mudja,-1.609432,29.204222,Mukondo 2,121,0.43
Nord-Kivu,Nyiragongo,Mugogo dans le parc Virunga,-1.531619,29.18392,,,
Nord-Kivu,Nyiragongo,Munigi Gr Munigi,-1.631519,29.250826,Murambi,1773,0.46
Nord-Kivu,Nyiragongo,Mwaro N/A Groupement,-1.464201,29.3429,Kabindi,1752,0.25
Nord-Kivu,Nyiragongo,Ngangi II Gr Munigi,-1.633001,29.251,Ngangi 1,1885,0.82
Nord-Kivu,Nyiragongo,Nyakabinda,-1.476753,29.207659,,,
Nord-Kivu,Nyiragongo,Nyakagina Gr Kibati,-1.569759,29.24785,,,
Nord-Kivu,Nyiragongo,Nyarugero N/A Groupement,-1.529212,29.298655,,,
Nord-Kivu,Nyiragongo,Pariss,-1.384736,29.25042,,,
Nord-Kivu,Nyiragongo,Ruhunda Gr Buhumba,-1.511701,29.3246,Rulimba,1017,0.43
Nord-Kivu,Nyiragongo,Rukoko Gr Munigi,-1.6142,29.2566,Burambo,407,0.31
Nord-Kivu,Nyiragongo,Rusayu Gr Rusayu,-1.579832,29.181944,Rukorwe,368,0.31
Nord-Kivu,Nyiragongo,Rusayu IDPs Gr Rusayu,-1.599139,29.172361,Rusayo 2,1734,0.63
Nord-Kivu,Nyiragongo,Rutagara Gr Buvira,-1.622234,29.274658,,,
Nord-Kivu,Nyiragongo,Vubiro gr Buvira,-1.620461,29.278,,,
Nord-Kivu,Rutshuru,Bikenge Gr Mutanda,-0.922,29.057806,Ilangira,1471,0.4
Nord-Kivu,Rutshuru,Bikenke Gr Kisigari,-1.346566,29.491873,,,
Nord-Kivu,Rutshuru,Binja Gr Kihondo,-0.971577,29.466318,Karere,139,0.18
Nord-Kivu,Rutshuru,Binja Gr Kihondo,-1.027455,28.941828,Bitongi,562,0.5
Nord-Kivu,Rutshuru,Binyora Gr Mutanda,-0.96552,29.116776,Changoma,1800,0.4
Nord-Kivu,Rutshuru,Bipfura Gr Bukombo,-1.143001,29.1827,Musha,1678,0.33
Nord-Kivu,Rutshuru,Birambizo Gr Bukombo,-1.2,29.133333,,,
Nord-Kivu,Rutshuru,Biruma Gr Kisigari,-1.292584,29.382189,Rebero,611,0.33
Nord-Kivu,Rutshuru,Bishigiro Gr Tongo,-1.23514,29.2462,Shoko,1621,0.43
Nord-Kivu,Rutshuru,Bisoko Gr Rugari,-1.411476,29.374249,Nkiko,1927,0.55
Nord-Kivu,Rutshuru,Bitsi Gr Tongo,-1.183574,29.170193,Kanyatsi,1185,0.46
Nord-Kivu,Rutshuru,Buchuzi Gr Busanza,-1.207621,29.5209,,,
Nord-Kivu,Rutshuru,Bugina,-1.32083,29.4894,,,
Nord-Kivu,Rutshuru,Bugina Gr Bukoma,-1.075617,29.382862,,,
Nord-Kivu,Rutshuru,Bugina Gr Tongo,-1.092974,29.250868,,,
Nord-Kivu,Rutshuru,Bugusa,-1.29748,29.547407,,,
Nord-Kivu,Rutshuru,Buhambi Gr Tongo,-1.0918,29.2361,Bambo Centre,1565,0.67
Nord-Kivu,Rutshuru,Buhambira,-1.212474,29.151987,Mashiga,587,0.25
Nord-Kivu,Rutshuru,Buhondwa Gr Mutanda,-1.033778,29.115423,Mbandaka,183,0.5
Nord-Kivu,Rutshuru,Buhuka,-0.948851,29.168491,,,
Nord-Kivu,Rutshuru,Buhuri Gr Kisigari,-1.242725,29.41176,Bubahi 1,1949,0.57
Nord-Kivu,Rutshuru,Bukima,-1.378991,29.43404,Rugeshi,1372,0.31
Nord-Kivu,Rutshuru,Bukoma,-1.34389,29.359444,Bugomba,1981,0.77
Nord-Kivu,Rutshuru,Bukombo Gr Bukombo,-1.256696,29.151121,Bichori,1477,0.29
Nord-Kivu,Rutshuru,Bulambo Gr Kanyabayonga,-0.748908,29.15476,Butalongola,1311,0.44
Nord-Kivu,Rutshuru,Bumbi Gr Bukoma,-1.085011,29.3871,,,
Nord-Kivu,Rutshuru,Bunagana Gr Jomba,-1.298136,29.595787,,,
Nord-Kivu,Rutshuru,Bunobwa Gr Bishusha,-1.263284,29.094332,Budeyi,1397,0.31
Nord-Kivu,Rutshuru,Bunyangula Gr Bukoma,-1.157671,29.43122,Kimbangu,629,0.56
Nord-Kivu,Rutshuru,Buramba Gr Binza,-0.929268,29.558458,Pamba 2,812,0.57
Nord-Kivu,Rutshuru,Buranda Gr Bukombo,-1.146472,29.089464,,,
Nord-Kivu,Rutshuru,Burangiza Gr kanyabayonga,-0.722779,29.171444,Makanda,1979,0.38
Nord-Kivu,Rutshuru,Burayi,-1.20257,29.4342,Bugara,1750,0.67
Nord-Kivu,Rutshuru,Burora GR Bishusha,-1.266421,29.0895,Budeyi,1897,0.33
Nord-Kivu,Rutshuru,Busanza,-1.221533,29.596691,Bugara,1911,0.62
Nord-Kivu,Rutshuru,Busenene Gr Tongo,-1.219028,29.25036,Rushege,194,0.53
Nord-Kivu,Rutshuru,Busesa Gr Binza,-0.910557,29.4628,,,
Nord-Kivu,Rutshuru,Busesa Gr Binza,-1.050001,28.9,Mureha,1194,0.5
Nord-Kivu,Rutshuru,Bushandaba,-1.28191,29.4461,Kanzanza,1931,0.44
Nord-Kivu,Rutshuru,Bushashire Gr Tongo,-1.087235,29.287592,Escarpement,1229,0.38
Nord-Kivu,Rutshuru,Bushendo N/A Groupement,-0.933352,29.339607,,,
Nord-Kivu,Rutshuru,Bushendo N/A Groupement,-0.933334,29.333332,,,
Nord-Kivu,Rutshuru,Bushuli,-1.239471,29.2089,Burandasi,1422,0.5
Nord-Kivu,Rutshuru,Butaro,-1.2332,29.5016,Buhima,1587,0.5
Nord-Kivu,Rutshuru,Butolera Gr Kanyabayonga,-0.753921,29.196712,Kinyamuyagha,1568,0.2
Nord-Kivu,Rutshuru,Buuma Gr Kihondo,-1.0688,29.149218,Buuma 1,660,0.83
Nord-Kivu,Rutshuru,Buvunga,-1.337867,29.350008,,,
Nord-Kivu,Rutshuru,Bwironde Gr Bukoma,-1.132455,29.440668,Mbingi,1570,0.43
Nord-Kivu,Rutshuru,Bwisa Gr Ufamandu I,-1.720318,28.780745,,,
Nord-Kivu,Rutshuru,Bwiza Gr Bishusha,-1.311993,29.12563,Bukinanyana,1045,0.38
Nord-Kivu,Rutshuru,Chabafu Gr Binza,-0.954685,29.536823,Mirambi,75,0.29
Nord-Kivu,Rutshuru,Chaine de Gaza Gr Bukombo,-1.140945,29.084778,,,
Nord-Kivu,Rutshuru,Chankere,-1.283977,29.550608,,,
Nord-Kivu,Rutshuru,Chengerero Gr Jomba,-1.269087,29.551855,,,
Nord-Kivu,Rutshuru,Cheya,-1.271071,29.521265,,,
Nord-Kivu,Rutshuru,Chondo,-0.722501,29.61722,Kabinda,1718,0.31
Nord-Kivu,Rutshuru,Chumirwa Gr Bweza,-1.245691,29.42279,Buhuri 1,1850,0.38
Nord-Kivu,Rutshuru,Congo,-0.982501,29.378403,,,
Nord-Kivu,Rutshuru,Dans le PNV N/A Groupement ,-1.175709,29.395536,,,
Nord-Kivu,Rutshuru,Douanie Gr Tongo,-1.151452,29.288988,Kakuka,248,0.31
Nord-Kivu,Rutshuru,Faringa,-1.092137,29.05716,Jtn,1769,0.2
Nord-Kivu,Rutshuru,Gafuko,-1.408906,29.393822,Gakoro 1,1290,0.57
Nord-Kivu,Rutshuru,Gafumba,-1.374656,29.432016,Kanombe,698,0.43
Nord-Kivu,Rutshuru,Gasiza,-1.292406,29.486963,,,
Nord-Kivu,Rutshuru,Gigoro,-1.31739,29.54939,,,
Nord-Kivu,Rutshuru,Gisiza Gr Jomba,-1.34094,29.440802,,,
Nord-Kivu,Rutshuru,Gitwa I,-0.880923,29.5366,,,
Nord-Kivu,Rutshuru,Harama,-1.03183,29.047766,Faringa,1830,0.46
Nord-Kivu,Rutshuru,Ishasha Gr Binza,-0.736937,29.623732,Kabinda,137,0.29
Nord-Kivu,Rutshuru,Iterero Gr Bambo,-1.036657,29.225052,Katehe,1200,0.46
Nord-Kivu,Rutshuru,Kabanda Gr Mutanda,-1.286172,29.558699,,,
Nord-Kivu,Rutshuru,Kabara,-1.479373,29.413857,,,
Nord-Kivu,Rutshuru,Kabaraza,-1.010441,29.359097,,,
Nord-Kivu,Rutshuru,Kabarode,-1.09628,29.510412,Kasave,1089,0.57
Nord-Kivu,Rutshuru,Kabasanza,-1.295389,29.519777,,,
Nord-Kivu,Rutshuru,Kabasha PNV Gr Kanyabayonga,-0.735903,29.222977,,,
Nord-Kivu,Rutshuru,Kabati,-0.984615,29.108244,Kasesa Muti,1134,0.59
Nord-Kivu,Rutshuru,Kabaya Gr Kisigari,-1.343153,29.398262,Gafumba,788,0.46
Nord-Kivu,Rutshuru,Kabindi,-1.253081,29.51024,Nyabikoro,823,0.38
Nord-Kivu,Rutshuru,Kabirangiriro Gr Kihondo,-0.99721,29.010172,Ruvumu,303,0.11
Nord-Kivu,Rutshuru,Kabizo Gr Tongo,-1.168378,29.235332,Kaburindi,63,0.53
Nord-Kivu,Rutshuru,Kabugambimbi Gr Binza,-1.02604,29.57083,Kabuga,1701,0.67
Nord-Kivu,Rutshuru,Kabuhange,-0.763373,29.55166,,,
Nord-Kivu,Rutshuru,Kabuhendo Gr Binza,-0.888614,29.456944,,,
Nord-Kivu,Rutshuru,Kabuhendo Gr Mutanda,-0.915963,29.214693,Mabanga,1643,0.38
Nord-Kivu,Rutshuru,Kabumbiro Gr Binza,-0.90095,29.535547,,,
Nord-Kivu,Rutshuru,Kafumbizo,-1.172622,29.528713,Kabira 1,1828,0.47
Nord-Kivu,Rutshuru,Kafunzo,-0.690901,29.609,,,
Nord-Kivu,Rutshuru,Kagezi,-0.58333,29.60833,Kabila,1525,0.5
Nord-Kivu,Rutshuru,Kahe Gr Bishusha,-1.256693,29.089334,Kahe Coline,1970,0.53
Nord-Kivu,Rutshuru,Kahimbi,-0.783334,29.116667,,,
Nord-Kivu,Rutshuru,Kahindo Parc N/A Groupement,-1.336033,29.361685,Four A Chaux,1396,0.29
Nord-Kivu,Rutshuru,Kahongole Gr Kanyabayonga,-0.847708,29.095844,Iyobora,31,0.12
Nord-Kivu,Rutshuru,Kahumiro Gr Mutanda,-0.93203,29.244335,,,
Nord-Kivu,Rutshuru,Kahunga Gr Bukoma,-1.126112,29.395832,,,
Nord-Kivu,Rutshuru,Kakohwa Gr Kanyabayonga,-0.749232,29.152212,Butalongola,1568,0.33
Nord-Kivu,Rutshuru,Kakono Gr Bukoma,-1.066587,29.399483,,,
Nord-Kivu,Rutshuru,Kalambairo PNV N/A Groupement,-1.015806,29.241411,,,
Nord-Kivu,Rutshuru,Kalengera Gr Kisigari,-1.257187,29.396141,Kabasengo,455,0.56
Nord-Kivu,Rutshuru,Kamatembe Gr Bishusha,-1.253011,29.108036,Kala,1952,0.46
Nord-Kivu,Rutshuru,Kamodoka,-1.005101,29.068798,,,
Nord-Kivu,Rutshuru,Kanage Gr Tongo,-1.241887,29.16779,Shonyi 2,603,0.14
Nord-Kivu,Rutshuru,Kanombe Gr Kisigari,-1.394328,29.385765,Kinyambundu 1,1618,0.4
Nord-Kivu,Rutshuru,Kanyabayonga Gr Kanyabayonga,-0.700617,29.173082,Kanyamalolo,763,0.61
Nord-Kivu,Rutshuru,Kanyabuseke Gr Binza,-1.104667,29.435444,Kabingwa,891,0.42
Nord-Kivu,Rutshuru,Kanyabusoro,-1.271621,29.434406,Kanombero,646,0.6
Nord-Kivu,Rutshuru,Kanyamisango,-1.205009,29.446634,Kashwa 2,1115,0.3
Nord-Kivu,Rutshuru,Kanyamondo Gr Bukoma,-1.097284,29.436949,Katoro,1584,0.5
Nord-Kivu,Rutshuru,Kanyangiri Gr Tongo,-1.090001,29.3029,Mukiya,1741,0.38
Nord-Kivu,Rutshuru,Kanzanza Gr Mutanda,-0.997862,29.099764,,,
Nord-Kivu,Rutshuru,Kanzanza PNVI Gr Mutanda,-0.878333,29.23525,,,
Nord-Kivu,Rutshuru,Kanzenze,-1.383456,29.213589,,,
Nord-Kivu,Rutshuru,Kapfumu Gr Bukombo,-1.226511,29.1637,Shonyi 1,1658,0.0
Nord-Kivu,Rutshuru,Kapopi Gr Bukoma,-1.022288,29.333204,,,
Nord-Kivu,Rutshuru,Kara,-1.323524,29.466736,,,
Nord-Kivu,Rutshuru,Karama,-1.101787,29.393036,,,
Nord-Kivu,Rutshuru,Karambi Gr Busanza,-1.300487,29.589079,,,
Nord-Kivu,Rutshuru,Karambi Gr Busanza,-1.180625,29.555202,Buramira,1094,0.53
Nord-Kivu,Rutshuru,Kasali Gr Bambo,-1.068167,29.321693,,,
Nord-Kivu,Rutshuru,Kasave Gr Binza,-0.987581,29.53981,Central,672,0.15
Nord-Kivu,Rutshuru,Kaseke Gr Busanza,-1.14297,29.477976,,,
Nord-Kivu,Rutshuru,Kasenga Gr Binza,-0.977717,29.458975,Karere,1078,0.46
Nord-Kivu,Rutshuru,Kashavu Gr Bukombo,-1.205377,29.146284,Mashiga,849,0.57
Nord-Kivu,Rutshuru,Kasoso N/A Groupement,-0.67603,29.472155,,,
Nord-Kivu,Rutshuru,Katanda Gr Mutanda,-0.833222,29.36665,,,
Nord-Kivu,Rutshuru,Katemba,-1.183334,29.416668,,,
Nord-Kivu,Rutshuru,Katibo Gr Busanza,-1.035128,29.572628,Kabuga,883,0.5
Nord-Kivu,Rutshuru,Katolo Gr Bambo,-1.058139,29.22341,Lubango,1894,0.31
Nord-Kivu,Rutshuru,Katsuba Gr Tongo,-1.211208,29.279999,Burama,682,0.31
Nord-Kivu,Rutshuru,Katundwe Gr Busanza,-1.20036,29.43089,Kashwa 1,495,0.38
Nord-Kivu,Rutshuru,Katuunda Gr Bambo,-1.052081,29.236343,Mukondo,1429,0.4
Nord-Kivu,Rutshuru,Katwe Gr Mutanda,-0.982075,29.096624,,,
Nord-Kivu,Rutshuru,Katwiguri,-0.955,29.492,Afia,1156,0.31
Nord-Kivu,Rutshuru,Katwiguru Gr Binza,-0.95521,29.4929,Chamutundu,1902,0.42
Nord-Kivu,Rutshuru,Kaunju Gr Mutanda,-0.908712,29.051794,Kibunanwa,317,0.4
Nord-Kivu,Rutshuru,Kavumu Gr Bishusha,-1.220789,29.137611,Bukombo Muko,605,0.33
Nord-Kivu,Rutshuru,Kavumu Gr Tongo,-1.24725,29.1942,Kitwayovu,1939,0.53
Nord-Kivu,Rutshuru,Kazaroho Gr Bambo,-1.0349,29.3366,,,
Nord-Kivu,Rutshuru,Kazihiro Gr Bishusha,-1.264431,29.119228,Kashali,1152,0.4
Nord-Kivu,Rutshuru,Kazuba Gr Kisigari,-1.272758,29.424612,Kanzanza,1673,0.57
Nord-Kivu,Rutshuru,Kibanda,-1.199201,29.485697,,,
Nord-Kivu,Rutshuru,Kibaya,-1.109556,29.259974,Buhambo,1752,0.31
Nord-Kivu,Rutshuru,Kibende Gr Bukoma,-1.102209,29.388153,,,
Nord-Kivu,Rutshuru,Kibuye,-1.441101,29.342,Kabashumba,1866,0.38
Nord-Kivu,Rutshuru,Kibwe,-1.167622,29.037115,Kihira,1914,0.36
Nord-Kivu,Rutshuru,Kigaligali Gr Binza,-0.953291,29.40118,,,
Nord-Kivu,Rutshuru,Kigwene Gr Bambo,-1.103382,29.231806,Kabere,1864,0.46
Nord-Kivu,Rutshuru,Kihali,-1.133189,29.446762,Bwisha,1966,0.5
Nord-Kivu,Rutshuru,Kihito Gr Binza,-1.000081,29.504232,Makoka,1292,0.33
Nord-Kivu,Rutshuru,Kihokwe Gr Bishusha,-1.252136,29.10761,Kizimba,1453,0.29
Nord-Kivu,Rutshuru,Kihondo Gr Mbinza,-1.131969,29.568016,Kidandari,1093,0.5
Nord-Kivu,Rutshuru,Kihonga Gr Bishusha,-1.280633,29.10342,Rushavuti,1153,0.12
Nord-Kivu,Rutshuru,Kihorobo Gr Binza,-0.928517,29.589277,,,
Nord-Kivu,Rutshuru,Kikuku Gr Mutanda,-0.982367,29.042675,Kikuku Emb,1784,0.75
Nord-Kivu,Rutshuru,Kikuku Gr Mutanda,-0.975222,29.06211,Kikuku Emb,674,0.75
Nord-Kivu,Rutshuru,Kilalo Gr Bukombo,-1.231097,29.096233,Kizimba,1887,0.46
Nord-Kivu,Rutshuru,Kilama Gr Bambo,-1.05502,29.208754,,,
Nord-Kivu,Rutshuru,Kinihira Gr Bweza,-1.32383,29.49639,,,
Nord-Kivu,Rutshuru,Kinjugu Gr Bukombo,-1.218781,29.1497,Mashiga,1333,0.29
Nord-Kivu,Rutshuru,Kinoni,-1.25,29.556557,,,
Nord-Kivu,Rutshuru,Kinyabugizi,-1.254663,29.12489,Butengo,205,0.33
Nord-Kivu,Rutshuru,Kinyabwitsi Gr Kihondo,-1.030563,28.994938,Bwiza,1430,0.38
Nord-Kivu,Rutshuru,Kinyamahura,-1.326301,29.5939,,,
Nord-Kivu,Rutshuru,Kinyamuyagha,-0.756426,29.228575,,,
Nord-Kivu,Rutshuru,Kinyandoni Gr Bukoma,-1.078994,29.431133,Lusaka 2,274,0.22
Nord-Kivu,Rutshuru,Kinyankuku Gr Bukombo,-1.205449,29.08738,Nyabwichi,1696,0.32
Nord-Kivu,Rutshuru,Kinyatsi Gr Kihondo,-1.017295,29.085493,,,
Nord-Kivu,Rutshuru,Kipfulo Gr Tongo,-1.191957,29.205763,Kabingo,1022,0.43
Nord-Kivu,Rutshuru,Kise,-0.970759,29.19127,Kirima,1280,0.4
Nord-Kivu,Rutshuru,Kiseguru Gr Binza,-1.015041,29.437073,Kamkingwe Gauche,1791,0.42
Nord-Kivu,Rutshuru,Kisharo Gr Binza,-0.95399,29.5258,Kibanda 1,137,0.38
Nord-Kivu,Rutshuru,Kisingiri Gr Mutanda,-0.871987,29.15821,,,
Nord-Kivu,Rutshuru,Kisisile Gr Bukoma,-1.188741,29.4585,Fuko 2 Kisile,625,0.57
Nord-Kivu,Rutshuru,Kitagoma,-0.828819,29.631113,Nyamirama,1817,0.47
Nord-Kivu,Rutshuru,Kitanda Gr Mutanda,-0.964794,29.04075,Rushaki,1829,0.29
Nord-Kivu,Rutshuru,Kitarama,-1.261292,29.412708,Kikwaba,1608,0.53
Nord-Kivu,Rutshuru,Kitchanga Gr Bishusha,-1.250778,29.063667,Katanda,882,0.62
Nord-Kivu,Rutshuru,Kitereko Gr Mutanda,-0.965771,29.088223,,,
Nord-Kivu,Rutshuru,Kitibito Gr Kanyabayonga,-0.869972,29.166845,,,
Nord-Kivu,Rutshuru,Kitolu Gr Mutanda,-0.965479,29.110657,,,
Nord-Kivu,Rutshuru,Kitovu,-1.231249,29.445435,,,
Nord-Kivu,Rutshuru,Kitunda,-1.279753,29.168436,Luya,1597,0.36
Nord-Kivu,Rutshuru,Kitunda Gr Kihondo,-1.022918,29.067944,,,
Nord-Kivu,Rutshuru,Kiusha,-1.4036,29.5393,,,
Nord-Kivu,Rutshuru,Kivunge,-1.265752,29.412235,Ruharage,1778,0.4
Nord-Kivu,Rutshuru,Kiwanja Gr Bukoma,-1.157668,29.431221,Kinshasa,571,0.53
Nord-Kivu,Rutshuru,Kiyeye Gr Kihondo,-1.034159,29.067759,Kamodoka,1881,0.14
Nord-Kivu,Rutshuru,Kizindabo Gr Tongo,-1.096831,29.2767,Kangando,780,0.47
Nord-Kivu,Rutshuru,Kojo Gr Bukombo,-1.142151,29.205133,Kajagari,458,0.33
Nord-Kivu,Rutshuru,Kyahemba Gr Bukombo,-1.198712,29.054342,Chahemba,1051,0.75
Nord-Kivu,Rutshuru,Kyasenda Gr Mutanda,-0.887661,29.15562,,,
Nord-Kivu,Rutshuru,Lubogha Gr Bishusha,-1.265661,29.108833,Rushavuti,879,0.38
Nord-Kivu,Rutshuru,Lueshe Gr Mutanda,-0.974557,29.13861,Shule 1,1917,0.46
Nord-Kivu,Rutshuru,Luketi Gr Tongo,-1.206754,29.248257,Ruketi,598,0.83
Nord-Kivu,Rutshuru,Lulimbi,-0.514618,29.644588,,,
Nord-Kivu,Rutshuru,Lulimbi,-0.502944,29.643902,,,
Nord-Kivu,Rutshuru,Lushebere Gr Mutanda,-1.001169,29.209482,,,
Nord-Kivu,Rutshuru,Lusoha,-0.794791,29.118093,Lusogha 2,933,0.8
Nord-Kivu,Rutshuru,Luteha Gr Mutanda,-0.896727,29.164978,,,
Nord-Kivu,Rutshuru,Luve Gr Kihondo,-1.095418,29.109333,Rwanguba 1,1639,0.14
Nord-Kivu,Rutshuru,Mabenga Gr Bukoma,-1.012,29.3493,,,
Nord-Kivu,Rutshuru,Mai Ya Moto,-0.900001,29.35,,,
Nord-Kivu,Rutshuru,Makoka,-0.976172,29.530823,Majengo 4,1356,0.4
Nord-Kivu,Rutshuru,Makomalehe Gr Bukombo,-1.130779,29.175825,Kahembe,1262,0.35
Nord-Kivu,Rutshuru,Maluho Gr Bukombo,-1.21611,29.12194,Mashango,1488,0.57
Nord-Kivu,Rutshuru,Malyanga Gr Mutanda,-0.956201,29.0534,Magasin,1986,0.53
Nord-Kivu,Rutshuru,Mariba Gr Bukombo,-1.113331,29.184206,Mushabahwe,1704,0.5
Nord-Kivu,Rutshuru,Masiza ,-1.029895,28.9983,Bwiza,1642,0.55
Nord-Kivu,Rutshuru,Matebe,-1.245678,29.484858,Chankere 1,1706,0.38
Nord-Kivu,Rutshuru,Matete Gr Bambo,-1.032478,29.189693,,,
Nord-Kivu,Rutshuru,Mayi Safi Gr Kanyabayonga,-0.731496,29.221384,,,
Nord-Kivu,Rutshuru,Mburamazi,-1.111661,29.259071,Buhambo,1561,0.25
Nord-Kivu,Rutshuru,Mihika ,-1.338617,29.568647,,,
Nord-Kivu,Rutshuru,Mongo,-1.25,29.583332,Mungo,1938,0.8
Nord-Kivu,Rutshuru,Mughu Gr Bashali Mokoto,-1.122631,28.917847,Basogo,512,0.18
Nord-Kivu,Rutshuru,Mugogo Gr Busanza,-1.10435,29.522135,Majengo,1472,0.46
Nord-Kivu,Rutshuru,Mugongo,-1.047863,29.032192,Kingogo,1721,0.43
Nord-Kivu,Rutshuru,Mugora,-1.40878,29.40209,Ruhanga,72,0.46
Nord-Kivu,Rutshuru,Muhanga Gr Bukombo,-1.183334,29.15,,,
Nord-Kivu,Rutshuru,Muhimbira,-1.258688,29.47712,Bahimbavuba,1565,0.5
Nord-Kivu,Rutshuru,Mukaka Gr Bukombo,-1.145834,29.116556,,,
Nord-Kivu,Rutshuru,Muko Gr Bukombo,-1.207917,29.127333,Bukombo Muko,1433,0.5
Nord-Kivu,Rutshuru,Mukungu Gr Mutanda,-0.933496,29.085342,Lusuli,389,0.31
Nord-Kivu,Rutshuru,Mulala Gr Bukoma,-1.154058,29.39294,,,
Nord-Kivu,Rutshuru,Mulala Parc N/A Groupement,-1.131109,29.384176,,,
Nord-Kivu,Rutshuru,Mumba Gr Bukombo,-1.169748,29.1066,Mudugudu,1030,0.31
Nord-Kivu,Rutshuru,Mungote Gr Kanyabayonga,-0.754888,29.151707,Bulindi,1761,0.29
Nord-Kivu,Rutshuru,Munini,-1.210001,29.1095,Nyabwichi,1312,0.4
Nord-Kivu,Rutshuru,Muramba,-0.869463,29.597351,Kasisi,950,0.15
Nord-Kivu,Rutshuru,Murambi,-1.310326,29.529491,,,
Nord-Kivu,Rutshuru,Murambi Gr Busanza,-1.122258,29.521788,Muremeri,1845,0.67
Nord-Kivu,Rutshuru,Musayi,-1.048707,29.20108,,,
Nord-Kivu,Rutshuru,Musezero,-1.261199,29.558964,,,
Nord-Kivu,Rutshuru,Musezero Gp Busanza,-1.23856,29.5984,Musezero,182,0.59
Nord-Kivu,Rutshuru,Mushababwe Gr Bambo,-1.103043,29.202978,Maliba,1881,0.5
Nord-Kivu,Rutshuru,Mushebere Gr Bukombo,-1.147679,29.052053,Bumbasha,768,0.35
Nord-Kivu,Rutshuru,Mushikiri,-1.006501,29.1077,Ajua,1744,0.15
Nord-Kivu,Rutshuru,Mushweshwe,-1.004401,29.1268,,,
Nord-Kivu,Rutshuru,Muteresi Gr Tongo,-1.08511,29.3068,Escarpement,1381,0.21
Nord-Kivu,Rutshuru,Muti Gr Bambo,-1.093076,29.208466,Budurira,1814,0.33
Nord-Kivu,Rutshuru,Mutoha,-0.956764,29.127167,Mutanda 2,1256,0.53
Nord-Kivu,Rutshuru,Mutovu Gr Bambo,-1.100384,29.200443,Maliba,1505,0.17
Nord-Kivu,Rutshuru,Mutovu Gr Bweza,-1.318419,29.471722,,,
Nord-Kivu,Rutshuru,Mutshanga Mayi,-1.309605,29.484982,,,
Nord-Kivu,Rutshuru,Muturirwa,-1.096247,29.235317,Chuna,1954,0.29
Nord-Kivu,Rutshuru,Muumo Gr Kihondo,-1.064901,29.18586,Muliki,1353,0.36
Nord-Kivu,Rutshuru,Ndata Gr Kihondo,-1.097085,29.059916,Jtn,1142,0.25
Nord-Kivu,Rutshuru,Ndiza,-1.372433,29.563917,,,
Nord-Kivu,Rutshuru,Ngenda,-0.955543,29.123817,Mutanda 2,1648,0.4
Nord-Kivu,Rutshuru,Ngesho,-1.283333,29.116667,Rushavuti,1291,0.27
Nord-Kivu,Rutshuru,Ngiko,-1.425888,29.369602,Gikeri,1368,0.55
Nord-Kivu,Rutshuru,Ngoholo Gr Bukombo,-1.156659,29.11562,Mashango,1987,0.4
Nord-Kivu,Rutshuru,Ngugo Gr Rugari,-1.404532,29.41056,Ruhanga,1125,0.33
Nord-Kivu,Rutshuru,Nkokwe,-1.350183,29.46535,,,
Nord-Kivu,Rutshuru,Ntamugenga Gr Bweza,-1.259764,29.432705,Gahunga,1889,0.59
Nord-Kivu,Rutshuru,Nyabanira Gr Binza,-1.037036,29.45066,Kataka,989,0.4
Nord-Kivu,Rutshuru,Nyabikona Gr Bweza,-1.272836,29.470951,,,
Nord-Kivu,Rutshuru,Nyabirehe Gr Kisigari,-1.260719,29.389774,Murehe,946,0.53
Nord-Kivu,Rutshuru,Nyabitare,-0.955207,29.492899,Afia,1213,0.46
Nord-Kivu,Rutshuru,Nyabiteja Gr Kihondo,-1.069791,29.1747,Kajagata,1366,0.35
Nord-Kivu,Rutshuru,Nyagahira Gr Binza,-0.965772,29.564154,Sarambwe,400,0.35
Nord-Kivu,Rutshuru,Nyahanga Gr Kisigari,-1.213764,29.418509,Rubona,1900,0.29
Nord-Kivu,Rutshuru,Nyakakoma N/A Groupement,-0.5706,29.6025,Charmant,96,0.38
Nord-Kivu,Rutshuru,Nyamagana Gr Busanza,-1.159251,29.575663,Nyakabingo,447,0.53
Nord-Kivu,Rutshuru,Nyamagana Gr Rugari,-1.4328,29.367083,Nyarubaba,535,0.56
Nord-Kivu,Rutshuru,Nyamagori Gr Bukombo,-1.212945,29.10605,Mashango,537,0.47
Nord-Kivu,Rutshuru,Nyamitwitwi Gr Binza,-0.858049,29.472715,,,
Nord-Kivu,Rutshuru,Nyamuragiza Gr Binza,-0.88763,29.45726,,,
Nord-Kivu,Rutshuru,Nyamwisi Gr Binza,-0.85589,29.62706,,,
Nord-Kivu,Rutshuru,Nyanzale Gr Mutanda,-1.021331,29.113546,Kasalama,517,0.38
Nord-Kivu,Rutshuru,Nyarubande Gr Kihondo,-1.039402,29.000801,Mushaba,1831,0.35
Nord-Kivu,Rutshuru,Nyaruhange Gr Binza,-0.792436,29.527576,,,
Nord-Kivu,Rutshuru,Nyarukwangara Gr Busanza,-1.13631,29.5207,Nyamihuro,236,0.36
Nord-Kivu,Rutshuru,Nyasheke N/A Groupement,-1.408499,29.339998,Kinyambundu 2,1896,0.32
Nord-Kivu,Rutshuru,Nyirabiroha Gr Kihondo,-1.104083,29.044,Masha,1937,0.38
Nord-Kivu,Rutshuru,Nyundo Gr Busanza,-1.140855,29.498545,Nyamubingo,1613,0.62
Nord-Kivu,Rutshuru,Pemba Gr Tongo,-1.174601,29.208,Buhimba,272,0.5
Nord-Kivu,Rutshuru,PK 17 route Vutshumbi N/A Groupement,-0.8156,29.3534,,,
Nord-Kivu,Rutshuru,PK 3 de Rubare N/A Groupement,-1.214973,29.386105,,,
Nord-Kivu,Rutshuru,PK 9 route Kibirizi-Rwindi N/A Groupement,-0.859499,29.252983,,,
Nord-Kivu,Rutshuru,PK 9 route Tongo N/A Groupement,-1.231601,29.3179,,,
Nord-Kivu,Rutshuru,Plantation Sengi Gr Bukombo,-1.105433,29.044685,Bukama 1,1245,0.25
Nord-Kivu,Rutshuru,Pont Lukulu Gr Bukombo,-1.224988,29.098421,,,
Nord-Kivu,Rutshuru,Rubare Gr Kisigari,-1.228588,29.404991,Rubona,789,0.67
Nord-Kivu,Rutshuru,Rubeya Gr Bukombo,-1.22075,29.091827,,,
Nord-Kivu,Rutshuru,Rubona Gr Bukombo,-1.214139,29.125744,Bukombo Muko,961,0.33
Nord-Kivu,Rutshuru,Rubona Gr Jomba,-1.263397,29.545506,,,
Nord-Kivu,Rutshuru,Rugari Gr Rugari,-1.399195,29.364332,Mugwata,1605,0.46
Nord-Kivu,Rutshuru,Rugomba Gr Tongo,-1.224164,29.305233,,,
Nord-Kivu,Rutshuru,Ruhare Gr Jomba,-1.25628,29.5404,,,
Nord-Kivu,Rutshuru,Rukarara Gr Bambo,-1.073494,29.302536,Kirumba,1732,0.4
Nord-Kivu,Rutshuru,Runyoni Gr Jomba,-1.34418,29.575888,,,
Nord-Kivu,Rutshuru,Rurere Gr Bukombo,-1.206466,29.098541,Kazuba,1031,0.17
Nord-Kivu,Rutshuru,Rushaki Gr Mutanda,-0.90935,29.002487,Binyora,692,0.29
Nord-Kivu,Rutshuru,Rushari Gr Jomba,-1.319338,29.560621,,,
Nord-Kivu,Rutshuru,Rushovu Gr Tongo,-1.177068,29.297121,Runzenze,497,0.27
Nord-Kivu,Rutshuru,Rusinga Gr Kihondo,-1.068103,29.13176,,,
Nord-Kivu,Rutshuru,Rutovu Gr Bishusha,-1.312781,29.0993,Ngesho,1674,0.17
Nord-Kivu,Rutshuru,Rutshuru Gr Bukoma,-1.186904,29.44613,Kiruhura,514,0.62
Nord-Kivu,Rutshuru,Rutsiro,-1.287933,29.493755,,,
Nord-Kivu,Rutshuru,Ruvumu Gr Kisigari,-1.312141,29.457838,,,
Nord-Kivu,Rutshuru,Ruza Gr Tongo,-1.12507,29.24101,Bitura,1941,0.4
Nord-Kivu,Rutshuru,Rwamisisi Gr Binza,-0.950265,29.457487,,,
Nord-Kivu,Rutshuru,Rwaza Gr Busanza,-1.125147,29.438826,Rwassa,1432,0.73
Nord-Kivu,Rutshuru,Rwindi N/A Groupement,-0.788724,29.292568,,,
Nord-Kivu,Rutshuru,Sabinyo N/A Groupement,-1.389701,29.5894,,,
Nord-Kivu,Rutshuru,Shangi Gr Bweza,-1.321062,29.488567,,,
Nord-Kivu,Rutshuru,Tabi Gr Bishusha,-1.305859,29.092447,,,
Nord-Kivu,Rutshuru,Tanda Gr Bweza,-1.29016,29.4872,,,
Nord-Kivu,Rutshuru,Tongo Gr Tongo,-1.208492,29.278585,Colose,601,0.36
Nord-Kivu,Rutshuru,Tshanzu Gr Jomba,-1.335001,29.544443,,,
Nord-Kivu,Rutshuru,Vitshumbi Gr Kanyabayonga,-0.683334,29.383333,Isekombi,685,0.59
Nord-Kivu,Walikale,Angowa,-1.082546,27.864225,Omate Mafilo,1309,0.22
Nord-Kivu,Walikale,Bagira Gr Waloa Loanda,-1.561484,28.429956,Kalenga,29,0.46
Nord-Kivu,Walikale,Balinda Gr Kisimba,-0.838233,28.748493,,,
Nord-Kivu,Walikale,Bamunao Gr Utunda,-1.067804,28.203053,,,
Nord-Kivu,Walikale,Banankoyo Gr Kisimba,-0.866734,28.72716,,,
Nord-Kivu,Walikale,Bangi,-0.919711,27.774813,,,
Nord-Kivu,Walikale,Basombe,-1.187276,28.424225,Limangi 1,1410,0.12
Nord-Kivu,Walikale,Bese,-0.916668,28.733334,,,
Nord-Kivu,Walikale,Betheli,-1.031472,28.235722,,,
Nord-Kivu,Walikale,Bilobilo Gr Utunda,-1.316667,27.916666,Kilambo,602,0.4
Nord-Kivu,Walikale,Binakwa,-1.41667,28.05,Kinkambe,1749,0.4
Nord-Kivu,Walikale,Bireshe Gr Utunda,-0.95741,28.1724,,,
Nord-Kivu,Walikale,Bisie Gr Wassa,-1.050637,27.737083,Manoire,75,0.33
Nord-Kivu,Walikale,Biyasombe,-1.126949,28.397245,,,
Nord-Kivu,Walikale,Bubere Gr Bafuna,-1.36189,28.19633,,,
Nord-Kivu,Walikale,Bubolwa Gr Kisimba,-0.966051,28.876223,,,
Nord-Kivu,Walikale,Buhaya Gr Kisimba,-0.942495,28.791933,Bikunda,815,0.46
Nord-Kivu,Walikale,Buhimba Gr Kisimba,-0.900001,28.933332,,,
Nord-Kivu,Walikale,Bukacha,-0.98007,28.68957,Nkasa,1443,0.5
Nord-Kivu,Walikale,Bukonde Gr Ikobo,-0.702662,28.67247,,,
Nord-Kivu,Walikale,Bukumbirwa,-0.766668,28.733334,,,
Nord-Kivu,Walikale,Bulewa,-1.1709,28.6613,Mutongo,1059,0.15
Nord-Kivu,Walikale,Bulewa Gr Waloa Uroba,-1.482479,28.470121,,,
Nord-Kivu,Walikale,Bunangiri,-1.200001,28.21667,Kigoma,1803,0.13
Nord-Kivu,Walikale,Bundindane Gr Utunda,-1.008122,27.855827,,,
Nord-Kivu,Walikale,Bunyamwirimbwa Gr Waloa Loanda,-1.72566,28.60578,Tanzania,1938,0.36
Nord-Kivu,Walikale,Buoye,-1.396148,28.32052,Nsengu,1158,0.18
Nord-Kivu,Walikale,Buruko Gr Kisimba,-0.757153,28.487663,,,
Nord-Kivu,Walikale,Busakara,-0.819474,28.699703,,,
Nord-Kivu,Walikale,Bushaho,-1.316301,28.600204,Buhongole,77,0.5
Nord-Kivu,Walikale,Bushalingwa,-0.766667,29.016666,Katrisa,1900,0.22
Nord-Kivu,Walikale,Busisimula Gr Kisimba,-0.800001,28.966667,,,
Nord-Kivu,Walikale,"Carré minier ""Kaly Boing"" Gr Wassa",-1.021096,27.68163,,,
Nord-Kivu,Walikale,"carré minier ""Kasara""",-1.048751,28.163973,,,
Nord-Kivu,Walikale,"carré minier ""Kifo"" Gr Utunda",-0.658364,27.844599,,,
Nord-Kivu,Walikale,"carré minier ""QG""",-1.114069,28.083874,,,
Nord-Kivu,Walikale,Chanjikiro Gr Kisimba,-0.920051,28.866627,Bukohwa,480,0.24
Nord-Kivu,Walikale,Chanumbu,-1.314387,28.323246,,,
Nord-Kivu,Walikale,Charingwangwa Gr Utunda,-1.023855,28.214342,,,
Nord-Kivu,Walikale,D'angwetu,-1.333326,27.865147,,,
Nord-Kivu,Walikale,Hombo Gr Waloa Loanda,-1.86892,28.450792,Lwakoy,1823,0.18
Nord-Kivu,Walikale,Idambo Gr Bakano,-1.674436,28.079035,Nduma,1866,0.36
Nord-Kivu,Walikale,Ifarifari Gr Bakusu,-1.410131,28.046207,,,
Nord-Kivu,Walikale,Ikere,-1.063617,28.184235,,,
Nord-Kivu,Walikale,Ilunga Gr Banangi,-1.358444,28.007944,Kirundu,110,0.46
Nord-Kivu,Walikale,Irumba,-1.010898,28.227436,,,
Nord-Kivu,Walikale,Ishunga Gr Luberique,-1.233333,28.133333,Busao,1220,0.33
Nord-Kivu,Walikale,Itea Gr Kisimba,-0.953209,28.786938,Kiriba,1948,0.4
Nord-Kivu,Walikale,Iyoya,-1.088117,27.756483,,,
Nord-Kivu,Walikale,Kabingu Gr Kisimba,-0.726797,28.733257,,,
Nord-Kivu,Walikale,Kahalo Gr Waloa Loanda,-1.730981,28.643286,Nyakabasa,353,0.4
Nord-Kivu,Walikale,Kahande,-1.16932,28.42255,,,
Nord-Kivu,Walikale,Kailenge Gr Waloa Yungu,-1.399256,28.579382,Kaihanga,588,0.62
Nord-Kivu,Walikale,Kakoro,-1.1686,28.2068,Bunangiri,1828,0.27
Nord-Kivu,Walikale,Kakuku Gr Kisimba,-0.913448,28.658764,Kilambo,1028,0.31
Nord-Kivu,Walikale,Kalay Boeing,-0.916734,27.74271,,,
Nord-Kivu,Walikale,Kalehe,-0.633334,28.866667,,,
Nord-Kivu,Walikale,Kalenga Gr Waloa Loanda,-1.531562,28.41765,Bagira,114,0.46
Nord-Kivu,Walikale,Kaliki Gr Waloa Yungu,-1.320532,28.601622,Katobi,563,0.5
Nord-Kivu,Walikale,Kalinga Gr Kisimba,-0.919548,28.866602,Bukohwa,531,0.29
Nord-Kivu,Walikale,Kalonge Gr Ikobo,-0.768262,28.904959,Bukumbirwa,288,0.24
Nord-Kivu,Walikale,Kalonge Gr Kisimba,-1.300001,28.416666,,,
Nord-Kivu,Walikale,Karebe,-1.697974,28.280027,,,
Nord-Kivu,Walikale,Kasangano,-1.32513,27.94378,Katoto,1959,0.4
Nord-Kivu,Walikale,Kasara Gr Utunda,-1.048806,28.163889,,,
Nord-Kivu,Walikale,Kashesha,-0.991058,28.90403,,,
Nord-Kivu,Walikale,Kashunga,-1.422576,28.077887,Kangambili,1108,0.56
Nord-Kivu,Walikale,Katatwa Gr Bakano,-1.792894,28.41102,Kitwalu,1689,0.57
Nord-Kivu,Walikale,Kera,-1.077474,28.344925,Nkingwe,1081,0.36
Nord-Kivu,Walikale,Kibati Gr Luberike,-1.291979,28.61572,Bussi,639,0.18
Nord-Kivu,Walikale,Kimba Gr Ihana,-1.133333,28.55,Muna,1567,0.44
Nord-Kivu,Walikale,Kimua Gr Waloa Uroba,-1.39667,28.58194,Kimua 1,1131,0.83
Nord-Kivu,Walikale,Kinchimba Gr Utunda,-1.099836,28.244726,Mundjuli,952,0.12
Nord-Kivu,Walikale,Kiraku Gr Waloa Uroba,-1.43362,28.42614,Mera,488,0.4
Nord-Kivu,Walikale,Kiriba Gr Kisimba,-0.767456,28.5233,,,
Nord-Kivu,Walikale,Kishongya,-0.844546,28.971357,Misinga,1742,0.62
Nord-Kivu,Walikale,Kisongya,-0.76447,29.009867,Katrisa,1849,0.53
Nord-Kivu,Walikale,Kiteha,-0.986415,28.884062,Malemo,689,0.17
Nord-Kivu,Walikale,Kitshanga Gr Utunda,-0.983333,28.666668,,,
Nord-Kivu,Walikale,Kuere,-1.414554,27.905334,,,
Nord-Kivu,Walikale,Kuewe,-1.362227,28.019388,Kirundu,1450,0.33
Nord-Kivu,Walikale,Kumbwa Gr Luberike,-1.233333,28.066668,Kalali,769,0.33
Nord-Kivu,Walikale,Kyanjikiro ,-0.879388,28.937887,Chanzikiro,1075,0.7
Nord-Kivu,Walikale,Kyumba,-1.461509,28.553432,Chumba 2,152,0.57
Nord-Kivu,Walikale,Limanga Gr Waloa Loanda,-1.778268,28.51889,Kihole,1029,0.15
Nord-Kivu,Walikale,Limangi Gr Ihana,-1.216667,28.416666,Kibua,1847,0.33
Nord-Kivu,Walikale,Logu Gr Wassa,-1.267993,27.687702,Lugu,1623,0.75
Nord-Kivu,Walikale,Lubilinga,-1.31667,27.81667,,,
Nord-Kivu,Walikale,Luhola Gr Kisimba,-0.953527,28.875496,,,
Nord-Kivu,Walikale,Lukoma Gr Luberike,-1.293183,28.622833,Shoa,1740,0.4
Nord-Kivu,Walikale,Lukoya,-1.570481,28.396784,Kando,52,0.36
Nord-Kivu,Walikale,Lukoya Gr Waloa Loanda,-1.721303,28.507822,,,
Nord-Kivu,Walikale,Mabeka,-1.16667,27.56667,,,
Nord-Kivu,Walikale,Mabombi,-0.801284,28.881996,Misambo,29,0.57
Nord-Kivu,Walikale,Mabondo,-1.067727,28.203005,,,
Nord-Kivu,Walikale,Mafofoki Gr Utunda,-1.038314,28.146118,,,
Nord-Kivu,Walikale,Makaki,-1.593895,28.077042,Nyamiala,1109,0.43
Nord-Kivu,Walikale,Makoyi Gr Bafuna,-1.374244,28.15371,,,
Nord-Kivu,Walikale,Makutano,-0.418115,28.211382,,,
Nord-Kivu,Walikale,Malimingi Gr Kisimba,-0.797084,28.5085,,,
Nord-Kivu,Walikale,Mandere,-0.399748,28.200739,,,
Nord-Kivu,Walikale,Mandimu Gr Wassa,-1.427639,27.7297,,,
Nord-Kivu,Walikale,Mandjere,-1.177424,28.183174,,,
Nord-Kivu,Walikale,Mangiyo,-0.753288,28.557194,,,
Nord-Kivu,Walikale,Marangusa Gr Waloa Loanda,-1.76111,28.513605,Kauma,1755,0.29
Nord-Kivu,Walikale,Maruho,-0.832127,28.893503,,,
Nord-Kivu,Walikale,Mashuta,-0.553908,28.71448,,,
Nord-Kivu,Walikale,Matenge Gr Kisimba,-0.992631,28.938,Buronga,1241,0.29
Nord-Kivu,Walikale,Matungu Gr Utunda,-1.094705,28.238756,Mundjuli,84,0.53
Nord-Kivu,Walikale,Mayuwano Gr Waloa Loanda,-1.714579,28.375547,Nyanga,1673,0.43
Nord-Kivu,Walikale,Mera Gr Kisimba,-0.954721,28.817516,Mpety,560,0.44
Nord-Kivu,Walikale,Mianja,-1.58635,28.469334,Mianga,1338,0.83
Nord-Kivu,Walikale,Miera,-1.611576,28.134274,,,
Nord-Kivu,Walikale,Mikingiro,-0.932604,28.656528,Kakuku,50,0.13
Nord-Kivu,Walikale,Mikolo ,-1.683406,28.033337,,,
Nord-Kivu,Walikale,Mironge,-1.103621,28.29888,,,
Nord-Kivu,Walikale,Misao,-1.15,28.5,Mingote,1811,0.5
Nord-Kivu,Walikale,Misoke Gr Bapfuna,-1.444513,28.175583,,,
Nord-Kivu,Walikale,Mitisusene Gr Bana Bangi,-1.318872,28.086374,,,
Nord-Kivu,Walikale,Mole Gr Waloa Loanda,-1.600001,28.283333,Nyamimba,1625,0.17
Nord-Kivu,Walikale,Moma Gr Utunda,-1.349535,28.14287,,,
Nord-Kivu,Walikale,Mongoya,-1.586335,28.469337,Mianga,1336,0.62
Nord-Kivu,Walikale,Mpaka,-0.928148,28.838547,,,
Nord-Kivu,Walikale,Mpama Gr Ihana,-1.070833,28.35193,Nkingwe,48,0.0
Nord-Kivu,Walikale,Mpombi,-0.880356,28.903936,Ngambi,1726,0.5
Nord-Kivu,Walikale,Muchele Muchele Gr Utunda,-1.216591,27.816257,,,
Nord-Kivu,Walikale,Mugunga Gr Banyungu,-1.416001,28.726,Kaweti,871,0.15
Nord-Kivu,Walikale,Muhanga Gr Kisimba,-0.615572,28.476524,,,
Nord-Kivu,Walikale,Mukaka,-1.033333,28.666668,Mituko,1248,0.5
Nord-Kivu,Walikale,Mukohwa Gr Ikobo,-0.660166,28.910868,,,
Nord-Kivu,Walikale,Mukole Gr Kisimba,-0.958111,29.001534,,,
Nord-Kivu,Walikale,Mukondoli Gr Ikobo,-0.652573,28.704067,,,
Nord-Kivu,Walikale,Mulema,-1.045228,28.1735,,,
Nord-Kivu,Walikale,Muliri,-1.416668,28.4,Mutara,1040,0.5
Nord-Kivu,Walikale,Muna,-1.151201,28.516153,Nkimba,1742,0.4
Nord-Kivu,Walikale,Mundjuli Gr Utunda,-1.044963,28.173252,,,
Nord-Kivu,Walikale,Mungazi Gr Luberike,-1.263683,28.554192,Mutero,1519,0.31
Nord-Kivu,Walikale,Mungote,-1.416644,28.233364,,,
Nord-Kivu,Walikale,Mungwen Gr Utunda,-0.964695,27.955029,,,
Nord-Kivu,Walikale,Munzowa ,-0.597851,28.73654,,,
Nord-Kivu,Walikale,Murongya,-0.781621,29.00391,Katrisa,373,0.27
Nord-Kivu,Walikale,Muteresi ,-0.876694,28.779596,Busakara 2,58,0.22
Nord-Kivu,Walikale,Muungu,-1.101256,28.27736,,,
Nord-Kivu,Walikale,Ndofia,-1.232999,27.763641,,,
Nord-Kivu,Walikale,Ngerere,-0.799527,28.905617,Minga,499,0.33
Nord-Kivu,Walikale,Nkimba,-1.123799,28.56077,,,
Nord-Kivu,Walikale,Nkingwe,-1.179189,28.52862,,,
Nord-Kivu,Walikale,Nkobe Gr Kisimba,-0.904336,28.763723,,,
Nord-Kivu,Walikale,Nkuba,-1.733333,28.1,,,
Nord-Kivu,Walikale,Nkuku,-1.683998,28.182005,Kabunga,1727,0.17
Nord-Kivu,Walikale,Nyaferenge,-1.174536,27.881622,,,
Nord-Kivu,Walikale,Nyanzila Gr Bakano,-1.681,28.165789,Kabunga,218,0.27
Nord-Kivu,Walikale,Obaye Gr Wassa,-1.3396,27.729,Garage,249,0.36
Nord-Kivu,Walikale,Oku Gr Utunda,-0.986159,27.959347,,,
Nord-Kivu,Walikale,Oninga,-0.329581,28.1507,Butembo,597,0.15
Nord-Kivu,Walikale,Osso Gr Wassa,-1.024061,27.27252,Kilo,34,0.25
Nord-Kivu,Walikale,Otenga Gr Bakondjo,-1.636869,27.714878,,,
Nord-Kivu,Walikale,Pinga Gr Kisimba,-0.983957,28.701982,Kisangani,326,0.57
Nord-Kivu,Walikale,Rama,-0.294765,28.243204,,,
Nord-Kivu,Walikale,Robe Gr Ihana,-1.216671,28.45,,,
Nord-Kivu,Walikale,Rubonga,-1.327904,28.655506,,,
Nord-Kivu,Walikale,Rusamambo Gr Ikobo,-0.794112,29.021198,Bushimba 1,93,0.42
Nord-Kivu,Walikale,Rwenga Gr Waloa Uroba,-1.477994,28.490808,Bulewa,938,0.33
Nord-Kivu,Walikale,Shaluu Gr Waloa Loanda,-1.734908,28.632341,Chasumba,1528,0.43
Nord-Kivu,Walikale,Shario,-1.792109,28.580278,Mwanga,1822,0.17
Nord-Kivu,Walikale,Shempunu Gr Waloa Uroba,-1.430861,28.439928,Chanumbu,385,0.38
Nord-Kivu,Walikale,Tchoko,-1.696859,28.341484,Mihoke,1641,0.5
Nord-Kivu,Walikale,Titi Gr  Utunda,-1.091062,28.19847,,,
Nord-Kivu,Walikale,Tutero,-1.230901,28.0645,Shabunda,1807,0.14
Nord-Kivu,Walikale,Tweno,-1.19211,28.2314,,,
Nord-Kivu,Walikale,Walikale Gr Bakusu,-1.428677,28.071783,Kinkambe,1048,0.5
Nord-Kivu,Walikale,Wango Gr Utunda,-0.956239,28.174868,,,
Sud-Kivu,Fizi,A'Amba Gr Babungwe Nord,-3.78669,29.09347,Luamba,1254,0.73
Sud-Kivu,Fizi,Abangya Gr Basimunyaka,-3.825334,28.49011,Malingi,1140,0.43
Sud-Kivu,Fizi,Abeka Gr Babungwe Nord,-3.670818,29.075018,,,
Sud-Kivu,Fizi,Abemba,-4.30111,28.944168,Abunda,1094,0.5
Sud-Kivu,Fizi,Akangya Gr Basimukuma Sud,-4.682393,29.114195,Kahanza,102,0.57
Sud-Kivu,Fizi,Ake II Gr Babungwe Nord,-3.666667,29.15,Abenga,539,0.33
Sud-Kivu,Fizi,Ako,-4.474097,28.842417,Kakela,24,0.44
Sud-Kivu,Fizi,Akyanga Gr Balala Sud,-4.767001,28.69967,Mangala,433,0.57
Sud-Kivu,Fizi,Alelenge Gr Babungwe Sud,-4.573333,29.137222,Kabogo,376,0.29
Sud-Kivu,Fizi,Alemie Gr Obekulu,-3.991771,28.02782,Asee,1921,0.6
Sud-Kivu,Fizi,Ambwete,-4.076297,27.880726,Kasese,522,0.46
Sud-Kivu,Fizi,Asenge Gr Obekulu,-3.98519,28.07269,Katupu 3,195,0.14
Sud-Kivu,Fizi,Babengwa Gr Basimunyaka Sud,-4.009934,28.668444,,,
Sud-Kivu,Fizi,Babungwe Nord Gr Babungwe Nord,-3.78669,29.09347,Atanga,1138,0.32
Sud-Kivu,Fizi,Babungwe Sud Gr Babungwe Sud,-5.00347,28.83958,Marenge,206,0.42
Sud-Kivu,Fizi,Balala sud,-4.203861,29.04139,Katanga 7,1244,0.42
Sud-Kivu,Fizi,Baraka,-4.105441,29.09771,Matata,676,0.5
Sud-Kivu,Fizi,Baraka,-4.10237,29.09914,Matata,1048,0.5
Sud-Kivu,Fizi,Baraka,-4.091557,29.091667,Malala 2,1232,0.43
Sud-Kivu,Fizi,Baraka,-4.110701,29.09077,Matata,380,0.5
Sud-Kivu,Fizi,Baraka,-4.116981,29.08637,Matata,1134,0.5
Sud-Kivu,Fizi,Baraka,-4.11399,29.08382,Matata,1217,0.5
Sud-Kivu,Fizi,Baraka,-4.113141,29.08924,Matata,627,0.5
Sud-Kivu,Fizi,Baraka,-4.099091,29.08757,Matata,1456,0.5
Sud-Kivu,Fizi,Baraka,-4.108881,29.08834,Matata,670,0.5
Sud-Kivu,Fizi,Baraka,-4.10002,29.08657,Matata,1430,0.5
Sud-Kivu,Fizi,Baraka,-4.0948,29.08559,Matata,1979,0.5
Sud-Kivu,Fizi,Baraka,-4.10243,29.09148,Matata,935,0.5
Sud-Kivu,Fizi,Baraka,-4.102211,29.08861,Matata,1100,0.5
Sud-Kivu,Fizi,Baraka,-4.11009,29.09496,Matata,93,0.5
Sud-Kivu,Fizi,Baraka,-4.12628,29.08152,Mshimbakye 2,88,0.33
Sud-Kivu,Fizi,Baraka,-4.12458,29.09597,Matata,1589,0.5
Sud-Kivu,Fizi,Baraka,-4.124771,29.09061,Matata,1646,0.5
Sud-Kivu,Fizi,Baraka,-4.12073,29.09195,Matata,1175,0.5
Sud-Kivu,Fizi,Baraka,-4.132741,29.09158,Moma Kasaswe,978,0.33
Sud-Kivu,Fizi,Baraka,-4.1267,29.08235,Mshimbakye 2,18,0.33
Sud-Kivu,Fizi,Baraka,-4.12384,29.08654,Matata,1718,0.5
Sud-Kivu,Fizi,Baraka,-4.095311,29.09852,Matata,1745,0.5
Sud-Kivu,Fizi,Baraka,-4.09193,29.09643,Malala 1,1201,0.43
Sud-Kivu,Fizi,Baraka,-4.098701,29.097,Matata,1338,0.5
Sud-Kivu,Fizi,Baraka,-4.114862,29.091473,Matata,580,0.5
Sud-Kivu,Fizi,Baraka,-4.100402,29.093481,Matata,1114,0.5
Sud-Kivu,Fizi,Baraka,-4.03852,29.08908,Abela,119,0.36
Sud-Kivu,Fizi,Baraka,-4.0495,29.0877,Abela,1158,0.36
Sud-Kivu,Fizi,Baraka,-4.09127,29.08926,Malala 2,1222,0.43
Sud-Kivu,Fizi,Baraka,-4.057271,29.08747,Malela,748,0.33
Sud-Kivu,Fizi,Baraka,-4.0834,29.0893,Macampagne,1781,0.38
Sud-Kivu,Fizi,Baraka,-4.200891,29.046486,Katanga 7,722,0.27
Sud-Kivu,Fizi,Baraka,-4.19626,29.05154,Katanga 4,133,0.27
Sud-Kivu,Fizi,Baraka,-4.209321,29.09288,Bikumbu,353,0.31
Sud-Kivu,Fizi,Baraka,-4.196691,29.0474,Katanga 7,246,0.27
Sud-Kivu,Fizi,Baraka,-4.161651,29.06601,Kakomba,116,0.31
Sud-Kivu,Fizi,Baraka,-4.18675,29.05578,Katanga 2,289,0.27
Sud-Kivu,Fizi,Baraka,-4.14808,29.07269,Kimanga,603,0.31
Sud-Kivu,Fizi,Baraka,-4.1856,29.05208,Katanga 5,140,0.27
Sud-Kivu,Fizi,Baraka,-4.190471,29.05321,Katanga 3,332,0.27
Sud-Kivu,Fizi,Baraka,-4.15333,29.07135,Kimanga,231,0.31
Sud-Kivu,Fizi,Baraka,-4.19024,29.04748,Katangavi,192,0.27
Sud-Kivu,Fizi,Baraka,-4.13292,29.07944,Mshimbakye 2,755,0.33
Sud-Kivu,Fizi,Baraka,-4.170351,29.0602,Mukangi,288,0.31
Sud-Kivu,Fizi,Baraka,-4.144101,29.0835,Mshimbakye 2,1940,0.33
Sud-Kivu,Fizi,Baraka,-4.1386,29.0873,Mshimbakye 2,1439,0.33
Sud-Kivu,Fizi,Baraka,-4.1488,29.0805,Kimanga,940,0.31
Sud-Kivu,Fizi,Baraka,-4.13692,29.07866,Mshimbakye 2,1201,0.33
Sud-Kivu,Fizi,Baraka,-4.19171,29.05092,Katangavi,234,0.27
Sud-Kivu,Fizi,Baraka,-4.182661,29.05781,Mukangi,1632,0.31
Sud-Kivu,Fizi,Basikalangwa Gr Basikalangwa,-4.79694,29.09444,Katungulu,1069,0.38
Sud-Kivu,Fizi,Basikaunga,-4.18425,28.285,,,
Sud-Kivu,Fizi,Basilusambya,-3.97261,27.99222,Masanze,296,0.32
Sud-Kivu,Fizi,Basimimbi Gr Basimimbi,-4.133334,28.133333,Takalama,485,0.24
Sud-Kivu,Fizi,Basimukindje Gr Basimukindje,-4.059418,29.087444,Basimombo,1712,0.48
Sud-Kivu,Fizi,Basimukuma sud,-4.243639,29.050861,Katalukulu,1967,0.42
Sud-Kivu,Fizi,Basimuniaka,-3.948658,29.108402,Buko,37,0.4
Sud-Kivu,Fizi,Basimunyaka Sud Gr Basimunyaka Sud,-4.410719,28.66405,Kahango 1,1381,0.25
Sud-Kivu,Fizi,Bibizi Gr Basimimbi,-3.943802,28.051727,,,
Sud-Kivu,Fizi,Bibokoboko 1,-4.029695,28.991833,Bikirikiri 1,1697,0.5
Sud-Kivu,Fizi,Bibokoboko Gr Basimukindje,-4.029695,28.991833,Bikirikiri 1,1697,0.36
Sud-Kivu,Fizi,Bigaragara Gr Basimunyaka Sud,-4.040801,28.7394,,,
Sud-Kivu,Fizi,Bijabwe Gr Balala Nord,-3.68332,28.95044,,,
Sud-Kivu,Fizi,Bimbili Gr Obekulu,-3.953362,27.981611,Kifuko,17,0.15
Sud-Kivu,Fizi,Bisikika,-4.25942,28.891138,Lulingi 2,87,0.24
Sud-Kivu,Fizi,Buku Gr Basimunyaka Nord,-3.956014,29.108253,Buko,813,0.75
Sud-Kivu,Fizi,Bulembo Gr Basikalangwa,-4.418658,28.95787,,,
Sud-Kivu,Fizi,Buma Gr Babwari,-4.450928,29.19441,,,
Sud-Kivu,Fizi,Butale Gr Basikasilu,-4.797036,28.711939,Kikumba 1,602,0.27
Sud-Kivu,Fizi,"carré minier ""Zunguluke"" Gr Babungwe Sud",-5.008856,28.862616,Ngobongobo,1040,0.12
Sud-Kivu,Fizi,Chonwe Gr Basimukuma Nord,-3.88636,29.09994,Achoma,262,0.5
Sud-Kivu,Fizi,Dine Gr Babwari,-4.100116,29.243534,Kalongwe,1811,0.33
Sud-Kivu,Fizi,Ebimbo Gr Basimimbi,-4.072759,27.90568,Sanga 1 Kibimbo,1507,0.48
Sud-Kivu,Fizi,Echala,-4.726478,29.108868,Kichala,1891,0.77
Sud-Kivu,Fizi,Echibe Gr Basimukuma Sud,-4.240601,28.9909,Mukinja,1843,0.15
Sud-Kivu,Fizi,Ecibe Gr Basimukuma Sud,-4.0948,29.08559,Aebaz 2,1552,0.33
Sud-Kivu,Fizi,Ekengya Gr Babwari,-4.309031,29.04192,Ateka,1859,0.5
Sud-Kivu,Fizi,Elambe Gr Babungwe Nord,-3.598701,29.1436,Mitambo,1987,0.46
Sud-Kivu,Fizi,Elambi,-3.769959,28.831942,,,
Sud-Kivu,Fizi,Elombe,-3.831889,29.071203,,,
Sud-Kivu,Fizi,Fizi Gr Batombwe,-4.300441,28.94292,Misufi,1742,0.4
Sud-Kivu,Fizi,Homa/Ngoma,-3.767654,28.80435,Buhoro,1675,0.38
Sud-Kivu,Fizi,Hona Gr Babwari,-4.39595,29.2081,,,
Sud-Kivu,Fizi,Ibua,-3.645,29.075832,Auba,1602,0.5
Sud-Kivu,Fizi,Ilambo Gr Babungwe Sud,-5.018417,28.862305,Ngobongobo,26,0.25
Sud-Kivu,Fizi,Ilila,-3.72565,29.11415,Alole,186,0.4
Sud-Kivu,Fizi,Irumba Gr Basimuniaka Sud,-4.09258,28.473347,,,
Sud-Kivu,Fizi,Isee,-4.657588,28.757586,Ngandjabilima,1158,0.12
Sud-Kivu,Fizi,Itabiro,-3.650556,29.149721,Iyuwa,1221,0.33
Sud-Kivu,Fizi,Kabandja Gr Babungwe Sud,-4.416667,29.083332,,,
Sud-Kivu,Fizi,Kabara Gr Balala Nord,-3.643055,28.729168,,,
Sud-Kivu,Fizi,Kabembwe Gr Basimukuma Nord,-3.87668,29.0214,Ahese,1670,0.46
Sud-Kivu,Fizi,Kabumbe Gr Babungwe Nord,-3.720057,29.117104,Asombo,198,0.46
Sud-Kivu,Fizi,Kabuzibuzi Gr Basikasongo,-4.130176,28.114542,Takalama,1926,0.22
Sud-Kivu,Fizi,Kachemba Gr Basikasilu,-4.696081,28.64639,Lungomangoma,1719,0.3
Sud-Kivu,Fizi,Kachungwe,-4.180943,29.058899,Mukangi,1415,0.5
Sud-Kivu,Fizi,Kagembe Gr Basombo,-4.205116,28.345875,,,
Sud-Kivu,Fizi,Kahanga,-3.781816,29.098345,Atanga,924,0.77
Sud-Kivu,Fizi,Kahata Gr Basimimbi,-4.064501,28.020016,Kabiluga,853,0.43
Sud-Kivu,Fizi,Kahwela Gr Basimunyaka Sud,-3.924046,28.500368,,,
Sud-Kivu,Fizi,Kahwera Gr Basimunyaka Sud,-3.869631,28.69971,Methodiste,1936,0.24
Sud-Kivu,Fizi,Kakamana,-4.828611,28.994167,,,
Sud-Kivu,Fizi,Kakangara Gr Basimunyaka Sud,-4.002168,28.748957,Kakangala 1,742,0.8
Sud-Kivu,Fizi,Kakela Gr Babungwe Sud ,-4.514269,28.815054,,,
Sud-Kivu,Fizi,Kakomba Gr Balala Sud,-3.911944,28.924723,,,
Sud-Kivu,Fizi,Kakuku Gr Basimunyaka Nord,-3.944598,28.989397,,,
Sud-Kivu,Fizi,Kalamba,-4.516111,29.202223,Mwanzalulu 2,536,0.21
Sud-Kivu,Fizi,Kalebecha Gr Basombo,-4.18665,28.3007,Munachi,1597,0.38
Sud-Kivu,Fizi,Kalilenge Gr Basikalangwa,-4.501472,29.083408,,,
Sud-Kivu,Fizi,Kalinga Gr Basimukindje,-4.099611,29.09339,Kalinga Sud,1114,0.78
Sud-Kivu,Fizi,Kalingi,-4.169939,28.947506,Malicha,1006,0.43
Sud-Kivu,Fizi,Kalisha Gr Babwari,-4.063921,29.2471,,,
Sud-Kivu,Fizi,Kalole Gr Babwari,-4.105392,29.215897,Mseke,1341,0.36
Sud-Kivu,Fizi,Kalongwe,-4.10456,29.08394,Kalinga Sud,596,0.53
Sud-Kivu,Fizi,Kalumba Gr Basimukuma Sud,-4.060833,28.820833,,,
Sud-Kivu,Fizi,Kamombo Gr Balala Nord,-3.740279,28.80139,Kitasha 1,235,0.25
Sud-Kivu,Fizi,Kanihura Gr Balala Nord,-3.707756,28.824352,,,
Sud-Kivu,Fizi,Karamba Gr Babwari,-4.520669,29.207579,Mwanzalulu 2,576,0.21
Sud-Kivu,Fizi,Karunga Gr Balala Nord,-3.644108,28.857107,,,
Sud-Kivu,Fizi,Kasekezi Gr Babungwe Nord,-3.604917,29.127861,Abuko,381,0.15
Sud-Kivu,Fizi,Kasolelo Gr Basimimbi,-3.952581,28.218325,,,
Sud-Kivu,Fizi,Katanga Gr Balala,-4.1807,29.02921,,,
Sud-Kivu,Fizi,Katembo,-3.969445,28.913334,,,
Sud-Kivu,Fizi,Katemo Gr Basikasilu,-4.691278,28.651192,Lekesha,676,0.31
Sud-Kivu,Fizi,Katete,-4.48216,29.201635,Katoy,1491,0.55
Sud-Kivu,Fizi,Katuba Gr Basikasilu,-4.773229,28.728477,,,
Sud-Kivu,Fizi,Katuku,-4.026731,27.99208,Kituyka,1665,0.31
Sud-Kivu,Fizi,Katupu-Bakangala Gr Basimimbi,-3.951051,28.08702,Katupu 1,676,0.58
Sud-Kivu,Fizi,Kavumbwe,-4.626112,29.108334,Kaela,528,0.46
Sud-Kivu,Fizi,Kawhera Gr Basimunyaka Sud,-4.411214,28.672121,Kahango 1,659,0.5
Sud-Kivu,Fizi,Kazaroho Gr Babwari,-4.450501,29.163889,,,
Sud-Kivu,Fizi,Kazima,-4.57333,29.13722,Katonji,1998,0.46
Sud-Kivu,Fizi,Kazimia Gr Basikalangwa,-4.573333,29.137222,Katonji,1998,0.43
Sud-Kivu,Fizi,Kenya Gr Babungwe Nord,-3.82338,29.115425,Kenya Marke,1040,0.62
Sud-Kivu,Fizi,Kenya Gr Balala Nord,-3.645139,28.794527,,,
Sud-Kivu,Fizi,Kibanga Gr Babwari,-4.498611,29.160555,Buma Kirewani,1412,0.4
Sud-Kivu,Fizi,Kibili Gr Basimimbi,-3.983334,28.1,,,
Sud-Kivu,Fizi,Kibimbo,-3.966973,27.995445,Masanze,817,0.14
Sud-Kivu,Fizi,Kihingizi Gr Babungwe Sud,-4.847131,29.107037,Kilondo,1702,0.38
Sud-Kivu,Fizi,Kihungwe Gr Basimimbi,-4.066668,28.166668,Ahundo,1720,0.43
Sud-Kivu,Fizi,Kikonde Gr Basikalangwa,-4.475781,28.995,Milanga,403,0.29
Sud-Kivu,Fizi,Kilicha I Gr Babungwe Sud,-4.42579,28.782324,Atuula,1367,0.27
Sud-Kivu,Fizi,Kilingi Gr Basikalangwa,-4.716661,29.1,Kichala,1446,0.43
Sud-Kivu,Fizi,Kiluwe Gr Basikalangwa,-4.357512,28.81018,Makunga,78,0.31
Sud-Kivu,Fizi,Kimanga,-4.183333,28.333332,,,
Sud-Kivu,Fizi,Kiniekele,-4.061254,29.078798,Malela,499,0.27
Sud-Kivu,Fizi,Kinyokwe Gr Basimunyaka Sud,-4.087264,28.722837,Mangonjeo,1659,0.35
Sud-Kivu,Fizi,Kipimo Ashilo Gr Basikasilu,-4.517591,28.6219,,,
Sud-Kivu,Fizi,Kipupu Gr Balala Nord,-3.750875,28.81665,Kitasha 1,1895,0.27
Sud-Kivu,Fizi,Kiringi Gr Babungwe Nord,-3.569388,29.12047,,,
Sud-Kivu,Fizi,Kisombe Gr Basimunyaka Sud,-3.944629,28.429401,,,
Sud-Kivu,Fizi,Kitabika Gr Obekulu,-3.959472,27.999166,Masanze,1708,0.27
Sud-Kivu,Fizi,Kitasha Gr Balala Nord,-3.740083,28.773817,Mikalati 1,1467,0.24
Sud-Kivu,Fizi,Kitumba Gr Basikalangwa,-4.24003,28.6553,,,
Sud-Kivu,Fizi,Kitumba Gr Basimunyaka Sud,-4.223366,28.688803,,,
Sud-Kivu,Fizi,Kitupu,-4.09083,29.0875,Kalinga Nord,251,0.22
Sud-Kivu,Fizi,Kivumu Gr Basimunyaka Sud,-3.910831,28.69775,Kiziba,1865,0.33
Sud-Kivu,Fizi,Kizolwe Gr Babungwe Sud,-4.933333,28.866667,,,
Sud-Kivu,Fizi,Kizozi,-4.776112,29.095556,Atuma,488,0.0
Sud-Kivu,Fizi,Kongolo Gr Babwari,-4.312807,29.173529,Katenga 1,1899,0.38
Sud-Kivu,Fizi,Kota Mabanga Gr Babungwe Sud,-4.647348,28.738174,,,
Sud-Kivu,Fizi,Kundu Gr Basimukuma Sud,-4.272403,28.929626,Kundu 1,895,0.83
Sud-Kivu,Fizi,Kwamulima Gr Basimukuma Sud,-3.973835,28.873058,Mlembe 1,237,0.35
Sud-Kivu,Fizi,Lubichako Gr Babungwe Sud,-4.86233,28.75347,Luvungi,181,0.38
Sud-Kivu,Fizi,Lubichako Gr Basikasilu,-4.85521,28.74302,Luvungi,1577,0.38
Sud-Kivu,Fizi,Lubinga Gr Basikasilu,-4.663001,28.74922,Lubondja,1891,0.67
Sud-Kivu,Fizi,Luhemba Gr Basimunyaka Sud,-3.93392,28.68178,,,
Sud-Kivu,Fizi,Lukinga,-4.597932,28.788078,,,
Sud-Kivu,Fizi,Lukolo Gr Babungwe Sud,-4.915833,28.770126,Tulonge 3,74,0.4
Sud-Kivu,Fizi,Lukunda Gr Basimunyaka Sud,-3.912641,28.6048,Malunde,1829,0.57
Sud-Kivu,Fizi,Lulambwe Gr Babungwe Nord,-3.683557,29.015472,,,
Sud-Kivu,Fizi,Lulimba Gr Basikasilu,-4.6747,28.6607,Lungomangoma,1173,0.42
Sud-Kivu,Fizi,Lumbwe,-4.283333,28.4,,,
Sud-Kivu,Fizi,Lusambo Gr Babungwe Nord,-3.678444,29.138634,Abeka,999,0.33
Sud-Kivu,Fizi,Lusenda Gr Balala Nord,-3.886361,29.09994,Lulinda,1339,0.71
Sud-Kivu,Fizi,Lutulo Gr Babungwe Sud,-4.805278,28.883888,,,
Sud-Kivu,Fizi,Lwelela Gr Balala Nord,-3.745792,28.759449,,,
Sud-Kivu,Fizi,Lwende Gr Basimukindji,-4.096622,28.939583,Alungwa,1127,0.31
Sud-Kivu,Fizi,Lwiko Gr Basimunyaka Sud,-4.022251,28.72244,Nyawalimba,274,0.27
Sud-Kivu,Fizi,Madegu Gr Basimunyaka Sud,-3.941201,28.729212,Minembwe Centre,184,0.29
Sud-Kivu,Fizi,Magembe Gr Basimimbi,-4.0,28.116667,,,
Sud-Kivu,Fizi,Magunga,-4.514018,28.9047,,,
Sud-Kivu,Fizi,Mai ya Moto Fizi,-4.298025,28.892105,,,
Sud-Kivu,Fizi,Maindombe Gr Basombo,-4.15395,28.151056,Bakomba,1440,0.5
Sud-Kivu,Fizi,Makama Gr Babwari,-4.305923,29.15664,Kakazi,1016,0.5
Sud-Kivu,Fizi,Makobola Gr Babungwe Nord,-3.553474,29.1476,Mitambo,1718,0.53
Sud-Kivu,Fizi,Makobola Gr Babungwe Nord,-3.552094,29.163261,Kalomo Kamba,1395,0.4
Sud-Kivu,Fizi,Makola Gr Basimimbi,-4.059357,28.062546,,,
Sud-Kivu,Fizi,Makombo Gr Basikasongo,-3.993279,28.021584,Nambala,847,0.43
Sud-Kivu,Fizi,Malera Gr Basimukindje,-4.030001,29.0624,Malela,660,0.83
Sud-Kivu,Fizi,Malinde Gr Basimukuma Sud,-4.258501,28.9849,Kalongwe,881,0.53
Sud-Kivu,Fizi,Malingi Gr Basimunyaka,-3.85438,28.4792,Belechi,1341,0.29
Sud-Kivu,Fizi,Mandje,-4.95,28.783333,,,
Sud-Kivu,Fizi,Masha Gr Basimunyaka Sud,-3.95781,28.68283,,,
Sud-Kivu,Fizi,Mayimoto Gr Basimimbi,-4.07328,27.86833,Mwitilwa,930,0.25
Sud-Kivu,Fizi,Mbuma Gr Babwari,-4.474676,29.212706,Kahambi 1,38,0.29
Sud-Kivu,Fizi,Milimba Gr Basikalangwa,-4.181273,28.718872,Kyabimba,1514,0.53
Sud-Kivu,Fizi,Mimbililo Gr Basimimbi,-3.953286,28.434864,,,
Sud-Kivu,Fizi,Mimbilo Gr Basimunyaka Sud,-3.928952,28.414549,,,
Sud-Kivu,Fizi,Misisi Gr Basikasilu,-4.767001,28.69967,Msale,975,0.36
Sud-Kivu,Fizi,Mkyobwe Gr Basimukuma Sud,-4.205995,28.957258,,,
Sud-Kivu,Fizi,Monyi Gr Basimunyaka Sud,-3.981745,28.522043,Misanya,1905,0.5
Sud-Kivu,Fizi,Mubindi Gr Basikalangwa,-4.3085,28.397085,,,
Sud-Kivu,Fizi,Mugorore,-3.95045,29.000423,,,
Sud-Kivu,Fizi,Muhemba,-4.95,28.8,,,
Sud-Kivu,Fizi,Mukandama,-3.974,27.99,Masanze,267,0.38
Sud-Kivu,Fizi,Mukuku Gr Bamuguba Nord,-4.127821,29.09822,Mau,1635,0.44
Sud-Kivu,Fizi,Mukulusangwa/Kahata Gr Basimimbi,-4.085279,27.958055,Mukulusangwa,1348,0.77
Sud-Kivu,Fizi,Mukungandalo Gr Basikalangwa,-4.374834,28.586805,Namukala,1150,0.5
Sud-Kivu,Fizi,Mukwezi Gr Babungwe Nord,-3.720891,29.11633,Ebole,513,0.17
Sud-Kivu,Fizi,Mulima Gr Basilotsha,-3.981401,28.8707,M'Meta,1396,0.55
Sud-Kivu,Fizi,Mulima Gr Basimukuma Sud,-4.14,28.88,Mukera 2,1439,0.43
Sud-Kivu,Fizi,Muliza,-3.984469,28.669945,,,
Sud-Kivu,Fizi,Munene Gr Babungwe Nord,-3.622628,29.187866,,,
Sud-Kivu,Fizi,Musika Gr Basimunyaka Sud,-4.216838,28.89776,,,
Sud-Kivu,Fizi,Musochi Gr Basikasilu,-4.692049,28.639347,Lulonga,895,0.29
Sud-Kivu,Fizi,Mutambala,-4.20625,29.040052,Malinde,184,0.38
Sud-Kivu,Fizi,Mutupeke Gr Basikalangwa,-4.374606,28.699812,Murambi,1840,0.27
Sud-Kivu,Fizi,Mweci Gr Basimukuma Nord ,-3.83286,29.0955,Elumbe,565,0.36
Sud-Kivu,Fizi,Mwijombo Gr Babwari,-4.25131,29.2188,,,
Sud-Kivu,Fizi,Namara Gr Balala Nord,-3.757237,28.828897,,,
Sud-Kivu,Fizi,Namukala Gr Basikalangwa,-4.39023,28.504028,,,
Sud-Kivu,Fizi,Namutungulu Gr Basikalangwa,-4.367351,28.965466,,,
Sud-Kivu,Fizi,Natulonge Gr Basimunyaka Sud,-4.07007,28.733196,Bagorora,1063,0.24
Sud-Kivu,Fizi,Ngomba,-4.35,29.066668,Asa'A,1606,0.2
Sud-Kivu,Fizi,Nguma Gr Basikalangwa,-4.701023,29.106335,Kichala,1082,0.17
Sud-Kivu,Fizi,Ngusu,-4.203501,28.31194,Kakunga,24,0.33
Sud-Kivu,Fizi,Nyarusanze Gr Balala Nord,-3.63548,28.8077,,,
Sud-Kivu,Fizi,Ona,-4.973721,29.11292,Kaoma,1074,0.5
Sud-Kivu,Fizi,Pemba Gr Babungwe Nord,-3.610564,29.14839,Rubangwa,1640,0.31
Sud-Kivu,Fizi,Ruhemba Gr Basimunyaka Sud,-3.93392,28.68178,,,
Sud-Kivu,Fizi,Rusankuku Gr Balala Nord,-3.68889,28.898062,,,
Sud-Kivu,Fizi,Rutigita Gr Basimunyaka Sud,-3.98999,28.682669,Irumba 2,885,0.38
Sud-Kivu,Fizi,Sanga Gr Basimimbi,-4.086112,27.876667,Kabala,1879,0.36
Sud-Kivu,Fizi,Sangani Gr Balala Nord,-3.694903,28.82979,,,
Sud-Kivu,Fizi,Sangya Gr Basimukuma Nord,-3.881391,29.09556,Katungulu 1,310,0.35
Sud-Kivu,Fizi,Sanza Gr Basimukuma Nord,-3.855581,29.09328,Atunga,1592,0.55
Sud-Kivu,Fizi,Sombwe Gr Babwari,-4.377172,29.152742,Bongela,1428,0.31
Sud-Kivu,Fizi,Swima Gr Babungwe Nord,-3.666667,29.15,Iyuwa,871,0.4
Sud-Kivu,Fizi,Talama Gr Babungwe Sud,-4.973721,29.11292,Kaoma,1074,0.55
Sud-Kivu,Fizi,Tchakira Gr Balala Nord,-3.615576,28.825127,,,
Sud-Kivu,Fizi,Timbyangoma  Gr Basimukuma,-3.940038,28.73713,Nyabibugo,1489,0.4
Sud-Kivu,Fizi,Tobondo Gr Basimunyaka Nord,-3.943527,29.023777,,,
Sud-Kivu,Fizi,Tubuke,-3.927005,28.960138,Akuku,2,0.36
Sud-Kivu,Fizi,Tujenge Gr Basimukindje,-4.076008,29.025665,,,
Sud-Kivu,Fizi,Tukolo Gr Basikalangwa,-4.35542,28.940264,Kasandjala,1761,0.25
Sud-Kivu,Fizi,Tukutuku,-4.5368,28.7932,Koke,25,0.33
Sud-Kivu,Fizi,Tulungu Gr Basikasingo,-4.057251,28.022888,Kabiluga,276,0.4
Sud-Kivu,Fizi,Tusilembo,-3.966667,28.0,Masanze,1264,0.25
Sud-Kivu,Fizi,Wacwabile Gr Basikalangwa,-4.259376,28.843357,,,
Sud-Kivu,Fizi,Yungu Gr Babungwe Sud,-4.843984,29.126265,,,
Sud-Kivu,Idjwi,Bikoke,-2.204259,29.04514,Kimomo,1188,0.33
Sud-Kivu,Idjwi,Chasi Gr Mpene,-2.16992,29.037605,Muhyahya,608,0.31
Sud-Kivu,Idjwi,Idjwi,-1.983251,29.047,Bushusha,517,0.0
Sud-Kivu,Idjwi,Kamole,-2.009328,29.056929,Muganzo,322,0.31
Sud-Kivu,Idjwi,Kashofu Gr Mpene,-2.225814,29.024632,Kashara,1899,0.57
Sud-Kivu,Idjwi,Katonda Gr Bugarula,-1.999054,29.052374,Muganzo,976,0.29
Sud-Kivu,Idjwi,Monvu Gr Mpene,-2.187876,28.996351,Nkonde,1089,0.36
Sud-Kivu,Idjwi,Mpene Gr Mpene,-2.18614,28.993082,Nkonde,1421,0.18
Sud-Kivu,Idjwi,Muhumba Gr Nyakalengwa,-2.269554,29.059635,Buhagwa,1749,0.43
Sud-Kivu,Idjwi,Nyakalengwa Gr Nyakalengwa,-2.24139,29.02806,Kimalamungo,1713,0.45
Sud-Kivu,Kabare,Amsar Gr Kagabi,-2.383333,28.783333,Kaburha,1577,0.33
Sud-Kivu,Kabare,Basimwenda,-2.580041,28.811201,Nyamwandalirhwa,1330,0.48
Sud-Kivu,Kabare,Birava Gr Lugendo,-2.349041,28.89343,Bidabanga,439,0.53
Sud-Kivu,Kabare,Bitara,-2.490557,28.546667,Buhira,839,0.67
Sud-Kivu,Kabare,Bugambwa,-2.331511,28.82213,Bushumba Centre,594,0.62
Sud-Kivu,Kabare,Bugobe Gr Bugobe,-2.527761,28.75157,Bugoge Centre,618,0.83
Sud-Kivu,Kabare,Bugorhe,-2.251801,28.81539,Kabuga,175,0.46
Sud-Kivu,Kabare,Bugulumiza Gr Miti,-2.30875,28.76451,Buyungule,1156,0.53
Sud-Kivu,Kabare,Buhimba Gr Mudusa,-2.534779,28.82589,Lugusha,825,0.43
Sud-Kivu,Kabare,Buhozi Gr Mudusa,-2.559627,28.866028,Burhendezi,931,0.62
Sud-Kivu,Kabare,Bukarakara Gr Luhago,-2.663209,28.391825,Matale,1205,0.25
Sud-Kivu,Kabare,Bukavu,-2.5,28.866667,Kasavubu,1792,0.57
Sud-Kivu,Kabare,Bukavu,-2.4901,28.8345,Mukava,1372,0.67
Sud-Kivu,Kabare,Bukavu,-2.50044,28.85185,Kasavubu,1952,0.57
Sud-Kivu,Kabare,Bukavu,-2.53283,28.85276,Rukumbuka,1854,0.53
Sud-Kivu,Kabare,Bukavu,-2.51031,28.82902,Lukoma,1533,0.5
Sud-Kivu,Kabare,Bukavu,-2.504581,28.82874,Mukava,1796,0.67
Sud-Kivu,Kabare,Bukavu,-2.51629,28.84499,Rukumbuka,377,0.53
Sud-Kivu,Kabare,Bukavu,-2.523731,28.83462,Rukumbuka,1711,0.53
Sud-Kivu,Kabare,Bukavu,-2.51457,28.83872,Rukumbuka,1097,0.53
Sud-Kivu,Kabare,Bukavu,-2.508111,28.83316,Busukira,1926,0.57
Sud-Kivu,Kabare,Bukavu,-2.51311,28.84847,Rukumbuka,405,0.53
Sud-Kivu,Kabare,Bukavu,-2.470191,28.82971,Mukaba,1394,0.5
Sud-Kivu,Kabare,Bukavu,-2.522011,28.850048,Rukumbuka,614,0.53
Sud-Kivu,Kabare,Bukavu,-2.478301,28.8327,Mukava,1737,0.67
Sud-Kivu,Kabare,Bukavu,-2.48593,28.81699,Mukava,719,0.67
Sud-Kivu,Kabare,Bukavu,-2.500731,28.86257,Kasavubu,1751,0.57
Sud-Kivu,Kabare,Bukavu,-2.4901,28.84775,Kasavubu,1515,0.57
Sud-Kivu,Kabare,Bukavu,-2.5036,28.84225,Busukira,1816,0.57
Sud-Kivu,Kabare,Bukavu,-2.477781,28.82258,Mukava,1341,0.67
Sud-Kivu,Kabare,Bukavu,-2.499501,28.87952,Kahuzi,1114,0.5
Sud-Kivu,Kabare,Bukavu,-2.51611,28.85427,Rukumbuka,662,0.53
Sud-Kivu,Kabare,Bukavu,-2.543721,28.86754,Kaya,1766,0.4
Sud-Kivu,Kabare,Buloho,-2.229334,28.834743,Lulonge,485,0.46
Sud-Kivu,Kabare,Bushwira Gr Bushwira,-2.44139,28.732779,,,
Sud-Kivu,Kabare,Butorangwe,-2.3,28.95,Cirunga Burhalange,1039,0.5
Sud-Kivu,Kabare,Bwirembe Gr Bushwira,-2.44139,28.732779,,,
Sud-Kivu,Kabare,Ceya,-2.245796,28.889502,Candjo,1234,0.4
Sud-Kivu,Kabare,Chaminyagu Gr Mulamba,-2.678382,28.489641,Chanderema,870,0.5
Sud-Kivu,Kabare,Chamwami,-2.494784,28.772417,Camahamba,670,0.59
Sud-Kivu,Kabare,Chanderema,-2.621558,28.499252,Irega,1474,0.4
Sud-Kivu,Kabare,Chijo,-2.473369,28.774576,Cidjo,1425,0.8
Sud-Kivu,Kabare,Chiregera,-2.627965,28.88195,Cishugi,529,0.38
Sud-Kivu,Kabare,Cibingu Gr Cirunga,-2.482194,28.759806,Cizenga,1042,0.57
Sud-Kivu,Kabare,Cibumbiro Gr Mudaka,-2.363127,28.775484,Kidumbi,1997,0.62
Sud-Kivu,Kabare,Cidaho Gr Bugobe,-2.544132,28.794027,Cirangiro,1841,0.53
Sud-Kivu,Kabare,Ciranga Gr Irhambi-Katana,-2.235223,28.862122,Kabona,1735,0.46
Sud-Kivu,Kabare,Cirehe,-2.199301,28.78493,,,
Sud-Kivu,Kabare,Cironge,-2.6873,28.4411,Kishadu,395,0.14
Sud-Kivu,Kabare,Cishadu Gr Luhago,-2.679724,28.421118,Byandangi,1697,0.12
Sud-Kivu,Kabare,Cishadu Gr Mudusa,-2.545363,28.84373,Cirhundu,1822,0.67
Sud-Kivu,Kabare,Cishoge,-2.296205,28.949764,Ishungu,1464,0.57
Sud-Kivu,Kabare,Cishugi Gr Lugendo,-2.32137,28.939598,Cirunga Burhalange,1995,0.32
Sud-Kivu,Kabare,Hango,-2.437449,28.836514,Mosho 2,1283,0.33
Sud-Kivu,Kabare,Hongo,-2.448457,28.839298,Nkungu,1490,0.36
Sud-Kivu,Kabare,Ihemba Gr Mudusa,-2.586231,28.8762,Ihasi,1163,0.55
Sud-Kivu,Kabare,Irambira Sud Gr Lugendo,-2.320653,28.91844,Kashimbi,1374,0.4
Sud-Kivu,Kabare,Irhegabarhonyi Gr Irhegabarhonyi,-2.53071,28.3997,,,
Sud-Kivu,Kabare,Ishungu Gr Lugendo,-2.323182,28.935917,Mulangane,663,0.38
Sud-Kivu,Kabare,Kabale,-2.483331,28.8,Kalobeza,1586,0.57
Sud-Kivu,Kabare,Kabamba Gr Irhambi-Katana,-2.179496,28.858038,Kabumbiro,1591,0.62
Sud-Kivu,Kabare,Kabare,-2.468056,28.820278,Karhole,579,0.62
Sud-Kivu,Kabare,Kaboneke Gr Luhihi,-2.265278,28.86975,Cikumbo,705,0.4
Sud-Kivu,Kabare,Kabushwa Gr Irhambi Katana,-2.207864,28.801317,Muhonga Mbulamishi,1223,0.38
Sud-Kivu,Kabare,Kabuye,-2.596163,28.477722,,,
Sud-Kivu,Kabare,Kachuba,-2.6167,28.5,Ikambi,1235,0.46
Sud-Kivu,Kabare,Kahinga Gr Mudusa,-2.621926,28.87671,Buhunga,1913,0.57
Sud-Kivu,Kabare,Kahungu Gr Irhambi-Katana,-2.234281,28.77766,Mulangala,1895,0.38
Sud-Kivu,Kabare,Kahuzi,-2.486944,28.601942,,,
Sud-Kivu,Kabare,Kajeje IV Gr Mudaka,-2.407223,28.687222,,,
Sud-Kivu,Kabare,Kajuchu Gr Irhambi-Katana,-2.150001,28.9,Chofi,938,0.33
Sud-Kivu,Kabare,Kakondo,-2.25,28.7,,,
Sud-Kivu,Kabare,Kakongola Gr Kagabi,-2.4494,28.70481,,,
Sud-Kivu,Kabare,Kalazi,-2.59775,28.882223,Mugakala,1235,0.57
Sud-Kivu,Kabare,Kaliba Gr Irhambi Katana,-2.229199,28.856392,Kalimbi,1475,0.77
Sud-Kivu,Kabare,Kalulu Gr Bugobe,-2.507523,28.630283,,,
Sud-Kivu,Kabare,Kamisimbi Gr Kamisimbi,-2.580041,28.811201,Marhamumu,1351,0.33
Sud-Kivu,Kabare,Karhuliza,-2.467658,28.780289,Karhwamurhi,1838,0.6
Sud-Kivu,Kabare,Kashanga,-2.489591,28.562046,Nakarhwa,1350,0.5
Sud-Kivu,Kabare,Kashanja Gr Ihembe,-2.496501,28.535778,Karhale,1860,0.53
Sud-Kivu,Kabare,Kasheke,-2.151885,28.856007,Bujambere,1322,0.38
Sud-Kivu,Kabare,Kashenyi Gr Bugorhe,-2.322303,28.80316,Kaboneke,440,0.38
Sud-Kivu,Kabare,Kashusha Gr Miti,-2.339477,28.803448,Burhanyambwe,407,0.3
Sud-Kivu,Kabare,Kasihe Gr Mudusa,-2.559819,28.863945,Bukali,1627,0.5
Sud-Kivu,Kabare,Kasimba Gr Irhegabarhonyi,-2.483334,28.3,,,
Sud-Kivu,Kabare,Kasiru,-2.5351,28.791,Kinyirundu,1319,0.5
Sud-Kivu,Kabare,Kasirusiru,-2.395029,28.686783,,,
Sud-Kivu,Kabare,Katana Gr Irhambi Katana,-2.225694,28.831388,Ntane,676,0.55
Sud-Kivu,Kabare,Kavumu Gr Bugorhe,-2.31408,28.79517,Kambogo,1752,0.46
Sud-Kivu,Kabare,Kazingo Gr Kagabi,-2.460087,28.836966,Kamigenge,887,0.62
Sud-Kivu,Kabare,Ludaha Gr Cirunga,-2.54525,28.80702,Buhanga,464,0.46
Sud-Kivu,Kabare,Lugendo Gr Lugendo,-2.300289,28.94157,Kamalende,1229,0.5
Sud-Kivu,Kabare,Lugerero Gr Ihembe,-2.490751,28.525694,Karhale,1714,0.27
Sud-Kivu,Kabare,Luhago Gr Luhago,-2.638433,28.505468,Kamushega,404,0.4
Sud-Kivu,Kabare,Lukoma Gr Luhago,-2.683333,28.466667,Mahamba,1175,0.31
Sud-Kivu,Kabare,Lushasha,-2.204444,28.789999,,,
Sud-Kivu,Kabare,Mabingu Gr Irhambi-Katana,-2.223974,28.79196,Bulolo,1001,0.31
Sud-Kivu,Kabare,Mbayo Gr Bugorhe,-2.269722,28.764444,,,
Sud-Kivu,Kabare,Mbobero Gr Kagabi,-2.453487,28.833027,Mokoto 2,1513,0.4
Sud-Kivu,Kabare,Mirhanda,-2.626594,28.494703,Irega,1549,0.46
Sud-Kivu,Kabare,Miti Gr Miti,-2.355584,28.7937,Kidumbi,1156,0.36
Sud-Kivu,Kabare,Mivugo Gr Ihembe,-2.456721,28.5409,Chikendje,1121,0.13
Sud-Kivu,Kabare,Mubone Gr Irhegabarhonyi,-2.431928,28.352547,,,
Sud-Kivu,Kabare,Mudaka Gr Mudaka,-2.403728,28.810835,Mukaba,1744,0.67
Sud-Kivu,Kabare,Muganzo,-2.359357,28.830885,Mugunga,1844,0.57
Sud-Kivu,Kabare,Muhungu,-2.516862,28.861895,Murhundu,1672,0.8
Sud-Kivu,Kabare,Muku Gr Kamisimbi,-2.65877,28.68658,Cirhimurhwa,1882,0.27
Sud-Kivu,Kabare,Muku Gr Kamisimbi,-2.548612,28.807222,Musakambo,547,0.46
Sud-Kivu,Kabare,Mulume Munene Gr Bugobe,-2.501973,28.637255,,,
Sud-Kivu,Kabare,Mumosho Gr Mumosho,-2.627965,28.88195,Mushadu,461,0.57
Sud-Kivu,Kabare,Mupoke Gr Irhegabarhonyi,-2.522832,28.416391,,,
Sud-Kivu,Kabare,Murhesa,-2.385994,28.79183,Mukaba,1279,0.46
Sud-Kivu,Kabare,Mushashirwa Gr Irhagabarhonyi,-2.505833,28.454721,Kasimba,1746,0.44
Sud-Kivu,Kabare,Mushuva Gr Mudaka,-2.366668,28.85,Mulashe,591,0.57
Sud-Kivu,Kabare,Musisi II Gr Bugorhe,-2.284889,28.68725,,,
Sud-Kivu,Kabare,Ngoma Gr Irhegabarhonyi,-2.618161,28.246,,,
Sud-Kivu,Kabare,Nkenje Gr Irhambi-Katana,-2.234281,28.77766,Mulangala,1895,0.13
Sud-Kivu,Kabare,Ntabaza Gr Mumosho,-2.603972,28.858418,Kabanda,1425,0.57
Sud-Kivu,Kabare,Nyakabola,-2.573951,28.850012,Nabijo,863,0.53
Sud-Kivu,Kabare,Nyamirangwe,-2.556411,28.76878,Cirangiro,1550,0.5
Sud-Kivu,Kabare,Nyamuhoza Gr Mudusa,-2.564235,28.8568,Muhono,1218,0.53
Sud-Kivu,Kabare,Nyamunyerere Gr Irhambi Katana,-2.206136,28.834253,Buhengere,1456,0.38
Sud-Kivu,Kabare,Nyamuziba Gr Irhegabarhonyi,-2.5175,28.439722,,,
Sud-Kivu,Kabare,Nyatende Gr Mudusa,-2.567611,28.860916,Ntundu,1280,0.57
Sud-Kivu,Kabare,Nyawera,-2.506031,28.86066,Kawa,1342,0.55
Sud-Kivu,Kabare,Runigi,-2.200001,28.7,,,
Sud-Kivu,Kabare,Ruvoma,-2.195723,28.851833,Lukayu,1345,0.33
Sud-Kivu,Kabare,Sabasaba Gr Miti,-2.281702,28.68983,,,
Sud-Kivu,Kabare,Shifuma Gr. Mudaka,-2.399659,28.837185,Cifuma Centre,1527,0.77
Sud-Kivu,Kabare,Tchibanda Gr Miti,-2.333556,28.76711,Chirharhangwa,1018,0.55
Sud-Kivu,Kabare,Tshibati Gr Irhambi Katana,-2.217602,28.781452,,,
Sud-Kivu,Kabare,Tshombo Gr Bugorhe,-2.294445,28.780832,Combo 2,1913,0.57
Sud-Kivu,Kabare,Tugoka Gr Irhegabarhonyi,-2.494843,28.335367,,,
Sud-Kivu,Kalehe,Babale II,-2.1,28.91667,Kalehe,593,0.4
Sud-Kivu,Kalehe,Bamba-Bushiro Gr Mbinga Nord,-1.783612,29.006945,Buchiro,551,0.6
Sud-Kivu,Kalehe,Bapadiri Gr Bitale,-2.226321,28.633295,Kainga,1651,0.29
Sud-Kivu,Kalehe,Batayo Gr Ziralo,-1.840614,28.730318,Bikali,824,0.33
Sud-Kivu,Kalehe,Bishaka Gr Buzi,-1.890276,28.852013,Fwangere,937,0.13
Sud-Kivu,Kalehe,Bishange Gr Buzi,-1.722878,28.99479,Buganga,1705,0.53
Sud-Kivu,Kalehe,Bisisi Gr Kalonge,-2.33864,28.444668,Kasheo,804,0.17
Sud-Kivu,Kalehe,Bitale Gr Bitale,-2.1875,28.60278,,,
Sud-Kivu,Kalehe,Bona,-2.033334,28.716667,Bulundu,1139,0.36
Sud-Kivu,Kalehe,Bubale I Gr Mbinga Nord,-1.800712,29.008223,Kibimbi,1400,0.4
Sud-Kivu,Kalehe,Bubamba,-2.048013,28.602453,Chamaulu,1011,0.4
Sud-Kivu,Kalehe,Bugaru Gr Kalonge,-2.282135,28.507448,Kafumo,562,0.17
Sud-Kivu,Kalehe,Bugaza,-2.066668,28.916668,Bulungu,1646,0.46
Sud-Kivu,Kalehe,Buguli,-2.002151,28.88462,Camula,1387,0.33
Sud-Kivu,Kalehe,Bukanga,-2.128556,28.721445,,,
Sud-Kivu,Kalehe,Bukiri,-1.893611,28.766111,Rutare 1,785,0.29
Sud-Kivu,Kalehe,Buku Gr Karali,-2.054698,28.586021,Chamaulu,1305,0.33
Sud-Kivu,Kalehe,Bukumbi Gr Mubuku,-1.9625,28.735556,,,
Sud-Kivu,Kalehe,Bulagiza Gr Buzi,-1.777918,28.9535,Rwamiko,1791,0.27
Sud-Kivu,Kalehe,Bulembwe Gr Ziralo,-1.77623,28.6888,Makowe,138,0.43
Sud-Kivu,Kalehe,Bulengo,-2.06333,28.920004,Bulungu,1126,0.71
Sud-Kivu,Kalehe,Bulera,-2.055001,28.895,Cebumba,1728,0.46
Sud-Kivu,Kalehe,Bumoga Gr Kalonge,-2.306664,28.625792,Lugabane,991,0.43
Sud-Kivu,Kalehe,Bunje Gr Buzi,-1.817668,28.797527,Mpanama,1004,0.17
Sud-Kivu,Kalehe,Bunyakiri Gr Kalima,-2.090368,28.574493,Busitoro,765,0.47
Sud-Kivu,Kalehe,Buoro Gr Bagana,-2.087209,28.646364,Katobolo,1968,0.46
Sud-Kivu,Kalehe,Burogoya Gr Lubengera,-2.120212,28.604464,Burunga,1597,0.67
Sud-Kivu,Kalehe,Bushishi Gr Buzi,-1.710001,29.008055,Bigilimani,1813,0.33
Sud-Kivu,Kalehe,Bushugulu Gr Ziralo,-1.778471,28.8554,Kavumu,1047,0.27
Sud-Kivu,Kalehe,Bushushu Gr Mbinga Sud,-2.016667,28.9,Kabushungu,740,0.67
Sud-Kivu,Kalehe,Busisi,-1.710306,29.007668,Bigilimani,1855,0.38
Sud-Kivu,Kalehe,Butwashenge Gr Kalonge,-2.353061,28.535,Burhogi,1774,0.44
Sud-Kivu,Kalehe,Buzunga Gr Mbinga Sud,-2.0688,28.88453,Muhongoza,1620,0.5
Sud-Kivu,Kalehe,Bwindi,-2.074821,28.557068,Buimbi 1,748,0.43
Sud-Kivu,Kalehe,Bwisha Gr Buzi,-1.753781,29.0081,Bihyongole,667,0.38
Sud-Kivu,Kalehe,Cebumba Gr Buzi,-2.081506,28.652067,Ebamba,655,0.77
Sud-Kivu,Kalehe,Chabisimi Gr Musenyi,-2.093611,28.6516,Ebamba,1312,0.27
Sud-Kivu,Kalehe,Chabunda Gr Kalima,-2.033334,28.533333,Mindjemba,1917,0.35
Sud-Kivu,Kalehe,Chaminunu Gr Kalonge,-2.368262,28.49711,Kanvunyi,452,0.47
Sud-Kivu,Kalehe,Chaminunu Gr Kalonge,-2.366889,28.495556,Kanvunyi,608,0.47
Sud-Kivu,Kalehe,Chanyi Gr Mbinga Nord,-1.910431,28.975426,Mweha,1590,0.36
Sud-Kivu,Kalehe,Chifukiro,-1.906194,28.71611,,,
Sud-Kivu,Kalehe,Chifunzi Gr Kalonge,-2.31207,28.58944,Mihinga,995,0.4
Sud-Kivu,Kalehe,Chiriba Gr Mubuku,-2.116389,28.368473,Kitole,1630,0.15
Sud-Kivu,Kalehe,Chitasungulwa Gr Mubuku,-1.997806,28.738972,Kalonge,1388,0.3
Sud-Kivu,Kalehe,Chondo Gr Buzi,-1.685944,29.0645,Buhati,1420,0.17
Sud-Kivu,Kalehe,Cibinda Gr Kalonge,-2.251684,28.349522,,,
Sud-Kivu,Kalehe,Cifumbi Gr Mubuku,-2.021467,28.637276,Maziba,1943,0.31
Sud-Kivu,Kalehe,Cifunzi Gr Kalonge,-2.333367,28.567234,Cibingu,1098,0.43
Sud-Kivu,Kalehe,Ebisha Gr Kalima,-2.080528,28.551361,Lumba,1574,0.36
Sud-Kivu,Kalehe,Erunga Gr Lubengera,-2.127598,28.609007,Burunga,636,0.77
Sud-Kivu,Kalehe,Fuangere Gr Buzi,-1.871231,28.844643,Birumbu,1455,0.13
Sud-Kivu,Kalehe,Fumya Gr Bitale,-2.1905,28.624474,Bukumbi,1437,0.33
Sud-Kivu,Kalehe,Fungamwaka Gr Buzi,-1.771662,28.889568,Numbi Centre,1818,0.27
Sud-Kivu,Kalehe,Hembe-Bitale,-2.183331,28.6,,,
Sud-Kivu,Kalehe,Hombo Sud Gr Kalima,-1.87216,28.452059,Kalalo,339,0.13
Sud-Kivu,Kalehe,Ibindja Gr Mbinga Sud,-2.36587,28.923079,Buminika,75,0.53
Sud-Kivu,Kalehe,Igali Gr Ziralo,-1.867728,28.833672,Birumbu,1905,0.17
Sud-Kivu,Kalehe,Ihusi Gr Mbinga Sud,-2.070261,28.898537,Lushoho,1233,0.33
Sud-Kivu,Kalehe,Iko Gr Mbinga Sud,-2.2343,28.90056,Kazino,1513,0.44
Sud-Kivu,Kalehe,Irangi Gr Kalima,-1.915497,28.459366,Chimore,1518,0.31
Sud-Kivu,Kalehe,Ishovu Gr Mbinga Sud,-2.121498,28.914265,Kalehe,1968,0.17
Sud-Kivu,Kalehe,Kabenga Gr Kalima,-1.953889,28.468056,,,
Sud-Kivu,Kalehe,Kabona Gr Mbinga Nord,-1.86699,28.99117,Kamirogosa,1803,0.5
Sud-Kivu,Kalehe,Kabulu I Gr Mbinga Nord,-1.933757,28.961454,Nkubi,1971,0.46
Sud-Kivu,Kalehe,Kabulu I Gr Mbinga Nord,-1.923144,28.945156,Nkubi,553,0.46
Sud-Kivu,Kalehe,Kachiri Gr Mubuku,-1.97138,28.6725,,,
Sud-Kivu,Kalehe,Kahanga II Gr Mbinga Nord,-1.831,28.987,Kahanga 2,1890,0.84
Sud-Kivu,Kalehe,Kaholo Gr Ziralo,-1.754115,28.669067,Kaoolo,1442,0.83
Sud-Kivu,Kalehe,Kajuki,-1.873701,28.9629,,,
Sud-Kivu,Kalehe,Kakenge ,-1.782429,28.906607,Kajojo,1414,0.31
Sud-Kivu,Kalehe,Kalabuka,-2.270376,28.487387,Kashesha,13,0.38
Sud-Kivu,Kalehe,Kalega Gr Kalonge,-2.271363,28.41214,Mulengeza,131,0.53
Sud-Kivu,Kalehe,Kalenga,-2.22422,28.470116,Muguna,46,0.15
Sud-Kivu,Kalehe,Kalima,-2.079443,28.549397,Kaa,1524,0.67
Sud-Kivu,Kalehe,Kalungu Gr Bagana,-2.071461,28.649607,Katobolo,1406,0.4
Sud-Kivu,Kalehe,Kalungu Gr Buzi,-1.756701,28.985315,Mulungulirwa,499,0.53
Sud-Kivu,Kalehe,Kamatale Gr Buzi,-1.730217,28.845963,,,
Sud-Kivu,Kalehe,Kamatembe,-1.735701,28.848948,,,
Sud-Kivu,Kalehe,Kambegete Gr Kalima,-2.03806,28.5125,Kangambo,674,0.47
Sud-Kivu,Kalehe,Kanyanja Gr Mbinga Sud,-1.9789,28.8735,,,
Sud-Kivu,Kalehe,Karasi Gr Mubuku,-2.041671,28.68333,Kasomwa 1,1905,0.4
Sud-Kivu,Kalehe,Kasheke Gr Mbinga Sud,-2.145226,28.85546,Bujambere,1161,0.38
Sud-Kivu,Kalehe,Kasunyu Gr Buzi,-1.729556,29.053307,Kibenga,668,0.29
Sud-Kivu,Kalehe,Katale Gr Ziralo,-1.778917,28.763056,Muhimanyi,1682,0.13
Sud-Kivu,Kalehe,Kayirenge Gr Buzi,-1.738112,29.003332,Buganga,1211,0.38
Sud-Kivu,Kalehe,Kiboto Gr Buzi,-1.879445,28.901861,,,
Sud-Kivu,Kalehe,Kichanga Gr Kalima,-2.055917,28.341389,,,
Sud-Kivu,Kalehe,Kinyezire Gr Mbinga Nord,-1.835771,28.98423,Kitambi,746,0.38
Sud-Kivu,Kalehe,Kisasa-lijuwe,-2.062094,28.81046,Bushaku 2,35,0.18
Sud-Kivu,Kalehe,Kisha Gr Ziralo,-1.798498,28.725563,Bushao,1334,0.55
Sud-Kivu,Kalehe,Kishinji Gr Buzi,-1.710917,29.053389,Kibenga,1410,0.4
Sud-Kivu,Kalehe,Kisungwe Gr Mbinga Nord,-1.814333,29.009111,Ruhune Centre,984,0.43
Sud-Kivu,Kalehe,Kitalaga-Minova Gr Buzi,-1.677251,29.038279,Kabuye,64,0.19
Sud-Kivu,Kalehe,Kitembo Gr Buzi,-1.641528,29.071638,Buhomboji,1373,0.38
Sud-Kivu,Kalehe,Kitendebwa Gr Mubuku,-2.075228,28.736216,,,
Sud-Kivu,Kalehe,Ku Pa Padiri,-2.266839,28.66119,Kauzi,1653,0.35
Sud-Kivu,Kalehe,Kusisa Gr Ziralo,-1.815678,28.726887,Bushao,1307,0.5
Sud-Kivu,Kalehe,Lemera Gr Mbinga Sud,-2.135556,28.828056,Ishabira,1703,0.29
Sud-Kivu,Kalehe,Lijiwe ,-2.066231,28.78555,,,
Sud-Kivu,Kalehe,Lowa-Numbi Gr Buzi,-1.768698,28.808832,Lumbishi 1,699,0.5
Sud-Kivu,Kalehe,Lubengera,-2.120212,28.604464,Bikenge,1211,0.62
Sud-Kivu,Kalehe,Lubombo Gr Kalonge,-2.309182,28.422285,Hubairwa,457,0.27
Sud-Kivu,Kalehe,Lukando Gr Kalima,-2.027273,28.50638,Rumondo,1685,0.57
Sud-Kivu,Kalehe,Lukowa Gr Ndando,-2.188031,28.6401,Kaesi,1695,0.36
Sud-Kivu,Kalehe,Lulere Gr Ziralo,-1.754218,28.66866,Kalunda,48,0.31
Sud-Kivu,Kalehe,Lumbishi Gr Buzi,-1.830832,28.858276,Shanje Centre,220,0.29
Sud-Kivu,Kalehe,Lushebere Gr Mbinga Sud,-1.978656,28.909906,Musumba,1951,0.38
Sud-Kivu,Kalehe,Luzirantaka Gr Buzi,-1.734098,28.877922,Kabingu Rwangara,1682,0.22
Sud-Kivu,Kalehe,Lwango Gr Mbinga Nord,-1.830099,29.003983,Kibimbi,1999,0.0
Sud-Kivu,Kalehe,Lwasha,-2.071995,28.550325,Ebisha,1889,0.5
Sud-Kivu,Kalehe,Lwizi,-1.719116,28.871948,,,
Sud-Kivu,Kalehe,Mabula,-2.022651,28.955498,Shabaga,1943,0.46
Sud-Kivu,Kalehe,Madiriri Gr Kalonge,-2.30831,28.661842,,,
Sud-Kivu,Kalehe,Mafuo Gr Kalima,-2.093039,28.585064,Mutongo,925,0.5
Sud-Kivu,Kalehe,Mahema Gr Kalonge,-2.373434,28.665907,Lwakanyere,1807,0.25
Sud-Kivu,Kalehe,Makelele Gr Mbinga Nord,-1.771583,29.006567,Butale,845,0.43
Sud-Kivu,Kalehe,Makengere,-1.890471,28.978634,Marcel Costier,1666,0.43
Sud-Kivu,Kalehe,Makuta Gr Mubuku,-2.05797,28.622602,Mapema,48,0.5
Sud-Kivu,Kalehe,Makutano Gr Mubuku,-1.929327,28.740456,,,
Sud-Kivu,Kalehe,Mashango Gr Ziralo,-1.858102,28.832893,Birumbu,1703,0.13
Sud-Kivu,Kalehe,Mashere Gr Kalima,-1.895106,28.454702,Chimore,809,0.43
Sud-Kivu,Kalehe,Mbesho,-2.063442,28.784468,,,
Sud-Kivu,Kalehe,Mbongo Gr Karali,-2.063648,28.600897,Ekunga,1531,0.33
Sud-Kivu,Kalehe,Mbundje Gr  Ziralo,-1.800195,28.810522,Bihovu,1195,0.31
Sud-Kivu,Kalehe,Mikonzi Gr Bitale,-2.200001,28.616667,Bukumbi,1384,0.29
Sud-Kivu,Kalehe,Minganzi,-1.98012,28.473455,Nyamirera,1916,0.35
Sud-Kivu,Kalehe,Mingazi,-2.01667,28.51667,Maengo,1900,0.46
Sud-Kivu,Kalehe,Minova Gr Buzi,-1.707787,29.024267,Budondo,1019,0.31
Sud-Kivu,Kalehe,Miruwa Gr Munyandjiro,-2.098351,28.617,Maibano Centre,399,0.46
Sud-Kivu,Kalehe,Miruwo,-2.110278,28.594723,Mutongo,1275,0.46
Sud-Kivu,Kalehe,Mobimbi Gr Buzi,-1.723889,29.0425,Buhumba,1940,0.43
Sud-Kivu,Kalehe,Mubimbi Gr Buzi,-1.707787,29.024267,Bigilimani,290,0.47
Sud-Kivu,Kalehe,Mudugudu Gr Ziralo,-1.797827,28.778328,Kafufula,1724,0.25
Sud-Kivu,Kalehe,Mugaba Gr Kalonge,-2.26,28.648333,Kauzi,37,0.18
Sud-Kivu,Kalehe,Mugaba I,-2.307285,28.634691,Mulambi,1258,0.67
Sud-Kivu,Kalehe,Muhongoza,-2.097667,28.906918,Mungwawere,1525,0.53
Sud-Kivu,Kalehe,Muhumba,-2.220223,28.362473,,,
Sud-Kivu,Kalehe,Mukowa Gr Kalima,-1.922501,28.453056,Makwe,545,0.55
Sud-Kivu,Kalehe,Mukwija Gr Mbinga Nord,-1.88187,28.986074,Kamirogosa,129,0.35
Sud-Kivu,Kalehe,Mulala Gr Buzi,-1.738806,29.01775,Buganga,1483,0.46
Sud-Kivu,Kalehe,Mule Gr Kalonge,-2.3941,28.553364,Mukundu,794,0.36
Sud-Kivu,Kalehe,Munanira Gr Mubuku,-1.972294,28.727657,Mwamindjwui,1909,0.32
Sud-Kivu,Kalehe,Munanira II Gr Mbinga Sud,-2.097362,28.895027,Mungwawere,1743,0.48
Sud-Kivu,Kalehe,Munanira-Musinga Gr Mbinga Sud,-2.084321,28.9183,Munanira,777,0.67
Sud-Kivu,Kalehe,Mungwe Gr Buzi,-1.767039,28.901463,,,
Sud-Kivu,Kalehe,Munyandjiro Gr Munyandjiro,-2.094142,28.6166,Maibano Centre,72,0.44
Sud-Kivu,Kalehe,Murambi Gr Buzi,-1.80985,28.9386,Kaloba,250,0.31
Sud-Kivu,Kalehe,Musenge,-1.862779,28.76389,Kazamuko,1797,0.27
Sud-Kivu,Kalehe,Musenyi Gr Musenyi,-2.133333,28.716667,,,
Sud-Kivu,Kalehe,Mushafe,-2.094944,28.42345,,,
Sud-Kivu,Kalehe,Mushunguti Gr Mubuku,-2.075413,28.68292,Misongi,357,0.59
Sud-Kivu,Kalehe,Musisi,-2.400967,28.55733,Misinga 2,1304,0.53
Sud-Kivu,Kalehe,Mutale Gr Kalonge,-2.291688,28.549337,Malembo,1643,0.62
Sud-Kivu,Kalehe,Muzimu Gr Mbinga Nord,-1.983331,28.85417,,,
Sud-Kivu,Kalehe,Mwamidjwi,-1.981956,28.820068,Nyamugari,1713,0.33
Sud-Kivu,Kalehe,Myowe Gr Mulonge,-2.136222,28.598307,Mushake,201,0.33
Sud-Kivu,Kalehe,Nyabibwe Gr Mbinga Nord,-1.980364,28.910437,Nyamukubi,133,0.59
Sud-Kivu,Kalehe,Nyakabumbe,-2.149973,28.625067,Bubare,1597,0.5
Sud-Kivu,Kalehe,Nyalugusha Gr Ziralo,-1.85759,28.8499,Birumbu,222,0.24
Sud-Kivu,Kalehe,Nyalukulu,-2.248339,28.55495,,,
Sud-Kivu,Kalehe,Nyamikingo Gr Buzi,-1.68969,29.0362,Katyazo,1594,0.35
Sud-Kivu,Kalehe,Nyamisimaulu Gr Bagana,-2.075418,28.63139,Bunyesi,1902,0.42
Sud-Kivu,Kalehe,Nyamunene,-2.015069,28.533195,Rumondo,1756,0.12
Sud-Kivu,Kalehe,Nyamutwe,-2.044223,28.837055,,,
Sud-Kivu,Kalehe,Nyawarongo,-1.964722,28.865557,,,
Sud-Kivu,Kalehe,Nyundo Gr Buzi,-1.663031,29.0995,Tchondo,1699,0.46
Sud-Kivu,Kalehe,Ramba Gr Mubuku,-1.983295,28.713879,Makutano,204,0.31
Sud-Kivu,Kalehe,Rambira Gr Mbinga Sud,-1.983331,28.87222,,,
Sud-Kivu,Kalehe,Rambo Gr Kalonge,-2.346392,28.59426,Kalambo,589,0.67
Sud-Kivu,Kalehe,Rubona,-1.764715,28.825274,Nganjo,1509,0.17
Sud-Kivu,Kalehe,Ruhunde,-1.922689,28.936413,Marche,345,0.46
Sud-Kivu,Kalehe,Rutare,-1.785771,28.746218,Katale,1016,0.5
Sud-Kivu,Kalehe,Rwangara-shakubangwa Gr Buzi,-1.746967,28.892456,Kabingu Rwangara,584,0.44
Sud-Kivu,Kalehe,Tanganyika Gr Mbinga Nord,-1.87764,28.9435,,,
Sud-Kivu,Kalehe,Tchofi Gr Mbinga Sud,-2.127564,28.863005,Karhongo,182,0.29
Sud-Kivu,Kalehe,Tsheya,-1.65,29.066668,Muchibwe,1858,0.29
Sud-Kivu,Kalehe,Tsholobera Gr Kalonge,-2.432586,28.430624,,,
Sud-Kivu,Kalehe,Tshubi,-1.65513,29.102942,Muhanga,1813,0.15
Sud-Kivu,Kalehe,Tubondo,-2.073012,28.59587,Kabuu Makerenge,1560,0.18
Sud-Kivu,Kalehe,Tusunguti Gr Ziralo,-1.805831,28.75167,Nyalungushwa,1252,0.38
Sud-Kivu,Kalehe,Ziralo Gr Ziralo,-1.795931,28.72458,Matutira Centre,1970,0.43
Sud-Kivu,Mwenga,Akyo'A Gr Basimukindje II,-3.297687,28.777828,,,
Sud-Kivu,Mwenga,Baburhinyi,-2.883333,28.583332,Kitwabaluzi,700,0.38
Sud-Kivu,Mwenga,Bakongo Gr Banamukika,-3.264971,28.1545,Mongaliema,228,0.35
Sud-Kivu,Mwenga,Bakura Gr Basimunyaka,-3.76129,28.564308,,,
Sud-Kivu,Mwenga,Baligi ,-3.119883,28.23308,Biselia,527,0.46
Sud-Kivu,Mwenga,Banamukika Gr Banamukika,-3.248862,28.178194,Lwamba,38,0.25
Sud-Kivu,Mwenga,Basimukindje I,-3.812134,28.793633,Tuwetuwe,626,0.18
Sud-Kivu,Mwenga,Batende Gr Basimukindje I,-3.601213,28.763287,,,
Sud-Kivu,Mwenga,Bibemba Gr Basimukindje II,-3.30319,28.7759,,,
Sud-Kivu,Mwenga,Bidegu Gr Basimukindje I,-3.919266,28.791454,Lwiko,637,0.18
Sud-Kivu,Mwenga,Bijombo,-3.34878,28.51485,,,
Sud-Kivu,Mwenga,Bikyombo Gr Basimukindje II,-3.571626,28.793114,Naruvimbo,1713,0.47
Sud-Kivu,Mwenga,Bilalombili Gr Basimukindje I,-3.812134,28.793633,Tuwetuwe,626,0.0
Sud-Kivu,Mwenga,Bilalombili/Zalya Gr Bawanda,-3.058342,28.395351,Bulinzi 1,1696,0.31
Sud-Kivu,Mwenga,Bilembo Gr Bashilubanda,-3.0,28.333332,Kaboge,1202,0.31
Sud-Kivu,Mwenga,Bilimba Gr Basimukindje I,-3.4603,28.7962,,,
Sud-Kivu,Mwenga,Biliza Gr Bakute,-3.229311,28.130325,Mawe 1,109,0.17
Sud-Kivu,Mwenga,Bionga Gr Basikamakulu,-3.344501,28.1316,Biligi,466,0.5
Sud-Kivu,Mwenga,Biranga,-2.844748,28.68817,Birhala 1,1337,0.62
Sud-Kivu,Mwenga,Bisembe Gr Banakyungu,-3.18235,28.188334,Kibe Centre,972,0.55
Sud-Kivu,Mwenga,Bisembe Gr Basimwenda I,-3.261879,28.523142,,,
Sud-Kivu,Mwenga,Bishaka Gr Basimukindje II,-3.317448,28.789082,,,
Sud-Kivu,Mwenga,Bizinzo,-3.030752,28.135038,,,
Sud-Kivu,Mwenga,Bududjwiji Gr Basimukindje II,-3.284891,28.79378,,,
Sud-Kivu,Mwenga,Bugobe Gr Bugobe,-2.844748,28.68817,Chibumbu,1198,0.43
Sud-Kivu,Mwenga,Bugumbu Gr Basimbi,-3.070101,28.4754,Lulimba,1685,0.43
Sud-Kivu,Mwenga,Bukundji Gr Basimukindje I,-3.712014,28.72833,,,
Sud-Kivu,Mwenga,Bulende,-2.837487,28.754683,Ifendula,1844,0.4
Sud-Kivu,Mwenga,Bulinzi Gr Babulinzi,-3.040791,28.43151,Mukingi,205,0.57
Sud-Kivu,Mwenga,Bumba Gr Basimukindje I,-3.302012,28.539888,,,
Sud-Kivu,Mwenga,Burhinyi,-2.815834,28.717777,Mujindi,1126,0.53
Sud-Kivu,Mwenga,Butetegele Gr Bagunga,-3.28076,28.013489,Tunkele,653,0.47
Sud-Kivu,Mwenga,Butongo Gr Ihanga,-2.904562,28.551674,Kibuti,1329,0.46
Sud-Kivu,Mwenga,Buzinda Gr Basimwenda I,-3.083375,28.449417,Kalungu,44,0.29
Sud-Kivu,Mwenga,Chizuka Gr Chizuka,-2.88478,28.668201,Ibuga,952,0.5
Sud-Kivu,Mwenga,Cirere Gr Chirere,-3.985,28.7411,Kisoke,1587,0.33
Sud-Kivu,Mwenga,Elila,-3.756528,28.744427,Bilalo Mbili,1780,0.35
Sud-Kivu,Mwenga,Elulwe Gr Basimwenda,-3.747684,28.731264,Kilulwe,1282,0.77
Sud-Kivu,Mwenga,Ibashilo Gr Basimunyaka,-3.693735,28.530539,,,
Sud-Kivu,Mwenga,Ihanga Gr Ihanga,-2.905771,28.54442,Malangi,1745,0.46
Sud-Kivu,Mwenga,Ilamba,-3.29385,28.265701,,,
Sud-Kivu,Mwenga,Ilamba II Gr Basikamakulu,-3.32966,28.1217,Biligi,1593,0.53
Sud-Kivu,Mwenga,Ilombwe Gr Basimwenda I,-3.26047,28.35405,Kabeba,1647,0.31
Sud-Kivu,Mwenga,Ilundu Gr Basimukindje I,-3.54541,28.4464,,,
Sud-Kivu,Mwenga,Irundu Gr Basimukindje I,-3.90669,28.74761,Ilundu Centre,935,0.83
Sud-Kivu,Mwenga,Ishungwe Gr Kigogo,-3.073366,28.67217,,,
Sud-Kivu,Mwenga,Isoga Gr Basimwenda,-3.334117,28.200277,Isogha Cetre,1757,0.59
Sud-Kivu,Mwenga,Isopo Gr Basimwenda II,-2.940419,28.237173,,,
Sud-Kivu,Mwenga,Itota Gr Basibugembe,-3.116668,28.183332,Tanda,636,0.4
Sud-Kivu,Mwenga,Itula Gr Ikama Kasanza,-3.498405,27.851894,,,
Sud-Kivu,Mwenga,Itumba Gr Banamukika,-3.248333,28.190027,Luliba,69,0.5
Sud-Kivu,Mwenga,Kababile Gr Bashimwenda,-2.914778,28.221401,,,
Sud-Kivu,Mwenga,Kabeba Gr Basikasa,-3.033419,28.249903,Kabeba 1 2 3,1223,0.67
Sud-Kivu,Mwenga,Kabikokole Gr Basimbi,-3.188677,27.945208,,,
Sud-Kivu,Mwenga,Kabilomba Gr Kilande,-3.134722,28.606388,,,
Sud-Kivu,Mwenga,Kaboke Gr Basimukindje I,-3.625556,28.749443,,,
Sud-Kivu,Mwenga,Kachoka Gr Basimukindje II,-3.298889,28.796389,,,
Sud-Kivu,Mwenga,Kadumwa,-2.832262,28.746946,Kakoma,1940,0.62
Sud-Kivu,Mwenga,Kadumwe,-2.849238,28.734123,Kanyambwe,1824,0.62
Sud-Kivu,Mwenga,Kagohwa,-3.957201,28.7705,Bakabia,1116,0.43
Sud-Kivu,Mwenga,Kagulu,-3.415833,28.6675,,,
Sud-Kivu,Mwenga,Kakanga Gr Basimukindje II,-3.220394,28.655687,,,
Sud-Kivu,Mwenga,Kakanga Gr Basimwenda I,-3.1683,28.3486,,,
Sud-Kivu,Mwenga,Kakanga Gr Bizalugulu,-2.947319,28.286354,Isopo Centre,59,0.0
Sud-Kivu,Mwenga,Kakemenge Gr Basimbi,-3.305371,28.01536,Kalukalo,1997,0.35
Sud-Kivu,Mwenga,Kakolokelwa I Gr Bagezi,-3.275536,28.016945,Tunkele,45,0.3
Sud-Kivu,Mwenga,Kalambo Gr Bawanda,-3.11552,28.354946,,,
Sud-Kivu,Mwenga,Kalemba,-3.404655,28.867456,Kashalalo,1601,0.5
Sud-Kivu,Mwenga,Kalimoto Gr Kalambi,-2.974422,28.480503,Kabilongo,68,0.59
Sud-Kivu,Mwenga,Kalingi Gr Basimukindje I,-3.90241,28.77756,Mutanoga,1468,0.4
Sud-Kivu,Mwenga,Kalingi II Gr Basimukindje I,-3.538889,28.4686,,,
Sud-Kivu,Mwenga,Kalipeo Gr Basimukindje II,-3.570231,28.7998,,,
Sud-Kivu,Mwenga,Kalokalo Gr Basimbi,-3.296527,27.999668,Kalukalo,13,0.5
Sud-Kivu,Mwenga,Kalole II Gr Bamulinda,-3.0172,28.447153,Kalole,1353,0.8
Sud-Kivu,Mwenga,Kalugenge Gr Mulanga,-2.868456,28.49645,,,
Sud-Kivu,Mwenga,Kalungu Gr Kigogo,-3.073741,28.7431,,,
Sud-Kivu,Mwenga,Kamanya,-3.070699,28.44451,Kalungu,1542,0.43
Sud-Kivu,Mwenga,Kamikile Gr Balobola,-2.858923,28.494194,,,
Sud-Kivu,Mwenga,Kamituga,-3.066667,28.183332,Katunga,1400,0.8
Sud-Kivu,Mwenga,Kamwanga Gr Bingili,-3.436528,27.99125,Matebo Centre,538,0.14
Sud-Kivu,Mwenga,Kangele Gr Basimukindje II,-3.366157,28.87745,Nanjale 2,835,0.5
Sud-Kivu,Mwenga,Kangovu Gr Kigogo,-3.237385,28.7873,,,
Sud-Kivu,Mwenga,Kapanga Gr Basimukindje I,-3.395113,28.660227,,,
Sud-Kivu,Mwenga,Kasango,-3.031112,28.254168,Kabeba 1 2 3,1357,0.32
Sud-Kivu,Mwenga,Kasani  Gr basimbi ,-3.288001,27.8626,Kibumba,26,0.31
Sud-Kivu,Mwenga,Kasenge Gr Basimukindje I,-3.50944,28.56222,,,
Sud-Kivu,Mwenga,Kashengo Gr Basimukindje II,-3.311501,28.863056,Bushoza,552,0.4
Sud-Kivu,Mwenga,Kashindaba Gr Kigogo,-3.038683,28.753128,,,
Sud-Kivu,Mwenga,Kasozo Gr Kigogo,-3.025773,28.620295,Muhuzi,1966,0.17
Sud-Kivu,Mwenga,Katanga,-3.25245,28.53292,,,
Sud-Kivu,Mwenga,Kateja Gr Basimukindje II,-3.527966,28.827553,,,
Sud-Kivu,Mwenga,Katenga Gr Basimukindje I,-3.692421,28.7503,,,
Sud-Kivu,Mwenga,Katotela Gr Basimukindje II,-3.50689,28.760778,,,
Sud-Kivu,Mwenga,Katugutu Gr Chirere,-2.988873,28.719881,,,
Sud-Kivu,Mwenga,Katungulu Gr Basikumbilwa,-3.174201,28.23169,Kiya,1034,0.31
Sud-Kivu,Mwenga,Kayangwe Gr Basimukindje I,-3.51757,28.68728,,,
Sud-Kivu,Mwenga,Kibandangoma,-3.766747,28.588728,,,
Sud-Kivu,Mwenga,Kichombo Gr Basimukindje II,-3.282086,28.779268,,,
Sud-Kivu,Mwenga,Kigogo Gr Kigogo,-2.990279,28.58,Ilowe,1557,0.36
Sud-Kivu,Mwenga,Kigubi Gr Chirindye,-2.914037,28.74887,,,
Sud-Kivu,Mwenga,Kikindi Gr Bashimwenda I,-3.08756,28.4481,Kalungu,444,0.29
Sud-Kivu,Mwenga,Kikwilu Gr Basimwenda I,-3.272223,28.342361,Kabeba,285,0.15
Sud-Kivu,Mwenga,Kilimamba Gr Basimukindje I,-3.552304,28.785822,Karunga,1040,0.38
Sud-Kivu,Mwenga,Kilobozi Gr Balighi,-2.98782,28.103968,,,
Sud-Kivu,Mwenga,Kilulwe Gr Basimukindje I,-3.056267,28.228989,Priv,1854,0.18
Sud-Kivu,Mwenga,Kilungutwe Gr Cheshero,-2.821501,28.5312,,,
Sud-Kivu,Mwenga,Kiona Gr Bagezi,-3.416667,28.133333,,,
Sud-Kivu,Mwenga,Kionvu Gr Mukangala,-2.988651,28.50474,Lushali,1337,0.15
Sud-Kivu,Mwenga,Kipombo Gr Basimunyaka,-3.725141,28.5295,,,
Sud-Kivu,Mwenga,Kisango,-3.044956,28.242315,Kilukwe,1283,0.29
Sud-Kivu,Mwenga,Kisubi,-3.116668,28.35,,,
Sud-Kivu,Mwenga,Kitamba Gr Batumba,-3.055472,28.469387,Lulimba,252,0.57
Sud-Kivu,Mwenga,Kitavi Gr Basimunyaka Sud,-3.88317,28.74672,Gitavi 2,1599,0.71
Sud-Kivu,Mwenga,Kitibingi Gr Basikamakulu,-3.5,28.466667,Atema,1978,0.14
Sud-Kivu,Mwenga,Kitopo Gr Basimukindje I,-3.433333,28.566668,Ngyabu,1836,0.0
Sud-Kivu,Mwenga,Kitumba Gr Bingili,-3.439636,27.983187,Matebo Centre,1490,0.31
Sud-Kivu,Mwenga,Kitunga,-3.316659,27.987057,Kakemenge,1952,0.38
Sud-Kivu,Mwenga,Kitutu Gr Bakute,-3.274128,28.123873,Kangubanguba,279,0.33
Sud-Kivu,Mwenga,Kivogerwa Gr Basimukindje I,-3.747403,28.705858,,,
Sud-Kivu,Mwenga,Kiya,-3.247666,28.263384,,,
Sud-Kivu,Mwenga,Kiziba Gr Banakyungu,-3.131571,28.1943,Katimbili,4,0.4
Sud-Kivu,Mwenga,Kiziba Gr Basimunyaka,-3.280981,28.54426,,,
Sud-Kivu,Mwenga,Kobokobo Gr Baligi,-3.083379,28.13416,,,
Sud-Kivu,Mwenga,Kongwe Gr Basimukindje I,-3.600667,28.720917,Gongwe,1934,0.83
Sud-Kivu,Mwenga,Kyamba Gr Batumba,-3.083781,28.492544,Milole,1810,0.17
Sud-Kivu,Mwenga,Lubanda,-2.83806,28.73722,Ndola,1358,0.5
Sud-Kivu,Mwenga,Lubila Gr Baligi,-3.08002,28.1801,Longela,1297,0.46
Sud-Kivu,Mwenga,Lubu Gr Basimukindje II,-3.402778,28.801666,,,
Sud-Kivu,Mwenga,Lubumba Gr Basimukindje II,-3.312037,28.859571,Bushoza,845,0.43
Sud-Kivu,Mwenga,Luciga Gr Luciga,-2.877469,28.746454,Cinjira,1301,0.46
Sud-Kivu,Mwenga,Lugushwa Gr Bawandeme,-3.387925,27.872723,Sawa,385,0.5
Sud-Kivu,Mwenga,Luhwindja ,-2.841354,28.691004,Muhola,891,0.4
Sud-Kivu,Mwenga,Lukatu Gr Basimwenda,-2.864644,28.318047,,,
Sud-Kivu,Mwenga,Lukuku Gr Basimukindje II,-3.284781,28.798,,,
Sud-Kivu,Mwenga,Luliba Gr Baligi,-3.078449,28.17619,Longela,1525,0.46
Sud-Kivu,Mwenga,Lulungu Gr Basikamakulu,-3.316081,28.1178,,,
Sud-Kivu,Mwenga,Lumweno Gr Basikamagulu,-3.40321,28.533,Kikombe,1335,0.29
Sud-Kivu,Mwenga,Lungungu Gr Bakute,-3.36456,28.0673,Kashilenge,1340,0.33
Sud-Kivu,Mwenga,Lunji,-3.479655,28.605442,,,
Sud-Kivu,Mwenga,Lusasa Gr Basimukindje II,-3.323194,28.751583,,,
Sud-Kivu,Mwenga,Lusenge Gr Basimwenda I,-3.216668,28.316668,Ibenga,1559,0.46
Sud-Kivu,Mwenga,Lusololo Kangando Gr Banakyungu,-3.159783,28.184341,Kangandu,1832,0.56
Sud-Kivu,Mwenga,Lusungu Gr Bause,-2.958441,28.105,,,
Sud-Kivu,Mwenga,Lutandala Gr Basimukindje II,-3.26646,28.8108,,,
Sud-Kivu,Mwenga,Maga Gr Bakute,-3.305341,28.1688,Kalongozi,1609,0.31
Sud-Kivu,Mwenga,Maheta Gr Basimukindje II,-3.403133,28.865784,Mutara,1777,0.5
Sud-Kivu,Mwenga,Makaina,-3.733715,28.734657,Akanda,820,0.77
Sud-Kivu,Mwenga,Makenda Gr Basimukindje I,-3.484801,28.7137,,,
Sud-Kivu,Mwenga,Makito Banakyungu,-3.185301,28.187643,Makito,272,0.52
Sud-Kivu,Mwenga,Makutano Gr Basimunyaka,-3.76725,28.56202,,,
Sud-Kivu,Mwenga,Malanda Gr Basimwenda,-3.723834,28.605282,,,
Sud-Kivu,Mwenga,Malangi Gr Balinzi,-3.346668,28.088667,Molonge,85,0.57
Sud-Kivu,Mwenga,Mambalu Gr Banampute,-3.257741,27.9804,Lugela,1970,0.31
Sud-Kivu,Mwenga,Mandja Gr Basimukuma,-3.439831,28.3488,Mabula,413,0.5
Sud-Kivu,Mwenga,Manungu,-3.540449,27.644463,,,
Sud-Kivu,Mwenga,Mapale Gr Bagunga,-3.3832,27.8734,Makalanga,1961,0.53
Sud-Kivu,Mwenga,Mapale Gr Bawandeme,-3.279388,27.876785,Makongombwe,64,0.35
Sud-Kivu,Mwenga,Marundi,-3.733715,28.734657,Akanda,820,0.46
Sud-Kivu,Mwenga,Mayamoto Gr Basimukindje II,-3.408144,28.716663,,,
Sud-Kivu,Mwenga,Mbelekelo Gr Bakute,-3.345298,28.136045,Namukomango,1249,0.3
Sud-Kivu,Mwenga,Mela Gr Bangunga,-3.31667,28.01667,,,
Sud-Kivu,Mwenga,Mero,-3.063937,28.151499,,,
Sud-Kivu,Mwenga,Mibunda Gr Basimwenda,-3.671022,28.544409,Nkango,1846,0.31
Sud-Kivu,Mwenga,Migamba,-3.324941,27.950048,Nyangulube,1716,0.24
Sud-Kivu,Mwenga,Mikenge Gr Basimukindje I,-3.44973,28.44757,,,
Sud-Kivu,Mwenga,Miki Gr Basimukindje I,-3.361149,28.685892,,,
Sud-Kivu,Mwenga,Milamba,-3.308301,28.1729,Kalongozi,1058,0.12
Sud-Kivu,Mwenga,Milanga,-3.4,28.466667,,,
Sud-Kivu,Mwenga,Milungu,-3.0,28.333332,Kaboge,1202,0.15
Sud-Kivu,Mwenga,Misanya Gr Bizalugulu,-2.87637,28.2657,,,
Sud-Kivu,Mwenga,Misebo Gr Kalambi,-2.988851,28.46728,Misebu,1553,0.83
Sud-Kivu,Mwenga,Miza Gr Batumba,-3.161608,28.609652,,,
Sud-Kivu,Mwenga,Mugutu Gr Basimukindje II,-3.248189,28.804012,,,
Sud-Kivu,Mwenga,Muhuzi Gr Kigogo,-3.190223,28.756886,,,
Sud-Kivu,Mwenga,Muhwi Gr Luchiga,-2.826268,28.448162,Kibanda,1306,0.17
Sud-Kivu,Mwenga,Mukemenge Gr Babongolo,-3.142898,27.917864,,,
Sud-Kivu,Mwenga,Mukono Gr Kigogo,-3.147457,28.779793,,,
Sud-Kivu,Mwenga,Mulama,-2.850287,28.773752,Kakoma,1692,0.5
Sud-Kivu,Mwenga,Mulama Kakulu,-3.035091,28.357445,Mulama,504,0.63
Sud-Kivu,Mwenga,Mulambalamba Gr Basimwenda,-3.332587,28.534185,,,
Sud-Kivu,Mwenga,Mulambi,-2.747781,28.67194,Musa,1250,0.55
Sud-Kivu,Mwenga,Mulambi Gr Mulambi,-2.838549,28.687807,Muhola,1099,0.62
Sud-Kivu,Mwenga,Mulambula,-3.069762,28.245321,Kibumbu,1650,0.5
Sud-Kivu,Mwenga,Mulanga Gr Mulanga,-2.8614,28.60507,,,
Sud-Kivu,Mwenga,Mulombozi Gr Basimwenda I,-3.288028,28.482836,,,
Sud-Kivu,Mwenga,Munda,-3.083334,28.4,,,
Sud-Kivu,Mwenga,Mungombe,-3.040864,28.247593,Kalibwe,744,0.27
Sud-Kivu,Mwenga,Munyaka,-3.45361,28.375109,,,
Sud-Kivu,Mwenga,Musamba Gr Basibugembe,-2.955791,28.4969,Kashaka,1603,0.43
Sud-Kivu,Mwenga,Mushugula Gr Karhundu,-2.842587,28.767548,Mushadu,1903,0.62
Sud-Kivu,Mwenga,Musiseme,-3.030752,28.135038,,,
Sud-Kivu,Mwenga,Musondjo Gr Basimukindje II,-3.380013,28.699156,,,
Sud-Kivu,Mwenga,Mutingwa Gr Basimbi,-3.333301,27.9812,Minkomba,366,0.5
Sud-Kivu,Mwenga,Mutunda  Gr Basimukindje I,-3.91242,28.823275,,,
Sud-Kivu,Mwenga,Mutunda II Gr Bizalugulu,-2.86128,28.3293,,,
Sud-Kivu,Mwenga,Muzombo,-3.022223,28.333332,Manyota,892,0.29
Sud-Kivu,Mwenga,Mwembeje Gr Kigogo,-3.05049,28.6993,,,
Sud-Kivu,Mwenga,Mwenga Gr Babulinzi,-3.040791,28.43151,Cite Ilunga,794,0.5
Sud-Kivu,Mwenga,Mwiram Gr Luchiga,-2.950557,28.7525,,,
Sud-Kivu,Mwenga,Mwite Gr Basimukindje II,-3.278919,28.812868,,,
Sud-Kivu,Mwenga,Nabugukwa Gr Chirere,-2.961087,28.639837,Cirere,1660,0.0
Sud-Kivu,Mwenga,Nakakungukwa Gr Basimukindje II,-3.332286,28.724234,,,
Sud-Kivu,Mwenga,Nakisambi Gr Basimukindje I,-3.60197,28.7632,,,
Sud-Kivu,Mwenga,Nalubombekwa,-3.712149,28.591694,,,
Sud-Kivu,Mwenga,Nandjale Gr Basimukindje II,-3.392603,28.760508,,,
Sud-Kivu,Mwenga,Ndebendebe Gr Babulinzi,-2.837893,28.367197,,,
Sud-Kivu,Mwenga,Nemba Gr Basimukindje I,-3.41555,28.57,Ngyabu,1028,0.36
Sud-Kivu,Mwenga,Ngando gr Balobola,-2.841349,28.431776,,,
Sud-Kivu,Mwenga,Ngomeyano Gr Basimukindje I,-3.616668,28.433332,,,
Sud-Kivu,Mwenga,Nguza Gr Basimukindje II,-3.322861,28.70136,,,
Sud-Kivu,Mwenga,Niabongo,-2.9692,28.1203,,,
Sud-Kivu,Mwenga,Nitala Gr Kigogo,-3.043444,28.825306,,,
Sud-Kivu,Mwenga,Njolinjoli Gr Babongolo,-3.372621,27.839258,G 3 Mabondo,1431,0.19
Sud-Kivu,Mwenga,Nkambye Chondo Gr Mirindja,-2.878227,28.65844,Kalambo,954,0.48
Sud-Kivu,Mwenga,Nshalashala Gr Mirinja,-2.883641,28.6591,Kalambo,980,0.33
Sud-Kivu,Mwenga,Ntondo/Burhinyi,-2.92198,28.630823,Bushali,1157,0.36
Sud-Kivu,Mwenga,Nyabale Gr Basimwenda I,-3.233334,28.4,,,
Sud-Kivu,Mwenga,Nyabaleke Gr Ilowe,-3.15427,28.689,,,
Sud-Kivu,Mwenga,Nyabimputu Gr Bagunga,-3.27467,28.0181,Tunkele,198,0.24
Sud-Kivu,Mwenga,Nyabongo,-3.010374,28.142826,,,
Sud-Kivu,Mwenga,Nyamisanzale Gr Bagunga,-3.317972,28.116922,,,
Sud-Kivu,Mwenga,Point Zéro Gr Basimukindje I,-3.856857,28.842566,Bilindi,1446,0.24
Sud-Kivu,Mwenga,Rugabano,-3.8586,28.7727,Kagano 1,1990,0.5
Sud-Kivu,Mwenga,Ruhangarika Gr Basimunyaka,-3.722333,28.528168,,,
Sud-Kivu,Mwenga,Rushasha Gr Basimukindje I,-3.719733,28.659206,,,
Sud-Kivu,Mwenga,Sayuni Gr Basimwenda,-3.63635,28.649967,Kibundi,1438,0.46
Sud-Kivu,Mwenga,Sungwe,-2.975914,28.428104,,,
Sud-Kivu,Mwenga,Tabunde Gr Basimunyaka,-3.78251,28.515686,,,
Sud-Kivu,Mwenga,Tubangwa Gr Bashimwenda,-3.713333,28.574722,,,
Sud-Kivu,Mwenga,Tubemba Gr Kigogo,-3.061991,28.8051,Bihema,1536,0.62
Sud-Kivu,Mwenga,Tulambo,-3.716667,28.633333,Nalubombeko,1695,0.44
Sud-Kivu,Mwenga,Tulambo Foret Gr Basimukindje I,-3.665911,28.486242,,,
Sud-Kivu,Mwenga,Tulemba Gr Bizalugulu,-2.88967,28.232,Kigalama Centre,56,0.4
Sud-Kivu,Mwenga,Tulembelembe,-3.71081,28.726515,,,
Sud-Kivu,Mwenga,Tumungu Gr Basimukindje I,-3.616944,28.634443,Rushasha 1,1746,0.12
Sud-Kivu,Mwenga,Tuwetuwe Gr Basimukindje I,-3.745501,28.74035,Kilulwe,1562,0.4
Sud-Kivu,Mwenga,Zalya,-3.066667,28.4,Masasu,1776,0.36
Sud-Kivu,Mwenga,Zombe Gr Bashimwenda I,-3.161001,28.52541,,,
Sud-Kivu,Shabunda,,-2.57967,27.6696,,,
Sud-Kivu,Shabunda,Administratif,-2.6954,27.346762,Democratie,1329,0.52
Sud-Kivu,Shabunda,Akulu,-2.700001,27.33333,Mankulu,1420,0.83
Sud-Kivu,Shabunda,Banangenge Gr Ikama Kasanza,-3.865673,27.946205,,,
Sud-Kivu,Shabunda,Bangoma,-2.933333,27.133333,Masanga,1419,0.57
Sud-Kivu,Shabunda,Basela Gr Nkulu,-3.447561,27.1992,Mabala,1240,0.67
Sud-Kivu,Shabunda,Batali,-3.916667,27.433332,Kisanga,1573,0.31
Sud-Kivu,Shabunda,Batebo,-2.883333,27.116667,Lukumba,1184,0.31
Sud-Kivu,Shabunda,Batende,-3.745662,27.309076,,,
Sud-Kivu,Shabunda,Bibugwa Gr Bamuguba Sud,-2.678267,28.266266,Kitunda,1236,0.43
Sud-Kivu,Shabunda,Biganangwa Gr Bamuguba Nord,-2.520861,27.319221,Kimbondi 3,1741,0.2
Sud-Kivu,Shabunda,Bikili,-2.903351,28.002287,Kamingisi,684,0.4
Sud-Kivu,Shabunda,Bilibwa,-2.683331,27.83333,,,
Sud-Kivu,Shabunda,Bimpanga Gr Ikama Kasanza,-3.700001,27.616667,,,
Sud-Kivu,Shabunda,Brazza Gr  Bamuguba Sud,-2.624285,28.2969,,,
Sud-Kivu,Shabunda,Bugumbu Gr Baliga,-3.049454,27.990099,,,
Sud-Kivu,Shabunda,Bukokoti,-2.80125,27.96886,,,
Sud-Kivu,Shabunda,Bukumbu,-2.56667,27.98333,Tchaminyavu,1956,0.11
Sud-Kivu,Shabunda,Byangama Gr Bamuguba Sud,-2.555403,27.636278,Mwanansege,752,0.33
Sud-Kivu,Shabunda,"carré minier ""Kangwese""",-2.296512,27.139286,,,
Sud-Kivu,Shabunda,"carré minier ""Mulumba"" Gr Baliga",-2.96533,27.7399,Mulumba,70,0.52
Sud-Kivu,Shabunda,"carré minier ""Watunondo"" Gr Bamuguba Sud",-2.796901,27.99851,,,
Sud-Kivu,Shabunda,Chabene Gr Ikama Kasanza,-3.536825,27.76183,Kantali,152,0.29
Sud-Kivu,Shabunda,Chez John Gr Bamuguba Nord,-2.251281,27.8102,Mapela,27,0.13
Sud-Kivu,Shabunda,Ibomba,-2.862196,26.981783,,,
Sud-Kivu,Shabunda,Ibozia Gr Bamubuga Nord,-2.178973,27.610016,,,
Sud-Kivu,Shabunda,Idangi Gr Bamuguba Sud,-2.256373,28.258408,Kalangule,1322,0.4
Sud-Kivu,Shabunda,Idunga Gr Bamuguba Sud,-2.323286,28.290092,,,
Sud-Kivu,Shabunda,Ikama Kasanza Gr Ikama Kasanza,-3.5395,27.6629,,,
Sud-Kivu,Shabunda,Ikapi Gr Baliga,-2.792167,27.989195,,,
Sud-Kivu,Shabunda,Ikeke Gr Bamuguba Sud,-2.690351,28.11258,,,
Sud-Kivu,Shabunda,Ikozi,-2.533067,27.618511,Ipuli 1,1075,0.33
Sud-Kivu,Shabunda,Ikunza,-2.816667,27.683332,,,
Sud-Kivu,Shabunda,Ikuti,-2.818007,27.59929,,,
Sud-Kivu,Shabunda,Isambi,-2.343849,27.646824,Ntuku,1734,0.0
Sud-Kivu,Shabunda,Isega Katakata Gr Bangoma,-2.71621,27.388144,Isega,377,0.53
Sud-Kivu,Shabunda,Itanga Muliko Gr Bamuguba Sud,-2.356291,28.4055,Itanga,1374,0.63
Sud-Kivu,Shabunda,Itengia,-2.490835,28.25385,,,
Sud-Kivu,Shabunda,Itula II,-3.498833,27.843096,,,
Sud-Kivu,Shabunda,Kabilimbi,-2.574899,27.987991,Idinga,1367,0.13
Sud-Kivu,Shabunda,Kabilimbi Nord,-2.322528,27.943916,Mukele,1517,0.2
Sud-Kivu,Shabunda,Kabuka,-2.633333,28.05,,,
Sud-Kivu,Shabunda,Kabukiki Gr Baliga,-2.697751,28.0899,Lutika,966,0.29
Sud-Kivu,Shabunda,Kabulongo Gr Ikama Kasanza,-3.732472,27.802168,Katembele,1867,0.44
Sud-Kivu,Shabunda,Kabumbi Gr Bamuguba Nord,-2.148951,27.9031,,,
Sud-Kivu,Shabunda,Kagoga Gr Bamuguba Nord,-2.629601,27.8339,,,
Sud-Kivu,Shabunda,Kakoki Gr Bamuguba Sud,-2.508362,27.86925,,,
Sud-Kivu,Shabunda,Kakokote,-2.676817,28.0383,Kakongia,25,0.5
Sud-Kivu,Shabunda,Kakozi,-2.6,27.716667,Kisima,1296,0.33
Sud-Kivu,Shabunda,Kakuru Gr Bamuguba Sud,-2.471401,28.272125,Lwamba,1171,0.17
Sud-Kivu,Shabunda,Kalekwa Gr Baliga,-2.837472,27.918278,,,
Sud-Kivu,Shabunda,Kaligila Gr Bamuguba Nord,-2.216668,27.333332,,,
Sud-Kivu,Shabunda,Kalizo Gr Bamuguba Sud,-2.72645,28.2274,,,
Sud-Kivu,Shabunda,Kamitonko Gr Bamuguba Sud,-2.333334,28.083332,,,
Sud-Kivu,Shabunda,Kampala Gr Bamuguba Sud,-2.200001,27.75,,,
Sud-Kivu,Shabunda,Kampemba Gr Baliga,-2.84811,27.9619,,,
Sud-Kivu,Shabunda,Kamungini Gr Bamuguba Sud,-2.738961,27.9274,Nsangi,1421,0.53
Sud-Kivu,Shabunda,Kangombe Gr Bamuguba Nord,-2.26544,27.64822,,,
Sud-Kivu,Shabunda,Kantamba Gr Bangoma,-2.283334,27.683332,Kantombi,1244,0.75
Sud-Kivu,Shabunda,Kantombi Gr Bamuguba Sud,-2.397831,28.067476,,,
Sud-Kivu,Shabunda,Kanyama Gr Bamuguba Nord,-2.34284,27.69736,,,
Sud-Kivu,Shabunda,Kapilapila Gr Batali,-3.769553,27.172932,,,
Sud-Kivu,Shabunda,Kasangati Gr Bagabo,-2.481253,27.172798,,,
Sud-Kivu,Shabunda,Kasilu,-2.55,28.05,,,
Sud-Kivu,Shabunda,Kasugulu Gr Ikama Kasanza,-3.769681,27.8476,Walubazi,1173,0.38
Sud-Kivu,Shabunda,Kasumba Gr Bamuguba Sud,-2.79984,28.2628,,,
Sud-Kivu,Shabunda,Kata Gr Bamuguba Sud,-2.730583,27.960112,,,
Sud-Kivu,Shabunda,Katanti Gr Batchung,-2.301557,27.138529,,,
Sud-Kivu,Shabunda,Katchungu Gr Bamuguba Nord,-2.440491,27.392265,Matonge,137,0.5
Sud-Kivu,Shabunda,Katembele Gr Ikama Kasanza,-3.753881,27.67511,,,
Sud-Kivu,Shabunda,Kato,-2.350001,27.633333,Wameri,1960,0.2
Sud-Kivu,Shabunda,Katshungu,-2.450001,27.38333,Matonge,1318,0.5
Sud-Kivu,Shabunda,Katusi Gr Bamuguba Sud,-2.274627,27.996275,Katenge,1799,0.46
Sud-Kivu,Shabunda,Kazegama Gr. Bamuguba Sud,-2.473011,27.7926,,,
Sud-Kivu,Shabunda,Kazozola Gr Bangoma,-2.807713,27.388288,,,
Sud-Kivu,Shabunda,Keba Gr Bamuguba Sud,-2.739275,27.92709,Wibingilila,1875,0.27
Sud-Kivu,Shabunda,Kiaselela Gr Bamuguba Sud,-2.566132,28.18299,,,
Sud-Kivu,Shabunda,Kibumbu,-2.7027,28.230133,Kimbili,81,0.57
Sud-Kivu,Shabunda,Kifuko-Parking Gr Baliga,-2.795765,27.959003,,,
Sud-Kivu,Shabunda,Kigilube,-2.6671,28.347,Kibandamangobo,1466,0.36
Sud-Kivu,Shabunda,Kigulube Gr Bamuguba Sud,-2.664842,27.993979,Nyamukulu,369,0.47
Sud-Kivu,Shabunda,Kigulube-Byasese Gr Bamuguba Sud,-2.599949,28.016682,,,
Sud-Kivu,Shabunda,Kikama Kasanza Gr Ikama Kasanza,-3.537391,27.68264,Milanga,1237,0.38
Sud-Kivu,Shabunda,Kikungu Gr Ikama-kasanza,-3.536325,27.621305,Mukenge,1346,0.43
Sud-Kivu,Shabunda,Kilogozi Ikama Kasanza,-3.789713,27.85991,,,
Sud-Kivu,Shabunda,Kilundu Gr Ikama Kasanza,-3.71498,27.8082,,,
Sud-Kivu,Shabunda,Kimbalu Gr Bangoma,-2.866668,27.566668,,,
Sud-Kivu,Shabunda,Kimbondi Gr Bamuguba Sud,-2.564278,27.265194,Kibanda 2,190,0.59
Sud-Kivu,Shabunda,Kinkobongo Gr Bamuguba Sud,-2.556989,28.213858,,,
Sud-Kivu,Shabunda,Kinkolongo-Kamushale Gr Bangoma,-2.75764,27.5727,Knkobongo,253,0.55
Sud-Kivu,Shabunda,Kinsembe Gr Bamuguba Sud,-2.62035,28.1772,,,
Sud-Kivu,Shabunda,Kinzanza,-2.566668,27.633333,Mwanansege,1274,0.33
Sud-Kivu,Shabunda,Kipulu Gr Bangoma,-2.876083,27.513083,,,
Sud-Kivu,Shabunda,Kisasa Gr Baliga,-2.866668,28.016666,,,
Sud-Kivu,Shabunda,Kiseku Gr Bamuguba Sud,-2.616668,27.833332,,,
Sud-Kivu,Shabunda,Kisenya Gr Bamuguba Sud ,-2.413312,27.989567,Mukombelwa,939,0.35
Sud-Kivu,Shabunda,Kitalaga Gr Baliga,-2.755271,27.8683,Kisasa,1328,0.57
Sud-Kivu,Shabunda,Kitandi Gr Baliga,-2.916667,27.95,Kitanditukumbi,1393,0.67
Sud-Kivu,Shabunda,Kitindi Gr Ikama Kasanza,-3.541323,27.690605,Milanga,252,0.29
Sud-Kivu,Shabunda,Kitoko,-2.833334,27.95,,,
Sud-Kivu,Shabunda,Kitulungu Gr Bamuguba Sud,-2.601557,28.151112,,,
Sud-Kivu,Shabunda,Kitumba - Kamakongo ,-2.762528,27.572666,Makongo,1342,0.58
Sud-Kivu,Shabunda,Kiziba-Mine Gr Ikama Kasanza,-3.448118,27.924198,Kiziba,1906,0.71
Sud-Kivu,Shabunda,Kyamilemba Gr Bamuguba Nord,-2.297801,27.5303,,,
Sud-Kivu,Shabunda,Kyasa,-2.045384,27.762459,,,
Sud-Kivu,Shabunda,Lekeza II Gr Bamuguba Sud,-2.38037,27.9782,Regeza,551,0.53
Sud-Kivu,Shabunda,Lolo Gr Bamuguba Nord,-2.25,27.716667,Nkuni,1694,0.0
Sud-Kivu,Shabunda,Lubila Gr Baliga,-2.748863,28.104069,Kyemba,408,0.33
Sud-Kivu,Shabunda,Lubumba/Tulole Gr Bamuguba Sud,-2.486861,28.2665,,,
Sud-Kivu,Shabunda,Lugondozi Gr Bamuguba Sud,-2.243561,28.2387,,,
Sud-Kivu,Shabunda,Lugulu Gr Bamuguba Sud,-2.548707,27.98667,Lukumba,1137,0.46
Sud-Kivu,Shabunda,Lugungu Gr Bangoma,-2.568265,27.264797,Lumona,348,0.46
Sud-Kivu,Shabunda,Lukando,-2.422717,27.165972,,,
Sud-Kivu,Shabunda,Lukigi Gr Baliga,-2.821881,28.3068,,,
Sud-Kivu,Shabunda,Lukumba Gr Nkulu,-3.564544,27.331043,Kakumbu,1401,0.57
Sud-Kivu,Shabunda,Lulingu Gr Bamuguba Nord,-2.337134,27.601171,Lwenga,106,0.46
Sud-Kivu,Shabunda,Lumpumbu,-2.383331,27.16667,,,
Sud-Kivu,Shabunda,Lumpumpu Gr Baliga,-2.6569,28.1696,,,
Sud-Kivu,Shabunda,Lungomangoma,-3.900001,27.9,,,
Sud-Kivu,Shabunda,Lupimbi Gr Bangom,-2.812758,27.350954,,,
Sud-Kivu,Shabunda,Lupumpu Gr Bamuguba Sud,-2.385139,27.169,,,
Sud-Kivu,Shabunda,Lutala Gr Bangoma,-2.55,27.233334,Katoleya,905,0.29
Sud-Kivu,Shabunda,Luyuyu Gr Bamuguba Sud,-2.207284,28.165833,,,
Sud-Kivu,Shabunda,Luza Gr Bamuguba Nord,-2.350001,27.4,Luza 1,1968,0.8
Sud-Kivu,Shabunda,Lwamba Gr Bamuguba Sud,-2.619051,28.1422,,,
Sud-Kivu,Shabunda,Lwatamba Gr Ikama Kasanza,-3.676779,27.482834,Bimpanga,48,0.25
Sud-Kivu,Shabunda,Lwigi Gr Bamuguba Sud,-2.524723,27.996416,Kabilu,51,0.18
Sud-Kivu,Shabunda,Magungu Gr Bamuguba Sud,-2.250561,27.94875,,,
Sud-Kivu,Shabunda,Makala Gr Bamuguba,-2.15693,27.8333,Nyamukele,859,0.4
Sud-Kivu,Shabunda,Makamba Gr Basitabyale,-3.71997,27.332832,Katende 2,1220,0.25
Sud-Kivu,Shabunda,Makutano,-2.800001,26.95,Mapimo,1946,0.43
Sud-Kivu,Shabunda,Mambalu Gr Baliga,-2.904866,28.037863,Kalaga,19,0.31
Sud-Kivu,Shabunda,Manganèse Gr Bamuguba sud,-2.441568,27.93839,,,
Sud-Kivu,Shabunda,Mangwese Gr Bamuguba Sud,-2.350972,27.972029,Magungu,176,0.53
Sud-Kivu,Shabunda,Mapela Gr Bamuguba Nord,-2.233051,27.7849,Nyakibila,67,0.4
Sud-Kivu,Shabunda,Mapimo Gr Bakyunga,-2.268873,27.129486,,,
Sud-Kivu,Shabunda,Mapimo Gr Bamuguba Sud,-2.734081,27.9348,,,
Sud-Kivu,Shabunda,Masaliga Gr Bamuguba Nord,-2.192559,27.928156,,,
Sud-Kivu,Shabunda,Masanga Gr Bakyunga,-2.950001,27.1,,,
Sud-Kivu,Shabunda,Matamba Gr Bamuguba Nord,-2.07842,27.88259,,,
Sud-Kivu,Shabunda,Mazi Gr Bamuguba Sud,-2.81319,28.2014,,,
Sud-Kivu,Shabunda,Mboza Gr Baliga,-2.927581,28.0831,,,
Sud-Kivu,Shabunda,Mikelo,-3.583334,27.583332,,,
Sud-Kivu,Shabunda,Milanga Gr Nkulu,-3.60494,27.138,Makako,1198,0.46
Sud-Kivu,Shabunda,Milange Gr Batali,-3.61429,27.113356,Kangole,1676,0.57
Sud-Kivu,Shabunda,Milili Gr Baliga,-2.891722,27.784117,,,
Sud-Kivu,Shabunda,Mimanda Gr Bamuguba Sud,-2.194061,28.0831,,,
Sud-Kivu,Shabunda,Minoro,-2.391678,27.16953,,,
Sud-Kivu,Shabunda,Misegesege Gr Bakyunga,-2.292667,27.140223,,,
Sud-Kivu,Shabunda,Misima Gr Bamuguba Sud,-2.795301,28.009512,Lubila 1,1063,0.29
Sud-Kivu,Shabunda,Mitala Gr Bamuguba Sud,-2.666667,28.116667,,,
Sud-Kivu,Shabunda,Mitala II,-2.67325,28.022566,Mitala,1076,0.8
Sud-Kivu,Shabunda,Mizombo,-3.385553,27.207628,Tangila,309,0.14
Sud-Kivu,Shabunda,Mizungubila Gr Bamuguba Sud,-2.63849,27.9979,,,
Sud-Kivu,Shabunda,Mpemba Gr Bamuguba Sud ,-2.62968,27.8333,,,
Sud-Kivu,Shabunda,Mpwe Gr Bamuguba Sud,-2.616668,27.983334,Nzibi,1545,0.0
Sud-Kivu,Shabunda,Mubala Gr Ikama Kasanza,-3.8707,27.9121,,,
Sud-Kivu,Shabunda,Mugabilu Gr Bamuguba sud,-2.327791,27.876348,,,
Sud-Kivu,Shabunda,Mugala Gr Bangoma,-2.646889,27.323917,Kalenga,382,0.31
Sud-Kivu,Shabunda,Mukangi Gr Bamuguba Sud,-2.657381,27.9188,,,
Sud-Kivu,Shabunda,Mukenge Gr Ikama Kasanza,-3.539856,27.649937,,,
Sud-Kivu,Shabunda,Mukoloka Gr Ikama Kasanza,-3.533334,27.6,Mukenge,1967,0.4
Sud-Kivu,Shabunda,Mulolo Gr Bamuguba Sud,-2.469709,27.647095,,,
Sud-Kivu,Shabunda,Mulungu,-2.883333,27.116667,Mutunda 2,862,0.5
Sud-Kivu,Shabunda,Mulungu Gr Baliga,-2.924437,27.93201,Lumpumpu,204,0.4
Sud-Kivu,Shabunda,Mumbili Gr Bamuguba Sud,-2.284436,28.008835,Kibila,846,0.46
Sud-Kivu,Shabunda,Mumbilwa,-2.492112,27.53092,Palais 2,986,0.12
Sud-Kivu,Shabunda,Mungembe Gr Bagabo,-2.783127,26.942757,Mapimo,241,0.29
Sud-Kivu,Shabunda,Museme,-3.8,27.7,,,
Sud-Kivu,Shabunda,Musima,-2.857807,27.18665,Mizombo 2,1206,0.4
Sud-Kivu,Shabunda,Muta Gr Bamuguba Sud,-2.679082,28.000172,Mitala,1886,0.6
Sud-Kivu,Shabunda,Muta sud Gr  Bamuguba Sud,-2.690579,27.981745,Kamungini,432,0.24
Sud-Kivu,Shabunda,Muzombo Gr Baliga,-2.855991,27.831524,,,
Sud-Kivu,Shabunda,Myagati Gr Bamuguba Sud,-2.366668,28.083332,,,
Sud-Kivu,Shabunda,Ndeya Gr Bamuguba Sud,-2.747595,27.50645,Pahapa,1280,0.18
Sud-Kivu,Shabunda,Nduma Gr Bamuguba Nord,-2.15833,27.755587,,,
Sud-Kivu,Shabunda,Ngola Gr Bamuguba Nord,-2.2177,27.847748,,,
Sud-Kivu,Shabunda,Niakibizio Gr Baliga,-2.716667,27.891245,,,
Sud-Kivu,Shabunda,Nkoba Gr Bangoma,-2.748998,27.263807,Mpoba,1196,0.6
Sud-Kivu,Shabunda,Nkumi Gr Bamuguba Nord,-2.271744,27.705519,Nkuni,1380,0.8
Sud-Kivu,Shabunda,Nsele II Gr Baliga,-2.801455,27.732758,Nsele,539,0.77
Sud-Kivu,Shabunda,Nsoze Gr Bamuguba Sud,-2.754056,27.981167,,,
Sud-Kivu,Shabunda,Ntunga,-2.916667,27.866667,,,
Sud-Kivu,Shabunda,Ntunga I Gr Baliga,-2.944004,27.877232,Kibangula,18,0.35
Sud-Kivu,Shabunda,Nyabantu Gr Bamuguba Sud,-2.616668,28.283333,,,
Sud-Kivu,Shabunda,Nyabiliba Gr Ikama Kasanza,-3.874331,27.9244,,,
Sud-Kivu,Shabunda,Nyabuke Gr Baliga,-2.879792,27.871284,Babibu,1816,0.46
Sud-Kivu,Shabunda,Nyafofo Gr Bamuguba Sud,-2.733888,28.135172,,,
Sud-Kivu,Shabunda,Nyalinga Gr Baliga,-2.822639,27.952053,,,
Sud-Kivu,Shabunda,Nyalusungu Gr Bamuguba Nord,-2.222272,27.875143,,,
Sud-Kivu,Shabunda,Nyamingilingili Gr Baliga,-3.08389,27.963362,,,
Sud-Kivu,Shabunda,Nyamingongo Gr Ikama Kasanza,-3.799901,27.8739,,,
Sud-Kivu,Shabunda,Nyamisela Gr Bangoma,-2.622196,27.274023,,,
Sud-Kivu,Shabunda,Nyombe Gr Bamuguba Sud,-2.674934,28.304283,,,
Sud-Kivu,Shabunda,Nzibi Gr Bamuguba Sud,-2.576226,27.998154,,,
Sud-Kivu,Shabunda,Nzingu Gr Ikama Kasanza,-3.541406,27.685015,Milanga,841,0.46
Sud-Kivu,Shabunda,Nzovu Gr Bamuguba Sud,-2.551833,27.99575,Tchaminyavu,195,0.38
Sud-Kivu,Shabunda,Sampumbulu Gr Bamuguba Sud,-2.524801,27.9963,Kabilu,36,0.5
Sud-Kivu,Shabunda,Seseti Gr Bamuguba Sud,-2.692811,28.060911,Kiluma,1724,0.17
Sud-Kivu,Shabunda,Shabunda Gr Bangoma,-2.693457,27.346895,Zabnga,351,0.57
Sud-Kivu,Shabunda,Tchelamazi Gr Balobola,-2.83912,28.378,,,
Sud-Kivu,Shabunda,Tchelamazi Gr Bamuguba Nord,-2.22329,27.8509,,,
Sud-Kivu,Shabunda,Tchombi Gr Bamuguba Sud,-2.669349,27.521088,Mabala,1663,0.31
Sud-Kivu,Shabunda,Tchonka Gr Bamuguba Nord,-2.321003,27.539215,Somonki,112,0.43
Sud-Kivu,Shabunda,Topetope Gr Bamuguba Sud,-2.294261,27.981577,,,
Sud-Kivu,Shabunda,Tshakindo Gr Bamuguba Sud,-2.483403,27.680765,,,
Sud-Kivu,Shabunda,Tubambu Gr Bamuguba Sud,-2.589778,27.694721,,,
Sud-Kivu,Shabunda,Tukutu Gr Bamuguba Nord,-2.233334,27.716667,,,
Sud-Kivu,Shabunda,Tunkele Gr Ikama Kasanza,-3.538157,27.699535,Katanga,1601,0.29
Sud-Kivu,Shabunda,Tusangane Gr Bamuguba Sud,-2.720236,28.124912,,,
Sud-Kivu,Shabunda,Wakibonga Gr Bamuguba Nord,-2.463181,27.8211,,,
Sud-Kivu,Shabunda,Walianga Gr Bamuguba Sud,-2.42963,27.77655,,,
Sud-Kivu,Shabunda,Walintolo Gr Ikama Kasanza,-3.538557,27.639084,Nkoba,1691,0.14
Sud-Kivu,Shabunda,Walubaza,-3.75,27.883333,,,
Sud-Kivu,Shabunda,Waminkumbu Gr Bangoma,-2.657181,27.326302,Kamisuku,1596,0.56
Sud-Kivu,Shabunda,Wananzo Gr Bamuguba Sud,-2.755255,27.86831,Tchantabo,1352,0.5
Sud-Kivu,Shabunda,Wananzo Gr Bamuguba Sud,-2.751101,27.8394,,,
Sud-Kivu,Shabunda,Wibingilila Gr Baliga,-2.802918,27.950083,,,
Sud-Kivu,Shabunda,Ysezia Gr Bamuguba Sud,-2.683204,28.199957,,,
Sud-Kivu,Uvira,Bibangwa Gr Kigoma,-3.1595,28.87328,,,
Sud-Kivu,Uvira,Bijojo Gr Kigoma,-3.084382,28.869354,,,
Sud-Kivu,Uvira,Bijombo Gr Bijombo,-3.55389,28.848057,Commune,1990,0.29
Sud-Kivu,Uvira,Birindiro Gr Kigoma,-3.202364,28.858938,,,
Sud-Kivu,Uvira,Biziba Gr kijaga,-3.409066,29.050673,Kishembwe,1410,0.13
Sud-Kivu,Uvira,Bubamba Gr Lemera,-3.007134,29.033392,,,
Sud-Kivu,Uvira,Bugogoma Gr Bijombo,-3.411191,28.9869,,,
Sud-Kivu,Uvira,Bukeyi Gr Lemera,-2.949346,28.997192,Bukeye,1354,0.83
Sud-Kivu,Uvira,Buronge Gr Bijombo,-3.549701,28.9929,,,
Sud-Kivu,Uvira,Busha Gr Lemera,-2.970098,29.04168,,,
Sud-Kivu,Uvira,Butumba Gr Kigoma,-3.14953,29.03261,,,
Sud-Kivu,Uvira,Bwangwa  Gr Lemera,-3.036334,28.989029,Malunde,1335,0.29
Sud-Kivu,Uvira,Chanzovu Gr Bijombo,-3.500721,28.88582,,,
Sud-Kivu,Uvira,Escarpement de Luhanga,-3.513144,29.147635,Musingwe,1805,0.2
Sud-Kivu,Uvira,Gomba Gr Kalungwe,-3.49525,29.097555,,,
Sud-Kivu,Uvira,Gongwa Gr Bijombo,-3.4178,28.9318,Mitamba,1240,0.15
Sud-Kivu,Uvira,Hongero Gr Muhungu,-3.243612,29.182764,Annuarite,525,0.25
Sud-Kivu,Uvira,Hwehwe Gr Bijombo,-3.413495,28.961418,,,
Sud-Kivu,Uvira,Igaze Gr Luvungi,-2.83,28.95777,Itenga,1978,0.55
Sud-Kivu,Uvira,Ishenge Gr Bijombo,-3.573702,28.849754,Gosheni,1105,0.57
Sud-Kivu,Uvira,Itara Gr Luvungi,-2.866668,29.0,,,
Sud-Kivu,Uvira,Kabere Gr Kigoma,-3.07575,29.0635,,,
Sud-Kivu,Uvira,Kabindibindi Gr Bijombo,-3.543722,28.851557,,,
Sud-Kivu,Uvira,Kabindula,-3.410779,29.134056,Bula,1141,0.62
Sud-Kivu,Uvira,Kabondo Gr Lemera,-3.038684,28.9722,Kidote,1295,0.46
Sud-Kivu,Uvira,Kabunambo Gr Kabunambo,-3.172184,29.216373,Mwaba,405,0.43
Sud-Kivu,Uvira,Kadota Gr Kitundu,-3.339695,29.078085,,,
Sud-Kivu,Uvira,Kaduma,-3.15919,29.00858,Bushajaaga,1136,0.25
Sud-Kivu,Uvira,Kagabwe Gr Kigoma,-3.164662,28.940285,,,
Sud-Kivu,Uvira,Kagenge,-3.05664,29.11819,Maendeleo,1885,0.5
Sud-Kivu,Uvira,Kageregere Gr Kigoma,-3.2482,29.0224,Mukimbagiro,1252,0.38
Sud-Kivu,Uvira,Kagogo Gr Bijombo,-3.52433,28.89294,,,
Sud-Kivu,Uvira,Kahanda Gr Lemera,-2.99031,29.04347,,,
Sud-Kivu,Uvira,Kaholoholo Gr Kigoma,-3.2178,29.0231,,,
Sud-Kivu,Uvira,Kahololo Gr Kigoma,-3.22361,28.943,Katwaro,1592,0.4
Sud-Kivu,Uvira,Kahuna Gr Bijombo,-3.55319,28.90249,,,
Sud-Kivu,Uvira,Kahungwe Gr Luvungi,-2.830001,28.9,Karhende,1505,0.62
Sud-Kivu,Uvira,Kajembwe Gr Bijombo,-3.607238,28.984028,,,
Sud-Kivu,Uvira,Kajimbo Gr Kigoma,-3.059167,29.078417,Kahungwe,112,0.27
Sud-Kivu,Uvira,Kakamba Gr Kakamba,-2.896641,29.04922,Nyabahanga,1272,0.35
Sud-Kivu,Uvira,Kalonge Gr Kalungwe,-3.414722,29.034445,,,
Sud-Kivu,Uvira,Kalundu,-3.42714,29.132221,Kalungwe,1160,0.67
Sud-Kivu,Uvira,Kanga Gr Kigoma,-3.16567,29.06125,Kala,1955,0.67
Sud-Kivu,Uvira,Kangwe Gr Bijombo,-3.605388,28.846699,,,
Sud-Kivu,Uvira,Kanigo Businga Gr Itara,-2.914401,28.9528,Kanigo,695,0.6
Sud-Kivu,Uvira,Kanono Gr Bijombo,-3.403389,28.983694,,,
Sud-Kivu,Uvira,Kanyola Gr Katala,-3.331913,29.140167,Rugenge Nord,1977,0.21
Sud-Kivu,Uvira,Kasama Gr luvungi,-3.317501,29.14078,,,
Sud-Kivu,Uvira,Kashama Gr Lemera,-2.896471,28.9213,Namuziba,1712,0.4
Sud-Kivu,Uvira,Kashengo Gr Kigoma,-3.144561,28.95711,,,
Sud-Kivu,Uvira,Kataka Gr Kalungwe,-3.455833,29.034721,,,
Sud-Kivu,Uvira,Katala Gr Katala,-3.337191,29.13489,,,
Sud-Kivu,Uvira,Katanga Gr Bijombo,-3.420726,28.894297,,,
Sud-Kivu,Uvira,Katekama Gr Luberizi,-3.01556,29.08889,,,
Sud-Kivu,Uvira,Katembo,-2.848333,28.946112,,,
Sud-Kivu,Uvira,Katobo Gr Kigoma,-3.238781,29.027441,Mukimbagiro,539,0.35
Sud-Kivu,Uvira,Katogota Gr Luvungi,-2.786272,28.999676,Kasha 1,402,0.4
Sud-Kivu,Uvira,Katoke Gr Bijombo,-3.548535,28.85341,,,
Sud-Kivu,Uvira,Kazunguzibwa Gr Lemera,-3.05278,29.05556,Kanga,778,0.59
Sud-Kivu,Uvira,Kibondwe Gr Kitundu,-3.36656,29.14356,Kigobe,1368,0.57
Sud-Kivu,Uvira,Kidote Gr Lemera,-2.989796,28.927856,Mikora,1546,0.33
Sud-Kivu,Uvira,Kidoti Gr Lemera,-3.032603,28.983318,Butole,1585,0.17
Sud-Kivu,Uvira,Kifune  Gr Kigoma,-3.111177,28.864271,,,
Sud-Kivu,Uvira,Kifune Gr Lemera,-2.966115,28.853834,,,
Sud-Kivu,Uvira,Kigazura Gr Kakamba,-2.901224,29.070559,Bwegera 1,1968,0.35
Sud-Kivu,Uvira,Kigongo Gr Kalungwe,-3.486223,29.136389,Katongo,537,0.71
Sud-Kivu,Uvira,Kigwena Gr Lemera,-2.992079,28.957855,Rubenga,515,0.43
Sud-Kivu,Uvira,Kihinga Gr Kigoma,-3.10989,29.03494,Kalengera,1743,0.5
Sud-Kivu,Uvira,Kihuha Gr Bijombo,-3.38091,28.9074,,,
Sud-Kivu,Uvira,Kijaga Gr Bijombo,-3.550601,28.8407,,,
Sud-Kivu,Uvira,Kikozi Gr Kalungwe,-3.539162,29.039127,,,
Sud-Kivu,Uvira,Kiku Gr Kitundu,-3.327281,29.10467,,,
Sud-Kivu,Uvira,Kiliba Cité,-3.237279,29.163027,Nakibenga 2,454,0.47
Sud-Kivu,Uvira,Kiriama Gr  Kigoma,-3.195998,28.948835,,,
Sud-Kivu,Uvira,Kirumba Gr Bijombo,-3.621661,28.895279,,,
Sud-Kivu,Uvira,Kiryama Gr Kigoma,-3.20732,28.930489,Kigaza,1581,0.62
Sud-Kivu,Uvira,Kishagala-Mulenge Gr Kigoma,-3.14272,28.99742,Mulenge 2,300,0.54
Sud-Kivu,Uvira,Kitembe Gr Kigoma,-3.206111,28.89133,,,
Sud-Kivu,Uvira,Kitija Gr Runingu,-3.185462,29.130013,,,
Sud-Kivu,Uvira,Kitoga Gr Kigoma,-3.190031,28.85719,Kahusi,1765,0.33
Sud-Kivu,Uvira,Kitu Gr Kalungwe,-3.515834,29.022778,,,
Sud-Kivu,Uvira,Kitundu Gr Kitundu,-3.344312,29.074362,,,
Sud-Kivu,Uvira,Kivovo Gr Kalungwe,-3.441738,29.129848,Kamongola,1565,0.4
Sud-Kivu,Uvira,Kiziba Gr Bijombo,-3.530102,28.899326,,,
Sud-Kivu,Uvira,Luberizi Gr Luberizi,-2.984113,29.091616,Mutarule 1,1012,0.22
Sud-Kivu,Uvira,Lubumba Gr Kakamba,-2.913751,28.951189,Kanigo,877,0.15
Sud-Kivu,Uvira,Luhanga Gr Kalungwe,-3.505723,29.141056,Lumumba,1783,0.43
Sud-Kivu,Uvira,Luhanga Gr Makobola,-3.516032,29.148966,Musingwe,1704,0.4
Sud-Kivu,Uvira,Lunywera Gr Kigoma,-3.123528,28.998554,Mulenge 1,1356,0.35
Sud-Kivu,Uvira,Luvungi Gr Luvungi,-2.859811,29.03025,Luvubu 1,314,0.53
Sud-Kivu,Uvira,Luvungi Gr Luvungi,-1.17571,28.279675,,,
Sud-Kivu,Uvira,Mahungubwe Gr Lemera,-3.039475,29.000431,Malunde,67,0.59
Sud-Kivu,Uvira,Makobola Gr Makobola,-3.553111,29.14817,Mitambo,1767,0.53
Sud-Kivu,Uvira,Malija Gr Lemera,-3.042001,28.9864,Malunde,1630,0.46
Sud-Kivu,Uvira,Manana Gr Bijombo,-3.518117,28.873781,,,
Sud-Kivu,Uvira,Mangwa Gr Kigoma,-3.231921,29.06286,Bukanda,806,0.46
Sud-Kivu,Uvira,Marungu Gr Kigoma,-3.213058,28.897661,,,
Sud-Kivu,Uvira,Masango Gr Bijombo,-3.285833,28.900278,,,
Sud-Kivu,Uvira,Masango Gr Kigoma,-3.5256,28.9924,,,
Sud-Kivu,Uvira,Masatha Gr Bijombo,-3.46874,28.923805,Samariya,1716,0.4
Sud-Kivu,Uvira,Masesa Gr Kabunambo,-3.115594,29.183348,,,
Sud-Kivu,Uvira,Mbundamo Gr Bijombo,-3.421105,28.897064,,,
Sud-Kivu,Uvira,Misayo Gr Bijombo,-3.446724,28.921915,,,
Sud-Kivu,Uvira,Mitamba Gr Bijombo,-3.444613,28.988562,,,
Sud-Kivu,Uvira,Mubere Gr Kigoma,-3.08508,29.02006,Kaharabwe,798,0.27
Sud-Kivu,Uvira,Mubula Gr Kigoma,-3.087471,29.079268,Kigoma,81,0.33
Sud-Kivu,Uvira,Mugaja Gr Runingu,-3.173877,29.051655,Bugina,1145,0.5
Sud-Kivu,Uvira,Mugogo Gr Bijombo,-3.443767,28.910614,,,
Sud-Kivu,Uvira,Muherero Gr Bijombo,-3.391418,28.930582,,,
Sud-Kivu,Uvira,Muhinga Gr Luvungi,-2.812928,28.965143,Itenga,1996,0.62
Sud-Kivu,Uvira,Muhunga Gr Kigoma,-3.177561,29.02742,Bugina,1771,0.46
Sud-Kivu,Uvira,Muhungu Gr Muhungu,-3.284729,29.160719,Luhololo,360,0.27
Sud-Kivu,Uvira,Mukumba Gr Bijombo,-3.402971,28.9434,Mitamba,1409,0.57
Sud-Kivu,Uvira,Mulamba II Gr Lemera,-3.036668,28.982056,Lemera Centre,415,0.25
Sud-Kivu,Uvira,Muleka Gr Kabunambo,-3.081671,29.13972,Lumumba,1813,0.46
Sud-Kivu,Uvira,Mulima Gr Kigoma,-3.277519,29.03864,,,
Sud-Kivu,Uvira,Munanira II Gr Kabindula,-3.38592,29.083447,Nakirango,558,0.5
Sud-Kivu,Uvira,Murambi Gr Kigoma,-3.218669,28.913357,Katwaro,1864,0.14
Sud-Kivu,Uvira,Murambi Gr Lemera,-2.877111,28.9208,Mugunga,1923,0.43
Sud-Kivu,Uvira,Murunga Gr Luvungi,-2.856471,28.98561,,,
Sud-Kivu,Uvira,Musenyi Gr Luvungi,-2.912441,28.91881,Namuziba,87,0.4
Sud-Kivu,Uvira,Musheke Gr Kitundu,-3.358331,29.1183,Kitundu,1288,0.14
Sud-Kivu,Uvira,Musholo Gr Lemera,-3.031687,28.99164,Malunde,1297,0.29
Sud-Kivu,Uvira,Mushule Gr Kitundu,-3.344701,29.0731,,,
Sud-Kivu,Uvira,Mutara Gr Bijombo,-3.428621,28.9287,,,
Sud-Kivu,Uvira,Mutunda Gr Lemera,-2.980378,28.94549,Maziba,1153,0.31
Sud-Kivu,Uvira,Mwange Gr Kitundu,-3.35075,29.11061,Kitundu,145,0.15
Sud-Kivu,Uvira,Nabuzukye Gr Kigoma,-3.259497,28.88959,Naruhinga,1369,0.33
Sud-Kivu,Uvira,Nakandogo Gr Lemera,-3.037888,28.971039,Kidote,1415,0.4
Sud-Kivu,Uvira,Nalugi Gr Kigoma,-3.217047,29.002474,,,
Sud-Kivu,Uvira,Namijembo Gr Kabunambo,-3.096804,29.182894,,,
Sud-Kivu,Uvira,Namujembo Gr Kabunambo,-3.127501,29.2182,Namijembwe,1280,0.74
Sud-Kivu,Uvira,Nawaranga Gr Bijombo,-3.559921,29.035501,,,
Sud-Kivu,Uvira,Nawera Mahungubwe Gr lemera,-3.01508,29.0153,Nawera,167,0.52
Sud-Kivu,Uvira,Ndegu Gr Kigoma,-3.196111,28.99667,Muhanga,1009,0.33
Sud-Kivu,Uvira,Ngendo Gr Luberizi,-3.000983,29.133917,,,
Sud-Kivu,Uvira,Nyabalema Gr Kigoma,-3.016649,29.067736,,,
Sud-Kivu,Uvira,Nyabihanga Gr Kakamba,-2.935941,29.0528,Kitemesho,1908,0.21
Sud-Kivu,Uvira,Nyakadudula Gr Kabunambo,-3.115787,29.14438,Kabunambo,969,0.4
Sud-Kivu,Uvira,Nyalumbwe Gr Kidjaga,-3.397548,29.103668,,,
Sud-Kivu,Uvira,Nyamoma Gr Kabunambo,-3.047441,29.21344,Nyango,888,0.62
Sud-Kivu,Uvira,Nyamugali Gr Luberizi,-2.95781,29.07797,Munara,369,0.4
Sud-Kivu,Uvira,Nyamunindi Gr Luberizi,-3.197221,29.16361,Karava,1782,0.12
Sud-Kivu,Uvira,Nyamuziba Gr Runingu,-3.18339,29.127945,,,
Sud-Kivu,Uvira,Nyaruhuhuma Gr Kakamba,-2.916368,29.021788,,,
Sud-Kivu,Uvira,Nyaruhuhuma II Gr Luvungi,-2.823818,29.016035,,,
Sud-Kivu,Uvira,Nyarundari Gr Kabunambo,-3.171402,29.220055,Ruzia,1637,0.4
Sud-Kivu,Uvira,Nyundo Gr Kigoma,-3.149754,28.94326,,,
Sud-Kivu,Uvira,Rama Gr Kijaga,-3.382489,29.081444,Bashimuza,277,0.46
Sud-Kivu,Uvira,Rubarati Gr Bijombo,-3.32827,28.915684,Nguba,1967,0.46
Sud-Kivu,Uvira,Rubibi Gr Bijombo,-3.435307,28.900303,,,
Sud-Kivu,Uvira,Rubuga Gr Kigoma,-3.247721,28.832664,Bwami,580,0.36
Sud-Kivu,Uvira,Rudaga Gr Lemera,-3.079218,29.079971,Kigoma,970,0.17
Sud-Kivu,Uvira,Rudefu Gr Kigoma,-3.104218,28.845663,,,
Sud-Kivu,Uvira,Rugeje Gr Kigoma,-3.038889,29.046944,Lugege,536,0.67
Sud-Kivu,Uvira,Rukobero Gr Runingu,-3.088891,29.09556,Kigoma,1883,0.29
Sud-Kivu,Uvira,Runingu Gr Runingu,-3.18014,29.152472,Kagurube,420,0.27
Sud-Kivu,Uvira,Rurambira Gr Kigoma,-3.118001,28.997,Mulama,1324,0.53
Sud-Kivu,Uvira,Rurambo Gr Luvungi,-2.883333,28.879168,Kalemba,1348,0.43
Sud-Kivu,Uvira,Ruseko Gr Kigoma,-3.06192,29.0803,Kahungwe,258,0.29
Sud-Kivu,Uvira,Rushima Gr Kakamba,-2.917326,29.058186,Bwegera 2,1778,0.25
Sud-Kivu,Uvira,Rusura Gr Luberizi,-2.971509,29.12687,Rwenena,1794,0.31
Sud-Kivu,Uvira,Rutemba Gr Kagando,-3.2895,29.160942,Kahwizi,782,0.14
Sud-Kivu,Uvira,Ruvuza Gr Kabunambo,-3.109668,29.138472,Kabunambo,28,0.27
Sud-Kivu,Uvira,Rwarama Gr Kigoma,-3.111098,29.081688,Bwangu,1179,0.31
Sud-Kivu,Uvira,Sange,-3.056081,29.11745,La Sante,1761,0.62
Sud-Kivu,Uvira,Sange,-3.06951,29.13891,La Sante,1446,0.62
Sud-Kivu,Uvira,Sange,-3.077321,29.10708,Pasanze,743,0.67
Sud-Kivu,Uvira,Sange,-3.06207,29.12092,La Sante,993,0.62
Sud-Kivu,Uvira,Sange,-3.050451,29.11577,Maman Yemo,1510,0.4
Sud-Kivu,Uvira,Sange,-3.076901,29.11968,Pasanze,726,0.67
Sud-Kivu,Uvira,Sange,-3.02191,29.12449,Matendo,1935,0.33
Sud-Kivu,Uvira,Sange,-3.02349,29.10775,Matendo,102,0.33
Sud-Kivu,Uvira,Sange,-3.07682,29.12616,Pasanze,1426,0.67
Sud-Kivu,Uvira,Sange,-3.07597,29.12343,Pasanze,1154,0.67
Sud-Kivu,Uvira,Uvira,-3.328898,29.159697,Kinaga,1785,0.36
Sud-Kivu,Uvira,Uvira,-3.426056,29.130777,Munanira,1947,0.62
Sud-Kivu,Uvira,Uvira,-3.325696,29.158136,Rutemba,645,0.33
Sud-Kivu,Uvira,Uvira,-3.348177,29.165403,Ushirika,1208,0.62
Sud-Kivu,Uvira,Uvira,-3.415191,29.13897,Munanira,680,0.62
Sud-Kivu,Uvira,Uvira,-3.354461,29.15087,Ushirika,750,0.62
Sud-Kivu,Uvira,Uvira,-3.400385,29.137741,Munanira,1026,0.62
Sud-Kivu,Walungu,,-2.55383,28.7445,Bwahungu,41,0.0
Sud-Kivu,Walungu,Budodo Gr Kaniola,-2.650001,28.585,Bula,1113,0.4
Sud-Kivu,Walungu,Burhale Gr Burhale,-2.712222,28.628056,Bushadu,643,0.57
Sud-Kivu,Walungu,Businga Gr Karhongo,-2.69886,28.900152,Irindano,1031,0.4
Sud-Kivu,Walungu,Busolo Gr Mulamba,-2.7417,28.4736,Mugoma,319,0.33
Sud-Kivu,Walungu,Butuza Gr Burhale,-2.704723,28.656666,Burhenda,467,0.43
Sud-Kivu,Walungu,Buzonga Gr Karhongo,-2.771133,28.807009,Cingali,1600,0.43
Sud-Kivu,Walungu,Cagala Gr Izege,-2.6,28.659166,Cibuga,1785,0.5
Sud-Kivu,Walungu,Cagombe Gr Walungu,-2.61895,28.7022,Lwigamba,930,0.4
Sud-Kivu,Walungu,Cazi Gr Lurhala,-2.65553,28.7596,Cirwe,425,0.44
Sud-Kivu,Walungu,Chagombe Gr Walungu,-2.759734,28.4818,Kalumba,1749,0.4
Sud-Kivu,Walungu,Chamasika Gr Kamisimbi,-2.577601,28.822,Cangoma,1395,0.5
Sud-Kivu,Walungu,Chibanda Karerhe Gr Karhongo,-2.74765,28.839,Kaherhe,19,0.52
Sud-Kivu,Walungu,Chibeke Gr Burhale,-2.735,28.620277,Birherema,1270,0.38
Sud-Kivu,Walungu,Chinda Gr Mulamba,-2.784376,28.533976,Nabiridja,609,0.4
Sud-Kivu,Walungu,Cihanda Gr Lurhala,-2.585871,28.772125,Kahanda,1516,0.71
Sud-Kivu,Walungu,Ciherano Gr Lurhala,-2.698804,28.908026,Irindano,1404,0.62
Sud-Kivu,Walungu,Cijocho Gr Irongo,-2.68585,28.7048,Cigako,1254,0.46
Sud-Kivu,Walungu,Cisheke Gr Walungu,-2.612985,28.711678,Cirera 1,974,0.4
Sud-Kivu,Walungu,Cishembe Gr Mulamba,-2.77058,28.515764,,,
Sud-Kivu,Walungu,Ibona Gr Walungu,-2.603215,28.686123,Cibambaza,1027,0.43
Sud-Kivu,Walungu,Ibunza Gr Mulamba,-2.776071,28.4126,Ibanga,1718,0.67
Sud-Kivu,Walungu,Irabata Gr Lurhala,-2.576374,28.77146,Kahanda,669,0.43
Sud-Kivu,Walungu,Ishamba Gr Karhongo,-2.702911,28.94706,Lushebeyi,1737,0.38
Sud-Kivu,Walungu,Isingo Gr Irongo,-2.75,28.75,Ikungu,1200,0.5
Sud-Kivu,Walungu,Izege Gr Izege,-2.581945,28.681389,Kalengera,1690,0.43
Sud-Kivu,Walungu,Kalunga Gr Kamanyola,-2.731431,29.00297,Kayange,809,0.57
Sud-Kivu,Walungu,Kamanyola Gr Kamanyola,-2.73985,29.002419,Kambara,735,0.62
Sud-Kivu,Walungu,Kamikonzi Gr Irongo,-2.71592,28.6935,Kalirhezi,1143,0.56
Sud-Kivu,Walungu,Kangombo Gr Mulamba,-2.785568,28.47255,Kisungi,1688,0.4
Sud-Kivu,Walungu,Kankinda Gr Mulamba,-2.697156,28.549076,Kalirine,1664,0.5
Sud-Kivu,Walungu,Karambi Gr Mushinga,-2.75,28.65,Karhambana,1879,0.71
Sud-Kivu,Walungu,Karhondo Gr Kabembe,-2.85034,28.8464,Kagunga,1796,0.4
Sud-Kivu,Walungu,Kashanja Gr Walungu,-2.636759,28.696945,Cibanda,1943,0.4
Sud-Kivu,Walungu,Kasheyi Gr Lurhala,-2.581918,28.767694,Kaburhi,1185,0.57
Sud-Kivu,Walungu,Kashozi Gr Kashozi,-2.83858,28.824,Kasheke,258,0.57
Sud-Kivu,Walungu,Kaziba Gr Kashozi,-2.821918,28.822472,Lulanzi,722,0.46
Sud-Kivu,Walungu,Kibuti Gr Kibuti,-2.851223,28.827888,Butuzi,1144,0.67
Sud-Kivu,Walungu,Kidodobo Gr Kamisimbi,-2.558162,28.778824,Lubona,535,0.29
Sud-Kivu,Walungu,Kilaya Gr Nguba,-2.68129,28.7116,Itara,1206,0.55
Sud-Kivu,Walungu,Kilimankwale Gr Mulamba,-2.746584,28.491333,Kamilanga,1688,0.57
Sud-Kivu,Walungu,Lubona Gr Lubona,-2.749817,28.815289,Cimalantanda,1483,0.33
Sud-Kivu,Walungu,Luchiga Gr Luchiga,-2.691347,28.662643,Burhenda,1170,0.4
Sud-Kivu,Walungu,Luciga Gr Luchiga,-2.728829,28.716454,Cihuma,716,0.5
Sud-Kivu,Walungu,Lugo Gr Izege,-2.578881,28.6816,Lugo Sud,661,0.67
Sud-Kivu,Walungu,Luhonga Gr Mulama,-2.849252,28.790956,Kashanga,1444,0.53
Sud-Kivu,Walungu,Luhorhe Gr Karhongo,-2.685514,28.876005,Nyamurhambye,879,0.42
Sud-Kivu,Walungu,Luntukulu Gr Mulamba,-2.7296,28.474766,Kalumba,1812,0.25
Sud-Kivu,Walungu,Lurhala Gr Lurhala,-2.6252,28.754301,Buganda,424,0.43
Sud-Kivu,Walungu,Lushondo Gr Nduba,-2.6727,28.6778,Lukumbo 3,1758,0.35
Sud-Kivu,Walungu,Luzinzi Gr Butuzi,-2.860806,28.83825,Bushendeko,1590,0.24
Sud-Kivu,Walungu,Lwanguku Gr Kashozi,-2.8318,28.8197,Lukube,1643,0.57
Sud-Kivu,Walungu,Mazigiro Gr Lurhala,-2.574345,28.771837,Canampanzi,1374,0.44
Sud-Kivu,Walungu,Mbuba Gr Kaniola,-2.67042,28.5819,Madubo,495,0.55
Sud-Kivu,Walungu,Misheke Gr Mulamba,-2.750917,28.481083,Shesha Kalengera,1683,0.43
Sud-Kivu,Walungu,Mubuga Gr Kashozi,-2.9445,28.83061,,,
Sud-Kivu,Walungu,Mubumbano Gr Mushinga,-2.741556,28.65825,Luanshoko,1408,0.44
Sud-Kivu,Walungu,Mugogo Gr Lurhala,-2.582505,28.75378,Rugohwa,1060,0.46
Sud-Kivu,Walungu,Muku Gr Kamisimbi,-2.581356,28.803558,Marhamumu,1081,0.46
Sud-Kivu,Walungu,Mukungwe Gr Mushinga,-2.643056,28.695,Makwale,1959,0.53
Sud-Kivu,Walungu,Mulamba Gr Mulamba,-2.695791,28.57202,Madaka,1922,0.46
Sud-Kivu,Walungu,Mulambi Gr Kamisimbi,-2.56003,28.8291,Lwami,1097,0.67
Sud-Kivu,Walungu,Mulambula Gr Mulamba,-2.713578,28.454224,,,
Sud-Kivu,Walungu,"Mulondola, Gr Ngando",-2.80909,28.8231,Mulwa,171,0.57
Sud-Kivu,Walungu,Mushenyi Gr Karhongo,-2.730001,28.828333,Bufunzi,1971,0.4
Sud-Kivu,Walungu,Mushingwa Gr Mushingwa,-2.75226,28.660461,Musa,1947,0.62
Sud-Kivu,Walungu,Mushwerhe Gr Kaniola,-2.589,28.603916,Mbuba,427,0.29
Sud-Kivu,Walungu,Muzinzi Gr Mulamba,-2.730425,28.594278,Butuzi,1297,0.46
Sud-Kivu,Walungu,Muzinzi-Nyangezi Gr Karhongo,-2.70042,28.84715,Ciyanja,1274,0.35
Sud-Kivu,Walungu,Mwassa Gr Mulamba,-2.767222,28.4855,Kashebeye,1637,0.27
Sud-Kivu,Walungu,Mwendo Gr Walungu,-2.601526,28.670416,Lwena,1378,0.55
Sud-Kivu,Walungu,Mwirama Gr Kaniola,-2.670031,28.5055,Mulambula,217,0.5
Sud-Kivu,Walungu,Mwirama I Gr Mulamba,-2.700722,28.369839,,,
Sud-Kivu,Walungu,Nabiriga Gr Butuzi,-2.91127,28.8656,Kahya,23,0.31
Sud-Kivu,Walungu,Namadava Gr Mulamba,-2.73588,28.46656,Kamilanga,1517,0.47
Sud-Kivu,Walungu,Ngali Gr Karhongo,-2.7087,28.8695,Iranga,1878,0.55
Sud-Kivu,Walungu,Ngand Gr Ngando,-2.807029,28.8265,Kajunga,712,0.5
Sud-Kivu,Walungu,Nshesha Gr Walungu,-2.7308,28.6099,Nene,1889,0.36
Sud-Kivu,Walungu,Ntabunge Gr Kaniola,-2.592082,28.66167,Nakalege,863,0.5
Sud-Kivu,Walungu,Ntondo Gr Mushinga,-2.766667,28.6,Cidirha,670,0.15
Sud-Kivu,Walungu,Nyamarhege Gr Kaniola,-2.681669,28.544443,Muherebe,1074,0.44
Sud-Kivu,Walungu,Nyamego Gr Mulamba,-2.771029,28.471083,Kisungi,491,0.29
Sud-Kivu,Walungu,Nyangezi Gr Karhongo,-2.656084,28.86975,Munya,864,0.46
Sud-Kivu,Walungu,Tubimbi Gr Tubimbi,-2.768334,28.592222,Mukama,1003,0.31
Sud-Kivu,Walungu,Walungu Gr Walungu,-2.623056,28.673334,Makwale,1349,0.43
Tanganyika,Kabalo,Betania,-6.2,26.33333,Munwa,1701,0.17
Tanganyika,Kabalo,Boya,-6.300001,26.216667,Kamena,1750,0.2
Tanganyika,Kabalo,Bubu,-6.483334,27.55,,,
Tanganyika,Kabalo,Buhombo Gr Mbuli,-5.954338,26.928123,Imbwa,47,0.33
Tanganyika,Kabalo,Bukundu,-6.377807,27.459751,Kadjile,1666,0.29
Tanganyika,Kabalo,Butomene,-6.433333,26.9,Kangombe,954,0.38
Tanganyika,Kabalo,Camp-Katumpa Gr Mbuli,-6.05979,27.067932,Kabungulu,1373,0.29
Tanganyika,Kabalo,Germy,-6.294405,27.655596,Maonze,1914,0.18
Tanganyika,Kabalo,Kabalo,-6.05,26.916666,Kamaza,815,0.5
Tanganyika,Kabalo,Kabalo II Gr Mbuli,-6.01941,26.93995,Mbuli,1356,0.43
Tanganyika,Kabalo,Kabanzi,-7.145943,28.678705,,,
Tanganyika,Kabalo,Kabi Gr Mulimi,-6.084236,26.822906,Lukumba,689,0.36
Tanganyika,Kabalo,Kabula,-6.5,27.016666,Kyaba,1915,0.73
Tanganyika,Kabalo,Kabundu Gr Kibula,-5.856623,27.041607,Kibula,1605,0.46
Tanganyika,Kabalo,Kabungo,-6.493374,27.019438,Kabula,1917,0.62
Tanganyika,Kabalo,Kabungu Gr Kabula,-6.443569,27.168415,Kyulu,1402,0.5
Tanganyika,Kabalo,Kabuzi Matuka,-6.070265,26.851435,Kabi,107,0.47
Tanganyika,Kabalo,Kabwela Gr Mpaye,-6.1211,26.7705,Kasu,102,0.36
Tanganyika,Kabalo,Kakunku,-6.173288,27.570984,,,
Tanganyika,Kabalo,Kamahembe ,-6.030148,26.906141,Kalangwa,1536,0.35
Tanganyika,Kabalo,Kanani Gr Mwishi,-6.089601,26.8189,Katongwe,1715,0.43
Tanganyika,Kabalo,Kangombe Gr Mulimi,-6.429901,26.9357,Nsimbi,637,0.43
Tanganyika,Kabalo,Kansamba I,-6.56667,26.5,,,
Tanganyika,Kabalo,Kansoni Gr Mbuli,-5.812993,26.914715,Lukengo,79,0.43
Tanganyika,Kabalo,Kanteba Gr Mbuli,-6.216014,26.947256,Katenda,802,0.71
Tanganyika,Kabalo,Kanzanze Gr Kabula,-6.439158,26.99389,Kamubangwa,1394,0.44
Tanganyika,Kabalo,Kasamba,-6.81185,27.061651,Kivwa Kasongo,180,0.3
Tanganyika,Kabalo,Katentamine,-5.98333,26.26667,,,
Tanganyika,Kabalo,Katete,-6.466668,25.983334,,,
Tanganyika,Kabalo,Katutu Gr Mulimi,-6.151403,26.90851,Lumbubu,591,0.31
Tanganyika,Kabalo,Kaunge,-6.311364,26.925667,Kyalo,914,0.36
Tanganyika,Kabalo,Kay,-6.333331,26.71667,Leon,1701,0.0
Tanganyika,Kabalo,Kaye Gr Mpaye,-6.416667,26.516666,Kashilu,1889,0.36
Tanganyika,Kabalo,Kayumbu,-6.3826,26.9929,Kilembo,617,0.43
Tanganyika,Kabalo,Kenanyoka,-6.307416,27.643227,Mamba,369,0.29
Tanganyika,Kabalo,Keshola,-6.200344,26.631804,Mbayo,1983,0.17
Tanganyika,Kabalo,Kia pk50,-6.446448,26.966858,Kiya,3,0.5
Tanganyika,Kabalo,Kiaba,-6.6,27.35,,,
Tanganyika,Kabalo,Kibanda,-6.279811,27.629248,Maloba,162,0.31
Tanganyika,Kabalo,Kiluba-Kyosha,-6.229914,26.175835,,,
Tanganyika,Kabalo,Kimpata ,-6.298729,27.651272,Mamba,1585,0.5
Tanganyika,Kabalo,Kinshasa,-5.85,26.28333,Nyasa,1977,0.62
Tanganyika,Kabalo,Kisala,-6.583334,27.433332,,,
Tanganyika,Kabalo,Kisenda,-6.35,27.6,Lukwesa 1,761,0.38
Tanganyika,Kabalo,Kitongola,-6.578175,26.171825,Muba,58,0.15
Tanganyika,Kabalo,Kizanga Makole,-6.230153,26.1757,,,
Tanganyika,Kabalo,Konga,-6.465817,27.486034,Kabinda,1005,0.5
Tanganyika,Kabalo,Kyaba Gr Kabulo,-6.556201,27.0095,Makonga,1777,0.33
Tanganyika,Kabalo,Kyata,-5.682175,26.95778,Kamwanya,68,0.46
Tanganyika,Kabalo,Kyato,-6.356843,26.948778,Kakengo,12,0.5
Tanganyika,Kabalo,Kyoywa,-6.249592,26.91554,Kaunge,1550,0.33
Tanganyika,Kabalo,Kyulu Gr Mbuli,-6.493698,27.019396,Kabula,1953,0.55
Tanganyika,Kabalo,Lombwa Ngenyi,-6.577961,26.172039,Muba,91,0.35
Tanganyika,Kabalo,Longa,-6.366668,27.466667,Nkisi,492,0.2
Tanganyika,Kabalo,Lubinga,-6.306672,27.74777,,,
Tanganyika,Kabalo,Lumwishi,-5.716671,26.91667,Mululwa,1428,0.4
Tanganyika,Kabalo,Luy,-6.2801,27.6294,Maloba,126,0.22
Tanganyika,Kabalo,Makole,-6.583334,26.166666,Muba,752,0.4
Tanganyika,Kabalo,Maloba,-6.300001,27.65,Mamba,1390,0.73
Tanganyika,Kabalo,Mamba,-6.600537,26.525051,Kansamba 1,140,0.53
Tanganyika,Kabalo,Mbuyu Nzoa,-5.716668,26.916666,Mululwa,1428,0.47
Tanganyika,Kabalo,Miba Gr Mbuli,-6.178835,26.895721,Ngoy Kashi Mwimbiwiona,1812,0.31
Tanganyika,Kabalo,Mukabi,-6.047983,27.400002,Kabanza,659,0.46
Tanganyika,Kabalo,Mukana Kasolwa,-6.292172,26.9491,,,
Tanganyika,Kabalo,Mukule,-6.016,26.9344,Mbuli,1649,0.55
Tanganyika,Kabalo,Muleba,-6.427688,26.905645,Kangombe,1234,0.29
Tanganyika,Kabalo,Mulondo ,-6.308459,27.643026,Maonze,204,0.46
Tanganyika,Kabalo,Mulonga Gr Mulimi,-5.530261,26.45153,,,
Tanganyika,Kabalo,Mungobo,-6.328827,26.981136,Kasinge,62,0.29
Tanganyika,Kabalo,Musafiri ,-6.612373,26.054295,,,
Tanganyika,Kabalo,Mwanwa Gr Maloba,-6.318541,27.642126,Mamba,883,0.55
Tanganyika,Kabalo,Nsonswe ,-5.899775,27.058632,Makanyaka,31,0.12
Tanganyika,Kabalo,Nzoa Gr Baleo,-6.2703,27.4363,Manda,1517,0.44
Tanganyika,Kabalo,Nzovu Gr Mbuli,-6.149686,26.90716,Nyengwa,99,0.17
Tanganyika,Kabalo,Nzowa,-6.6,25.983334,,,
Tanganyika,Kabalo,Pipe,-6.622421,26.076601,Lubinda,101,0.18
Tanganyika,Kabalo,Takikwa Gr Mbuli,-5.910639,27.015383,,,
Tanganyika,Kalemie,2 Antennes Gr Mahila,-5.300076,28.907831,,,
Tanganyika,Kalemie,Africa,-5.937008,29.17853,Tabora,286,0.5
Tanganyika,Kalemie,Alain,-6.16206,28.424097,Lwamba,1631,0.36
Tanganyika,Kalemie,Amaso,-5.216668,28.8,,,
Tanganyika,Kalemie,Amisi 2 Gr Mahila,-5.300001,28.933332,Mazonde,845,0.14
Tanganyika,Kalemie,Amuri Gr Fatuma,-6.693143,29.084946,Musenge,1470,0.33
Tanganyika,Kalemie,Bacheza,-5.988048,28.943703,Lwanika,180,0.29
Tanganyika,Kalemie,Beteli,-5.76672,29.024773,Miketo,162,0.33
Tanganyika,Kalemie,Bibole,-5.965426,28.292595,Kabula,88,0.33
Tanganyika,Kalemie,Bikunyo Gr Kalumbi,-5.878047,28.763624,Mboko,828,0.5
Tanganyika,Kalemie,Bikunyo Gr Kalumbi,-5.875772,28.76357,Mboko,807,0.5
Tanganyika,Kalemie,Bilila Gr Mulolwa,-5.285201,28.6496,Kemena,1237,0.17
Tanganyika,Kalemie,Bimbwi Gr Bena Kunda,-5.8044,29.1997,Muganwa,1161,0.31
Tanganyika,Kalemie,Biokage,-5.149951,28.909664,Byokaba,255,0.57
Tanganyika,Kalemie,Briquet Gr Kalumbi,-5.918275,28.532639,Fulu,1446,0.18
Tanganyika,Kalemie,Buhululu,-5.873818,28.452732,Kyoko,834,0.0
Tanganyika,Kalemie,Bulanda Gr Kasanga Nyemba,-6.111235,28.428947,Ntundula,431,0.4
Tanganyika,Kalemie,Bulato Gr Kasanga Nyemba,-6.364617,28.399391,Simaro,926,0.33
Tanganyika,Kalemie,Bulube,-6.008529,28.845032,,,
Tanganyika,Kalemie,"carré minier ""Afrika"" Gr Kasanga Mtoa",-5.72459,29.23385,Kalenga,1545,0.15
Tanganyika,Kalemie,"carré minier ""Bisokosoko"" Gr Mahila",-5.082764,28.940407,,,
Tanganyika,Kalemie,"carré minier ""Golgota"" Gr Lambokatenga",-5.092598,28.913845,Mudjale,1631,0.15
Tanganyika,Kalemie,"carré minier ""Ka dix milles"" Gr Kalumbi",-5.976929,28.805738,,,
Tanganyika,Kalemie,"carré minier ""Kahaya""",-5.954166,28.845552,,,
Tanganyika,Kalemie,"Carré minier ""Kalusu"" Gr Kasanga Mtoa",-5.711,29.2621,Zongwe 1,45,0.15
Tanganyika,Kalemie,"carré minier ""Kilwe"" Gr Mahila",-5.324275,28.989586,,,
Tanganyika,Kalemie,"carré minier ""Kinyama"" Gr Mahila",-5.364584,29.040611,,,
Tanganyika,Kalemie,"carré minier ""Linzanza"" Gr Lambokatenga",-5.031158,28.866842,Bulongo,1599,0.07
Tanganyika,Kalemie,"carré minier ""Lwela""",-6.129303,28.637985,,,
Tanganyika,Kalemie,"carré minier ""Mahala""",-6.019094,29.10464,Kahite,1191,0.16
Tanganyika,Kalemie,"carré minier ""Mibombo"" Gr Mahila",-5.198123,28.97267,,,
Tanganyika,Kalemie,"carré minier ""Mikamba"" Gr Mahila",-5.094834,28.91593,Mudjale,1923,0.15
Tanganyika,Kalemie,"carré minier ""Munjale"" Gr Mahila",-5.32231,28.963993,,,
Tanganyika,Kalemie,"carré minier ""Musekeyi""",-6.117658,28.617014,,,
Tanganyika,Kalemie,"carré minier ""Musoje""",-5.07586,28.915253,Bendera 1,838,0.36
Tanganyika,Kalemie,"carré minier ""Mwangabunga"" Gr Kasanga Mtoa",-5.635249,29.248547,,,
Tanganyika,Kalemie,"carré minier ""Romain"" Gr Mahila",-5.055616,28.888632,,,
Tanganyika,Kalemie,"carré minier ""Rugumba-Bakari"" Gr Miketo",-5.724672,29.113768,,,
Tanganyika,Kalemie,"carré minier ""Rugumba-Mwenda"" Gr Miketo",-5.747033,29.135256,,,
Tanganyika,Kalemie,"carré minier ""Twasadji"" Gr Lambokatenga",-5.032918,28.870943,,,
Tanganyika,Kalemie,Carré minier Kituku Gr Kasanga Mtoa,-5.645657,29.213594,,,
Tanganyika,Kalemie,Cent Kilos Gr Benze Fief,-6.009511,28.20003,100 Kg,14,0.25
Tanganyika,Kalemie,Chamala Gr Tumbwe fief,-5.778159,29.136135,Tchamaia,1200,0.8
Tanganyika,Kalemie,Confluence Ozio-Nyemba,-6.853815,28.919123,,,
Tanganyika,Kalemie,Crispin Gr Mahila,-5.126894,28.90062,Kahinda,1864,0.29
Tanganyika,Kalemie,Djimbwe,-5.82435,29.12658,Kabuga,1291,0.15
Tanganyika,Kalemie,Efanta Gr Mahila,-5.056951,28.8616,Mahila 3,986,0.29
Tanganyika,Kalemie,Eliya Gr Fatuma,-6.839064,29.155506,Swayo,1973,0.2
Tanganyika,Kalemie,Embuscade Gr Mahila,-5.121854,28.898249,Mukongwa,928,0.35
Tanganyika,Kalemie,Emili Ngombe,-5.764935,29.023293,Miketo,99,0.33
Tanganyika,Kalemie,"Forêt ""Kipori""",-5.687118,29.345375,Rugo,1709,0.12
Tanganyika,Kalemie,Fundi Gr Kalumbi,-5.918435,28.49269,Nghandu,13,0.33
Tanganyika,Kalemie,Fundi Mahila Gr Mahila,-5.322991,28.939,Male Male,557,0.38
Tanganyika,Kalemie,Fundi Swata,-5.91667,28.48333,Nghandu,1066,0.22
Tanganyika,Kalemie,Gerard,-5.937008,29.17853,Regeza,284,0.5
Tanganyika,Kalemie,Germain,-6.063222,28.93227,Mifyondo,1686,0.4
Tanganyika,Kalemie,Gérôme,-6.433032,28.407726,Kinsunkulu,18,0.0
Tanganyika,Kalemie,Gérome Gr Kisunkulu,-6.486211,28.428614,Mandungu,1637,0.14
Tanganyika,Kalemie,Jango ,-5.32012,28.673306,Muganjamwaba,183,0.24
Tanganyika,Kalemie,Juma-Malilo Gr Tumbwe Fief,-5.779861,29.133635,Sango Malumbi,1567,0.5
Tanganyika,Kalemie,Kabambare,-6.0159,29.136343,Tumbwe,1396,0.4
Tanganyika,Kalemie,Kabandwa Gr Kalumbi,-5.931858,29.003847,Deward,1810,0.43
Tanganyika,Kalemie,Kabanga,-5.793537,29.119774,Katala,1658,0.62
Tanganyika,Kalemie,Kabango-Nsenda Gr Tumbwe Fief,-6.035398,29.13217,Kilonge,1888,0.38
Tanganyika,Kalemie,Kabawe Gr Kalumbi,-5.917117,28.59524,Kalumbi,903,0.46
Tanganyika,Kalemie,Kabembe,-5.802045,29.289263,Basombo,936,0.43
Tanganyika,Kalemie,Kabendwe,-5.967,29.00396,Mwaka,1467,0.31
Tanganyika,Kalemie,Kabimba Gr Kasanga Mtoa,-5.563548,29.342905,Malimba,551,0.71
Tanganyika,Kalemie,Kabobo Gr Mahila,-5.116668,29.05,,,
Tanganyika,Kalemie,Kabuga,-5.706837,29.350386,Kamenge,69,0.46
Tanganyika,Kalemie,Kabunga,-6.361731,29.04614,Sinando,574,0.29
Tanganyika,Kalemie,Kabutonga Gr Kasanga Mtoa,-5.747633,29.337282,Kabubili,1207,0.47
Tanganyika,Kalemie,Kabyola Gr Kasanga Nyemba,-6.142923,28.423702,Katembwa,436,0.53
Tanganyika,Kalemie,Kagoba Gr Miketo,-5.81849,29.007446,Kisimba,150,0.46
Tanganyika,Kalemie,Kagulubyungu Gr Mugonda,-5.803217,28.548649,Mukaya,751,0.33
Tanganyika,Kalemie,Kagunda,-5.516235,28.716473,Kasangala,763,0.5
Tanganyika,Kalemie,Kahaya Gr Kalumbi,-6.074259,28.572971,,,
Tanganyika,Kalemie,Kahengele,-5.550001,29.35,Kangubili 1,1636,0.5
Tanganyika,Kalemie,Kahompwa,-5.764451,28.312145,Kandayi,1488,0.4
Tanganyika,Kalemie,Kahondwa,-5.946574,28.216793,Muunga Pont,965,0.32
Tanganyika,Kalemie,Kaimba Gr Kasanga Nyemba,-6.125845,28.424206,Tundwa,941,0.17
Tanganyika,Kalemie,Kajia Gr Lambokatenga,-5.054315,28.829231,,,
Tanganyika,Kalemie,Kake Gr Kalumbi,-5.950996,28.915714,Kimbije,318,0.36
Tanganyika,Kalemie,Kakonda,-5.833334,28.7,,,
Tanganyika,Kalemie,Kakonda Gr Kinsukulu,-6.502926,28.966278,Mpangu,963,0.31
Tanganyika,Kalemie,Kakoze I,-5.643184,29.214443,,,
Tanganyika,Kalemie,Kakulu Gr Kasanga Nyemba,-6.28087,28.42195,,,
Tanganyika,Kalemie,Kalabya,-6.500512,28.384562,,,
Tanganyika,Kalemie,Kalamba,-6.0586,29.1984,Kalembe,642,0.71
Tanganyika,Kalemie,Kalambo Gr Fatuma,-6.793458,29.133898,Mloko,62,0.33
Tanganyika,Kalemie,Kalemie,-5.947101,29.1792,Kiyambi,1346,0.57
Tanganyika,Kalemie,Kalemie,-5.951201,29.194498,Kamaimba,1418,0.53
Tanganyika,Kalemie,Kalemie,-5.945001,29.1948,Kalomboy,1484,0.53
Tanganyika,Kalemie,Kalemie,-5.8882,29.2209,Kahite,1336,0.46
Tanganyika,Kalemie,Kalemie,-5.9068,29.181,Kalumbi,1399,0.71
Tanganyika,Kalemie,Kalemie,-5.8896,29.2306,Kahinda,203,0.43
Tanganyika,Kalemie,Kalemie,-5.891,29.2172,Kalenge 1,1930,0.62
Tanganyika,Kalemie,Kalemie,-5.888001,29.2117,Kalenge 1,1254,0.62
Tanganyika,Kalemie,Kalemie,-5.8907,29.1822,Kalenge 2,1766,0.62
Tanganyika,Kalemie,Kalemie,-5.9543,29.1971,Kamaimba,1215,0.53
Tanganyika,Kalemie,Kalemie,-5.95823,29.197,Kamaimba,870,0.53
Tanganyika,Kalemie,Kalemie,-5.9398,29.1942,Kalomboy,966,0.53
Tanganyika,Kalemie,Kalemie,-5.947401,29.1803,Kiyambi,1413,0.57
Tanganyika,Kalemie,Kalemie,-5.895501,29.2211,Kahite,1234,0.46
Tanganyika,Kalemie,Kalemie,-5.943201,29.1757,Kiyambi,872,0.57
Tanganyika,Kalemie,Kalemie,-5.937008,29.17853,Kaseke,1824,0.62
Tanganyika,Kalemie,Kalemie,-5.938601,29.1754,Kaseke,1994,0.62
Tanganyika,Kalemie,Kalemie,-5.948801,29.1778,Kiyambi,1504,0.57
Tanganyika,Kalemie,Kalemie,-5.947101,29.1883,Kiyambi,1870,0.57
Tanganyika,Kalemie,Kalemie,-5.880401,29.225,Kahinda,1034,0.43
Tanganyika,Kalemie,Kalemie,-5.859201,29.2354,Kilumba Lumba,1786,0.4
Tanganyika,Kalemie,Kalemie,-5.876501,29.2154,Kalenge 1,1916,0.62
Tanganyika,Kalemie,Kalemie,-5.890601,29.2067,Kalenge 1,876,0.62
Tanganyika,Kalemie,Kalombolwa Gr Benze Fief,-5.882185,28.200195,,,
Tanganyika,Kalemie,Kalonda Belwa,-6.322403,28.403992,,,
Tanganyika,Kalemie,Kalonda II,-5.043451,28.929613,Bendera 3,1414,0.42
Tanganyika,Kalemie,Kamalenge Gr Tumbwe fie,-5.978031,29.12476,Kawama,712,0.53
Tanganyika,Kalemie,Kamatete,-5.990768,28.437204,,,
Tanganyika,Kalemie,Kambishi Gr Lambokilla,-5.192878,28.596195,,,
Tanganyika,Kalemie,Kambu Gr Fatuma,-6.903153,29.119547,Mupaka,51,0.36
Tanganyika,Kalemie,Kamibanga,-6.5,29.366667,,,
Tanganyika,Kalemie,Kampunda Gr Miketo,-5.7,29.083332,Katanga,1115,0.53
Tanganyika,Kalemie,Kanambe Gr Mahila,-5.161685,28.902948,Byokaba,1750,0.43
Tanganyika,Kalemie,Kandje Gr Kasanga Mtoa,-5.438737,29.135206,,,
Tanganyika,Kalemie,Kankamana,-5.166667,28.583332,Lungalunga,1649,0.32
Tanganyika,Kalemie,Kankulwe,-5.892396,28.607603,,,
Tanganyika,Kalemie,Kansemene,-6.757566,28.89758,,,
Tanganyika,Kalemie,Kanyuki Gr Rutuku,-6.312027,29.355371,Kyaye,946,0.5
Tanganyika,Kalemie,Kanzanzwe Gr Kinsukulu,-6.498693,28.970675,Mpangu,1630,0.27
Tanganyika,Kalemie,Kapizo,-6.887953,29.12782,Mupaka,1954,0.33
Tanganyika,Kalemie,Karingu Gr Fatuma,-6.761901,29.119923,Kapizo,731,0.46
Tanganyika,Kalemie,Kasala Nyamba Gr Mugonda,-5.770807,28.60183,Muyombo,81,0.3
Tanganyika,Kalemie,Kasama Gr Tumbwe Fief,-6.00138,29.184492,Kasubuy,1822,0.46
Tanganyika,Kalemie,Kasangala Gr Lambokatenga,-5.140202,28.599436,,,
Tanganyika,Kalemie,Kasebo Gr Rutuku,-6.432604,29.408201,Kabwema,791,0.46
Tanganyika,Kalemie,Kasongo Mukuli Gr Lambo Katenga,-5.466677,28.466562,,,
Tanganyika,Kalemie,Kaswa Gr Kalumbi,-5.922963,28.485682,Nghandu,934,0.17
Tanganyika,Kalemie,Katala Gr Miketo,-5.7349,28.8947,Kambili,142,0.46
Tanganyika,Kalemie,Katanga Gr Miketo,-5.662036,29.069258,Kampunda,121,0.4
Tanganyika,Kalemie,Katanika,-6.2,29.316668,Nghanza,1274,0.4
Tanganyika,Kalemie,Katehela,-5.978526,28.1366,Ntuta 5,449,0.13
Tanganyika,Kalemie,Katembwa Gr Kasanga Nyemba,-6.167919,28.425468,Mwenyi,1450,0.14
Tanganyika,Kalemie,Katembwe,-5.964592,28.427402,Katumbi,979,0.67
Tanganyika,Kalemie,Katemue,-6.236919,28.421204,Kaba,1835,0.36
Tanganyika,Kalemie,Katemwe Gr Kasanga,-5.965932,28.428066,Katumbi,1131,0.57
Tanganyika,Kalemie,Katibili Gr Tumbwe fief,-6.199125,29.325455,Washala,1589,0.27
Tanganyika,Kalemie,Katobo,-5.14316,28.91273,Byokaba,578,0.46
Tanganyika,Kalemie,Katolo,-5.909397,29.054298,Kabobo,1557,0.67
Tanganyika,Kalemie,Katondo Gr kituku,-6.580544,29.490316,Lazaro,673,0.31
Tanganyika,Kalemie,Katongo,-5.9823,29.193,Kibanga,220,0.57
Tanganyika,Kalemie,Katongola,-5.946653,28.428305,Kasanga,1841,0.62
Tanganyika,Kalemie,Katontoka,-6.41853,29.036097,Mukwala,1240,0.38
Tanganyika,Kalemie,Katumbi Gr Benze Fief,-5.33248,28.94161,Kaama,492,0.5
Tanganyika,Kalemie,Katumbi NW,-5.49345,28.71816,Kazana,395,0.38
Tanganyika,Kalemie,Katumbi Nye Gr Benze Fief,-5.949532,28.427801,Katumbi,1339,0.78
Tanganyika,Kalemie,Katumiya,-7.371973,29.810223,Mukuli,280,0.43
Tanganyika,Kalemie,Kazanzwe Gr Kinsukulu,-6.498693,28.970675,Mpangu,1630,0.29
Tanganyika,Kalemie,Kazingu Gr Fatuma,-6.711141,29.104624,Landani,1310,0.29
Tanganyika,Kalemie,Kazingu Gr Kalumbi,-5.912118,28.669994,,,
Tanganyika,Kalemie,Kazuba,-5.83423,28.484154,Byokaba,1618,0.62
Tanganyika,Kalemie,Kazumba Gr Kasanga Mtoa,-5.080732,29.107553,Mokuwa,74,0.31
Tanganyika,Kalemie,Kibambe,-5.36854,28.944597,Muleka,69,0.31
Tanganyika,Kalemie,Kibende Gr Fatuma,-7.016311,28.731798,,,
Tanganyika,Kalemie,Kibundila,-5.87083,29.043013,Byola,808,0.43
Tanganyika,Kalemie,Kijinda,-6.504214,28.49021,,,
Tanganyika,Kalemie,Kikimbi,-5.775301,29.1462,Sango Malumbi,166,0.3
Tanganyika,Kalemie,Kikinwa Gr Kalumbi,-5.868728,28.737349,Mukumbike,66,0.38
Tanganyika,Kalemie,Kikumbe Gr Benakunda,-5.817022,29.135592,Kabuga,31,0.31
Tanganyika,Kalemie,Kikundi Gr Mahila,-5.305302,28.927904,Mazonde,24,0.29
Tanganyika,Kalemie,Kilima Gr Benze Fief,-5.96308,28.36315,Kitatilo,1267,0.43
Tanganyika,Kalemie,Kilonge,-6.05,29.1,Sylvain,1812,0.29
Tanganyika,Kalemie,Kiluba Gr Kalumbi,-5.866668,28.783333,Tubela,1603,0.5
Tanganyika,Kalemie,Kimbangu Gr Miketo,-5.768825,29.017483,Mushaba 2,1389,0.35
Tanganyika,Kalemie,Kimbije,-6.0144,28.824831,,,
Tanganyika,Kalemie,Kipori Gr Kasanga Mtoa,-5.687118,29.345375,Rugo,1709,0.2
Tanganyika,Kalemie,Kirindi Gr Miketo,-5.498012,29.155376,,,
Tanganyika,Kalemie,Kisa,-6.027032,28.723442,,,
Tanganyika,Kalemie,Kisalaba,-6.077701,29.19,Kabobo,867,0.43
Tanganyika,Kalemie,Kisimba de Kalemie,-6.226897,28.899473,Kapewe,267,0.33
Tanganyika,Kalemie,Kisunkulu Gr Kisunkulu,-6.407966,28.407232,Nunda,616,0.29
Tanganyika,Kalemie,Kitawala Gr Kalumbi,-5.896087,28.595558,,,
Tanganyika,Kalemie,Kitupa,-5.212655,28.804012,,,
Tanganyika,Kalemie,Koki Gr Tumbwe Fief,-6.022135,29.031073,,,
Tanganyika,Kalemie,Konongo,-5.026641,28.87612,,,
Tanganyika,Kalemie,Kubuku Gr Bena Nkunda,-5.824115,29.12645,Kabuga,1285,0.5
Tanganyika,Kalemie,Kului ,-6.413287,28.402254,Lubanze,700,0.33
Tanganyika,Kalemie,Kulwaba Gr Kalumbi,-6.013503,28.79016,,,
Tanganyika,Kalemie,Kungwe,-6.585559,28.863565,,,
Tanganyika,Kalemie,Kyabalumbu Gr Miketo,-5.492386,28.98902,Bulanga,235,0.24
Tanganyika,Kalemie,Kyesa Gr Kalumbi,-5.906756,29.067501,Katolo,1745,0.36
Tanganyika,Kalemie,Kyoko Gr Kyokonyumba,-5.833334,28.433334,,,
Tanganyika,Kalemie,Kyoyo,-6.618254,29.05108,Kiboyo,1333,0.73
Tanganyika,Kalemie,Lambo Katenga Gr Lambo Katenga,-5.216668,28.8,,,
Tanganyika,Kalemie,Lenge Gr Miketo,-5.766215,29.009703,Miketo,1583,0.18
Tanganyika,Kalemie,Léon Gr Kisunkulu,-6.394792,28.39824,Lembe,1109,0.44
Tanganyika,Kalemie,Londo Gr Mugonda,-5.600268,28.54106,,,
Tanganyika,Kalemie,Luba,-5.966668,28.316668,Linda,1208,0.44
Tanganyika,Kalemie,Lubanze Gr Kisunkulu,-6.383784,28.396841,Matembele Des Twa,1656,0.17
Tanganyika,Kalemie,Luhata Gr Benze Fief,-5.962726,28.277224,Kabula,1649,0.33
Tanganyika,Kalemie,Luhuku Gr Benze Fief,-5.85201,28.415924,,,
Tanganyika,Kalemie,Lukolea Gr Benze Fief,-5.961063,28.417044,Muleba,1346,0.62
Tanganyika,Kalemie,Lukombe Gr Mugonda,-5.714122,28.804588,Maendeleo,891,0.25
Tanganyika,Kalemie,Lukuma Gr Kasanga Nyemba,-6.222765,28.32128,,,
Tanganyika,Kalemie,Lulaba Gr Rutuku,-6.466318,29.411901,Kafuluma,1033,0.43
Tanganyika,Kalemie,Lumbwe Gr Kyoko Nyumba,-6.178017,28.416609,Mwenyi,41,0.5
Tanganyika,Kalemie,Lunfukwe Gr Tumbwe,-5.98333,29.06667,Mulange,1742,0.4
Tanganyika,Kalemie,Lutandala,-5.793122,29.014141,Mandela,1698,0.62
Tanganyika,Kalemie,Lwama Gr Mahila,-5.44095,28.96337,Kyabalumbu,1800,0.27
Tanganyika,Kalemie,Lwamba,-6.118741,28.426397,Tundwa,1751,0.33
Tanganyika,Kalemie,Lwela Gr Benze Fief,-5.963439,28.175344,Ntuta 3,24,0.17
Tanganyika,Kalemie,Machini Gr Fatuma,-6.073977,28.893057,Buzito,15,0.15
Tanganyika,Kalemie,Maendeleo Gr Miketo,-6.6815,29.083,Amuri,1548,0.14
Tanganyika,Kalemie,Magomba Gr Kyoko Nyumba,-5.809701,28.377,,,
Tanganyika,Kalemie,Mahila Gr Mahila,-5.300001,28.933332,Mazonde,845,0.31
Tanganyika,Kalemie,Majanga Gr Kasanga Mtoa,-5.646263,29.285439,Perepe,564,0.0
Tanganyika,Kalemie,Makena Gr Kasanga Nyemba,-6.1,28.366667,,,
Tanganyika,Kalemie,Mala Gr Tumbwe,-5.753288,29.163626,Bimbwi Seraphin,684,0.21
Tanganyika,Kalemie,Malanga,-6.174455,28.895245,Lubile,114,0.15
Tanganyika,Kalemie,Malemwa Gr Kahompwa,-5.818178,28.341522,Kashuwa,45,0.43
Tanganyika,Kalemie,Malenge Gr Benza Fief,-5.964016,28.3613,Malumbi,1242,0.43
Tanganyika,Kalemie,Maliya Gr Kasanga Mtoa,-5.699771,29.192892,,,
Tanganyika,Kalemie,Malolo,-5.282257,28.579496,Kitumaini,44,0.27
Tanganyika,Kalemie,Malumbi Gr Kasanga Nyemba,-5.995285,28.440361,,,
Tanganyika,Kalemie,Mama Kayembe,-5.767929,29.028616,Miketo,579,0.33
Tanganyika,Kalemie,Manianga Gr Lambokatenga,-5.000209,28.785242,Amasson,1553,0.4
Tanganyika,Kalemie,Mapanda Gr Mahila,-5.0964,28.8938,Kahinda,1616,0.57
Tanganyika,Kalemie,Matembela,-6.322347,28.403913,,,
Tanganyika,Kalemie,Matete Gr Benze fief,-5.51714,29.13658,,,
Tanganyika,Kalemie,Mboko Gr Kalumbi,-5.877234,28.822996,Koet,870,0.44
Tanganyika,Kalemie,Mihemba Gr Kasanga Nyemba,-6.242497,28.346146,,,
Tanganyika,Kalemie,Milindi,-5.894675,28.605326,,,
Tanganyika,Kalemie,Milindi Muganja Gr Mugonda,-5.762441,28.61758,Muyombo,1897,0.18
Tanganyika,Kalemie,Mitaba Gr Kyokonyumba,-5.8834,28.4513,Kyoko,1886,0.0
Tanganyika,Kalemie,Mizimu Gr Kasanga Mtoa,-5.484551,29.306376,Mukono,1520,0.33
Tanganyika,Kalemie,Mpanda Gr Kahompwa,-5.8455,28.395529,Luhuku,12,0.0
Tanganyika,Kalemie,Mpenge ,-5.699391,28.328674,Vill Kisengonsalela,1901,0.32
Tanganyika,Kalemie,Mpyana Manyama,-5.198031,28.59668,,,
Tanganyika,Kalemie,Mtoa Gr Kasanga Mtoa,-5.744967,29.338156,Bagoma,299,0.4
Tanganyika,Kalemie,Mugabonjala,-5.766664,29.024635,Mushaba 2,1691,0.5
Tanganyika,Kalemie,Mugambwa ,-5.064553,28.385193,,,
Tanganyika,Kalemie,Mugambwa Gr Bakalanga II,-5.768694,28.357418,Lukasu,1108,0.29
Tanganyika,Kalemie,Muganja Gr Miketo,-5.690908,29.02311,,,
Tanganyika,Kalemie,Mugonda Gr Mugonda,-5.573712,28.724852,Gabon,951,0.5
Tanganyika,Kalemie,Mukana Gr Kasanga Nyemba,-6.10005,28.366655,,,
Tanganyika,Kalemie,Mukondo Gr Mugonda,-5.799377,28.58824,Kagulubyungu,23,0.21
Tanganyika,Kalemie,Mukongwa,-5.092926,28.893757,Kahinda,1999,0.4
Tanganyika,Kalemie,Mukulu,-5.945,28.210337,Muunga Pont,886,0.35
Tanganyika,Kalemie,Mukumba Gr Mulolwa,-5.560845,28.718948,Luhumpa,1593,0.57
Tanganyika,Kalemie,Mulanga,-6.455317,28.414507,Gerom,981,0.17
Tanganyika,Kalemie,Mulenda Ilunga,-5.112768,28.89706,Mukongwa,102,0.45
Tanganyika,Kalemie,Mulenda Kisimba,-5.300001,28.68333,Moke,1924,0.21
Tanganyika,Kalemie,Mulenga,-6.469831,29.0319,Mutambangulu,1945,0.42
Tanganyika,Kalemie,Mulengi ,-5.839809,29.207483,Kalenge,404,0.57
Tanganyika,Kalemie,Mulicha Gr Kasanga Mtoa,-5.631874,29.34385,Buluba Ibukata,50,0.38
Tanganyika,Kalemie,Mulolo,-5.786223,28.318947,Maendeleo,633,0.4
Tanganyika,Kalemie,Mulumba,-5.083334,28.483334,Mukumuni,1991,0.53
Tanganyika,Kalemie,Mulungula Gr Miketo,-6.148055,28.424807,Tundwa,1532,0.4
Tanganyika,Kalemie,Mumbote Ana Akili Gr Lambokatenga,-5.078026,28.746208,Muyauli,1566,0.42
Tanganyika,Kalemie,Mumbwili Pk11 Gr Kasanga Nyemba.,-6.032033,28.440205,,,
Tanganyika,Kalemie,Mupapa Gr Fatuma,-6.775329,29.129263,Kapizo,1290,0.33
Tanganyika,Kalemie,Musandwa,-5.982914,28.119335,Ntuta,1684,0.31
Tanganyika,Kalemie,Musipi,-6.147691,29.227226,Kibi,1448,0.4
Tanganyika,Kalemie,Mutupeke,-5.788666,28.594284,Kagulubyungu,1345,0.2
Tanganyika,Kalemie,Muunga,-5.963388,28.261154,,,
Tanganyika,Kalemie,Muyombo Gr Mugonda,-5.8037,28.556417,Mukaya,110,0.46
Tanganyika,Kalemie,Mwabi ,-6.210691,28.24053,Temps Present,1705,0.11
Tanganyika,Kalemie,Mwecha Gr Mahila,-5.031145,28.823868,Regeza,821,0.33
Tanganyika,Kalemie,Mwela,-6.045001,28.5217,,,
Tanganyika,Kalemie,Mwelwa Gr Kisunkulu,-6.366653,28.349983,,,
Tanganyika,Kalemie,Mwenda Gr Miketo,-5.736825,29.090496,Lukengwe,1298,0.29
Tanganyika,Kalemie,Mwilunde Gr Kalumbi,-5.886401,28.4516,,,
Tanganyika,Kalemie,Mwingiji,-5.767563,29.055212,Mungiji,662,0.8
Tanganyika,Kalemie,Ndakosa,-5.87845,28.69526,Sango,1823,0.33
Tanganyika,Kalemie,Nduba,-6.3724,28.3983,Simaro,55,0.18
Tanganyika,Kalemie,ngandu Gr Kalumbi,-5.922366,28.544916,Fulu,31,0.2
Tanganyika,Kalemie,Ngelebwe,-5.065908,28.880495,Mukelelwa,898,0.47
Tanganyika,Kalemie,Ngoy wa Kizimu Gr Benze,-5.973415,28.151628,,,
Tanganyika,Kalemie,Niemba Gr Benze Fief,-5.95772,28.425636,Lembe,326,0.55
Tanganyika,Kalemie,Nkungwe,-6.774379,29.020115,,,
Tanganyika,Kalemie,Nongolola ,-5.596863,28.726274,Tongo,1927,0.57
Tanganyika,Kalemie,Nsonga,-6.455037,28.41397,Gerom,1027,0.18
Tanganyika,Kalemie,Nunda Gr Kisunkulu,-6.454567,28.413843,Gerom,1081,0.0
Tanganyika,Kalemie,Nyanga,-5.941401,28.461,Katabo,1914,0.33
Tanganyika,Kalemie,Nyumbaisha,-6.722987,28.383558,Kiyumbi,397,0.59
Tanganyika,Kalemie,Nzabia,-6.014197,29.108578,Kahite,775,0.33
Tanganyika,Kalemie,Ompala Gr Rutuku,-6.48909,29.42325,Mano,1752,0.2
Tanganyika,Kalemie,Paul Ngolwa ,-5.080801,28.4523,Mulegwa,382,0.56
Tanganyika,Kalemie,Plaine Gr Mahila,-5.272697,28.882883,Baruwani,1831,0.29
Tanganyika,Kalemie,Pukume Gr Kansanga,-6.243643,28.339848,,,
Tanganyika,Kalemie,Rivière Lubeley Gr Fatuma,-6.489608,29.137405,,,
Tanganyika,Kalemie,Rugo,-5.550001,29.35,Kisongo,1592,0.36
Tanganyika,Kalemie,Rugumba II Gr Kasanga-Mtoa,-5.864084,29.274666,Kibonde 2,64,0.21
Tanganyika,Kalemie,Rutuku,-6.2,29.316668,Nghanza,1274,0.0
Tanganyika,Kalemie,Rwanda Gr Rutuku,-6.505938,29.393091,,,
Tanganyika,Kalemie,Sakade Gr Kasanga Nyemba,-6.01366,28.44895,,,
Tanganyika,Kalemie,Salumu Gr Mahila,-5.239875,28.87709,Kindingi,940,0.0
Tanganyika,Kalemie,Sembe,-5.953034,28.241386,,,
Tanganyika,Kalemie,Sendwe,-5.038301,28.4814,,,
Tanganyika,Kalemie,Seraphin Gr Benankunda,-5.816682,29.27805,Mama Kasanga,1631,0.3
Tanganyika,Kalemie,Shibukumba Gr Lambo Katenga,-5.041023,28.841787,Mahila 3,1868,0.33
Tanganyika,Kalemie,Simon Gr Mugonda,-5.742704,28.615923,Kaloko,755,0.18
Tanganyika,Kalemie,Sylvano Gr Kasanga Nyemba,-6.128838,28.42434,Ntundula,1592,0.27
Tanganyika,Kalemie,Talabantu Gr Kyokonyumba,-5.801337,28.53399,Kalongwe,1199,0.35
Tanganyika,Kalemie,Tembe Gr Kasanga Nyemba,-6.089921,28.430964,Bulanda,10,0.17
Tanganyika,Kalemie,Tembwe Gr Rutuku,-6.523623,29.46611,Kasangebwe,1101,0.5
Tanganyika,Kalemie,Twikenje Gr Miketo,-5.711235,29.09311,Kibije,43,0.43
Tanganyika,Kalemie,Zango Gr Benze Fief,-5.961501,28.417,Malenge,152,0.5
Tanganyika,Kalemie,Zongwe Gr Kasanga Mtoa,-5.737659,29.2374,Kalenga,40,0.31
Tanganyika,Kongolo,Bene Kungwa N/A Groupement,-5.209881,27.05022,Kungwa,421,0.57
Tanganyika,Kongolo,Beteka Gr Honga,-5.239976,27.377922,Kilenge,1212,0.31
Tanganyika,Kongolo,Bic rouge,-5.411871,26.996424,Bel Aire,372,0.47
Tanganyika,Kongolo,Bilombo N/A Groupement,-5.120722,26.863443,,,
Tanganyika,Kongolo,Bolee,-5.400001,27.583332,Mbuli,1374,0.4
Tanganyika,Kongolo,Brazza N/A Groupement,-5.436278,27.44852,Katala,1777,0.38
Tanganyika,Kongolo,Bugana Lwamba,-5.133334,27.65,,,
Tanganyika,Kongolo,Bugana Mpiana,-5.383334,27.0,Saint Mathias,1887,0.46
Tanganyika,Kongolo,Buyemebe,-5.5971,26.54347,Benahamba,1237,0.24
Tanganyika,Kongolo,Buyovu N/A Groupement,-5.150103,27.30832,Tuntu,13,0.27
Tanganyika,Kongolo,Buzila nyoka N/A Groupement,-5.046811,27.36738,Kagoya,1088,0.27
Tanganyika,Kongolo,Bwine Kalenga,-5.17016,27.146654,Kikazi,1672,0.32
Tanganyika,Kongolo,Bwine Sengo,-5.157881,27.103527,Kibungo,1832,0.44
Tanganyika,Kongolo,Bwinyakelenge,-5.169753,27.143005,Kikazi,1267,0.21
Tanganyika,Kongolo,"carré minier ""Kaunga""",-5.294001,26.9806,Kabisanga 1,134,0.33
Tanganyika,Kongolo,Chaba,-5.42835,26.911707,Kabeya,1690,0.55
Tanganyika,Kongolo,Chaba Misalwa ,-5.296701,26.947998,4 Coins,930,0.3
Tanganyika,Kongolo,Chala,-5.38333,27.0,Maloba,772,0.55
Tanganyika,Kongolo,Chofa Gr Bayansi,-5.442833,26.90964,Kabeya,73,0.18
Tanganyika,Kongolo,Ebombo Gr Kiloshi,-5.72223,26.128908,Bar,195,0.22
Tanganyika,Kongolo,Ilunga,-5.666667,26.9,Kalaba,1945,0.33
Tanganyika,Kongolo,Kabala Gr Muhona Seya,-5.001448,26.994541,Kantambwe,1880,0.4
Tanganyika,Kongolo,Kabeya N/A Groupement,-5.059568,27.568796,,,
Tanganyika,Kongolo,Kabianga N/A Groupement,-5.337387,26.83444,Malandala,1316,0.48
Tanganyika,Kongolo,Kabika ,-5.139239,27.053083,Kamiluzi,1380,0.43
Tanganyika,Kongolo,Kabula,-5.316668,27.616667,,,
Tanganyika,Kongolo,Kabulo Gr Bakwazimu,-5.472727,26.972614,Kahembay,1977,0.43
Tanganyika,Kongolo,Kafisha,-5.166667,26.666668,Bethsaida,563,0.38
Tanganyika,Kongolo,Kafiyi N/A Groupement,-5.232033,27.44478,Kafi Mambwe,228,0.57
Tanganyika,Kongolo,Kahambo,-5.583334,27.216667,Namumba,1596,0.43
Tanganyika,Kongolo,Kahunga Gr Lubunda,-5.048016,27.21466,Kahoyo,1417,0.46
Tanganyika,Kongolo,Kahwebo,-5.758956,26.324377,Kamami,1160,0.31
Tanganyika,Kongolo,Kalenga Gr Bakwazimu,-5.559904,26.95702,Kalengamay,1188,0.82
Tanganyika,Kongolo,Kalumbi,-5.177755,27.322235,Katimpa 3,1184,0.38
Tanganyika,Kongolo,Kamalenge Gr Kansimba,-5.494501,26.9647,Kimatete,1906,0.59
Tanganyika,Kongolo,Kambogo I Gr Bena Mambwe,-5.128865,27.240324,Kanzazi,1276,0.38
Tanganyika,Kongolo,Kanda N/A Groupement,-5.053576,27.215805,Kibamba 2,137,0.44
Tanganyika,Kongolo,Kangulungu,-5.166667,27.25,Bibole,1909,0.12
Tanganyika,Kongolo,Kansele N/A Groupement,-5.1404,27.2369,Kansele,1893,0.78
Tanganyika,Kongolo,Kansenyenge,-5.228913,27.276403,Mukwanzuba,1055,0.29
Tanganyika,Kongolo,Kanyino Gr Benanyembo,-5.380861,27.554556,Kilumba,1945,0.29
Tanganyika,Kongolo,Kapalaye N/A Groupement,-5.069635,27.331453,Yende,1647,0.35
Tanganyika,Kongolo,Kasanga Nkoli,-5.758955,26.32438,Kamami,1160,0.42
Tanganyika,Kongolo,Kasange N/A Groupement,-5.15799,27.558935,Buyovu,70,0.0
Tanganyika,Kongolo,Kasawa,-5.150001,27.516666,Buganapyana,1727,0.35
Tanganyika,Kongolo,Kaseya Gr Bakwezimu,-5.300001,26.2,,,
Tanganyika,Kongolo,Kasheke,-5.5565,26.47867,Tshofa,333,0.31
Tanganyika,Kongolo,Katala,-5.243485,27.074505,Kibamba,1869,0.46
Tanganyika,Kongolo,Katala-Keb,-5.346375,27.013815,Katala,554,0.75
Tanganyika,Kongolo,Katanda ,-5.072801,27.4559,Kisiki 2,812,0.13
Tanganyika,Kongolo,Katanti,-5.274961,26.3657,,,
Tanganyika,Kongolo,Katea Gr Kiloshi,-5.642259,26.180632,Kilae 1,291,0.5
Tanganyika,Kongolo,Kateba Mukumu,-5.114006,27.190014,Kabuya,1959,0.42
Tanganyika,Kongolo,Kateba N/A Groupement,-5.116668,27.2,Kikamba,1555,0.47
Tanganyika,Kongolo,Kati,-5.008764,27.2114,,,
Tanganyika,Kongolo,Katimpa Gr Nyembo,-5.19857,27.365156,Kananga,1392,0.43
Tanganyika,Kongolo,Kauba N/A Groupement,-5.016648,27.083973,Kihuba,16,0.53
Tanganyika,Kongolo,Kenya N/A Groupement,-5.010397,27.176504,,,
Tanganyika,Kongolo,Kibambalungu N/A Groupement,-5.329411,26.783794,Kibwe,1941,0.29
Tanganyika,Kongolo,Kibele ,-5.521303,27.362385,,,
Tanganyika,Kongolo,Kibumbu N/A Groupement,-5.0648,27.5423,Masanza,1415,0.33
Tanganyika,Kongolo,Kigezi,-5.369438,27.11313,Kigoma,1413,0.5
Tanganyika,Kongolo,Kilae,-5.550001,26.8,Kaseya,265,0.55
Tanganyika,Kongolo,Kilai,-5.629863,26.238504,Ilunga,530,0.55
Tanganyika,Kongolo,Kilembi,-5.166667,26.283333,Kapulu,1722,0.31
Tanganyika,Kongolo,Kilomboyn Gr Wangongwe,-5.374555,26.814676,Lemba,85,0.43
Tanganyika,Kongolo,Kiluba Gr Kayayi,-5.123459,26.333559,Bena Tala,26,0.27
Tanganyika,Kongolo,Kilubula Gr Benayambula,-5.235112,26.97961,Kagema,476,0.29
Tanganyika,Kongolo,Kinanga,-5.150422,27.271767,Malungu,64,0.43
Tanganyika,Kongolo,Kionde,-5.135918,27.166529,Kabundi,406,0.46
Tanganyika,Kongolo,Kipeyayo,-5.474922,26.847357,Miba,1359,0.33
Tanganyika,Kongolo,Kisiki N/A Groupement,-5.1,27.5,Kaseya,1065,0.38
Tanganyika,Kongolo,Kitambilo,-5.018003,27.306269,Misilu,845,0.4
Tanganyika,Kongolo,Kitawala,-5.084565,27.499619,Lubuta,59,0.29
Tanganyika,Kongolo,Kiyumbi,-5.762732,26.320602,Kamami,1465,0.31
Tanganyika,Kongolo,Kizimu,-5.610004,26.413124,Cantonnier Kamina,55,0.17
Tanganyika,Kongolo,Koni N/A Groupement,-5.235408,26.956366,Nyange 2,38,0.25
Tanganyika,Kongolo,Lea Gr Bakwezimu,-5.556694,26.744139,Leya 1,534,0.67
Tanganyika,Kongolo,Lota Ch Bena Nyembo,-5.457385,27.550493,Kabulimbu,1318,0.21
Tanganyika,Kongolo,Lubanza,-5.006728,27.211222,,,
Tanganyika,Kongolo,Lubundi Ch Bena Nyembo,-5.475669,27.460241,Lubundi,1245,0.48
Tanganyika,Kongolo,Luhundu,-5.13763,27.416151,Buganalwamba,285,0.11
Tanganyika,Kongolo,Lukengo,-5.150793,27.238213,Kitonga,1051,0.43
Tanganyika,Kongolo,Lwangani,-5.079632,27.64622,,,
Tanganyika,Kongolo,Magezi ,-5.242505,27.213543,Mugimbi,1274,0.46
Tanganyika,Kongolo,Mahenge,-5.076107,27.207548,Kanda,542,0.33
Tanganyika,Kongolo,Mahole Gr Lubunda,-5.133334,26.933332,,,
Tanganyika,Kongolo,Maiko ,-5.584456,27.539234,Asia,89,0.44
Tanganyika,Kongolo,Makutano NA Groupement,-5.203195,27.515436,Mulala,500,0.35
Tanganyika,Kongolo,Manono,-5.1,26.416668,Lusaka,1099,0.17
Tanganyika,Kongolo,Mapenge Gr Benakayungu,-5.077685,27.036386,,,
Tanganyika,Kongolo,Masanza,-5.120801,27.5768,Maloba,76,0.46
Tanganyika,Kongolo,Masembe,-5.383334,27.0,Malemba,1010,0.71
Tanganyika,Kongolo,Matempa Gr Wagenya,-5.166101,26.67157,Mahole,1232,0.46
Tanganyika,Kongolo,Mbeya,-5.166667,26.283333,Benamwanatambwe,1319,0.3
Tanganyika,Kongolo,Mbonga,-5.2,27.516666,Ngalula,1073,0.46
Tanganyika,Kongolo,Mbulula Gr Bena Nyembo,-5.433333,27.433332,Mulala,1381,0.62
Tanganyika,Kongolo,Mibembe Gr Kansimba,-5.530583,27.092167,,,
Tanganyika,Kongolo,Mifutu,-5.002591,26.97708,Munyemba,1713,0.29
Tanganyika,Kongolo,Migunga Gr Bangobango,-5.107774,27.03442,Nyanga 2,54,0.4
Tanganyika,Kongolo,Milenge,-5.107824,27.510681,Camparis,468,0.27
Tanganyika,Kongolo,Misalwe II,-5.764599,26.318735,Kamami,1673,0.25
Tanganyika,Kongolo,Mpiana Nkulu,-5.000533,26.716476,,,
Tanganyika,Kongolo,Mugila,-5.19028,27.375471,Kagulu,1954,0.33
Tanganyika,Kongolo,Mugomba,-5.433331,27.43333,Muhaba,1248,0.62
Tanganyika,Kongolo,Muhemba Gr Bena Nyembo,-5.103191,27.393879,Kabamba,1519,0.43
Tanganyika,Kongolo,Mujunda,-5.429493,27.430786,Mapendano,220,0.5
Tanganyika,Kongolo,Mundula Gr Bena Mambwe,-5.318247,27.124435,Lwaya,1921,0.33
Tanganyika,Kongolo,Munongo,-5.132229,27.48338,Kahenga,1508,0.29
Tanganyika,Kongolo,Munyatwa N/A Groupement,-5.267879,27.322065,Kasanga Midi,1208,0.25
Tanganyika,Kongolo,Mupenda,-5.129944,27.18125,Kabundi,1355,0.43
Tanganyika,Kongolo,Musuyu,-5.61502,26.28668,Sayo,370,0.4
Tanganyika,Kongolo,Musuyu I N/A Groupement,-5.214653,26.919815,Mubanga,1046,0.42
Tanganyika,Kongolo,Muti N/A Groupement,-5.226256,27.07876,Mulavi,1168,0.43
Tanganyika,Kongolo,Mutombo,-5.35,27.633333,Kayuya,1682,0.15
Tanganyika,Kongolo,Muzyunda,-5.437221,27.42306,Mapendano,1197,0.47
Tanganyika,Kongolo,Mwanakibondo Gr Wagongwe,-5.248669,26.890406,Mapendo,1763,0.53
Tanganyika,Kongolo,Mwanangoy Gr Honga,-5.450191,27.27724,,,
Tanganyika,Kongolo,Ndale Gr Bakwezimu,-5.543109,26.805574,Kaseya,868,0.36
Tanganyika,Kongolo,Ndila,-5.137782,27.049261,Nemba,889,0.4
Tanganyika,Kongolo,Ndubula,-5.402801,27.1766,Mashini,192,0.14
Tanganyika,Kongolo,Ngolo,-5.650001,26.933332,Ngolo 2,765,0.83
Tanganyika,Kongolo,Nseba Gr Bena Nkuvu,-5.194507,27.103153,Katongola,1173,0.29
Tanganyika,Kongolo,Nyanga N/A Groupement,-5.129647,27.000557,Kahunga,1195,0.47
Tanganyika,Kongolo,Pita lwako Gr Kumbi,-5.614646,26.291054,Tambwe,23,0.38
Tanganyika,Kongolo,PK12,-5.389714,27.052338,Kilonda,1796,0.18
Tanganyika,Kongolo,Pk17,-5.300498,26.985382,Kabisanga 1,892,0.27
Tanganyika,Kongolo,Ponda Luganza Gr Bena Nyembo,-5.086413,27.367176,Kaluzi,147,0.42
Tanganyika,Kongolo,Pungu,-5.012999,27.311954,Misilu,1684,0.18
Tanganyika,Kongolo,Seya,-5.000995,26.96563,Ponge,591,0.22
Tanganyika,Kongolo,Seya Ch Bena Nyembo,-5.453582,27.539978,Kasenga Luazi,1101,0.31
Tanganyika,Kongolo,Sola N/A Groupement,-5.150001,27.1,Sola Boma,534,0.71
Tanganyika,Kongolo,Vumbi N/A Groupement,-5.032191,27.250795,Kivulangoma,1130,0.4
Tanganyika,Kongolo,Yayi N/A Groupementi ,-5.257,27.0235,Yayi,5,0.33
Tanganyika,Kongolo,Yende,-5.106483,27.318449,Loni,1419,0.22
Tanganyika,Kongolo,Yenga N/A Groupement,-5.150001,27.383333,Yenga,753,0.71
Tanganyika,Kongolo,Zibo,-5.38329,26.91548,Kimama,1365,0.2
Tanganyika,Manono,Ankoro Gr Bavumbu,-6.75,26.95,Hewabora,1577,0.43
Tanganyika,Manono,Bikango,-7.164619,28.011683,Mbaya,635,0.33
Tanganyika,Manono,Biteme,-7.3,28.5,,,
Tanganyika,Manono,Bombwe,-8.050001,28.25,Kabobo,136,0.5
Tanganyika,Manono,Bundala,-7.4356,27.0236,,,
Tanganyika,Manono,Byolo Gr Mambwe,-7.337656,28.516068,Kayumba,1741,0.17
Tanganyika,Manono,"carré minier ""Kabanga Kasinda"" Gr Kabanga",-7.295887,27.969418,Kabanga Lukinda,1561,0.6
Tanganyika,Manono,"carré minier ""Kabuche"" Gr Mambwe",-7.267405,28.485737,Kaulu Mingomba,95,0.35
Tanganyika,Manono,"carré minier ""Kahambile"" Gr Kayumba",-7.511301,28.2898,,,
Tanganyika,Manono,"carré minier ""Kalenga Sendwe"" Gr Kayumba",-7.379499,28.506058,Katonge,1860,0.29
Tanganyika,Manono,"carré minier ""Mihonda"" Gr Kayumba",-7.505433,28.461988,Kabangu,1385,0.15
Tanganyika,Manono,"Carré minier ""Mukije"" Gr Mambwe",-7.413158,28.475288,,,
Tanganyika,Manono,"carré minier ""Mukuyi""",-7.333765,28.736343,Tandwe,1876,0.16
Tanganyika,Manono,Djemo Gr Kitentu,-6.852086,27.94412,Tende,52,0.4
Tanganyika,Manono,Djilamuna Gr Bakongolo,-6.988345,27.6042,Kyamuye,12,0.38
Tanganyika,Manono,Djinoa ,-6.837307,26.137608,Kiji,167,0.4
Tanganyika,Manono,Fatuma,-6.701361,28.3536,Hewa Bora,1722,0.27
Tanganyika,Manono,Hotel Makasi,-7.41667,27.46667,Ntempa,1400,0.44
Tanganyika,Manono,Ilunga-Goi,-7.4717,26.911217,Kimwanga,370,0.44
Tanganyika,Manono,Kabanga Gr Kabanga,-7.301139,27.941181,Kauka,1408,0.5
Tanganyika,Manono,Kabangu Gr Kayumba,-7.434015,28.370527,,,
Tanganyika,Manono,Kabemba Gr Mambwe,-7.294983,28.680346,Kazana,1584,0.46
Tanganyika,Manono,Kabombo Gr Kazingu,-7.396931,28.04317,,,
Tanganyika,Manono,Kabumba,-7.0,27.65,Muhafu,1942,0.31
Tanganyika,Manono,Kabwa Mutombo,-8.304886,28.072775,Kabwe Nsungu,812,0.48
Tanganyika,Manono,Kabwala Gr Kayumba,-7.583334,28.3,,,
Tanganyika,Manono,Kabwensungu,-7.812583,28.369843,Kizanza,65,0.33
Tanganyika,Manono,Kachelewa Gr Kazingu,-7.436508,27.983276,,,
Tanganyika,Manono,Kadjilongo,-8.208935,27.857733,,,
Tanganyika,Manono,Kafutu,-6.875636,26.879915,Bwalo 2,1850,0.15
Tanganyika,Manono,Kahomba,-6.729374,28.449114,,,
Tanganyika,Manono,Kahongo Gr Nyembwa Nkunda,-7.853601,27.86336,,,
Tanganyika,Manono,Kahulu,-7.666667,28.066668,Mutoy,1897,0.18
Tanganyika,Manono,Kahulu Ka Lukindwe,-7.66667,28.06667,Mpunda,947,0.25
Tanganyika,Manono,Kahungwe,-7.233334,27.466667,Djike,1190,0.31
Tanganyika,Manono,Kaimba Gr Kalamata,-7.75,28.25,Mwimwa,488,0.5
Tanganyika,Manono,Kakamba,-7.597343,27.10957,Katamba Kaboko,1071,0.57
Tanganyika,Manono,Kako,-7.733334,28.216667,Kihia,1856,0.44
Tanganyika,Manono,Kalamata Gr Nyembwa Nkunda,-7.770101,28.2357,Mulopwe,158,0.13
Tanganyika,Manono,Kalenga,-7.821101,28.34397,Joseph,869,0.15
Tanganyika,Manono,Kalolo,-6.616667,26.666668,,,
Tanganyika,Manono,Kalongo Inamizo Gr Bankongolo,-7.270248,27.70931,Kakanzembe,8,0.32
Tanganyika,Manono,Kamala Gr Bakongolo,-7.169258,27.453024,Kahuzya,1623,0.46
Tanganyika,Manono,Kamenshi Gr Bakongolo,-7.448679,27.44496,,,
Tanganyika,Manono,Kamilangi,-7.169175,27.507956,,,
Tanganyika,Manono,Kamina Lenge,-7.364103,26.940376,Kamina,959,0.67
Tanganyika,Manono,Kamona Telwa Gr Bakongolo,-7.308136,27.584017,,,
Tanganyika,Manono,Kampotongo,-7.25,26.98333,Sobongo,1125,0.59
Tanganyika,Manono,Kangulungu Gr Kayumba,-7.564619,28.246643,Kankuluntu,1123,0.8
Tanganyika,Manono,Kanteba Gr Bakongolo,-7.297839,27.461258,Kabinda,1170,0.57
Tanganyika,Manono,Kaole,-6.800001,27.916666,,,
Tanganyika,Manono,Kapyongo,-6.712942,28.405327,,,
Tanganyika,Manono,Kasaa Gr Kayumba,-7.607845,28.197256,,,
Tanganyika,Manono,Kasamba,-7.81805,28.33995,Joseph,321,0.15
Tanganyika,Manono,Kaseya Gr Kiluba,-7.160314,27.30582,,,
Tanganyika,Manono,Kasinda Gr Kitentu,-6.885696,27.976854,Kimbulungu,836,0.35
Tanganyika,Manono,Kasongo,-6.966668,26.35,,,
Tanganyika,Manono,Kasonsa,-6.726838,26.982851,,,
Tanganyika,Manono,Kasumbi Gr Kazingu,-7.502541,27.867317,,,
Tanganyika,Manono,Kasumpa Gr Bena Nkala,-6.695382,26.257013,Lusenga,186,0.14
Tanganyika,Manono,Katengo Gr Mpiana Mbayo,-8.212286,27.86894,,,
Tanganyika,Manono,Katoloka Gr Kiluba,-7.274401,27.2631,,,
Tanganyika,Manono,Katondo Gr Mambwe,-7.2915,28.646845,,,
Tanganyika,Manono,Katonge Gr Mambwe,-7.376184,28.60799,,,
Tanganyika,Manono,Katuku Tuku,-7.820601,28.3211,Joseph,1817,0.0
Tanganyika,Manono,Katundu Gr Kayumba,-7.403727,28.355696,,,
Tanganyika,Manono,Kaulu Gr Kabanga,-7.31419,28.12398,,,
Tanganyika,Manono,Kayenga,-7.296001,27.960056,Kauka,786,0.5
Tanganyika,Manono,Kazingu Gr Kazingu,-7.4486,28.0961,Mafinge,1833,0.57
Tanganyika,Manono,Kazunga,-6.950001,28.5,Ngoy Muluba,1624,0.33
Tanganyika,Manono,Kiala,-7.266667,26.783333,Kyala,655,0.8
Tanganyika,Manono,Kikonko Gr Mpiana Mbayo,-7.152806,26.890556,Pension,21,0.43
Tanganyika,Manono,Kikumba Gr Kayumba,-7.642999,28.271889,,,
Tanganyika,Manono,Kilumbu,-5.177628,27.166487,Lukengo,1943,0.29
Tanganyika,Manono,Kilwani Gr Kalamata,-7.798036,28.371073,Kizanza,1594,0.57
Tanganyika,Manono,Kimungu,-6.716668,26.566668,,,
Tanganyika,Manono,Kimungwa,-6.716668,26.566668,,,
Tanganyika,Manono,Kisele 2,-7.987,28.26688,Monsensa,491,0.25
Tanganyika,Manono,Kishale Gr Nyembwa Nkunda,-7.777781,28.267,Kipaila,1618,0.57
Tanganyika,Manono,Kisuji Gr Bakongolo,-7.349937,27.43671,Luvumbi,1925,0.15
Tanganyika,Manono,Kivuwa,-6.718812,26.947046,Kangulu 2,1713,0.27
Tanganyika,Manono,Kivwa Dede Gr Kivwa,-6.654792,26.969662,Kasonsa 1,23,0.32
Tanganyika,Manono,Kiyo Gr Kazingu,-7.565701,28.094,Probis,943,0.2
Tanganyika,Manono,Kizuki,-7.496268,26.846636,Kitungulu,925,0.4
Tanganyika,Manono,Konde,-7.972233,27.969982,Katenda,115,0.5
Tanganyika,Manono,Konkolo,-7.366667,27.016666,Kakonde,1366,0.43
Tanganyika,Manono,Kyaja Gr Kazingu,-7.486208,28.138756,,,
Tanganyika,Manono,Kyende Gr Nsenga Tshimbu,-6.7,28.36667,Musambya,1226,0.14
Tanganyika,Manono,Kyoboy Gr Kalamata,-7.606127,28.396217,,,
Tanganyika,Manono,Kyonyi Gr Kiluba,-7.165801,27.0226,Kasolonzyi,952,0.62
Tanganyika,Manono,Lenge wa Bangi Gr Nyembwa Kunda,-7.900239,27.993723,Lenge,44,0.53
Tanganyika,Manono,Luba Gr Bakongolo,-7.230732,27.55255,,,
Tanganyika,Manono,Luhungu,-7.259951,27.39239,Kutangulia Sikufika,1470,0.31
Tanganyika,Manono,Lumajabo Gr Bakongolo,-7.124444,27.438776,Luboyi,115,0.57
Tanganyika,Manono,Lusonde Gr Kadilo Kalombo,-7.175341,26.74598,Muzinga 1,1935,0.25
Tanganyika,Manono,Lwamba,-7.190928,27.591793,Busolo,108,0.17
Tanganyika,Manono,Lwela Gr Kiyombo,-7.011355,28.569748,,,
Tanganyika,Manono,Malanga,-6.550001,26.7,,,
Tanganyika,Manono,Masumbuko,-6.733334,28.066668,,,
Tanganyika,Manono,Mazembe Gr Kiluba,-7.181907,26.991455,Kabenga,205,0.43
Tanganyika,Manono,Mazyondo Gr Bakongolo,-7.33765,27.43344,,,
Tanganyika,Manono,Mbayo  Gr Kiyombo,-7.134279,28.102213,Kalunga Mbayo,105,0.56
Tanganyika,Manono,Mbudji,-7.291101,27.465,Kabinda,704,0.31
Tanganyika,Manono,Mikato Gr Nyembwa Kunda,-8.351037,28.027424,,,
Tanganyika,Manono,Mingomba Gr Nyembwa Nkunda,-8.045701,27.9703,,,
Tanganyika,Manono,Molokay Gr Kalamata,-7.712536,28.197674,Mukungay,871,0.53
Tanganyika,Manono,Mpandanjila,-6.75,26.566668,,,
Tanganyika,Manono,Mpenge Gr Mambwe,-7.380332,28.618927,,,
Tanganyika,Manono,Mpezya Gr Kiluba,-7.172891,27.053228,Kampotongo,39,0.25
Tanganyika,Manono,Mpiana Mwanga Gr Nyembo wa Kunda,-7.652091,28.09787,Piana,994,0.56
Tanganyika,Manono,Mukanda,-6.616667,28.4,Kabanga,1904,0.57
Tanganyika,Manono,Mulima,-7.316668,28.016666,Mpunzi,520,0.5
Tanganyika,Manono,Mulundu Gr Nyembwa Kunda,-7.706211,28.153767,Mulundu Tengeneza,1598,0.58
Tanganyika,Manono,Muluvia Gr Nyembwa Kunda,-8.183333,28.166668,,,
Tanganyika,Manono,Musungi Gr Kayumba,-7.065001,29.325,,,
Tanganyika,Manono,Mutanga,-7.1,28.25,,,
Tanganyika,Manono,Mutoy Gr Nyembwa Kunda,-7.659726,28.11451,Mutalala 1,521,0.4
Tanganyika,Manono,Muzinga,-7.395198,28.499401,Katonge,66,0.29
Tanganyika,Manono,Mwela Gr Mambwe,-7.297081,28.461123,Madoda,1723,0.36
Tanganyika,Manono,Mwila Gr Nyembwa Nkunda,-7.724172,28.393398,,,
Tanganyika,Manono,Mwimwa Gr Nyembwa Nkunda,-7.735635,28.183578,Sangwa Zele,1379,0.24
Tanganyika,Manono,Ngongwe Gr Kazingi,-7.59688,28.0898,Mwale,92,0.33
Tanganyika,Manono,Ngoy wa Mutoke,-7.363913,28.667261,,,
Tanganyika,Manono,Nsenga Tshimbu Gr Nsenga Tshimbu,-6.784801,28.33012,Kantonye 3,1399,0.25
Tanganyika,Manono,Panda kuboko,-7.600726,27.109781,Katamba Kaboko,1443,0.62
Tanganyika,Manono,Paul Gr Bakongolo,-7.290673,27.551704,Toma,1505,0.25
Tanganyika,Manono,Pension Gr Kiluba,-7.626966,27.094881,Mulenda,449,0.29
Tanganyika,Manono,Sanga-Malala,-7.445231,28.114094,Balay,1860,0.35
Tanganyika,Manono,Soe-Kotanga,-6.80489,26.1034,,,
Tanganyika,Manono,Yeruzalema Gr Nyembwa Nkunda,-7.780546,27.778992,Salumu,78,0.38
Tanganyika,Moba, Mulonde Gr Mulonde,-7.177611,29.762833,Muntakuya,424,0.38
Tanganyika,Moba,4 Coins Gr Lambo,-7.291266,29.223751,Mayani,829,0.15
Tanganyika,Moba,Balumbu,-6.99566,29.0044,,,
Tanganyika,Moba,Baton Gr Kamena,-7.344917,28.850748,Mutoma,22,0.36
Tanganyika,Moba,Betele,-7.3,29.15,,,
Tanganyika,Moba,Bikitike,-7.356901,28.8424,Kyanza,1297,0.14
Tanganyika,Moba,Bulombo,-6.914621,29.519472,Kasoro,1948,0.31
Tanganyika,Moba,Chamala Gr Mupanga,-7.556791,28.631098,Nghenda,22,0.29
Tanganyika,Moba,Changa Gr Kasenga,-7.593239,28.80165,Wandu,18,0.36
Tanganyika,Moba,Dieudonné,-7.5487,28.6377,Katenta,989,0.25
Tanganyika,Moba,Fube Gr Mwange,-8.041894,30.028725,Kyembe,770,0.4
Tanganyika,Moba,Funga Mukaba,-7.171861,29.199629,Mwanza 2,1917,0.3
Tanganyika,Moba,Hewa bora,-7.673495,29.773481,,,
Tanganyika,Moba,Juakali Gr Kasokota,-7.172813,29.280033,,,
Tanganyika,Moba,Kabilozi Gr Mukuli,-7.398,29.5429,Kawama,157,0.29
Tanganyika,Moba,Kabunda,-7.433333,29.35,,,
Tanganyika,Moba,Kalila,-8.14964,30.02775,Kalila Tansi,1178,0.67
Tanganyika,Moba,Kalimba Gr Lambo,-7.343943,29.330643,,,
Tanganyika,Moba,Kalimba Gr Lambo,-7.364307,29.239244,Kawama,749,0.62
Tanganyika,Moba,Kalinde,-7.503235,29.67384,Tenteka,1614,0.29
Tanganyika,Moba,Kaliza Gr Kayobwe,-6.926346,29.510368,Kabeya,1609,0.5
Tanganyika,Moba,Kalolo Gr Lungulungu,-7.373481,29.525806,Mulombe,73,0.31
Tanganyika,Moba,Kalongo,-7.096602,29.737032,Munanga,1910,0.43
Tanganyika,Moba,Kalongo Gr Mulonde,-7.105401,29.7354,Kabala,1492,0.46
Tanganyika,Moba,Kaloto Gr Kasenga Nganie,-7.634723,28.821667,Pondela,24,0.15
Tanganyika,Moba,Kalunga-Mukufu Gr Mazonde,-7.055581,29.5949,,,
Tanganyika,Moba,Kampilikwe,-7.536556,29.790972,Kitendwe,71,0.44
Tanganyika,Moba,Kampinda Gr Mazonde,-7.102857,29.623074,Kasopelo,98,0.38
Tanganyika,Moba,Kandefwe Gr Mukuli,-7.419195,29.73189,Kandefwe Kipiti,1872,0.7
Tanganyika,Moba,Kangabo Gr Kabwela,-7.100522,29.045973,,,
Tanganyika,Moba,Kansamba Gr Mulonde,-7.1098,29.7364,Kabala,991,0.57
Tanganyika,Moba,Kansimba Gr Mwanza,-7.310202,29.145256,,,
Tanganyika,Moba,Kanyugo,-8.209936,30.569126,Kita,390,0.36
Tanganyika,Moba,Kanzinza,-7.093092,29.69755,Kapango,23,0.4
Tanganyika,Moba,Kapakwe Gr Kyanza,-6.9925,29.6985,Kanuabaendo,921,0.44
Tanganyika,Moba,Kapampa,-7.050001,29.78333,Kapeso,1989,0.46
Tanganyika,Moba,Kapaseze,-7.484301,30.2121,Kisha,762,0.31
Tanganyika,Moba,Kapela Nshila,-7.047901,29.7517,Bel'Air,1738,0.42
Tanganyika,Moba,Kapona,-7.132764,29.20266,,,
Tanganyika,Moba,Kaputu,-7.370551,29.70247,Lungalaba,1432,0.13
Tanganyika,Moba,Karonja Gr Mazonde,-7.07289,29.671701,Kilala,123,0.46
Tanganyika,Moba,Kasakai,-6.88445,29.41728,,,
Tanganyika,Moba,Kasanga,-7.364388,29.291727,Kalimba,40,0.43
Tanganyika,Moba,Kasenga Makosa Gr Mulonde,-7.272163,29.746256,Kanghondo,69,0.43
Tanganyika,Moba,Kasokola Gr Mwanza,-7.378093,29.19497,Milwa,71,0.15
Tanganyika,Moba,Katabe,-7.751215,29.738392,Mandevu,1464,0.31
Tanganyika,Moba,Katenda Gr Kilunga,-7.739847,29.81081,Autre,1151,0.5
Tanganyika,Moba,Katendwe Gr Kitendwe,-7.503593,29.75763,Paul,75,0.17
Tanganyika,Moba,Katolola Gr Mwindi,-7.00819,29.67639,Kosoro,233,0.43
Tanganyika,Moba,Kaulu,-7.3191,29.4961,,,
Tanganyika,Moba,Kaulu,-7.318944,29.496305,,,
Tanganyika,Moba,Kazana Gr Kamena,-7.366283,28.756601,,,
Tanganyika,Moba,Kazenzele Gr Kabwela,-7.073763,29.058401,Kikonkoto,1067,0.22
Tanganyika,Moba,Kibanga,-7.341139,30.146555,Kipata,1516,0.62
Tanganyika,Moba,Kibawe Gr Kamena,-7.369891,28.782265,,,
Tanganyika,Moba,Kiku,-7.817297,30.274094,Kalo,1441,0.25
Tanganyika,Moba,Kikwiji,-6.98589,29.001673,,,
Tanganyika,Moba,Kilongo Gr Mupanga,-7.884807,28.715527,Mupanga,71,0.29
Tanganyika,Moba,Kilunga ,-7.716231,29.76665,Misongo,13,0.43
Tanganyika,Moba,Kinkalata,-7.093143,29.697594,Kapampa,1180,0.5
Tanganyika,Moba,Kirungu,-7.080194,29.725014,Munanga,354,0.43
Tanganyika,Moba,Kisanze Gr Selembe,-7.935298,29.72862,Nkuzya,120,0.31
Tanganyika,Moba,Kisesa Gr Maseba Mwindi,-6.868865,29.510193,Mitonga,112,0.31
Tanganyika,Moba,Kisi,-7.459195,29.72489,Kaonde,1905,0.2
Tanganyika,Moba,Kisuke,-7.466671,29.86667,,,
Tanganyika,Moba,Kitobo,-7.716668,28.683332,,,
Tanganyika,Moba,Kitu Gr Mwanza,-7.172708,29.1911,,,
Tanganyika,Moba,Kolongwe Gr Kamena,-7.5483,28.6874,Eva,1709,0.18
Tanganyika,Moba,Kolongwe Gr Kamena,-7.515874,28.68832,Kanteba,1357,0.4
Tanganyika,Moba,Kondo Gr Kasokota,-7.171929,29.392944,Kapela,1420,0.18
Tanganyika,Moba,Kumbula,-7.158414,29.674698,,,
Tanganyika,Moba,Kyandu,-7.904111,30.298668,,,
Tanganyika,Moba,Kyonta,-7.568612,29.795055,Kampilikwe,806,0.25
Tanganyika,Moba,Litanta,-6.910833,29.443277,Kayobwe,112,0.14
Tanganyika,Moba,Litulo,-7.305128,29.71551,Kisongo,1271,0.31
Tanganyika,Moba,Lungulungu,-7.366671,29.53333,Ngulua,1085,0.62
Tanganyika,Moba,Lusenga Gr Kamena,-7.228813,29.139065,Kakonge,552,0.29
Tanganyika,Moba,Lusinga Gr Kayobwe,-6.861012,29.328396,Mbolyo,761,0.15
Tanganyika,Moba,Malanga Gr Kamena,-7.586893,28.869555,Penju,21,0.17
Tanganyika,Moba,Mapanda Gr Kamena,-7.02284,29.087194,Kasunki,169,0.29
Tanganyika,Moba,Maseba Gr Mwindi,-7.007401,29.6784,Kanwabaendo,604,0.35
Tanganyika,Moba,Matipa,-7.218678,29.617275,Mwangala,774,0.43
Tanganyika,Moba,Miche Gr Kabwela,-7.659658,29.243889,Kamisha,751,0.5
Tanganyika,Moba,Misembe,-7.092996,29.789104,Fanyele,1602,0.29
Tanganyika,Moba,Mitonga Gr Mwindi,-6.947919,29.53611,,,
Tanganyika,Moba,Moliro Gr Moliro,-8.239492,30.574684,Kasongo,752,0.31
Tanganyika,Moba,Monts Nangu,-7.156701,29.295,Katende,1099,0.11
Tanganyika,Moba,Mpala Gr Mpala,-6.74966,29.532356,Mpendwa Katanga,78,0.4
Tanganyika,Moba,Mpama Gr Mulonde,-6.987101,29.7221,Damazi,1484,0.55
Tanganyika,Moba,Mpenge Gr Mpenge,-7.74141,28.780556,,,
Tanganyika,Moba,Mpenge ya Bwizinde Gr Kamena,-7.364827,28.676317,,,
Tanganyika,Moba,Mulambe,-8.369561,29.60891,,,
Tanganyika,Moba,Mulima Gr Kisonte,-7.029303,29.352846,,,
Tanganyika,Moba,Mulunguzi Gr Kapampa ,-7.058342,29.799961,Bulimwengu,829,0.53
Tanganyika,Moba,Mulunguzi Gr Kapampa,-7.058342,29.799961,Bulimwengu,829,0.53
Tanganyika,Moba,Munkombwe Gr Kasokota,-7.147201,29.2919,Katende,100,0.25
Tanganyika,Moba,Munkonge ,-8.3483,29.6578,,,
Tanganyika,Moba,Mupundu,-7.750996,30.265968,Mukala,63,0.31
Tanganyika,Moba,Murusi Gr Mwindi,-7.008609,29.667875,Kosoro,1148,0.17
Tanganyika,Moba,Musenga,-8.16008,30.5107,,,
Tanganyika,Moba,Mwale,-6.940663,29.103329,Mboka,524,0.4
Tanganyika,Moba,Mwende,-7.185195,29.647057,Mulea,1693,0.36
Tanganyika,Moba,Mwindi,-6.75,29.51667,Kizumina,1797,0.43
Tanganyika,Moba,Nganza Gr Kasokota,-7.09143,29.421211,,,
Tanganyika,Moba,Nkoba,-7.25,29.116667,,,
Tanganyika,Moba,Nkuka Gr Mulonde,-7.219676,29.83962,Ntompa,210,0.36
Tanganyika,Moba,Nkumbula Gr Malibu,-7.124767,29.69182,Kampinda 2,966,0.22
Tanganyika,Moba,Nsenga Gr Kayobwe,-7.017128,29.52479,Mwimbwa,41,0.15
Tanganyika,Moba,Nsonse,-7.741904,29.736855,Luhonde,1922,0.46
Tanganyika,Moba,Ntoya Gr Mwanza,-7.324121,29.10436,Kansimba,29,0.31
Tanganyika,Moba,Tandwe Gr Kamena,-7.37703,28.784018,,,
Tanganyika,Moba,Vyura Kahandwe Gr Kayobwe,-6.851623,29.151222,Kahandwe,1422,0.73
Tanganyika,Nyunzu,Bibole,-5.19943,28.507221,Bililwa,1811,0.46
Tanganyika,Nyunzu,Bulubi ,-5.298034,27.889492,Kisoka,303,0.17
Tanganyika,Nyunzu,Butondo Gr Bakalanga II,-5.333334,27.866667,Lwamba,1229,0.15
Tanganyika,Nyunzu,"carré minier ""Kadeza""",-5.50677,27.97418,Kigoba,1926,0.08
Tanganyika,Nyunzu,"carré minier ""Kamoko"" Gr Bakalanga II",-5.16079,28.121508,,,
Tanganyika,Nyunzu,"carré minier ""Malewa""",-6.086693,28.117195,,,
Tanganyika,Nyunzu,"carré minier ""Mikenzi"" Gr Bena Kahela",-5.491378,27.729475,Kalala Nzovu,1611,0.25
Tanganyika,Nyunzu,"carré minier ""Tuluga""",-5.458451,28.354961,,,
Tanganyika,Nyunzu,Carré minier Kitwe,-5.564586,27.901508,,,
Tanganyika,Nyunzu,Gahu Gr Mugonda,-5.644146,28.518562,,,
Tanganyika,Nyunzu,Ilunga,-6.183333,28.066668,Kahongo,394,0.31
Tanganyika,Nyunzu,Kabimbi Gr Bakalanga II,-5.450844,28.224516,Ntengu,34,0.0
Tanganyika,Nyunzu,Kabondo,-5.905646,27.947342,,,
Tanganyika,Nyunzu,Kabwe,-6.583334,28.283333,,,
Tanganyika,Nyunzu,Kahendwa Gr Bakalanga 2,-5.491001,27.6191,Numbi,57,0.15
Tanganyika,Nyunzu,Kahompwa,-5.75,28.316668,Mugambwa,1976,0.5
Tanganyika,Nyunzu,Kahowe Gr Kahela,-5.55919,27.761507,Kikomesha,207,0.27
Tanganyika,Nyunzu,Kahoyo Gr Bayoro,-6.161283,27.53728,Kabishitwe,15,0.38
Tanganyika,Nyunzu,Kahundu Gr Bena Kahela,-5.440584,27.676155,Kahozi Mugo,308,0.44
Tanganyika,Nyunzu,Kakulu Maziwa Gr Bakalanga 2,-5.284224,27.92784,,,
Tanganyika,Nyunzu,Kalamba,-6.150001,28.066668,Mitwaba,1378,0.43
Tanganyika,Nyunzu,Kalima GR  Bakalanga II,-5.5,28.2,Panda,1798,0.36
Tanganyika,Nyunzu,Kalunga Nyembo,-5.138288,27.928951,Mushika Jembe,115,0.44
Tanganyika,Nyunzu,Kampiempie,-5.983301,28.044,Mukenza,1008,0.24
Tanganyika,Nyunzu,Kampyempye,-6.033351,27.9292,,,
Tanganyika,Nyunzu,Kamuna,-5.166667,28.116667,,,
Tanganyika,Nyunzu,Kanani Gr Bakalanga II,-5.091136,28.336435,,,
Tanganyika,Nyunzu,Kandogolo,-5.413797,28.224207,Nkondogolo,1516,0.84
Tanganyika,Nyunzu,Kashale-Lumba,-6.016671,27.33333,Kashale 1,1147,0.73
Tanganyika,Nyunzu,Kasolwa,-5.333334,28.266666,Kayuba,1529,0.46
Tanganyika,Nyunzu,Kasongo-Nyu,-6.021801,27.551,,,
Tanganyika,Nyunzu,Kasoso Gr Kasoso,-5.690591,28.29623,,,
Tanganyika,Nyunzu,Kasumbalesa,-5.631307,28.336645,Mulindwe,950,0.32
Tanganyika,Nyunzu,Kataki Gr Bena Kahel,-5.447265,27.62616,Kandeke,3,0.46
Tanganyika,Nyunzu,Katanta Gr Kitengetenge,-5.446328,27.669243,Kabonde,1927,0.43
Tanganyika,Nyunzu,Katatu Gr Bakalanga 2,-5.666667,28.333332,,,
Tanganyika,Nyunzu,Katemwe Gr Ngoy,-6.566897,28.04574,Kabi,261,0.36
Tanganyika,Nyunzu,Katenga Gr Bangu Bangu,-5.372001,27.754168,Katanta,1109,0.71
Tanganyika,Nyunzu,Katuba,-5.400001,28.233334,Sengamalamba,1771,0.33
Tanganyika,Nyunzu,Katunda Gr Baseba,-5.431673,28.22336,Mayenze,16,0.29
Tanganyika,Nyunzu,Kayamba Lumbwanga,-5.229993,27.898022,Lugunda,593,0.25
Tanganyika,Nyunzu,Kayunzu Gr Bayoro,-5.800001,28.05,,,
Tanganyika,Nyunzu,Kibungo,-5.678111,27.96617,Kilunga,635,0.71
Tanganyika,Nyunzu,Kigesigulu ,-5.425301,28.2231,Sengamalamba,1371,0.18
Tanganyika,Nyunzu,Kihunga,-5.183333,28.333332,,,
Tanganyika,Nyunzu,Kihuya Gr Kaunda ,-6.383333,28.083332,,,
Tanganyika,Nyunzu,Kikanyanga,-5.966215,27.966381,Malulu,1760,0.12
Tanganyika,Nyunzu,Kikanyanga,-6.05,26.916666,Kalangwa,1040,0.67
Tanganyika,Nyunzu,Kikibwe,-5.424894,28.223118,Majengo,63,0.14
Tanganyika,Nyunzu,Kikwibe Gr Bakalanga II,-5.400439,28.230017,Lwembe,1310,0.46
Tanganyika,Nyunzu,Kilega Gr Baseba,-5.461411,27.859829,,,
Tanganyika,Nyunzu,Kilolo,-5.694698,27.97197,Kalombo,1042,0.62
Tanganyika,Nyunzu,Kintu Gr Bakalanga II,-6.151403,27.894169,Kavi,1973,0.44
Tanganyika,Nyunzu,Kisendami,-5.5,28.2,Panda,1798,0.43
Tanganyika,Nyunzu,Kisengo Gr Bakalanga II,-5.607615,28.338718,Tanganyika,298,0.24
Tanganyika,Nyunzu,Kisimba,-5.071383,28.36891,,,
Tanganyika,Nyunzu,Kisoka ,-5.167831,27.913797,Musebevillage,308,0.21
Tanganyika,Nyunzu,Kitengetenge Gr Kitengetenge,-5.633334,27.65,,,
Tanganyika,Nyunzu,Kiyi ,-5.091701,28.3355,,,
Tanganyika,Nyunzu,Konge ,-5.4082,27.9602,Mambwe,1571,0.18
Tanganyika,Nyunzu,Koswe Lumbu,-5.633334,27.65,,,
Tanganyika,Nyunzu,Kyanamahanga,-5.75,28.316668,Nyangana,834,0.5
Tanganyika,Nyunzu,Kyenge,-5.511398,27.688602,Lengwe Nyembo,1961,0.42
Tanganyika,Nyunzu,Lengwe Gr Bena Kahela,-5.504939,27.671518,Lengwe Dave,620,0.71
Tanganyika,Nyunzu,Lodja,-6.050001,27.466,Gare,1046,0.22
Tanganyika,Nyunzu,Luazi,-6.665064,28.31827,,,
Tanganyika,Nyunzu,Luba,-6.274615,27.898067,Kilamba,86,0.55
Tanganyika,Nyunzu,Luinda,-5.383334,27.866667,,,
Tanganyika,Nyunzu,Luizi,-6.043046,27.472397,Lwizi Mitamba,1734,0.44
Tanganyika,Nyunzu,Lukele,-5.8886,27.992,Kalenge,1481,0.46
Tanganyika,Nyunzu,Lulia Gr Bakalanga I,-5.672592,27.728807,,,
Tanganyika,Nyunzu,Lumbu,-5.083334,27.983334,Musubi,1688,0.36
Tanganyika,Nyunzu,Lumwene Gr Bayoro,-5.874456,27.907845,,,
Tanganyika,Nyunzu,Lwamba ,-5.300581,27.89054,Kisoka,3,0.17
Tanganyika,Nyunzu,Lweyeye Gr Bayoro,-6.010644,28.033691,Lubumba,936,0.14
Tanganyika,Nyunzu,Lwizi Mulela,-6.05,27.466667,Tp Twikilwe,1125,0.26
Tanganyika,Nyunzu,Mabombo ,-5.322172,27.86644,Lwamba,23,0.46
Tanganyika,Nyunzu,Mabuki,-6.0213,27.560137,,,
Tanganyika,Nyunzu,Magomba,-5.807477,28.568605,Mukaya,1520,0.46
Tanganyika,Nyunzu,Mahemba ,-5.520501,28.2517,,,
Tanganyika,Nyunzu,Mahigue,-5.61559,27.481316,Kahinda,1522,0.43
Tanganyika,Nyunzu,Majambela,-5.339879,27.915314,Kilega 9,87,0.12
Tanganyika,Nyunzu,Majambere,-5.513082,27.591213,Magunda,1747,0.38
Tanganyika,Nyunzu,Makumbo Gr Ngoy,-6.566956,28.04568,Kabi,253,0.36
Tanganyika,Nyunzu,Makusu,-6.300001,27.866667,,,
Tanganyika,Nyunzu,Mararo ,-5.413639,28.224037,Majengo,1298,0.46
Tanganyika,Nyunzu,Masaba,-5.814011,27.97812,Butuba,1028,0.33
Tanganyika,Nyunzu,Maswayi Bangubangu,-5.023915,27.941658,,,
Tanganyika,Nyunzu,Matongo,-5.335283,27.85789,Lwamba,1739,0.31
Tanganyika,Nyunzu,Mayenze,-6.280097,28.074266,Luhuhu,956,0.0
Tanganyika,Nyunzu,Mayombo Gr Beba Kahela,-5.465821,27.663715,Kabonde,333,0.43
Tanganyika,Nyunzu,Mazembe,-5.56819,27.783733,Kyata,37,0.17
Tanganyika,Nyunzu,Mbeya Gr Bakalanga 1,-5.666957,27.428108,Ntalazya,35,0.31
Tanganyika,Nyunzu,Milunga,-5.941178,28.050543,,,
Tanganyika,Nyunzu,Mitamba,-6.043701,27.45772,Kiyabo,1943,0.46
Tanganyika,Nyunzu,Moket Lunga,-5.674054,27.886215,Mutabu,1364,0.35
Tanganyika,Nyunzu,Mubimbe Gr Bakalanga 2,-5.166667,28.333332,,,
Tanganyika,Nyunzu,Mubimbi,-5.5066,28.3461,,,
Tanganyika,Nyunzu,Muchibye,-6.424184,28.048653,Kiyongwe,782,0.38
Tanganyika,Nyunzu,Muempa,-5.899389,28.007915,Lombwa,1036,0.33
Tanganyika,Nyunzu,Mufutu Gr Bangubangu,-5.023836,27.837317,,,
Tanganyika,Nyunzu,Mugombo,-6.585913,28.042835,Kabi,1878,0.18
Tanganyika,Nyunzu,Muhepa,-5.790867,28.100613,Nyembo 1,1993,0.14
Tanganyika,Nyunzu,Muhguya,-6.25,28.066668,Kilubula,516,0.4
Tanganyika,Nyunzu,Mukena Gr Bakalanga 2,-5.383334,28.15,,,
Tanganyika,Nyunzu,Mukimbo Gr Mukimbo,-6.355501,28.0777,Komba,141,0.5
Tanganyika,Nyunzu,Mukumbu,-5.033333,28.066668,,,
Tanganyika,Nyunzu,Mukwaka,-5.990532,27.782318,Katondo,515,0.29
Tanganyika,Nyunzu,Mulembwa,-6.033333,27.55,,,
Tanganyika,Nyunzu,Mulilamembe,-6.068201,27.9355,,,
Tanganyika,Nyunzu,Mulunguy Gr Bena Kahela,-5.269806,27.89403,Kakulumaziba,174,0.3
Tanganyika,Nyunzu,Munena Gr Baseba,-5.5,27.883333,,,
Tanganyika,Nyunzu,Musebe Gr Bakalanga II,-5.183333,27.916666,Musebevillage,1522,0.63
Tanganyika,Nyunzu,Musoy,-5.38333,28.15,,,
Tanganyika,Nyunzu,Mutumbwa,-5.6498,27.59168,Mujangona,1484,0.35
Tanganyika,Nyunzu,Mwavita,-5.187711,28.305462,Kamuna,728,0.31
Tanganyika,Nyunzu,N/A- settlement,-5.5,27.883333,,,
Tanganyika,Nyunzu,Nathanael,-5.998213,28.012909,,,
Tanganyika,Nyunzu,Ngulu ya Mambwe Gr Balumbu,-6.096364,28.169971,,,
Tanganyika,Nyunzu,Ntambwe Gr Kahela,-5.465785,27.663595,Kabonde,336,0.29
Tanganyika,Nyunzu,Nyunzu,-5.95,28.01667,Lumbu,1653,0.36
Tanganyika,Nyunzu,Panda Gr Bakalanga II,-5.388935,28.231684,Nkondogolo,1389,0.27
Tanganyika,Nyunzu,Ponda Luganza,-5.583331,27.56667,Mponda,633,0.53
Tanganyika,Nyunzu,Pungwe,-5.4388,27.6794,Tambwe,188,0.33
Tanganyika,Nyunzu,Sagala,-5.561551,27.77286,Kyata,1449,0.36
Tanganyika,Nyunzu,Senga Gr Bakalanga 2,-5.550001,28.15,,,
Tanganyika,Nyunzu,Senga Gr Bayoro,-5.905056,28.008614,Kalenge,1122,0.5
Tanganyika,Nyunzu,Sulumba,-5.550001,27.733334,Muteneu,414,0.29
Tanganyika,Nyunzu,Tambwe,-5.550001,28.0,Muyembo,1155,0.31
Tanganyika,Nyunzu,Tambwe Mayomba,-5.550001,28.0,Kalenge Lunwanga,1849,0.33
Tanganyika,Nyunzu,Tutumbi Gr Bakalanga II,-5.513917,28.293577,Hopital,397,0.14
Tanganyika,Nyunzu,Twikilwe,-6.016667,27.45,Musimbe,1125,0.27
Tanganyika,Nyunzu,Zongwe Gr Bangubangu,-5.083334,27.916666,,,
