{"type":"FeatureCollection","features":[{"type":"Feature","geometry":{"type":"Polygon","coordinates":[[[15.4069,-4.55378],[15.42233,-4.54446],[15.43653,-4.5447],[15.45003,-4.5695],[15.45105,-4.58073],[15.46196,-4.58687],[15.46868,-4.603],[15.48425,-4.6084],[15.50311,-4.60191],[15.50836,-4.60404],[15.51479,-4.60125],[15.51713,-4.59461],[15.52493,-4.58774],[15.54275,-4.59578],[15.55057,-4.6043],[15.58248,-4.60648],[15.59596,-4.60264],[15.64428,-4.60377],[15.64826,-4.58553],[15.65295,-4.58445],[15.65629,-4.57393],[15.66186,-4.57638],[15.66744,-4.56885],[15.66805,-4.57301],[15.67029,-4.57167],[15.67151,-4.58476],[15.67833,-4.59453],[15.69842,-4.60816],[15.73262,-4.61896],[15.74363,-4.63026],[15.751,-4.64749],[15.73769,-4.67944],[15.72018,-4.71059],[15.70969,-4.77613],[15.69879,-4.79392],[15.68376,-4.80719],[15.66804,-4.81032],[15.64792,-4.80757],[15.63592,-4.81043],[15.62451,-4.81852],[15.61378,-4.86167],[15.61625,-4.8781],[15.62439,-4.89236],[15.6389,-4.90369],[15.66886,-4.91593],[15.6849,-4.92725],[15.68545,-4.93725],[15.69913,-4.94681],[15.73465,-4.96209],[15.74362,-4.96963],[15.74464,-4.98829],[15.75435,-5.01819],[15.77938,-5.02349],[15.79267,-5.01931],[15.80486,-5.02479],[15.81586,-5.02062],[15.83079,-5.0254],[15.83421,-5.02354],[15.83545,-5.01736],[15.84458,-5.0141],[15.84215,-5.00957],[15.85347,-4.99701],[15.85378,-4.99203],[15.84936,-4.98821],[15.85729,-4.97613],[15.8562,-4.96463],[15.8661,-4.94768],[15.85571,-4.93795],[15.85244,-4.92486],[15.85536,-4.92452],[15.85695,-4.91867],[15.85372,-4.91157],[15.84603,-4.90766],[15.84309,-4.8998],[15.84457,-4.88279],[15.8531,-4.87759],[15.86069,-4.87815],[15.86644,-4.87307],[15.85752,-4.85909],[15.87924,-4.86661],[15.89837,-4.89291],[15.90371,-4.90638],[15.90996,-4.94374],[15.9167,-4.95723],[15.92791,-4.95883],[15.93507,-4.95219],[15.9556,-4.94495],[15.96473,-4.94504],[15.98015,-4.94669],[15.99192,-4.95501],[16.00633,-4.97156],[16.03892,-4.95847],[16.05428,-4.9631],[16.25709,-4.96995],[16.26606,-4.95872],[16.26389,-4.94308],[16.26858,-4.92792],[16.26303,-4.90736],[16.26579,-4.90671],[16.2692,-4.89545],[16.2649,-4.88919],[16.26652,-4.88038],[16.25741,-4.8674],[16.25865,-4.85889],[16.24016,-4.85329],[16.24331,-4.84072],[16.24017,-4.83505],[16.24341,-4.83358],[16.24107,-4.83102],[16.24323,-4.82637],[16.25215,-4.8235],[16.24875,-4.81622],[16.25222,-4.81109],[16.25173,-4.80405],[16.24882,-4.80516],[16.25158,-4.79789],[16.25016,-4.7917],[16.25951,-4.7787],[16.25573,-4.77179],[16.26166,-4.76698],[16.26248,-4.74776],[16.28356,-4.7371],[16.29087,-4.72841],[16.3486,-4.59975],[16.36535,-4.56736],[16.38302,-4.54502],[16.39491,-4.52151],[16.39706,-4.48913],[16.40614,-4.46516],[16.41963,-4.45659],[16.44173,-4.47537],[16.46425,-4.48357],[16.49423,-4.48352],[16.49873,-4.47383],[16.49802,-4.4556],[16.49141,-4.44366],[16.49643,-4.43444],[16.49783,-4.42147],[16.50568,-4.41201],[16.5152,-4.40996],[16.50909,-4.39074],[16.51655,-4.38766],[16.52006,-4.3802],[16.52704,-4.37492],[16.5324,-4.35682],[16.51644,-4.33326],[16.52213,-4.32384],[16.52167,-4.31213],[16.50609,-4.27873],[16.50448,-4.26934],[16.49001,-4.25923],[16.49319,-4.23956],[16.4841,-4.2389],[16.47865,-4.23484],[16.47785,-4.23043],[16.48339,-4.22288],[16.47068,-4.21892],[16.46373,-4.20353],[16.4559,-4.19573],[16.45678,-4.18583],[16.46089,-4.18306],[16.46732,-4.18395],[16.47097,-4.17956],[16.46934,-4.17359],[16.45397,-4.17158],[16.45072,-4.16262],[16.42981,-4.1528],[16.42703,-4.14499],[16.41386,-4.13361],[16.31312,-4.07092],[16.18576,-4.00104],[16.07581,-3.94791],[16.05594,-3.94229],[16.04754,-3.94335],[16.03439,-3.9637],[16.01047,-3.9714],[16.00285,-3.968],[15.99639,-3.95638],[15.98182,-3.95187],[15.94518,-3.92763],[15.93856,-3.93244],[15.93393,-3.94127],[15.92773,-3.94194],[15.91859,-3.95314],[15.90214,-3.94864],[15.89834,-3.95479],[15.89215,-3.95541],[15.88644,-3.96257],[15.85922,-3.96705],[15.8136,-3.98769],[15.79581,-3.98762],[15.789,-3.98469],[15.76533,-3.99052],[15.73964,-3.99135],[15.69858,-3.99896],[15.59473,-4.03035],[15.57369,-4.04367],[15.55636,-4.04816],[15.54561,-4.06391],[15.53326,-4.07213],[15.52795,-4.08624],[15.51977,-4.09268],[15.52076,-4.10931],[15.51213,-4.12235],[15.50383,-4.14556],[15.50746,-4.15817],[15.52538,-4.17289],[15.54674,-4.20241],[15.55179,-4.22481],[15.54689,-4.25853],[15.53494,-4.27497],[15.53518,-4.28097],[15.5246,-4.30028],[15.51002,-4.31617],[15.48279,-4.33374],[15.46923,-4.33748],[15.42219,-4.33689],[15.39695,-4.33145],[15.37761,-4.32325],[15.37167,-4.32414],[15.35338,-4.31563],[15.35429,-4.32316],[15.34653,-4.32812],[15.32632,-4.30256],[15.31968,-4.29755],[15.31147,-4.29696],[15.28989,-4.30387],[15.27818,-4.30104],[15.26561,-4.31482],[15.26462,-4.32393],[15.25679,-4.32785],[15.25805,-4.32952],[15.24453,-4.32392],[15.23625,-4.32644],[15.22941,-4.33324],[15.21842,-4.33051],[15.2121,-4.33278],[15.20659,-4.32603],[15.19858,-4.32575],[15.18874,-4.33371],[15.18334,-4.34447],[15.18204,-4.35585],[15.174,-4.36681],[15.17329,-4.39036],[15.14641,-4.41463],[15.1264,-4.44324],[15.14084,-4.44555],[15.14662,-4.45266],[15.15504,-4.45135],[15.16303,-4.45737],[15.17231,-4.47282],[15.17584,-4.48827],[15.1737,-4.50321],[15.1777,-4.51123],[15.17244,-4.52685],[15.17211,-4.53548],[15.17648,-4.54078],[15.17388,-4.54653],[15.17475,-4.55907],[15.20679,-4.56652],[15.21624,-4.5855],[15.23413,-4.5927],[15.24558,-4.6156],[15.26811,-4.61507],[15.27912,-4.62216],[15.31435,-4.62463],[15.3267,-4.63321],[15.33056,-4.64522],[15.34653,-4.64782],[15.35779,-4.64656],[15.35772,-4.64329],[15.36198,-4.64401],[15.36809,-4.63773],[15.37801,-4.63744],[15.37724,-4.63384],[15.38982,-4.625],[15.39225,-4.61313],[15.40319,-4.60117],[15.40404,-4.58944],[15.40771,-4.58829],[15.40396,-4.56702],[15.40644,-4.56437],[15.4029,-4.5602],[15.4069,-4.55378]]]},"properties":{"nom":"Kinshasa","province":"Kinshasa","pcode":"CD1000"}},{"type":"Feature","geometry":{"type":"Polygon","coordinates":[[[17.52259,-5.10476],[17.52828,-5.09553],[17.51352,-5.08364],[17.52924,-5.06262],[17.5257,-5.04447],[17.52797,-5.03985],[17.50932,-5.03052],[17.50745,-5.02454],[17.50971,-5.01786],[17.50462,-5.01029],[17.50755,-5.00085],[17.51644,-4.99022],[17.51478,-4.98056],[17.51952,-4.96604],[17.51345,-4.9479],[17.5189,-4.93659],[17.50674,-4.93689],[17.50236,-4.93346],[17.50094,-4.92702],[17.50434,-4.91757],[17.49878,-4.90978],[17.50192,-4.8955],[17.49982,-4.88976],[17.50413,-4.88099],[17.51419,-4.87404],[17.51736,-4.86528],[17.52193,-4.8618],[17.52142,-4.85398],[17.53469,-4.84747],[17.53642,-4.82698],[17.54716,-4.8191],[17.53978,-4.8127],[17.54657,-4.79563],[17.54629,-4.7862],[17.54074,-4.7791],[17.54527,-4.76941],[17.55327,-4.76339],[17.55415,-4.75579],[17.56444,-4.74952],[17.57836,-4.69653],[17.58683,-4.69303],[17.58653,-4.6813],[17.60028,-4.678],[17.60479,-4.66302],[17.6165,-4.6648],[17.61854,-4.66065],[17.61643,-4.65329],[17.62284,-4.6505],[17.63218,-4.63825],[17.63281,-4.6295],[17.63762,-4.62833],[17.63732,-4.61429],[17.64254,-4.60575],[17.63564,-4.60142],[17.63461,-4.58209],[17.64331,-4.57998],[17.65265,-4.56865],[17.64642,-4.56247],[17.67044,-4.54945],[17.6815,-4.55814],[17.6881,-4.55051],[17.6883,-4.54453],[17.69606,-4.53712],[17.69299,-4.52241],[17.68586,-4.519],[17.6895,-4.51461],[17.67658,-4.50179],[17.67695,-4.48568],[17.67418,-4.48247],[17.64687,-4.47986],[17.65255,-4.47063],[17.65759,-4.46991],[17.66336,-4.47517],[17.67226,-4.46753],[17.66307,-4.46526],[17.66297,-4.44848],[17.66709,-4.44616],[17.67471,-4.45578],[17.68676,-4.4373],[17.68419,-4.42926],[17.69378,-4.42162],[17.696,-4.40872],[17.70407,-4.41604],[17.70873,-4.38886],[17.72046,-4.39363],[17.72796,-4.38185],[17.73923,-4.38754],[17.74333,-4.38361],[17.74838,-4.38427],[17.77008,-4.36873],[17.7773,-4.34936],[17.79334,-4.34628],[17.80337,-4.33633],[17.82212,-4.32679],[17.82573,-4.31687],[17.82004,-4.29893],[17.80651,-4.28301],[17.79388,-4.2751],[17.75882,-4.30035],[17.72152,-4.3203],[17.68093,-4.33421],[17.63822,-4.34135],[17.63285,-4.33913],[17.62617,-4.32994],[17.63411,-4.29446],[17.63844,-4.28938],[17.63654,-4.27719],[17.6245,-4.257],[17.62396,-4.2432],[17.61221,-4.23314],[17.552,-4.24137],[17.51786,-4.23775],[17.49565,-4.2537],[17.45752,-4.2921],[17.42367,-4.30143],[17.39025,-4.33192],[17.34063,-4.3685],[17.30069,-4.38548],[17.25896,-4.38809],[17.24141,-4.4015],[17.21335,-4.43368],[17.20186,-4.45679],[17.19069,-4.51154],[17.1779,-4.54883],[17.16753,-4.56083],[17.1536,-4.5665],[17.14063,-4.56496],[17.11923,-4.55181],[17.10683,-4.55003],[17.09485,-4.53996],[17.07531,-4.53246],[17.03607,-4.48386],[17.02435,-4.47908],[17.01219,-4.47891],[16.99508,-4.4974],[16.98408,-4.50341],[16.95962,-4.50546],[16.95101,-4.50109],[16.94065,-4.48097],[16.93927,-4.46619],[16.94046,-4.46186],[16.96026,-4.4469],[16.97345,-4.42912],[16.97008,-4.401],[16.96284,-4.39798],[16.94583,-4.40367],[16.93572,-4.40108],[16.91737,-4.35664],[16.86288,-4.2973],[16.85626,-4.29438],[16.85177,-4.31442],[16.85187,-4.33628],[16.84438,-4.35173],[16.82604,-4.35434],[16.81895,-4.35898],[16.80315,-4.36227],[16.79579,-4.35561],[16.78199,-4.35346],[16.77504,-4.35784],[16.7639,-4.37519],[16.75369,-4.38226],[16.7469,-4.38191],[16.74543,-4.37905],[16.74379,-4.33899],[16.73709,-4.32836],[16.72889,-4.33028],[16.71981,-4.34823],[16.7132,-4.35207],[16.70274,-4.32243],[16.69543,-4.32844],[16.67984,-4.3292],[16.66298,-4.35321],[16.64742,-4.36063],[16.63596,-4.36229],[16.62842,-4.36946],[16.61659,-4.37293],[16.61034,-4.3847],[16.60629,-4.41165],[16.61171,-4.54002],[16.60734,-4.55588],[16.5989,-4.55451],[16.58772,-4.54741],[16.54334,-4.51286],[16.51489,-4.48598],[16.46425,-4.48357],[16.44173,-4.47537],[16.41963,-4.45659],[16.40614,-4.46516],[16.39706,-4.48913],[16.39491,-4.52151],[16.38302,-4.54502],[16.36535,-4.56736],[16.3486,-4.59975],[16.29087,-4.72841],[16.28356,-4.7371],[16.26248,-4.74776],[16.26166,-4.76698],[16.25573,-4.77179],[16.25951,-4.7787],[16.25016,-4.7917],[16.25158,-4.79789],[16.24882,-4.80516],[16.25173,-4.80405],[16.25222,-4.81109],[16.24875,-4.81622],[16.25215,-4.8235],[16.2454,-4.82459],[16.24114,-4.82908],[16.24341,-4.83358],[16.24017,-4.83505],[16.24331,-4.84072],[16.24016,-4.85329],[16.25865,-4.85889],[16.25741,-4.8674],[16.26652,-4.88038],[16.2649,-4.88919],[16.2692,-4.89545],[16.26579,-4.90671],[16.26303,-4.90736],[16.26858,-4.92792],[16.26389,-4.94308],[16.26606,-4.95872],[16.25703,-4.96958],[16.26808,-4.98063],[16.26925,-4.98684],[16.2679,-4.99283],[16.25785,-5.00322],[16.25769,-5.02117],[16.27979,-5.0388],[16.28607,-5.05741],[16.29248,-5.05463],[16.29921,-5.0714],[16.29624,-5.13054],[16.29949,-5.1395],[16.38953,-5.03426],[16.39502,-5.00732],[16.4031,-4.99247],[16.41727,-4.98076],[16.43566,-4.93738],[16.43987,-4.90716],[16.4445,-4.89726],[16.48771,-4.89813],[16.5059,-4.88669],[16.53324,-4.89309],[16.54487,-4.92871],[16.54335,-4.9462],[16.5535,-4.95996],[16.54034,-4.99453],[16.52617,-5.0054],[16.52371,-5.0229],[16.52883,-5.03806],[16.51809,-5.05076],[16.51883,-5.06088],[16.51084,-5.07195],[16.51395,-5.10093],[16.50346,-5.11593],[16.5081,-5.12787],[16.5071,-5.16192],[16.4998,-5.17323],[16.49712,-5.19049],[16.50195,-5.24339],[16.50775,-5.24947],[16.50879,-5.28546],[16.521,-5.29484],[16.52193,-5.2992],[16.51669,-5.31119],[16.52511,-5.34383],[16.5438,-5.36491],[16.54181,-5.38217],[16.5571,-5.41294],[16.56166,-5.43873],[16.55639,-5.45826],[16.55877,-5.47918],[16.56407,-5.48284],[16.56711,-5.49502],[16.56051,-5.50862],[16.55724,-5.54797],[16.57772,-5.55593],[16.58576,-5.55636],[16.59033,-5.5522],[16.59816,-5.55723],[16.6071,-5.55236],[16.63051,-5.55019],[16.63631,-5.56328],[16.64645,-5.57083],[16.66115,-5.56916],[16.66369,-5.57329],[16.67128,-5.5751],[16.68425,-5.59942],[16.70014,-5.60764],[16.71011,-5.62829],[16.73201,-5.64545],[16.74051,-5.64588],[16.74314,-5.66749],[16.76362,-5.67651],[16.80064,-5.70199],[16.80546,-5.7023],[16.82868,-5.68699],[16.86883,-5.66779],[16.87227,-5.67474],[16.87045,-5.68027],[16.87462,-5.68784],[16.87538,-5.70256],[16.88785,-5.71538],[16.9217,-5.73225],[16.9298,-5.74371],[16.92569,-5.74902],[16.93123,-5.75452],[16.93363,-5.77612],[16.94316,-5.79862],[16.93638,-5.82234],[16.95461,-5.82307],[16.9594,-5.82001],[16.96323,-5.81108],[16.96281,-5.77],[16.96836,-5.73871],[16.96559,-5.68881],[16.96989,-5.67476],[16.97026,-5.65728],[16.97227,-5.64485],[16.98255,-5.63353],[16.98962,-5.6337],[16.99156,-5.68438],[17.00479,-5.73888],[17.00546,-5.75275],[16.99129,-5.90296],[17.02324,-5.90412],[17.03946,-5.90203],[17.04353,-5.89862],[17.04962,-5.83099],[17.07146,-5.82014],[17.10014,-5.78023],[17.11528,-5.77833],[17.12015,-5.78017],[17.12482,-5.79557],[17.13617,-5.80531],[17.14012,-5.82104],[17.13997,-5.82841],[17.13223,-5.83046],[17.12993,-5.83454],[17.1313,-5.84289],[17.1364,-5.84924],[17.13696,-5.86343],[17.13268,-5.87138],[17.13922,-5.87918],[17.14018,-5.89323],[17.18458,-5.92907],[17.23531,-5.9255],[17.27223,-5.96379],[17.28883,-5.97381],[17.33526,-5.95341],[17.35061,-5.9503],[17.35082,-5.94616],[17.34548,-5.93537],[17.34633,-5.92341],[17.33709,-5.91334],[17.33981,-5.90735],[17.33681,-5.9046],[17.33582,-5.89058],[17.31577,-5.88079],[17.30859,-5.86956],[17.31339,-5.86424],[17.30786,-5.86082],[17.30922,-5.85805],[17.30505,-5.85117],[17.30137,-5.8505],[17.29483,-5.83122],[17.28307,-5.82323],[17.27796,-5.81313],[17.28155,-5.79586],[17.29052,-5.79168],[17.31521,-5.79168],[17.33985,-5.78717],[17.35337,-5.78152],[17.35616,-5.77329],[17.33838,-5.74432],[17.33914,-5.73755],[17.34241,-5.73588],[17.36077,-5.74086],[17.39863,-5.76248],[17.46665,-5.75514],[17.49457,-5.74978],[17.52907,-5.73112],[17.5402,-5.70783],[17.53988,-5.69104],[17.52325,-5.67572],[17.51605,-5.66173],[17.52101,-5.64399],[17.51842,-5.63319],[17.51972,-5.61915],[17.51487,-5.61458],[17.52306,-5.60097],[17.52046,-5.58741],[17.52427,-5.57037],[17.52264,-5.56669],[17.53424,-5.5457],[17.52663,-5.53976],[17.52013,-5.52806],[17.51416,-5.52764],[17.5155,-5.52188],[17.5093,-5.52145],[17.50765,-5.5141],[17.49177,-5.50843],[17.48505,-5.49627],[17.48523,-5.48868],[17.47648,-5.48344],[17.47481,-5.47171],[17.47706,-5.46411],[17.48708,-5.44888],[17.47878,-5.44363],[17.47783,-5.43788],[17.47022,-5.43125],[17.4741,-5.42755],[17.47747,-5.41442],[17.46816,-5.39192],[17.47521,-5.37831],[17.46872,-5.368],[17.47251,-5.34727],[17.47664,-5.34564],[17.47932,-5.3332],[17.47737,-5.31205],[17.48117,-5.29317],[17.47678,-5.28813],[17.48112,-5.28465],[17.48132,-5.28005],[17.47643,-5.26719],[17.48074,-5.25728],[17.47772,-5.25177],[17.48017,-5.2375],[17.4882,-5.23654],[17.48218,-5.22806],[17.49426,-5.21074],[17.49213,-5.19994],[17.50928,-5.18811],[17.51032,-5.181],[17.51702,-5.17519],[17.51947,-5.16206],[17.52607,-5.15283],[17.53274,-5.15486],[17.53588,-5.14173],[17.54115,-5.13894],[17.54498,-5.12581],[17.53669,-5.12125],[17.54352,-5.1127],[17.53503,-5.11275],[17.52259,-5.10476]]]},"properties":{"nom":"Kenge","province":"Kwango","pcode":"CD3102"}},{"type":"Feature","geometry":{"type":"Polygon","coordinates":[[[18.74247,-6.13359],[18.72937,-6.12248],[18.72792,-6.11168],[18.73065,-6.10775],[18.72487,-6.10296],[18.72687,-6.09375],[18.7122,-6.06602],[18.70466,-6.03963],[18.70029,-6.03828],[18.69331,-6.0266],[18.69555,-6.01807],[18.70284,-6.00906],[18.70207,-5.99756],[18.70686,-5.99224],[18.7054,-5.98121],[18.64428,-5.97312],[18.57669,-5.99251],[18.5602,-5.98922],[18.53568,-5.99391],[18.53284,-5.99124],[18.5462,-5.97913],[18.54838,-5.97098],[18.54588,-5.94156],[18.5391,-5.92413],[18.5411,-5.91399],[18.54865,-5.90889],[18.55247,-5.89667],[18.56319,-5.88556],[18.56981,-5.85484],[18.55938,-5.85334],[18.55464,-5.85717],[18.54332,-5.88083],[18.53505,-5.88674],[18.51897,-5.86627],[18.49021,-5.86592],[18.48036,-5.85257],[18.47795,-5.84398],[18.46102,-5.83507],[18.44665,-5.81609],[18.41268,-5.81409],[18.40482,-5.80769],[18.39683,-5.78015],[18.39224,-5.78132],[18.38272,-5.79955],[18.36846,-5.7978],[18.34951,-5.81655],[18.34124,-5.83421],[18.32206,-5.83713],[18.31605,-5.85725],[18.30922,-5.86345],[18.29427,-5.86905],[18.28496,-5.86932],[18.2746,-5.86516],[18.27998,-5.84652],[18.27477,-5.84048],[18.26929,-5.84465],[18.26388,-5.86078],[18.24969,-5.87007],[18.24418,-5.86095],[18.2453,-5.82661],[18.24167,-5.80824],[18.23294,-5.78425],[18.22341,-5.76972],[18.21644,-5.77276],[18.21097,-5.78038],[18.20432,-5.7818],[18.20737,-5.79052],[18.19805,-5.8076],[18.18568,-5.81296],[18.18824,-5.81824],[18.18439,-5.82677],[18.18558,-5.8332],[18.18056,-5.83806],[18.17809,-5.84705],[18.1788,-5.85049],[18.18292,-5.8484],[18.18386,-5.85092],[18.17308,-5.88122],[18.16315,-5.88357],[18.13938,-5.86871],[18.10413,-5.87219],[18.09704,-5.86507],[18.09744,-5.86063],[18.11677,-5.85416],[18.13474,-5.84383],[18.13927,-5.83704],[18.13968,-5.81987],[18.13506,-5.80653],[18.12936,-5.80178],[18.10479,-5.82038],[18.09971,-5.81415],[18.09989,-5.79432],[18.11911,-5.76861],[18.11928,-5.7615],[18.1163,-5.75232],[18.0901,-5.7419],[18.09287,-5.72355],[18.08279,-5.71968],[18.03185,-5.7182],[18.02824,-5.69085],[17.98606,-5.70585],[17.96397,-5.7061],[17.95735,-5.70342],[17.92183,-5.6696],[17.91403,-5.66633],[17.91312,-5.64782],[17.91653,-5.64113],[17.91297,-5.63879],[17.8767,-5.63664],[17.84961,-5.62863],[17.84577,-5.639],[17.82022,-5.66881],[17.80001,-5.70895],[17.78903,-5.71637],[17.76697,-5.71442],[17.7535,-5.7089],[17.73285,-5.70975],[17.69798,-5.70192],[17.6847,-5.69366],[17.67279,-5.69334],[17.66426,-5.69776],[17.64157,-5.71971],[17.63042,-5.69746],[17.62446,-5.69979],[17.61502,-5.69662],[17.61339,-5.69203],[17.60605,-5.69345],[17.5999,-5.7036],[17.57969,-5.70463],[17.57351,-5.70765],[17.5402,-5.70783],[17.52907,-5.73112],[17.49457,-5.74978],[17.46665,-5.75514],[17.39863,-5.76248],[17.36077,-5.74086],[17.34241,-5.73588],[17.33914,-5.73755],[17.33838,-5.74432],[17.35616,-5.77329],[17.35337,-5.78152],[17.32363,-5.79038],[17.28622,-5.79295],[17.28155,-5.79586],[17.27816,-5.80646],[17.27796,-5.81313],[17.28307,-5.82323],[17.29483,-5.83122],[17.30137,-5.8505],[17.30505,-5.85117],[17.30922,-5.85805],[17.30786,-5.86082],[17.31339,-5.86424],[17.30859,-5.86956],[17.31577,-5.88079],[17.33582,-5.89058],[17.33681,-5.9046],[17.33981,-5.90735],[17.33709,-5.91334],[17.34633,-5.92341],[17.34548,-5.93537],[17.35061,-5.9503],[17.35617,-5.9574],[17.36191,-5.95829],[17.39107,-5.99632],[17.38979,-6.01357],[17.39649,-6.02112],[17.40107,-6.01811],[17.40901,-6.0413],[17.41455,-6.04541],[17.41923,-6.06125],[17.41626,-6.06472],[17.42005,-6.08424],[17.42533,-6.08352],[17.42812,-6.0888],[17.43524,-6.08899],[17.43618,-6.0929],[17.43208,-6.0989],[17.43373,-6.10579],[17.44017,-6.10713],[17.43628,-6.11014],[17.43472,-6.11912],[17.44282,-6.13034],[17.44181,-6.15518],[17.45383,-6.16708],[17.45389,-6.1788],[17.45737,-6.18477],[17.45333,-6.20134],[17.46097,-6.21165],[17.46557,-6.21186],[17.4686,-6.21989],[17.46359,-6.22888],[17.47027,-6.23161],[17.47612,-6.2502],[17.48303,-6.25269],[17.49043,-6.2607],[17.49368,-6.26643],[17.49047,-6.26829],[17.49442,-6.27448],[17.50641,-6.28085],[17.5032,-6.28317],[17.50462,-6.29121],[17.50874,-6.28728],[17.51615,-6.29735],[17.52097,-6.29572],[17.52774,-6.31431],[17.52596,-6.32466],[17.53935,-6.33448],[17.53686,-6.34208],[17.54172,-6.34803],[17.54295,-6.36228],[17.54527,-6.36571],[17.55033,-6.36546],[17.55246,-6.37717],[17.55845,-6.37898],[17.56379,-6.38723],[17.56082,-6.3923],[17.56156,-6.40057],[17.57029,-6.41062],[17.56341,-6.44241],[17.58369,-6.49218],[17.60451,-6.50472],[17.61647,-6.50628],[17.66797,-6.48045],[17.68419,-6.48168],[17.69512,-6.49431],[17.69586,-6.51187],[17.6823,-6.52109],[17.65876,-6.52675],[17.65229,-6.5342],[17.65294,-6.54241],[17.65582,-6.54634],[17.66551,-6.54764],[17.67793,-6.53871],[17.68788,-6.5386],[17.71452,-6.55812],[17.75363,-6.60158],[17.78084,-6.6211],[17.79278,-6.62096],[17.82973,-6.58992],[17.84787,-6.58433],[17.85971,-6.57371],[17.86667,-6.55752],[17.87863,-6.55815],[17.88293,-6.54594],[17.89401,-6.55254],[17.9156,-6.54943],[17.92551,-6.5276],[17.97148,-6.54576],[17.97303,-6.5585],[17.96586,-6.57052],[17.97026,-6.57555],[17.97511,-6.57805],[17.99251,-6.573],[18.00136,-6.5763],[18.00432,-6.57972],[18.00207,-6.58801],[18.00659,-6.61212],[18.01843,-6.63446],[18.02807,-6.6318],[18.04328,-6.61661],[18.05177,-6.61226],[18.07285,-6.61679],[18.06399,-6.63339],[18.05004,-6.6468],[18.0467,-6.66337],[18.04146,-6.67214],[18.04547,-6.68774],[18.04234,-6.70201],[18.04689,-6.72223],[18.06075,-6.74303],[18.06781,-6.76703],[18.09093,-6.7761],[18.10424,-6.79889],[18.10567,-6.82832],[18.10856,-6.83254],[18.1252,-6.84679],[18.13217,-6.86171],[18.17246,-6.88078],[18.19027,-6.89954],[18.22379,-6.98069],[18.22836,-6.98291],[18.23295,-6.97941],[18.23382,-6.97044],[18.2216,-6.93168],[18.20862,-6.91705],[18.20326,-6.90513],[18.20411,-6.89433],[18.19473,-6.86612],[18.19674,-6.86322],[18.20468,-6.86087],[18.24055,-6.86498],[18.25209,-6.88127],[18.26093,-6.88428],[18.26543,-6.87913],[18.26865,-6.85927],[18.28854,-6.85819],[18.30266,-6.87281],[18.33331,-6.88066],[18.34962,-6.87872],[18.3601,-6.86326],[18.3596,-6.85683],[18.3642,-6.85611],[18.36897,-6.84804],[18.38245,-6.86795],[18.38608,-6.8608],[18.3928,-6.86765],[18.39194,-6.87616],[18.3987,-6.88968],[18.40263,-6.89241],[18.42701,-6.89266],[18.43626,-6.88354],[18.44473,-6.85974],[18.44057,-6.85563],[18.43701,-6.83956],[18.42224,-6.83276],[18.41778,-6.81946],[18.42118,-6.81094],[18.51865,-6.7888],[18.52804,-6.81664],[18.53328,-6.8214],[18.53996,-6.81992],[18.54594,-6.81707],[18.55158,-6.80904],[18.54602,-6.79392],[18.54781,-6.78423],[18.59782,-6.73858],[18.62266,-6.74207],[18.68251,-6.7159],[18.69023,-6.71786],[18.70511,-6.72869],[18.72401,-6.7462],[18.73116,-6.75854],[18.729,-6.77359],[18.70924,-6.80135],[18.70972,-6.81516],[18.71724,-6.82178],[18.7292,-6.81763],[18.74614,-6.79061],[18.75407,-6.78376],[18.76775,-6.78753],[18.78986,-6.80461],[18.79791,-6.80525],[18.8096,-6.79919],[18.82297,-6.80232],[18.82478,-6.79817],[18.83326,-6.79397],[18.84821,-6.79364],[18.85329,-6.76488],[18.86562,-6.75284],[18.86842,-6.75742],[18.87137,-6.75234],[18.87483,-6.75393],[18.87697,-6.76334],[18.87332,-6.76796],[18.87898,-6.78746],[18.89258,-6.79127],[18.9015,-6.78385],[18.9213,-6.78716],[18.92341,-6.79197],[18.91886,-6.79821],[18.92927,-6.80733],[18.94127,-6.8123],[18.94943,-6.82696],[18.95205,-6.83866],[18.97542,-6.88099],[18.98301,-6.92042],[18.99338,-6.91577],[19.03047,-6.90954],[19.04594,-6.90161],[19.05445,-6.90144],[19.06254,-6.89575],[19.06921,-6.89488],[19.07584,-6.9009],[19.08644,-6.89867],[19.10137,-6.90245],[19.11059,-6.89838],[19.11138,-6.88437],[19.11783,-6.88165],[19.1218,-6.87295],[19.12618,-6.87229],[19.13058,-6.86611],[19.13749,-6.86616],[19.14497,-6.84714],[19.1549,-6.841],[19.16824,-6.8404],[19.17267,-6.83147],[19.18466,-6.8265],[19.18793,-6.81871],[19.19672,-6.81187],[19.20676,-6.78781],[19.22341,-6.77436],[19.22923,-6.76222],[19.24908,-6.75178],[19.26398,-6.75832],[19.26792,-6.75444],[19.27664,-6.75748],[19.2815,-6.75246],[19.28365,-6.74029],[19.27656,-6.73335],[19.27181,-6.7216],[19.27556,-6.70898],[19.27399,-6.70346],[19.27885,-6.69797],[19.28132,-6.67179],[19.29128,-6.65944],[19.28947,-6.65483],[19.30542,-6.60506],[19.31956,-6.58769],[19.31807,-6.56768],[19.32363,-6.56197],[19.3237,-6.55094],[19.32029,-6.54425],[19.32287,-6.53553],[19.32132,-6.52702],[19.32829,-6.51465],[19.32957,-6.49466],[19.33749,-6.47748],[19.33661,-6.47011],[19.34241,-6.46326],[19.33742,-6.45127],[19.34231,-6.44211],[19.34477,-6.41638],[19.3405,-6.39957],[19.33049,-6.38364],[19.33136,-6.35376],[19.324,-6.35486],[19.32068,-6.33484],[19.3143,-6.32514],[19.31329,-6.3026],[19.29918,-6.28067],[19.29837,-6.26296],[19.29472,-6.25925],[19.30477,-6.23219],[19.30555,-6.21725],[19.31364,-6.21133],[19.31913,-6.21435],[19.33471,-6.1848],[19.36837,-6.16892],[19.382,-6.15752],[19.38274,-6.14832],[19.39427,-6.1415],[19.39637,-6.13646],[19.39571,-6.13231],[19.39113,-6.12976],[19.39209,-6.12378],[19.36519,-6.12453],[19.35602,-6.12079],[19.33719,-6.1202],[19.33074,-6.12154],[19.32103,-6.13159],[19.30745,-6.13472],[19.25184,-6.1112],[19.2244,-6.10404],[19.21717,-6.09319],[19.20559,-6.10783],[19.20595,-6.12278],[19.18901,-6.14795],[19.17864,-6.18239],[19.15758,-6.18827],[19.1446,-6.19623],[19.13286,-6.1947],[19.11139,-6.17544],[19.10642,-6.17661],[19.09799,-6.18903],[19.09539,-6.21241],[19.07693,-6.21888],[19.05924,-6.26621],[19.05537,-6.27005],[19.00577,-6.27823],[18.99341,-6.28472],[18.96962,-6.30717],[18.95556,-6.31188],[18.94402,-6.3083],[18.93175,-6.29699],[18.93607,-6.29052],[18.93011,-6.2616],[18.93467,-6.25559],[18.92283,-6.24003],[18.92343,-6.22784],[18.90905,-6.2274],[18.87902,-6.24362],[18.86733,-6.24626],[18.8347,-6.20089],[18.83278,-6.18402],[18.83859,-6.18432],[18.8603,-6.20006],[18.8655,-6.20126],[18.86997,-6.19653],[18.87199,-6.1243],[18.86889,-6.12015],[18.86391,-6.12191],[18.84944,-6.14379],[18.84561,-6.14585],[18.83785,-6.14228],[18.82887,-6.12894],[18.8293,-6.12302],[18.84159,-6.10736],[18.83457,-6.09728],[18.82786,-6.09815],[18.79716,-6.11822],[18.77933,-6.12232],[18.77099,-6.13089],[18.74763,-6.13796],[18.74247,-6.13359]]]},"properties":{"nom":"Feshi","province":"Kwango","pcode":"CD3103"}},{"type":"Feature","geometry":{"type":"Polygon","coordinates":[[[18.76328,-7.92287],[18.78,-7.922],[18.783,-7.959],[18.779,-7.96],[18.778,-7.964],[18.786,-7.969],[18.8,-7.993],[18.8,-8.0],[19.43568,-7.99854],[19.44063,-7.97963],[19.43651,-7.95825],[19.357,-7.928],[19.357,-7.913],[19.354,-7.908],[19.343,-7.902],[19.348,-7.884],[19.356,-7.879],[19.355,-7.867],[19.364,-7.861],[19.362,-7.812],[19.38,-7.788],[19.387,-7.783],[19.386,-7.774],[19.391,-7.769],[19.39,-7.758],[19.402,-7.709],[19.409,-7.701],[19.407,-7.682],[19.401,-7.675],[19.399,-7.666],[19.398,-7.651],[19.387,-7.637],[19.374,-7.608],[19.369,-7.583],[19.38,-7.577],[19.381,-7.569],[19.462,-7.571],[19.474,-7.567],[19.484,-7.556],[19.483,-7.545],[19.494,-7.533],[19.486,-7.503],[19.496,-7.5],[19.512,-7.489],[19.522,-7.474],[19.537,-7.469],[19.549,-7.474],[19.55,-7.472],[19.545,-7.457],[19.537,-7.449],[19.526,-7.445],[19.527,-7.436],[19.533,-7.432],[19.521,-7.425],[19.494,-7.368],[19.503,-7.355],[19.501,-7.342],[19.498,-7.341],[19.487,-7.313],[19.492,-7.308],[19.488,-7.302],[19.495,-7.287],[19.494,-7.266],[19.501,-7.252],[19.503,-7.234],[19.5,-7.23],[19.505,-7.209],[19.501,-7.2],[19.503,-7.193],[19.496,-7.178],[19.503,-7.17],[19.508,-7.137],[19.533,-7.088],[19.559,-7.059],[19.563,-7.058],[19.547,-7.03],[19.544,-6.999],[19.95584,-6.99942],[19.96876,-6.99183],[19.96281,-6.98559],[19.96996,-6.98195],[19.96561,-6.97779],[19.96221,-6.96858],[19.96408,-6.964],[19.95906,-6.95616],[19.95962,-6.93893],[19.9518,-6.93727],[19.9493,-6.93335],[19.9537,-6.92461],[19.95056,-6.91153],[19.9522,-6.90602],[19.94465,-6.89978],[19.9463,-6.89266],[19.93755,-6.8933],[19.93606,-6.87261],[19.93062,-6.8581],[19.90747,-6.84257],[19.9011,-6.82943],[19.90299,-6.82117],[19.90025,-6.81725],[19.89083,-6.81558],[19.88726,-6.79649],[19.87737,-6.79689],[19.87627,-6.78769],[19.86599,-6.77545],[19.85795,-6.77356],[19.85317,-6.76388],[19.8433,-6.76038],[19.84632,-6.75603],[19.83513,-6.74194],[19.83472,-6.73321],[19.82666,-6.73454],[19.82466,-6.72234],[19.81549,-6.71677],[19.81761,-6.7069],[19.81186,-6.70733],[19.81191,-6.69923],[19.80526,-6.69649],[19.79566,-6.68586],[19.78602,-6.68189],[19.78698,-6.67431],[19.77738,-6.66506],[19.77232,-6.66549],[19.76961,-6.65605],[19.7566,-6.6385],[19.75459,-6.62955],[19.74034,-6.62714],[19.7342,-6.61515],[19.72571,-6.61188],[19.70957,-6.58076],[19.70876,-6.56075],[19.712,-6.55709],[19.7024,-6.54761],[19.702,-6.53841],[19.70733,-6.53132],[19.70142,-6.51818],[19.7081,-6.51639],[19.70996,-6.51226],[19.70476,-6.49706],[19.71648,-6.49782],[19.7085,-6.48719],[19.71523,-6.47666],[19.71375,-6.45458],[19.70482,-6.44717],[19.70601,-6.44143],[19.71846,-6.43507],[19.72035,-6.42566],[19.70691,-6.40466],[19.70448,-6.38671],[19.697,-6.36827],[19.69689,-6.34873],[19.68956,-6.3434],[19.68776,-6.33695],[19.66036,-6.34437],[19.6472,-6.35417],[19.63454,-6.358],[19.61027,-6.35428],[19.57451,-6.34271],[19.5524,-6.33993],[19.51736,-6.32108],[19.5036,-6.30522],[19.4997,-6.30359],[19.49048,-6.3072],[19.47581,-6.30205],[19.4699,-6.29006],[19.45684,-6.28262],[19.44536,-6.28163],[19.42966,-6.29233],[19.42339,-6.30378],[19.39852,-6.37108],[19.39075,-6.3826],[19.36597,-6.39127],[19.35229,-6.38957],[19.34248,-6.38315],[19.33049,-6.38364],[19.3405,-6.39957],[19.34477,-6.41638],[19.34231,-6.44211],[19.33742,-6.45127],[19.34241,-6.46326],[19.33661,-6.47011],[19.33749,-6.47748],[19.32957,-6.49466],[19.32829,-6.51465],[19.32132,-6.52702],[19.32287,-6.53553],[19.32029,-6.54425],[19.3237,-6.55094],[19.32363,-6.56197],[19.31807,-6.56768],[19.31956,-6.58769],[19.30542,-6.60506],[19.28947,-6.65483],[19.29128,-6.65944],[19.28132,-6.67179],[19.27885,-6.69797],[19.27399,-6.70346],[19.27556,-6.70898],[19.27181,-6.7216],[19.27656,-6.73335],[19.28365,-6.74029],[19.2815,-6.75246],[19.27664,-6.75748],[19.26792,-6.75444],[19.26398,-6.75832],[19.24908,-6.75178],[19.22923,-6.76222],[19.22341,-6.77436],[19.20676,-6.78781],[19.19672,-6.81187],[19.18793,-6.81871],[19.18466,-6.8265],[19.17267,-6.83147],[19.16824,-6.8404],[19.1549,-6.841],[19.14497,-6.84714],[19.1398,-6.86342],[19.13749,-6.86616],[19.13382,-6.8643],[19.12618,-6.87229],[19.1218,-6.87295],[19.11783,-6.88165],[19.11138,-6.88437],[19.11059,-6.89838],[19.10459,-6.90155],[19.08644,-6.89867],[19.07584,-6.9009],[19.06921,-6.89488],[19.06254,-6.89575],[19.05445,-6.90144],[19.04594,-6.90161],[19.03047,-6.90954],[18.98143,-6.92009],[18.97542,-6.88099],[18.95205,-6.83866],[18.94943,-6.82696],[18.94127,-6.8123],[18.92927,-6.80733],[18.91886,-6.79821],[18.92341,-6.79197],[18.9213,-6.78716],[18.9015,-6.78385],[18.89258,-6.79127],[18.87898,-6.78746],[18.87332,-6.76796],[18.87697,-6.76334],[18.87483,-6.75393],[18.87137,-6.75234],[18.86842,-6.75742],[18.86562,-6.75284],[18.85329,-6.76488],[18.84821,-6.79364],[18.83326,-6.79397],[18.82478,-6.79817],[18.82297,-6.80232],[18.8096,-6.79919],[18.79791,-6.80525],[18.78986,-6.80461],[18.76775,-6.78753],[18.75407,-6.78376],[18.74614,-6.79061],[18.7292,-6.81763],[18.71724,-6.82178],[18.70972,-6.81516],[18.70924,-6.80135],[18.729,-6.77359],[18.73116,-6.75854],[18.71771,-6.74008],[18.68602,-6.71619],[18.67531,-6.71825],[18.62266,-6.74207],[18.59782,-6.73858],[18.54781,-6.78423],[18.54602,-6.79392],[18.55158,-6.80904],[18.54594,-6.81707],[18.53996,-6.81992],[18.53328,-6.8214],[18.52804,-6.81664],[18.51865,-6.7888],[18.42118,-6.81094],[18.41778,-6.81946],[18.42224,-6.83276],[18.43701,-6.83956],[18.44057,-6.85563],[18.44473,-6.85974],[18.43626,-6.88354],[18.43,-6.89106],[18.4086,-6.89123],[18.41046,-6.89374],[18.40727,-6.89836],[18.41259,-6.90292],[18.40987,-6.90868],[18.41357,-6.91279],[18.41152,-6.91556],[18.41776,-6.91897],[18.41272,-6.92268],[18.41782,-6.92885],[18.41165,-6.93395],[18.42063,-6.93573],[18.42088,-6.93917],[18.4163,-6.94219],[18.42276,-6.94537],[18.42467,-6.9557],[18.41927,-6.97296],[18.42579,-6.98464],[18.42829,-6.98026],[18.4366,-6.98457],[18.4408,-6.99374],[18.44472,-6.99463],[18.44543,-6.9967],[18.43807,-6.99789],[18.43694,-7.00089],[18.44835,-7.02034],[18.46652,-7.01977],[18.46678,-7.02505],[18.47163,-7.02732],[18.47977,-7.03945],[18.47425,-7.04086],[18.47158,-7.05374],[18.48316,-7.06562],[18.48069,-7.07322],[18.48574,-7.07158],[18.49734,-7.08666],[18.49283,-7.09979],[18.48618,-7.10259],[18.49013,-7.10808],[18.48278,-7.11019],[18.48097,-7.11572],[18.48192,-7.11962],[18.49047,-7.12462],[18.48502,-7.13614],[18.48784,-7.14371],[18.49265,-7.14115],[18.49405,-7.1439],[18.49092,-7.15712],[18.49847,-7.18499],[18.50558,-7.18104],[18.50977,-7.18791],[18.50805,-7.20699],[18.52204,-7.23331],[18.53245,-7.2406],[18.54224,-7.25845],[18.56256,-7.26774],[18.56794,-7.28126],[18.57603,-7.28626],[18.57825,-7.30692],[18.58472,-7.3117],[18.58616,-7.3195],[18.59911,-7.32884],[18.60194,-7.33801],[18.59552,-7.34172],[18.59969,-7.34606],[18.59998,-7.35479],[18.60664,-7.35199],[18.61565,-7.35675],[18.63128,-7.35481],[18.63944,-7.36946],[18.64662,-7.37584],[18.63768,-7.39297],[18.63731,-7.4122],[18.63371,-7.42186],[18.58751,-7.49423],[18.57229,-7.50855],[18.54459,-7.49671],[18.5188,-7.47722],[18.51053,-7.47449],[18.50629,-7.47708],[18.49934,-7.49357],[18.48446,-7.5124],[18.47002,-7.51908],[18.4439,-7.52362],[18.42496,-7.53487],[18.41198,-7.53538],[18.41101,-7.52734],[18.40777,-7.52507],[18.38772,-7.52198],[18.37061,-7.51129],[18.35843,-7.51412],[18.34654,-7.52614],[18.34419,-7.5544],[18.32743,-7.56185],[18.32219,-7.56947],[18.32575,-7.58644],[18.31791,-7.61841],[18.31263,-7.62096],[18.31084,-7.62901],[18.31433,-7.63496],[18.30882,-7.63752],[18.31233,-7.646],[18.30876,-7.66255],[18.30509,-7.66579],[18.31165,-7.68228],[18.30438,-7.69725],[18.28136,-7.69854],[18.2724,-7.7025],[18.2548,-7.72235],[18.24744,-7.72332],[18.24863,-7.72905],[18.24156,-7.74011],[18.23416,-7.73442],[18.22912,-7.73904],[18.22656,-7.73515],[18.22311,-7.73609],[18.22061,-7.74116],[18.21647,-7.74142],[18.21376,-7.74947],[18.20938,-7.74949],[18.20919,-7.75523],[18.20344,-7.75665],[18.20164,-7.76263],[18.20811,-7.76672],[18.20283,-7.76928],[18.20103,-7.77503],[18.19503,-7.77346],[18.19002,-7.78313],[18.19282,-7.78771],[18.18754,-7.79026],[18.18713,-7.79876],[18.18186,-7.80247],[18.17868,-7.81029],[18.15221,-7.81229],[18.14664,-7.80635],[18.13278,-7.80681],[18.10954,-7.81528],[18.09675,-7.81543],[18.06875,-7.7974],[18.06254,-7.79859],[18.06096,-7.80388],[18.05377,-7.79703],[18.04826,-7.79867],[18.05074,-7.79039],[18.0372,-7.78956],[17.98637,-7.81191],[17.9372,-7.84244],[17.92718,-7.86431],[17.91338,-7.87832],[17.91174,-7.88483],[17.91872,-7.90029],[17.91494,-7.92067],[17.92349,-7.95052],[17.90147,-7.96687],[17.89115,-7.98733],[17.88631,-8.01507],[17.885,-8.079],[17.94,-8.082],[17.959,-8.091],[17.972,-8.109],[17.982,-8.113],[18.0,-8.098],[18.1,-8.099],[18.103,-8.087],[18.087,-8.068],[18.095,-8.055],[18.098,-8.04],[18.135,-8.035],[18.153,-8.009],[18.209,-7.994],[18.217,-7.989],[18.261,-7.994],[18.275,-7.989],[18.294,-7.988],[18.308,-7.994],[18.3,-8.0],[18.304,-8.014],[18.319,-8.018],[18.326,-8.013],[18.33,-8.014],[18.331,-8.019],[18.354,-8.027],[18.365,-8.021],[18.376,-8.027],[18.386,-8.018],[18.398,-8.013],[18.391,-8.0],[18.527,-8.0],[18.531,-7.994],[18.533,-7.972],[18.54496,-7.96318],[18.55568,-7.94838],[18.55816,-7.93358],[18.76328,-7.92287]]]},"properties":{"nom":"Kahemba","province":"Kwango","pcode":"CD3105"}},{"type":"Feature","geometry":{"type":"Polygon","coordinates":[[[18.04715,-7.78973],[18.05074,-7.79039],[18.04826,-7.79867],[18.05377,-7.79703],[18.06096,-7.80388],[18.06254,-7.79859],[18.06875,-7.7974],[18.09675,-7.81543],[18.10954,-7.81528],[18.13278,-7.80681],[18.14664,-7.80635],[18.15221,-7.81229],[18.17868,-7.81029],[18.18186,-7.80247],[18.18713,-7.79876],[18.18754,-7.79026],[18.19282,-7.78771],[18.19002,-7.78313],[18.19503,-7.77346],[18.20103,-7.77503],[18.20283,-7.76928],[18.20811,-7.76672],[18.20164,-7.76263],[18.20344,-7.75665],[18.20919,-7.75523],[18.20938,-7.74949],[18.21376,-7.74947],[18.21647,-7.74142],[18.22061,-7.74116],[18.22311,-7.73609],[18.22656,-7.73515],[18.22912,-7.73904],[18.23416,-7.73442],[18.24156,-7.74011],[18.24863,-7.72905],[18.24744,-7.72332],[18.2548,-7.72235],[18.2724,-7.7025],[18.28136,-7.69854],[18.30438,-7.69725],[18.31165,-7.68228],[18.30509,-7.66579],[18.30876,-7.66255],[18.31233,-7.646],[18.30882,-7.63752],[18.31433,-7.63496],[18.31084,-7.62901],[18.31263,-7.62096],[18.31791,-7.61841],[18.32575,-7.58644],[18.32219,-7.56947],[18.32743,-7.56185],[18.34419,-7.5544],[18.34654,-7.52614],[18.35843,-7.51412],[18.37061,-7.51129],[18.38772,-7.52198],[18.40777,-7.52507],[18.41101,-7.52734],[18.41198,-7.53538],[18.42496,-7.53487],[18.4439,-7.52362],[18.47002,-7.51908],[18.48446,-7.5124],[18.49934,-7.49357],[18.50629,-7.47708],[18.51053,-7.47449],[18.5188,-7.47722],[18.54459,-7.49671],[18.57229,-7.50855],[18.58751,-7.49423],[18.63371,-7.42186],[18.63731,-7.4122],[18.63768,-7.39297],[18.64662,-7.37584],[18.63944,-7.36946],[18.63128,-7.35481],[18.61565,-7.35675],[18.60664,-7.35199],[18.59998,-7.35479],[18.59969,-7.34606],[18.59552,-7.34172],[18.60194,-7.33801],[18.59911,-7.32884],[18.58616,-7.3195],[18.58472,-7.3117],[18.57825,-7.30692],[18.57603,-7.28626],[18.56794,-7.28126],[18.56256,-7.26774],[18.54224,-7.25845],[18.53245,-7.2406],[18.52204,-7.23331],[18.50805,-7.20699],[18.50977,-7.18791],[18.50558,-7.18104],[18.49847,-7.18499],[18.49092,-7.15712],[18.49405,-7.1439],[18.49265,-7.14115],[18.48784,-7.14371],[18.48502,-7.13614],[18.49047,-7.12462],[18.48192,-7.11962],[18.48097,-7.11572],[18.48278,-7.11019],[18.49013,-7.10808],[18.48618,-7.10259],[18.49283,-7.09979],[18.49734,-7.08666],[18.48574,-7.07158],[18.48069,-7.07322],[18.48316,-7.06562],[18.47158,-7.05374],[18.47425,-7.04086],[18.47977,-7.03945],[18.47767,-7.03532],[18.46678,-7.02505],[18.46652,-7.01977],[18.44835,-7.02034],[18.43694,-7.00089],[18.43807,-6.99789],[18.44543,-6.9967],[18.44472,-6.99463],[18.4408,-6.99374],[18.4366,-6.98457],[18.42829,-6.98026],[18.42579,-6.98464],[18.42324,-6.98236],[18.41927,-6.97296],[18.42467,-6.9557],[18.42276,-6.94537],[18.4163,-6.94219],[18.42088,-6.93917],[18.42063,-6.93573],[18.41165,-6.93395],[18.41782,-6.92885],[18.41272,-6.92268],[18.41776,-6.91897],[18.41152,-6.91556],[18.41357,-6.91279],[18.40987,-6.90868],[18.41259,-6.90292],[18.40727,-6.89836],[18.41046,-6.89374],[18.4086,-6.89122],[18.40263,-6.89241],[18.39521,-6.88464],[18.39194,-6.87616],[18.3928,-6.86765],[18.38608,-6.8608],[18.38245,-6.86795],[18.36897,-6.84804],[18.3642,-6.85611],[18.3596,-6.85683],[18.3601,-6.86326],[18.34962,-6.87872],[18.33331,-6.88066],[18.30266,-6.87281],[18.28854,-6.85819],[18.26865,-6.85927],[18.26543,-6.87913],[18.26093,-6.88428],[18.25209,-6.88127],[18.24055,-6.86498],[18.20468,-6.86087],[18.19674,-6.86322],[18.19473,-6.86612],[18.20411,-6.89433],[18.20326,-6.90513],[18.20862,-6.91705],[18.2216,-6.93168],[18.23382,-6.97044],[18.23295,-6.97941],[18.22836,-6.98291],[18.22379,-6.98069],[18.19027,-6.89954],[18.17246,-6.88078],[18.13217,-6.86171],[18.1252,-6.84679],[18.10856,-6.83254],[18.10567,-6.82832],[18.10424,-6.79889],[18.09093,-6.7761],[18.06781,-6.76703],[18.06075,-6.74303],[18.04689,-6.72223],[18.04234,-6.70201],[18.04547,-6.68774],[18.04146,-6.67214],[18.0467,-6.66337],[18.05004,-6.6468],[18.06399,-6.63339],[18.07285,-6.61679],[18.05177,-6.61226],[18.04328,-6.61661],[18.02807,-6.6318],[18.01843,-6.63446],[18.00659,-6.61212],[18.00207,-6.58801],[18.00432,-6.57972],[18.00136,-6.5763],[17.99251,-6.573],[17.97511,-6.57805],[17.97026,-6.57555],[17.96586,-6.57052],[17.97303,-6.5585],[17.97148,-6.54576],[17.92551,-6.5276],[17.9156,-6.54943],[17.89401,-6.55254],[17.88293,-6.54594],[17.87863,-6.55815],[17.86667,-6.55752],[17.85971,-6.57371],[17.84787,-6.58433],[17.82973,-6.58992],[17.79278,-6.62096],[17.78084,-6.6211],[17.75363,-6.60158],[17.71452,-6.55812],[17.68788,-6.5386],[17.67793,-6.53871],[17.66551,-6.54764],[17.65582,-6.54634],[17.65294,-6.54241],[17.65229,-6.5342],[17.65876,-6.52675],[17.6823,-6.52109],[17.69586,-6.51187],[17.69512,-6.49431],[17.68419,-6.48168],[17.66797,-6.48045],[17.61647,-6.50628],[17.60451,-6.50472],[17.58369,-6.49218],[17.56341,-6.44241],[17.57029,-6.41062],[17.56156,-6.40057],[17.56082,-6.3923],[17.56379,-6.38723],[17.55845,-6.37898],[17.55246,-6.37717],[17.55033,-6.36546],[17.54527,-6.36571],[17.54295,-6.36228],[17.54172,-6.34803],[17.53686,-6.34208],[17.53935,-6.33448],[17.52596,-6.32466],[17.52774,-6.31431],[17.52097,-6.29572],[17.51615,-6.29735],[17.50874,-6.28728],[17.50462,-6.29121],[17.5032,-6.28317],[17.50641,-6.28085],[17.49442,-6.27448],[17.49047,-6.26829],[17.49368,-6.26643],[17.49043,-6.2607],[17.48303,-6.25269],[17.47612,-6.2502],[17.47027,-6.23161],[17.46359,-6.22888],[17.4686,-6.21989],[17.46557,-6.21186],[17.46097,-6.21165],[17.45333,-6.20134],[17.45737,-6.18477],[17.45389,-6.1788],[17.45383,-6.16708],[17.44181,-6.15518],[17.44282,-6.13034],[17.43472,-6.11912],[17.43628,-6.11014],[17.44017,-6.10713],[17.43373,-6.10579],[17.43208,-6.0989],[17.43618,-6.0929],[17.43524,-6.08899],[17.42812,-6.0888],[17.42533,-6.08352],[17.42005,-6.08424],[17.41626,-6.06472],[17.41923,-6.06125],[17.41455,-6.04541],[17.40901,-6.0413],[17.40107,-6.01811],[17.39649,-6.02112],[17.38979,-6.01357],[17.39107,-5.99632],[17.36191,-5.95829],[17.35617,-5.9574],[17.35061,-5.9503],[17.33526,-5.95341],[17.28883,-5.97381],[17.27223,-5.96379],[17.23531,-5.9255],[17.18458,-5.92907],[17.15679,-5.90784],[17.1449,-5.8945],[17.13201,-5.89219],[17.12624,-5.89993],[17.12686,-5.91669],[17.11106,-5.92686],[17.11292,-5.93145],[17.12537,-5.94036],[17.12634,-5.94933],[17.12088,-5.96108],[17.13076,-5.9608],[17.13748,-5.97303],[17.14413,-5.96833],[17.15793,-5.97033],[17.15978,-5.97354],[17.15412,-5.98898],[17.16428,-5.99905],[17.16362,-6.00434],[17.15514,-6.00898],[17.15454,-6.0128],[17.17105,-6.01856],[17.17975,-6.01369],[17.18129,-6.01933],[17.17341,-6.0312],[17.17849,-6.03692],[17.18722,-6.03596],[17.19024,-6.0417],[17.17559,-6.05418],[17.16986,-6.06798],[17.14429,-6.08052],[17.12373,-6.10062],[17.11128,-6.10729],[17.08112,-6.10509],[17.02277,-6.07728],[16.99889,-6.07258],[16.97775,-6.09183],[16.96665,-6.09173],[16.93803,-6.10081],[16.91923,-6.12627],[16.8511,-6.11005],[16.81292,-6.08809],[16.77448,-6.08315],[16.7549,-6.08693],[16.73919,-6.10492],[16.69244,-6.1341],[16.68856,-6.1394],[16.70264,-6.15337],[16.72154,-6.16594],[16.72115,-6.17996],[16.72946,-6.18821],[16.73087,-6.19395],[16.7259,-6.21236],[16.71606,-6.22344],[16.71038,-6.23565],[16.71853,-6.25953],[16.70948,-6.29084],[16.71712,-6.30345],[16.71815,-6.32621],[16.7249,-6.34411],[16.72219,-6.35608],[16.71578,-6.36139],[16.69001,-6.35553],[16.68821,-6.36427],[16.69765,-6.36722],[16.70249,-6.37134],[16.70321,-6.37685],[16.69179,-6.39437],[16.6907,-6.40564],[16.69347,-6.41023],[16.70037,-6.41112],[16.71323,-6.40762],[16.72985,-6.41973],[16.7324,-6.42546],[16.72967,-6.43191],[16.71613,-6.43749],[16.71111,-6.44625],[16.71367,-6.45336],[16.72752,-6.46434],[16.73587,-6.47993],[16.73314,-6.48661],[16.72718,-6.49078],[16.72514,-6.49584],[16.72723,-6.50089],[16.7337,-6.50753],[16.75583,-6.5187],[16.7632,-6.53104],[16.76118,-6.54201],[16.75118,-6.5578],[16.74941,-6.57298],[16.75706,-6.58513],[16.76812,-6.59036],[16.77274,-6.59632],[16.77601,-6.6055],[16.77612,-6.62872],[16.7815,-6.64892],[16.78984,-6.6613],[16.78901,-6.68176],[16.80015,-6.70331],[16.81184,-6.70523],[16.82573,-6.71308],[16.83088,-6.73237],[16.82986,-6.76041],[16.8507,-6.78928],[16.87171,-6.80527],[16.87628,-6.84685],[16.89543,-6.85803],[16.91035,-6.85129],[16.91542,-6.85288],[16.92053,-6.8632],[16.93781,-6.87002],[16.94181,-6.88792],[16.93688,-6.91506],[16.94382,-6.92146],[16.94708,-6.93041],[16.93709,-6.9578],[16.93874,-6.96607],[16.95009,-6.98072],[16.96965,-6.98224],[16.97289,-6.98613],[16.97388,-7.00014],[16.98274,-7.02331],[16.97088,-7.04405],[16.97054,-7.06909],[16.96368,-7.07854],[16.94894,-7.07516],[16.94335,-7.0614],[16.93897,-7.06073],[16.92889,-7.06859],[16.92805,-7.08422],[16.9336,-7.09132],[16.94038,-7.11311],[16.9508,-7.12616],[16.95043,-7.14431],[16.95369,-7.15257],[16.96893,-7.16353],[16.97035,-7.17018],[16.96853,-7.17571],[16.95479,-7.18863],[16.95371,-7.20334],[16.9886,-7.23075],[17.00395,-7.2633],[17.00202,-7.29295],[17.00551,-7.30005],[17.01885,-7.29746],[17.03083,-7.30062],[17.04198,-7.32101],[17.06136,-7.33011],[17.07593,-7.34451],[17.08723,-7.34768],[17.10103,-7.34532],[17.11166,-7.35376],[17.11241,-7.36639],[17.1074,-7.37721],[17.11185,-7.39189],[17.10839,-7.41759],[17.11017,-7.42268],[17.11363,-7.42542],[17.13297,-7.42487],[17.13732,-7.42094],[17.13887,-7.40922],[17.14507,-7.40552],[17.15297,-7.41926],[17.16082,-7.42519],[17.17902,-7.42671],[17.18526,-7.4322],[17.18809,-7.44459],[17.18512,-7.44873],[17.17061,-7.44903],[17.15982,-7.45414],[17.15366,-7.46404],[17.15625,-7.47505],[17.16665,-7.48373],[17.18694,-7.48984],[17.19988,-7.49942],[17.20524,-7.51225],[17.19798,-7.53296],[17.2154,-7.56066],[17.22055,-7.57809],[17.23349,-7.58606],[17.23746,-7.59592],[17.24506,-7.5968],[17.24993,-7.60344],[17.2589,-7.60247],[17.27994,-7.61776],[17.29608,-7.62319],[17.30629,-7.63691],[17.29879,-7.6567],[17.29984,-7.67989],[17.29091,-7.68957],[17.29231,-7.6937],[17.30641,-7.70327],[17.31745,-7.70092],[17.31984,-7.71629],[17.33112,-7.71693],[17.32871,-7.73921],[17.32024,-7.74935],[17.32144,-7.75853],[17.32953,-7.76263],[17.34412,-7.77816],[17.38494,-7.78898],[17.39099,-7.79997],[17.38553,-7.81354],[17.38672,-7.82088],[17.39181,-7.82338],[17.40768,-7.81963],[17.41163,-7.82672],[17.40269,-7.83504],[17.40296,-7.84169],[17.42758,-7.83766],[17.43131,-7.84545],[17.42401,-7.85811],[17.4222,-7.86501],[17.42476,-7.86959],[17.43331,-7.87436],[17.44551,-7.87269],[17.45315,-7.87931],[17.4555,-7.88825],[17.44388,-7.9115],[17.44236,-7.92735],[17.45811,-7.94402],[17.4717,-7.94487],[17.46833,-7.95958],[17.47249,-7.96162],[17.48441,-7.95054],[17.48786,-7.95098],[17.4909,-7.95854],[17.48376,-8.0],[17.4956,-8.00425],[17.50754,-8.0132],[17.53259,-8.04394],[17.53108,-8.04879],[17.52432,-8.04502],[17.5172,-8.04654],[17.51397,-8.05809],[17.50473,-8.06884],[17.50548,-8.08283],[17.52827,-8.09249],[17.52938,-8.10188],[17.56033,-8.12745],[17.58297,-8.12906],[17.61132,-8.12849],[17.68525,-8.1015],[17.72112,-8.09685],[17.75719,-8.10139],[17.78372,-8.11279],[17.79682,-8.11091],[17.80529,-8.10797],[17.82524,-8.09148],[17.885,-8.079],[17.88631,-8.01507],[17.89115,-7.98733],[17.90147,-7.96687],[17.92349,-7.95052],[17.91494,-7.92067],[17.91906,-7.90594],[17.91174,-7.88483],[17.91338,-7.87832],[17.92718,-7.86431],[17.9372,-7.84244],[17.94256,-7.83814],[17.98637,-7.81191],[18.0372,-7.78956],[18.04715,-7.78973]]]},"properties":{"nom":"Kasongo-Lunda","province":"Kwango","pcode":"CD3106"}},{"type":"Feature","geometry":{"type":"Polygon","coordinates":[[[16.67882,-6.13857],[16.68856,-6.1394],[16.7032,-6.12577],[16.71397,-6.11883],[16.72224,-6.11764],[16.73139,-6.10749],[16.73919,-6.10492],[16.7549,-6.08693],[16.77448,-6.08315],[16.81292,-6.08809],[16.8511,-6.11005],[16.91923,-6.12627],[16.93803,-6.10081],[16.96665,-6.09173],[16.97775,-6.09183],[16.99889,-6.07258],[17.02277,-6.07728],[17.08112,-6.10509],[17.11128,-6.10729],[17.12373,-6.10062],[17.14965,-6.07677],[17.16986,-6.06798],[17.17559,-6.05418],[17.19024,-6.0417],[17.18722,-6.03596],[17.17849,-6.03692],[17.17341,-6.0312],[17.18129,-6.01933],[17.17975,-6.01369],[17.17105,-6.01856],[17.15454,-6.0128],[17.15514,-6.00898],[17.16362,-6.00434],[17.16428,-5.99905],[17.15412,-5.98898],[17.15978,-5.97354],[17.15793,-5.97033],[17.14413,-5.96833],[17.13748,-5.97303],[17.13076,-5.9608],[17.12088,-5.96108],[17.12634,-5.94933],[17.12537,-5.94036],[17.11292,-5.93145],[17.11106,-5.92686],[17.12686,-5.91669],[17.12785,-5.89561],[17.13201,-5.89219],[17.14018,-5.89323],[17.13922,-5.87918],[17.13268,-5.87138],[17.13696,-5.86343],[17.1364,-5.84924],[17.1313,-5.84289],[17.12993,-5.83454],[17.13223,-5.83046],[17.13997,-5.82841],[17.14012,-5.82104],[17.13617,-5.80531],[17.12482,-5.79557],[17.12015,-5.78017],[17.1076,-5.77768],[17.10014,-5.78023],[17.07146,-5.82014],[17.04962,-5.83099],[17.04353,-5.89862],[17.03946,-5.90203],[17.02324,-5.90412],[16.99129,-5.90296],[17.00546,-5.75275],[17.00479,-5.73888],[16.99156,-5.68438],[16.98962,-5.6337],[16.98255,-5.63353],[16.97227,-5.64485],[16.97026,-5.65728],[16.96989,-5.67476],[16.96559,-5.68881],[16.96836,-5.73871],[16.96281,-5.77],[16.96323,-5.81108],[16.9594,-5.82001],[16.95461,-5.82307],[16.93638,-5.82234],[16.94316,-5.79862],[16.93363,-5.77612],[16.93123,-5.75452],[16.92569,-5.74902],[16.9298,-5.74371],[16.9217,-5.73225],[16.88785,-5.71538],[16.87538,-5.70256],[16.87462,-5.68784],[16.87045,-5.68027],[16.87227,-5.67474],[16.86883,-5.66779],[16.82868,-5.68699],[16.80546,-5.7023],[16.80064,-5.70199],[16.76362,-5.67651],[16.74314,-5.66749],[16.74051,-5.64588],[16.73201,-5.64545],[16.71011,-5.62829],[16.70014,-5.60764],[16.68425,-5.59942],[16.67128,-5.5751],[16.66369,-5.57329],[16.66115,-5.56916],[16.64645,-5.57083],[16.63631,-5.56328],[16.63051,-5.55019],[16.6071,-5.55236],[16.59816,-5.55723],[16.59033,-5.5522],[16.58576,-5.55636],[16.57772,-5.55593],[16.55724,-5.54797],[16.56051,-5.50862],[16.56711,-5.49502],[16.56407,-5.48284],[16.55877,-5.47918],[16.55639,-5.45826],[16.56166,-5.43873],[16.5571,-5.41294],[16.54181,-5.38217],[16.5438,-5.36491],[16.52511,-5.34383],[16.51669,-5.31119],[16.52193,-5.2992],[16.521,-5.29484],[16.50879,-5.28546],[16.50775,-5.24947],[16.50195,-5.24339],[16.49712,-5.19049],[16.4998,-5.17323],[16.5071,-5.16192],[16.5081,-5.12787],[16.50346,-5.11593],[16.51395,-5.10093],[16.51084,-5.07195],[16.51883,-5.06088],[16.51809,-5.05076],[16.52883,-5.03806],[16.52371,-5.0229],[16.52617,-5.0054],[16.54034,-4.99453],[16.5535,-4.95996],[16.54335,-4.9462],[16.54487,-4.92871],[16.53324,-4.89309],[16.5059,-4.88669],[16.48771,-4.89813],[16.4445,-4.89726],[16.43987,-4.90716],[16.43566,-4.93738],[16.41727,-4.98076],[16.4031,-4.99247],[16.39502,-5.00732],[16.38953,-5.03426],[16.29949,-5.1395],[16.29624,-5.13054],[16.29921,-5.0714],[16.29552,-5.06704],[16.2948,-5.05899],[16.29248,-5.05463],[16.28607,-5.05741],[16.27979,-5.0388],[16.25769,-5.02117],[16.24717,-5.03018],[16.24626,-5.03363],[16.25065,-5.03937],[16.25024,-5.05133],[16.24566,-5.05549],[16.24299,-5.0769],[16.23547,-5.09004],[16.23075,-5.11398],[16.23973,-5.12039],[16.25196,-5.13829],[16.25256,-5.17303],[16.25647,-5.17463],[16.2487,-5.18317],[16.24584,-5.21401],[16.23288,-5.24396],[16.22118,-5.30359],[16.21798,-5.3082],[16.21303,-5.33353],[16.21697,-5.34271],[16.21229,-5.37746],[16.21553,-5.38389],[16.2142,-5.39586],[16.21122,-5.39748],[16.20648,-5.41797],[16.20927,-5.42624],[16.2029,-5.44122],[16.20688,-5.46007],[16.20164,-5.47159],[16.20127,-5.49436],[16.20619,-5.51873],[16.20142,-5.53209],[16.21213,-5.56747],[16.20825,-5.57439],[16.21173,-5.58357],[16.21132,-5.59623],[16.21779,-5.60678],[16.2146,-5.61117],[16.21623,-5.61645],[16.21048,-5.61578],[16.21026,-5.61831],[16.21442,-5.62382],[16.21468,-5.63279],[16.2186,-5.63484],[16.21132,-5.65235],[16.21409,-5.65763],[16.2102,-5.66109],[16.21185,-5.67121],[16.20635,-5.67376],[16.21353,-5.68845],[16.21218,-5.69513],[16.20712,-5.69492],[16.20599,-5.69906],[16.20513,-5.71424],[16.20909,-5.72826],[16.20544,-5.73287],[16.20115,-5.75198],[16.20438,-5.75611],[16.20873,-5.75379],[16.20763,-5.76438],[16.21088,-5.77402],[16.20746,-5.77887],[16.2062,-5.79481],[16.19933,-5.80818],[16.1641,-5.8102],[16.15041,-5.81883],[16.14163,-5.84227],[16.13943,-5.85864],[16.19488,-5.85986],[16.22222,-5.86862],[16.36594,-5.86469],[16.38433,-5.86756],[16.40447,-5.88836],[16.44837,-5.89622],[16.42365,-5.89097],[16.42295,-5.88753],[16.4355,-5.86793],[16.44745,-5.86719],[16.44971,-5.86051],[16.45477,-5.86095],[16.46024,-5.84966],[16.46831,-5.85653],[16.47425,-5.85007],[16.4894,-5.84518],[16.5069,-5.85476],[16.51769,-5.85265],[16.52276,-5.85769],[16.52989,-5.85835],[16.5343,-5.86776],[16.55178,-5.87321],[16.57912,-5.87264],[16.5874,-5.87537],[16.58566,-5.89538],[16.59125,-5.91376],[16.59678,-5.9181],[16.59919,-5.94293],[16.59191,-5.95791],[16.58922,-5.97448],[16.59154,-5.97838],[16.60604,-5.98476],[16.59831,-6.00181],[16.6062,-6.0204],[16.60767,-6.04063],[16.59902,-6.05883],[16.6025,-6.06549],[16.62799,-6.06124],[16.63285,-6.06789],[16.63034,-6.07342],[16.62529,-6.07528],[16.60806,-6.07535],[16.60673,-6.08571],[16.61158,-6.09167],[16.63319,-6.09411],[16.64793,-6.09979],[16.64821,-6.11244],[16.64295,-6.11729],[16.64552,-6.1274],[16.65953,-6.12435],[16.67062,-6.13787],[16.67882,-6.13857]]]},"properties":{"nom":"Popokabaka","province":"Kwango","pcode":"CD3108"}},{"type":"Feature","geometry":{"type":"Polygon","coordinates":[[[17.35225,-3.34924],[17.35803,-3.35887],[17.38861,-3.38081],[17.39574,-3.38422],[17.40993,-3.38392],[17.42373,-3.39328],[17.4318,-3.40429],[17.43537,-3.42751],[17.46086,-3.43981],[17.47138,-3.43607],[17.47895,-3.43787],[17.48399,-3.43692],[17.49466,-3.42076],[17.50834,-3.4078],[17.51077,-3.39283],[17.51488,-3.39005],[17.49896,-3.36004],[17.51293,-3.33838],[17.54894,-3.3302],[17.56292,-3.31014],[17.55717,-3.29364],[17.5309,-3.26456],[17.50311,-3.25044],[17.48481,-3.25467],[17.47309,-3.24691],[17.44234,-3.23695],[17.43292,-3.23147],[17.43194,-3.21836],[17.42572,-3.21241],[17.40671,-3.21228],[17.40165,-3.20839],[17.39747,-3.19806],[17.37568,-3.19173],[17.36633,-3.19776],[17.35373,-3.19851],[17.35625,-3.21406],[17.37759,-3.24809],[17.38089,-3.26488],[17.36599,-3.30545],[17.3391,-3.32929],[17.34211,-3.33802],[17.35225,-3.34924]]]},"properties":{"nom":"Bandundu","province":"Kwilu","pcode":"CD3201"}},{"type":"Feature","geometry":{"type":"Polygon","coordinates":[[[18.01449,-4.14329],[18.01637,-4.13912],[18.02506,-4.13923],[18.05134,-4.16163],[18.07548,-4.17184],[18.07935,-4.1679],[18.10054,-4.18365],[18.13298,-4.20103],[18.1475,-4.20029],[18.15817,-4.17306],[18.17172,-4.15487],[18.17951,-4.15085],[18.23125,-4.17136],[18.23361,-4.16781],[18.23479,-4.11367],[18.25158,-4.09325],[18.26141,-4.06302],[18.27067,-4.0589],[18.27475,-4.05247],[18.2866,-4.00467],[18.29215,-3.99138],[18.29863,-3.98626],[18.33311,-3.98675],[18.44122,-4.03902],[18.46466,-4.04266],[18.47399,-4.04217],[18.48947,-4.02131],[18.53588,-4.02175],[18.54066,-3.98746],[18.54472,-3.97882],[18.54841,-3.97925],[18.55828,-3.99732],[18.57422,-4.01382],[18.61191,-4.04169],[18.63777,-4.04952],[18.64969,-4.04968],[18.65722,-4.04552],[18.67288,-4.02332],[18.68078,-4.00486],[18.68603,-4.00206],[18.71147,-4.00143],[18.71967,-3.99378],[18.73858,-3.94464],[18.73391,-3.93202],[18.73525,-3.92671],[18.74591,-3.9103],[18.75916,-3.90423],[18.76917,-3.89381],[18.80544,-3.83764],[18.81159,-3.83185],[18.82828,-3.82575],[18.83875,-3.81555],[18.85008,-3.79752],[18.85942,-3.79056],[18.86494,-3.76083],[18.86161,-3.74475],[18.86268,-3.7024],[18.85806,-3.66515],[18.86123,-3.65984],[18.84743,-3.65164],[18.81599,-3.64749],[18.79945,-3.64001],[18.78363,-3.63874],[18.77094,-3.62548],[18.76588,-3.6239],[18.74503,-3.62404],[18.72618,-3.61495],[18.7118,-3.62358],[18.67412,-3.60887],[18.66627,-3.59949],[18.65799,-3.59517],[18.6422,-3.59804],[18.62998,-3.58753],[18.61852,-3.58669],[18.60398,-3.57091],[18.58127,-3.56852],[18.56534,-3.58335],[18.55251,-3.58344],[18.54988,-3.57643],[18.54198,-3.58535],[18.53443,-3.58632],[18.52453,-3.57971],[18.50204,-3.57364],[18.48738,-3.57443],[18.48145,-3.57792],[18.46284,-3.5709],[18.45409,-3.56406],[18.44789,-3.56364],[18.44128,-3.56828],[18.43783,-3.56646],[18.43779,-3.55934],[18.42514,-3.55228],[18.41291,-3.5397],[18.40327,-3.53677],[18.40377,-3.54482],[18.39578,-3.54648],[18.39254,-3.54328],[18.39777,-3.53657],[18.39091,-3.53915],[18.36313,-3.53058],[18.35525,-3.51636],[18.347,-3.51411],[18.34185,-3.49896],[18.31221,-3.48579],[18.30111,-3.46976],[18.294,-3.46819],[18.28156,-3.4586],[18.27308,-3.45727],[18.27552,-3.44575],[18.26831,-3.42831],[18.25268,-3.42058],[18.24616,-3.40383],[18.24155,-3.39948],[18.22691,-3.40325],[18.20858,-3.40267],[18.194,-3.41404],[18.17891,-3.4185],[18.17116,-3.42568],[18.16622,-3.44113],[18.15664,-3.44717],[18.15113,-3.44604],[18.13823,-3.43509],[18.10916,-3.40212],[18.08512,-3.40319],[18.06805,-3.38488],[18.04349,-3.37743],[18.03411,-3.37818],[18.01309,-3.38705],[17.99176,-3.38234],[17.96775,-3.39053],[17.95248,-3.40259],[17.93805,-3.4029],[17.92824,-3.41009],[17.87855,-3.4136],[17.86005,-3.42268],[17.84472,-3.4246],[17.83254,-3.41823],[17.82653,-3.40952],[17.8193,-3.38701],[17.79911,-3.38183],[17.75845,-3.36296],[17.71927,-3.32291],[17.7046,-3.31885],[17.68589,-3.33183],[17.6797,-3.33164],[17.66105,-3.31333],[17.64684,-3.31364],[17.62752,-3.29879],[17.6147,-3.29932],[17.60282,-3.30513],[17.58541,-3.30546],[17.57326,-3.30276],[17.55717,-3.29364],[17.56292,-3.31014],[17.54894,-3.3302],[17.51293,-3.33838],[17.49896,-3.36004],[17.51488,-3.39005],[17.51077,-3.39283],[17.50834,-3.4078],[17.49466,-3.42076],[17.48399,-3.43692],[17.46474,-3.43679],[17.46086,-3.43981],[17.43537,-3.42751],[17.4318,-3.40429],[17.42373,-3.39328],[17.40993,-3.38392],[17.39574,-3.38422],[17.38861,-3.38081],[17.35803,-3.35887],[17.35314,-3.38628],[17.34835,-3.39114],[17.33438,-3.39098],[17.33028,-3.39606],[17.3265,-3.41748],[17.32017,-3.43293],[17.28632,-3.45834],[17.27437,-3.47872],[17.27327,-3.48954],[17.27863,-3.50608],[17.27991,-3.53001],[17.29076,-3.54698],[17.28679,-3.57439],[17.30499,-3.59455],[17.31479,-3.62717],[17.32882,-3.63792],[17.33211,-3.65332],[17.32916,-3.65863],[17.31383,-3.66146],[17.30355,-3.66773],[17.30576,-3.69579],[17.29779,-3.70619],[17.27815,-3.71849],[17.26726,-3.73994],[17.25916,-3.76782],[17.24092,-3.78563],[17.23572,-3.79716],[17.2363,-3.82155],[17.2174,-3.84581],[17.2174,-3.89091],[17.19197,-3.93661],[17.18809,-3.94007],[17.17434,-3.94105],[17.17,-3.94407],[17.15476,-3.96554],[17.1381,-3.98104],[17.13407,-3.99947],[17.12679,-4.01102],[17.10829,-4.02536],[17.09914,-4.02817],[17.081,-4.02342],[17.0596,-4.00719],[17.04377,-4.00381],[17.02235,-3.98412],[17.01477,-3.98185],[16.99024,-3.98151],[16.98408,-3.98568],[16.97373,-3.98044],[16.9325,-3.98683],[16.91539,-4.00348],[16.91043,-4.02145],[16.87828,-4.05703],[16.82185,-4.09709],[16.79542,-4.08409],[16.77296,-4.08718],[16.76109,-4.09621],[16.74736,-4.10156],[16.73046,-4.11728],[16.71534,-4.11919],[16.71054,-4.12289],[16.70259,-4.13995],[16.69301,-4.15035],[16.68085,-4.1481],[16.67487,-4.14283],[16.66226,-4.14311],[16.63401,-4.13334],[16.61774,-4.13663],[16.60857,-4.13482],[16.59645,-4.14224],[16.58568,-4.14297],[16.56646,-4.15295],[16.54704,-4.16729],[16.49624,-4.18475],[16.49448,-4.19285],[16.49754,-4.20482],[16.49222,-4.20735],[16.47791,-4.2333],[16.4841,-4.2389],[16.49319,-4.23956],[16.49001,-4.25923],[16.50448,-4.26934],[16.50609,-4.27873],[16.52167,-4.31213],[16.52213,-4.32384],[16.51644,-4.33326],[16.5324,-4.35682],[16.53245,-4.36128],[16.52704,-4.37492],[16.52006,-4.3802],[16.51655,-4.38766],[16.50909,-4.39074],[16.5152,-4.40996],[16.50568,-4.41201],[16.49783,-4.42147],[16.49643,-4.43444],[16.49141,-4.44366],[16.49802,-4.4556],[16.49873,-4.47383],[16.49423,-4.48352],[16.51489,-4.48598],[16.54334,-4.51286],[16.58772,-4.54741],[16.5989,-4.55451],[16.60734,-4.55588],[16.61096,-4.54701],[16.61181,-4.52937],[16.60629,-4.41165],[16.61034,-4.3847],[16.61659,-4.37293],[16.62842,-4.36946],[16.63596,-4.36229],[16.64742,-4.36063],[16.66298,-4.35321],[16.67984,-4.3292],[16.69543,-4.32844],[16.70274,-4.32243],[16.7132,-4.35207],[16.71981,-4.34823],[16.72889,-4.33028],[16.73709,-4.32836],[16.74001,-4.33142],[16.74467,-4.34494],[16.7469,-4.38191],[16.76064,-4.37851],[16.77504,-4.35784],[16.78199,-4.35346],[16.79579,-4.35561],[16.80315,-4.36227],[16.81895,-4.35898],[16.82604,-4.35434],[16.8398,-4.35428],[16.84894,-4.34688],[16.85187,-4.33628],[16.85177,-4.31442],[16.85626,-4.29438],[16.86288,-4.2973],[16.91111,-4.34786],[16.91968,-4.36114],[16.92818,-4.38799],[16.93572,-4.40108],[16.94583,-4.40367],[16.96284,-4.39798],[16.97008,-4.401],[16.97345,-4.42912],[16.96026,-4.4469],[16.94046,-4.46186],[16.93927,-4.46619],[16.94065,-4.48097],[16.95101,-4.50109],[16.95962,-4.50546],[16.98408,-4.50341],[16.99508,-4.4974],[17.01219,-4.47891],[17.02435,-4.47908],[17.03607,-4.48386],[17.07531,-4.53246],[17.09485,-4.53996],[17.10683,-4.55003],[17.11923,-4.55181],[17.14063,-4.56496],[17.1536,-4.5665],[17.16753,-4.56083],[17.1779,-4.54883],[17.19069,-4.51154],[17.20186,-4.45679],[17.21335,-4.43368],[17.24141,-4.4015],[17.25896,-4.38809],[17.30069,-4.38548],[17.34063,-4.3685],[17.39025,-4.33192],[17.42367,-4.30143],[17.45752,-4.2921],[17.48663,-4.26206],[17.51335,-4.23984],[17.52197,-4.23731],[17.55353,-4.24129],[17.61221,-4.23314],[17.62396,-4.2432],[17.6245,-4.257],[17.63654,-4.27719],[17.63844,-4.28938],[17.63411,-4.29446],[17.62617,-4.32994],[17.63285,-4.33913],[17.63822,-4.34135],[17.68093,-4.33421],[17.72152,-4.3203],[17.75882,-4.30035],[17.79388,-4.2751],[17.80651,-4.28301],[17.82004,-4.29893],[17.82573,-4.31687],[17.83447,-4.32235],[17.84434,-4.32344],[17.85372,-4.31879],[17.86441,-4.30423],[17.86541,-4.28029],[17.87502,-4.27702],[17.88036,-4.28688],[17.88333,-4.28594],[17.89191,-4.26357],[17.89784,-4.25802],[17.90109,-4.26421],[17.90545,-4.26511],[17.91655,-4.24226],[17.94694,-4.22391],[17.96709,-4.22034],[17.96036,-4.20703],[17.96194,-4.20357],[17.98506,-4.19676],[17.98019,-4.18782],[17.98267,-4.17998],[17.97796,-4.15952],[18.00884,-4.1483],[18.01449,-4.14329]]]},"properties":{"nom":"Bagata","province":"Kwilu","pcode":"CD3202"}},{"type":"Feature","geometry":{"type":"Polygon","coordinates":[[[18.85685,-5.06632],[18.87187,-5.05664],[18.87304,-5.05107],[18.88485,-5.03924],[18.89194,-5.0199],[18.88697,-4.99855],[18.87601,-4.99015],[18.87143,-4.98995],[18.86422,-4.99566],[18.84875,-4.99162],[18.82785,-4.99344],[18.82313,-4.99072],[18.82028,-4.9832],[18.81043,-4.98528],[18.79327,-4.9811],[18.78373,-4.9967],[18.76995,-5.0048],[18.74543,-5.00821],[18.74312,-5.01266],[18.74873,-5.0165],[18.74836,-5.02295],[18.76241,-5.02995],[18.76334,-5.04029],[18.77049,-5.04623],[18.7744,-5.05775],[18.77148,-5.06531],[18.76403,-5.07174],[18.76527,-5.09205],[18.7972,-5.11547],[18.80985,-5.11562],[18.82208,-5.10997],[18.83844,-5.11421],[18.83922,-5.10742],[18.84456,-5.10202],[18.84646,-5.07857],[18.85685,-5.06632]]]},"properties":{"nom":"Kikwit","province":"Kwilu","pcode":"CD3203"}},{"type":"Feature","geometry":{"type":"Polygon","coordinates":[[[19.24627,-4.58119],[19.25369,-4.56951],[19.2473,-4.56371],[19.251,-4.5596],[19.24506,-4.55449],[19.24377,-4.54114],[19.24866,-4.52944],[19.24808,-4.51287],[19.2424,-4.50455],[19.24639,-4.49031],[19.23254,-4.46767],[19.23487,-4.46124],[19.23217,-4.45363],[19.23891,-4.43964],[19.23832,-4.38832],[19.22515,-4.36798],[19.22542,-4.36039],[19.22109,-4.35668],[19.20412,-4.32067],[19.20069,-4.31779],[19.19195,-4.31792],[19.17489,-4.32504],[19.13021,-4.35799],[19.11364,-4.36463],[19.10782,-4.36357],[19.11617,-4.34078],[19.12264,-4.33231],[19.1255,-4.31576],[19.11496,-4.27933],[19.09855,-4.26472],[19.08864,-4.23635],[19.07909,-4.22478],[19.07462,-4.20657],[19.06531,-4.19339],[19.02014,-4.22805],[18.99817,-4.20662],[18.99163,-4.20286],[18.98264,-4.20348],[18.97223,-4.23574],[18.96583,-4.23832],[18.95572,-4.23494],[18.93668,-4.23484],[18.92955,-4.23098],[18.92257,-4.21676],[18.90794,-4.22331],[18.8978,-4.21716],[18.88187,-4.21524],[18.85982,-4.25989],[18.853,-4.26176],[18.84673,-4.25629],[18.8343,-4.22674],[18.8063,-4.20188],[18.80109,-4.18368],[18.80124,-4.16164],[18.80722,-4.14066],[18.82073,-4.11928],[18.81637,-4.08371],[18.81299,-4.08048],[18.74389,-4.07981],[18.72335,-4.05721],[18.68464,-4.02513],[18.67288,-4.02332],[18.65722,-4.04552],[18.64969,-4.04968],[18.63299,-4.0491],[18.61191,-4.04169],[18.57422,-4.01382],[18.55828,-3.99732],[18.54841,-3.97925],[18.54472,-3.97882],[18.54066,-3.98746],[18.53588,-4.02175],[18.48947,-4.02131],[18.47399,-4.04217],[18.45534,-4.04249],[18.44122,-4.03902],[18.33311,-3.98675],[18.29863,-3.98626],[18.29215,-3.99138],[18.2866,-4.00467],[18.27475,-4.05247],[18.27067,-4.0589],[18.26141,-4.06302],[18.25158,-4.09325],[18.23479,-4.11367],[18.23361,-4.16781],[18.23125,-4.17136],[18.17951,-4.15085],[18.17172,-4.15487],[18.15817,-4.17306],[18.1475,-4.20029],[18.13298,-4.20103],[18.12079,-4.19504],[18.13589,-4.22578],[18.14178,-4.25083],[18.13422,-4.28723],[18.13773,-4.29872],[18.13435,-4.3084],[18.14065,-4.32585],[18.14236,-4.34172],[18.13877,-4.35394],[18.14466,-4.37899],[18.14503,-4.40107],[18.14989,-4.40841],[18.16008,-4.46058],[18.16447,-4.46608],[18.16382,-4.47161],[18.17175,-4.49204],[18.17089,-4.50102],[18.17533,-4.51319],[18.18254,-4.56607],[18.18694,-4.57225],[18.18736,-4.63783],[18.19682,-4.6456],[18.21064,-4.69061],[18.23335,-4.71222],[18.28554,-4.71543],[18.29114,-4.71835],[18.29643,-4.72644],[18.30251,-4.75858],[18.32962,-4.76528],[18.33623,-4.77272],[18.34207,-4.79017],[18.37068,-4.80188],[18.37481,-4.80706],[18.37254,-4.84111],[18.36631,-4.87256],[18.32283,-4.8726],[18.30305,-4.88659],[18.30505,-4.89289],[18.32874,-4.90425],[18.33667,-4.91364],[18.34406,-4.944],[18.35019,-4.95467],[18.35139,-4.96548],[18.34819,-4.97919],[18.33776,-5.0],[18.33843,-5.03978],[18.34241,-5.0508],[18.33792,-5.06717],[18.34614,-5.09449],[18.3448,-5.10002],[18.3549,-5.12653],[18.35186,-5.13991],[18.3316,-5.15696],[18.31753,-5.17727],[18.30878,-5.18448],[18.30771,-5.19835],[18.31676,-5.20321],[18.35549,-5.20397],[18.40812,-5.19783],[18.42265,-5.214],[18.46575,-5.20444],[18.47937,-5.20448],[18.49762,-5.21115],[18.52714,-5.23801],[18.57991,-5.22655],[18.61526,-5.20971],[18.64648,-5.20736],[18.64956,-5.22091],[18.6553,-5.22134],[18.6604,-5.22843],[18.66071,-5.24086],[18.65775,-5.24318],[18.65451,-5.23975],[18.64832,-5.24071],[18.64538,-5.24717],[18.64771,-5.25221],[18.65345,-5.25287],[18.65372,-5.25862],[18.65006,-5.25979],[18.64873,-5.26716],[18.63749,-5.26885],[18.63133,-5.2751],[18.63781,-5.28196],[18.63189,-5.28821],[18.63215,-5.29304],[18.64155,-5.29067],[18.64294,-5.29274],[18.62902,-5.30594],[18.63963,-5.31185],[18.65502,-5.31359],[18.666,-5.34112],[18.67173,-5.33855],[18.69448,-5.35722],[18.70598,-5.35266],[18.72609,-5.35358],[18.73119,-5.35724],[18.7449,-5.38704],[18.78911,-5.41513],[18.79297,-5.41501],[18.79876,-5.39456],[18.8603,-5.41112],[18.88643,-5.40381],[18.92064,-5.40357],[18.93527,-5.39427],[18.94261,-5.3933],[18.94764,-5.39004],[18.95308,-5.37965],[18.9471,-5.37831],[18.93874,-5.36641],[18.93495,-5.34964],[18.93694,-5.33997],[18.93206,-5.33172],[18.93638,-5.32571],[18.94303,-5.32497],[18.95433,-5.31751],[19.0002,-5.32184],[19.03435,-5.30932],[19.04096,-5.31141],[19.04571,-5.31738],[19.05945,-5.34832],[19.06529,-5.35366],[19.07149,-5.35439],[19.07432,-5.34199],[19.07072,-5.33162],[19.07519,-5.32298],[19.12617,-5.32218],[19.12881,-5.31866],[19.12538,-5.28128],[19.10717,-5.26861],[19.10036,-5.25683],[19.08682,-5.25673],[19.0834,-5.25211],[19.08527,-5.21621],[19.08123,-5.17017],[19.09885,-5.10061],[19.07651,-5.07676],[19.0702,-5.05901],[19.07812,-5.04204],[19.07938,-5.02364],[19.09612,-4.99132],[19.10713,-4.95596],[19.12872,-4.91861],[19.15277,-4.8539],[19.16249,-4.80473],[19.1707,-4.70562],[19.19251,-4.66688],[19.21814,-4.64129],[19.22442,-4.62637],[19.23781,-4.61289],[19.24861,-4.6102],[19.24593,-4.59891],[19.23955,-4.59196],[19.24627,-4.58119]],[[18.76651,-5.04293],[18.76334,-5.04029],[18.76241,-5.02995],[18.74836,-5.02295],[18.74873,-5.0165],[18.74312,-5.01266],[18.74543,-5.00821],[18.76995,-5.0048],[18.78373,-4.9967],[18.79327,-4.9811],[18.81043,-4.98528],[18.82028,-4.9832],[18.82313,-4.99072],[18.82785,-4.99344],[18.84875,-4.99162],[18.86422,-4.99566],[18.87143,-4.98995],[18.87601,-4.99015],[18.88697,-4.99855],[18.89039,-5.00876],[18.89194,-5.0199],[18.88485,-5.03924],[18.87304,-5.05107],[18.87187,-5.05664],[18.85442,-5.06838],[18.84646,-5.07857],[18.84456,-5.10202],[18.83922,-5.10742],[18.83844,-5.11421],[18.82208,-5.10997],[18.80985,-5.11562],[18.7972,-5.11547],[18.76781,-5.09477],[18.76527,-5.09205],[18.76403,-5.07174],[18.77148,-5.06531],[18.7744,-5.05775],[18.76651,-5.04293]]]},"properties":{"nom":"Bulungu","province":"Kwilu","pcode":"CD3204"}},{"type":"Feature","geometry":{"type":"Polygon","coordinates":[[[19.36918,-5.57498],[19.43334,-5.58055],[19.44401,-5.62198],[19.44363,-5.66028],[19.44906,-5.67324],[19.44984,-5.69689],[19.45485,-5.70359],[19.46817,-5.74231],[19.4887,-5.75439],[19.49951,-5.75368],[19.51271,-5.74467],[19.52614,-5.72751],[19.53552,-5.69445],[19.53188,-5.6889],[19.53126,-5.67786],[19.5403,-5.66343],[19.54175,-5.65171],[19.55009,-5.64003],[19.56605,-5.63869],[19.59575,-5.66568],[19.61893,-5.66555],[19.6368,-5.6606],[19.65275,-5.64635],[19.66385,-5.61084],[19.67486,-5.59082],[19.69277,-5.58816],[19.75753,-5.59019],[19.77738,-5.58767],[19.79341,-5.57743],[19.8132,-5.57167],[19.83423,-5.54024],[19.84465,-5.52998],[19.87293,-5.52932],[19.86529,-5.49891],[19.86957,-5.47271],[19.86757,-5.46235],[19.87129,-5.4534],[19.86879,-5.44786],[19.8746,-5.43663],[19.90836,-5.43798],[19.96775,-5.46178],[19.97731,-5.44657],[20.01815,-5.42065],[20.03764,-5.39998],[20.03985,-5.38404],[20.03161,-5.37798],[20.01948,-5.37969],[20.00791,-5.35136],[20.00771,-5.34104],[20.02065,-5.30087],[20.03143,-5.28906],[20.05954,-5.2838],[20.08708,-5.21984],[20.12408,-5.17528],[20.1319,-5.16988],[20.1542,-5.16441],[20.17632,-5.14939],[20.19067,-5.14561],[20.18618,-5.12903],[20.17955,-5.12163],[20.17846,-5.1115],[20.18222,-5.09312],[20.16965,-5.0843],[20.16861,-5.06198],[20.15099,-5.05291],[20.13984,-5.03537],[20.14324,-4.99949],[20.12961,-4.97227],[20.11909,-4.96554],[20.11522,-4.95906],[20.1077,-4.90347],[20.10205,-4.88975],[20.10261,-4.87111],[20.09124,-4.85218],[20.0847,-4.82846],[20.08589,-4.82202],[20.07837,-4.81162],[20.06908,-4.78879],[20.05581,-4.78227],[20.06058,-4.74848],[20.04963,-4.73714],[20.06004,-4.72132],[20.05189,-4.7008],[20.05449,-4.68655],[20.0692,-4.67973],[20.07087,-4.66847],[20.06494,-4.66199],[20.06089,-4.65029],[20.06897,-4.63694],[20.05646,-4.61823],[20.06388,-4.6017],[20.06209,-4.59502],[20.07345,-4.57117],[20.08476,-4.55811],[20.08554,-4.54154],[20.0954,-4.54091],[20.10235,-4.52829],[20.11111,-4.52029],[20.113,-4.50857],[20.12475,-4.50012],[20.12386,-4.49367],[20.10927,-4.47656],[20.09919,-4.47605],[20.09233,-4.47095],[20.09006,-4.46541],[20.09218,-4.45576],[20.08812,-4.44354],[20.09321,-4.43437],[20.0871,-4.41891],[20.07481,-4.40205],[20.07191,-4.3873],[20.06487,-4.37415],[20.05185,-4.36487],[20.04366,-4.35286],[20.04057,-4.33167],[20.045,-4.3149],[20.03359,-4.30563],[20.03297,-4.29274],[20.03805,-4.28587],[20.02924,-4.26143],[20.01807,-4.24917],[20.01793,-4.23329],[19.99629,-4.20647],[19.98532,-4.20043],[19.98014,-4.18383],[19.97352,-4.17804],[19.96575,-4.17385],[19.95841,-4.1745],[19.94988,-4.18204],[19.94485,-4.1804],[19.93804,-4.16678],[19.92413,-4.15474],[19.90237,-4.15001],[19.89095,-4.14349],[19.87393,-4.1121],[19.85616,-4.0922],[19.84517,-4.08938],[19.82086,-4.0913],[19.81125,-4.08779],[19.7802,-4.06619],[19.76987,-4.06614],[19.76021,-4.07299],[19.75543,-4.06743],[19.73026,-4.06061],[19.71261,-4.06004],[19.69819,-4.05512],[19.68878,-4.05851],[19.6709,-4.05794],[19.66429,-4.05192],[19.61576,-4.0408],[19.60498,-4.04187],[19.58809,-4.0282],[19.58334,-4.01758],[19.56853,-4.00368],[19.54815,-3.99918],[19.5347,-3.98782],[19.50155,-3.97357],[19.49746,-3.9671],[19.47784,-3.95202],[19.46207,-3.94639],[19.45174,-3.94679],[19.44196,-3.93246],[19.39538,-3.90615],[19.38308,-3.89388],[19.36889,-3.89125],[19.3527,-3.87596],[19.32051,-3.85734],[19.30219,-3.85675],[19.29464,-3.85256],[19.2629,-3.82666],[19.24441,-3.82323],[19.20195,-3.79694],[19.17861,-3.79195],[19.15943,-3.7817],[19.15511,-3.77568],[19.13134,-3.76563],[19.09514,-3.76607],[19.06543,-3.7539],[19.04174,-3.73187],[19.0191,-3.72527],[19.0,-3.7115],[18.98832,-3.71026],[18.97588,-3.69954],[18.95452,-3.69532],[18.93149,-3.67914],[18.90738,-3.67286],[18.88392,-3.66083],[18.86123,-3.65984],[18.85806,-3.66515],[18.86268,-3.7024],[18.86161,-3.74475],[18.86494,-3.76083],[18.85942,-3.79056],[18.85008,-3.79752],[18.83875,-3.81555],[18.82828,-3.82575],[18.81159,-3.83185],[18.80544,-3.83764],[18.76917,-3.89381],[18.75916,-3.90423],[18.74591,-3.9103],[18.73525,-3.92671],[18.73391,-3.93202],[18.73858,-3.94464],[18.71967,-3.99378],[18.71147,-4.00143],[18.68603,-4.00206],[18.68078,-4.00486],[18.67288,-4.02332],[18.68972,-4.02851],[18.72335,-4.05721],[18.74389,-4.07981],[18.81299,-4.08048],[18.81637,-4.08371],[18.82073,-4.11928],[18.80722,-4.14066],[18.80124,-4.16164],[18.80109,-4.18368],[18.8063,-4.20188],[18.8343,-4.22674],[18.84673,-4.25629],[18.853,-4.26176],[18.85982,-4.25989],[18.88187,-4.21524],[18.8978,-4.21716],[18.90794,-4.22331],[18.92257,-4.21676],[18.92955,-4.23098],[18.93668,-4.23484],[18.95572,-4.23494],[18.96583,-4.23832],[18.97223,-4.23574],[18.98264,-4.20348],[18.99163,-4.20286],[18.99817,-4.20662],[19.02014,-4.22805],[19.06531,-4.19339],[19.07462,-4.20657],[19.07909,-4.22478],[19.08864,-4.23635],[19.09855,-4.26472],[19.11496,-4.27933],[19.1255,-4.31576],[19.12264,-4.33231],[19.11617,-4.34078],[19.10782,-4.36357],[19.11364,-4.36463],[19.13021,-4.35799],[19.17489,-4.32504],[19.19195,-4.31792],[19.20069,-4.31779],[19.20412,-4.32067],[19.22109,-4.35668],[19.22542,-4.36039],[19.22515,-4.36798],[19.23832,-4.38832],[19.23891,-4.43964],[19.23217,-4.45363],[19.23487,-4.46124],[19.23254,-4.46767],[19.24639,-4.49031],[19.2424,-4.50455],[19.24808,-4.51287],[19.24866,-4.52944],[19.24377,-4.54114],[19.24506,-4.55449],[19.251,-4.5596],[19.2473,-4.56371],[19.25369,-4.56951],[19.24931,-4.5727],[19.23955,-4.59196],[19.24593,-4.59891],[19.24861,-4.6102],[19.23781,-4.61289],[19.22442,-4.62637],[19.21814,-4.64129],[19.19251,-4.66688],[19.1707,-4.70562],[19.16249,-4.80473],[19.15277,-4.8539],[19.12872,-4.91861],[19.10713,-4.95596],[19.09612,-4.99132],[19.07938,-5.02364],[19.07812,-5.04204],[19.0702,-5.05901],[19.07651,-5.07676],[19.09885,-5.10061],[19.08123,-5.17017],[19.08527,-5.21621],[19.0834,-5.25211],[19.08682,-5.25673],[19.10036,-5.25683],[19.10717,-5.26861],[19.12538,-5.28128],[19.12881,-5.31866],[19.12617,-5.32218],[19.07519,-5.32298],[19.07072,-5.33162],[19.07432,-5.34199],[19.07149,-5.35439],[19.06529,-5.35366],[19.05945,-5.34832],[19.04571,-5.31738],[19.04096,-5.31141],[19.03435,-5.30932],[19.0002,-5.32184],[18.95433,-5.31751],[18.94303,-5.32497],[18.93638,-5.32571],[18.93206,-5.33172],[18.93694,-5.33997],[18.93495,-5.34964],[18.93874,-5.36641],[18.9471,-5.37831],[18.95308,-5.37965],[18.94764,-5.39004],[18.94261,-5.3933],[18.93527,-5.39427],[18.92064,-5.40357],[18.88643,-5.40381],[18.8603,-5.41112],[18.81845,-5.39911],[18.82705,-5.41435],[18.82235,-5.43661],[18.81888,-5.53842],[18.79783,-5.54568],[18.80091,-5.57013],[18.80998,-5.57722],[18.81383,-5.58597],[18.82935,-5.60309],[18.8372,-5.60309],[18.84412,-5.60701],[18.85557,-5.60271],[18.85903,-5.60879],[18.8677,-5.60929],[18.87939,-5.61928],[18.87482,-5.65186],[18.86637,-5.66313],[18.85407,-5.6717],[18.83611,-5.70714],[18.83184,-5.75005],[18.81101,-5.7668],[18.80781,-5.77268],[18.80521,-5.78333],[18.80997,-5.7979],[18.80921,-5.80583],[18.83461,-5.82669],[18.89509,-5.85216],[18.94921,-5.84579],[18.989,-5.82033],[19.02728,-5.73829],[19.10369,-5.67095],[19.19406,-5.64696],[19.25897,-5.5654],[19.36918,-5.57498]]]},"properties":{"nom":"Idiofa","province":"Kwilu","pcode":"CD3206"}},{"type":"Feature","geometry":{"type":"Polygon","coordinates":[[[19.74002,-6.12092],[19.74496,-6.10279],[19.76336,-6.09945],[19.77353,-6.08825],[19.78435,-6.08509],[19.79016,-6.075],[19.80442,-6.07165],[19.81508,-6.05654],[19.82938,-6.04605],[19.83542,-6.03459],[19.85496,-6.03286],[19.88404,-6.01142],[19.88573,-5.99579],[19.90035,-6.01014],[19.9087,-5.99755],[19.91881,-5.99714],[19.93033,-5.991],[19.95306,-5.99619],[19.9688,-5.9726],[19.9865,-5.97178],[19.99343,-5.96561],[20.0,-5.96657],[20.00402,-5.962],[20.00823,-5.94615],[20.02043,-5.94277],[20.02275,-5.93934],[20.02811,-5.92511],[20.02654,-5.9182],[20.03693,-5.90723],[20.03425,-5.89364],[20.04141,-5.88678],[20.05144,-5.85902],[20.07903,-5.85411],[20.09146,-5.84845],[20.09725,-5.83996],[20.10921,-5.83727],[20.11245,-5.83361],[20.11071,-5.81497],[20.11494,-5.79728],[20.12579,-5.78585],[20.1493,-5.77172],[20.15415,-5.766],[20.15209,-5.76254],[20.15583,-5.75335],[20.17106,-5.73873],[20.1686,-5.72652],[20.17302,-5.71574],[20.17172,-5.70055],[20.16738,-5.69317],[20.17224,-5.68974],[20.17636,-5.69276],[20.18188,-5.69049],[20.18129,-5.67047],[20.17606,-5.66125],[20.18411,-5.65783],[20.1862,-5.65371],[20.18259,-5.64219],[20.19073,-5.62315],[20.18182,-5.6139],[20.18139,-5.60861],[20.17338,-5.60166],[20.16536,-5.59978],[20.17275,-5.59039],[20.15446,-5.57556],[20.15664,-5.55281],[20.15094,-5.54794],[20.15584,-5.53141],[20.14526,-5.53481],[20.14481,-5.53273],[20.14743,-5.5148],[20.15642,-5.5068],[20.15172,-5.48447],[20.16411,-5.48638],[20.17859,-5.4837],[20.15528,-5.48247],[20.14678,-5.46305],[20.14917,-5.44581],[20.14604,-5.42808],[20.16863,-5.41323],[20.15067,-5.42212],[20.14264,-5.41978],[20.14015,-5.41309],[20.14163,-5.39401],[20.14535,-5.38598],[20.15729,-5.38444],[20.14974,-5.3791],[20.1446,-5.35309],[20.14622,-5.35033],[20.15747,-5.35016],[20.15496,-5.3467],[20.149,-5.34644],[20.15733,-5.3336],[20.16723,-5.32791],[20.17482,-5.32634],[20.18397,-5.33099],[20.1753,-5.32151],[20.18108,-5.31372],[20.17106,-5.29847],[20.17293,-5.29044],[20.17639,-5.28793],[20.1835,-5.28912],[20.19985,-5.27817],[20.2038,-5.2706],[20.18629,-5.23899],[20.18723,-5.23439],[20.19899,-5.22664],[20.19817,-5.20593],[20.18995,-5.19392],[20.20032,-5.18868],[20.18754,-5.17458],[20.19429,-5.15576],[20.19067,-5.14561],[20.17632,-5.14939],[20.1542,-5.16441],[20.1319,-5.16988],[20.12408,-5.17528],[20.08708,-5.21984],[20.05954,-5.2838],[20.03143,-5.28906],[20.02065,-5.30087],[20.00771,-5.34104],[20.00791,-5.35136],[20.01948,-5.37969],[20.03666,-5.37936],[20.04051,-5.38823],[20.03764,-5.39998],[20.01815,-5.42065],[19.97731,-5.44657],[19.96775,-5.46178],[19.90836,-5.43798],[19.8746,-5.43663],[19.86879,-5.44786],[19.87129,-5.4534],[19.86757,-5.46235],[19.86957,-5.47271],[19.86529,-5.49891],[19.87293,-5.52932],[19.84465,-5.52998],[19.83423,-5.54024],[19.8132,-5.57167],[19.79341,-5.57743],[19.77738,-5.58767],[19.75753,-5.59019],[19.69277,-5.58816],[19.67486,-5.59082],[19.66385,-5.61084],[19.65275,-5.64635],[19.6368,-5.6606],[19.61893,-5.66555],[19.59575,-5.66568],[19.56605,-5.63869],[19.55009,-5.64003],[19.54175,-5.65171],[19.5403,-5.66343],[19.53126,-5.67786],[19.53188,-5.6889],[19.53552,-5.69445],[19.52614,-5.72751],[19.51271,-5.74467],[19.49951,-5.75368],[19.4887,-5.75439],[19.46817,-5.74231],[19.45485,-5.70359],[19.44984,-5.69689],[19.44906,-5.67324],[19.44363,-5.66028],[19.44401,-5.62198],[19.43334,-5.58055],[19.25897,-5.5654],[19.19406,-5.64696],[19.10369,-5.67095],[19.02728,-5.73829],[18.989,-5.82033],[18.94921,-5.84579],[18.89509,-5.85216],[18.83461,-5.82669],[18.80921,-5.80583],[18.80539,-5.78029],[18.81101,-5.7668],[18.83184,-5.75005],[18.83611,-5.70714],[18.85407,-5.6717],[18.86637,-5.66313],[18.87482,-5.65186],[18.87939,-5.61928],[18.8677,-5.60929],[18.85903,-5.60879],[18.85557,-5.60271],[18.84412,-5.60701],[18.8372,-5.60309],[18.82935,-5.60309],[18.81383,-5.58597],[18.80998,-5.57722],[18.80091,-5.57013],[18.79783,-5.54568],[18.81888,-5.53842],[18.82235,-5.43661],[18.8261,-5.40998],[18.81845,-5.39911],[18.79876,-5.39456],[18.79297,-5.41501],[18.78911,-5.41513],[18.7449,-5.38704],[18.73119,-5.35724],[18.72609,-5.35358],[18.70598,-5.35266],[18.69448,-5.35722],[18.67173,-5.33855],[18.666,-5.34112],[18.65502,-5.31359],[18.63963,-5.31185],[18.62302,-5.30161],[18.61914,-5.30509],[18.61314,-5.30029],[18.61278,-5.31502],[18.60703,-5.31368],[18.5979,-5.32064],[18.59073,-5.31286],[18.58501,-5.31658],[18.58647,-5.32808],[18.59364,-5.33516],[18.59113,-5.33794],[18.5822,-5.34099],[18.57366,-5.33529],[18.57166,-5.34474],[18.562,-5.34319],[18.56054,-5.33078],[18.55687,-5.33149],[18.54595,-5.34651],[18.55343,-5.36487],[18.54965,-5.38376],[18.5566,-5.39153],[18.54957,-5.40469],[18.55399,-5.41387],[18.54805,-5.41827],[18.54526,-5.41277],[18.53494,-5.41514],[18.52229,-5.41177],[18.5049,-5.42108],[18.49625,-5.43241],[18.48736,-5.46546],[18.48609,-5.5019],[18.48221,-5.51253],[18.46273,-5.52134],[18.44288,-5.52193],[18.42969,-5.51158],[18.4219,-5.49591],[18.4018,-5.49144],[18.39838,-5.49492],[18.39956,-5.49997],[18.39405,-5.50069],[18.38929,-5.50947],[18.38865,-5.51706],[18.3829,-5.51595],[18.37712,-5.50931],[18.36886,-5.51144],[18.37832,-5.51851],[18.36827,-5.52593],[18.37036,-5.52914],[18.37701,-5.52841],[18.37818,-5.53162],[18.37247,-5.53649],[18.37894,-5.54105],[18.37689,-5.54382],[18.3693,-5.54272],[18.36893,-5.55629],[18.36272,-5.55495],[18.3628,-5.56714],[18.36788,-5.57171],[18.36031,-5.57245],[18.35853,-5.5812],[18.34979,-5.57941],[18.35076,-5.58723],[18.34292,-5.58314],[18.33892,-5.60294],[18.33137,-5.60713],[18.34172,-5.61052],[18.33263,-5.62483],[18.32142,-5.63065],[18.32442,-5.63409],[18.32226,-5.65434],[18.31104,-5.66062],[18.31179,-5.66982],[18.30352,-5.66918],[18.29872,-5.67289],[18.32396,-5.67958],[18.34962,-5.69158],[18.36124,-5.71483],[18.36664,-5.74224],[18.37027,-5.7458],[18.37747,-5.7426],[18.39212,-5.72136],[18.43314,-5.7218],[18.46034,-5.71511],[18.47406,-5.70354],[18.4987,-5.69324],[18.50349,-5.68769],[18.51665,-5.6898],[18.5387,-5.70115],[18.57064,-5.69853],[18.57388,-5.70242],[18.5749,-5.71713],[18.56974,-5.7351],[18.57081,-5.75764],[18.5755,-5.77026],[18.5722,-5.79236],[18.57642,-5.80475],[18.57233,-5.81076],[18.57126,-5.85653],[18.56319,-5.88556],[18.55247,-5.89667],[18.54865,-5.90889],[18.5411,-5.91399],[18.5391,-5.92413],[18.54588,-5.94156],[18.54838,-5.97098],[18.5462,-5.97913],[18.53284,-5.99124],[18.53568,-5.99391],[18.5602,-5.98922],[18.57669,-5.99251],[18.64428,-5.97312],[18.7054,-5.98121],[18.70686,-5.99224],[18.70207,-5.99756],[18.70284,-6.00906],[18.69555,-6.01807],[18.69331,-6.0266],[18.70029,-6.03828],[18.70466,-6.03963],[18.7122,-6.06602],[18.72687,-6.09375],[18.72487,-6.10296],[18.73065,-6.10775],[18.72792,-6.11168],[18.72937,-6.12248],[18.74763,-6.13796],[18.77099,-6.13089],[18.77933,-6.12232],[18.79716,-6.11822],[18.82786,-6.09815],[18.83457,-6.09728],[18.84159,-6.10736],[18.8293,-6.12302],[18.82887,-6.12894],[18.83785,-6.14228],[18.84561,-6.14585],[18.86391,-6.12191],[18.86889,-6.12015],[18.87199,-6.1243],[18.86997,-6.19653],[18.8655,-6.20126],[18.8603,-6.20006],[18.83859,-6.18432],[18.83278,-6.18402],[18.8347,-6.20089],[18.86733,-6.24626],[18.87902,-6.24362],[18.90905,-6.2274],[18.92343,-6.22784],[18.92283,-6.24003],[18.93467,-6.25559],[18.93011,-6.2616],[18.93607,-6.29052],[18.93175,-6.29699],[18.9489,-6.31068],[18.95556,-6.31188],[18.96962,-6.30717],[18.99341,-6.28472],[19.00577,-6.27823],[19.05537,-6.27005],[19.05924,-6.26621],[19.07693,-6.21888],[19.09539,-6.21241],[19.09799,-6.18903],[19.10642,-6.17661],[19.11139,-6.17544],[19.13286,-6.1947],[19.1446,-6.19623],[19.15758,-6.18827],[19.17864,-6.18239],[19.18901,-6.14795],[19.20595,-6.12278],[19.20559,-6.10783],[19.21717,-6.09319],[19.2244,-6.10404],[19.25184,-6.1112],[19.30745,-6.13472],[19.32103,-6.13159],[19.33074,-6.12154],[19.33719,-6.1202],[19.35602,-6.12079],[19.36519,-6.12453],[19.38635,-6.12237],[19.39209,-6.12378],[19.39113,-6.12976],[19.39571,-6.13231],[19.39427,-6.1415],[19.38274,-6.14832],[19.382,-6.15752],[19.36837,-6.16892],[19.33471,-6.1848],[19.31913,-6.21435],[19.31364,-6.21133],[19.30555,-6.21725],[19.30477,-6.23219],[19.29472,-6.25925],[19.29837,-6.26296],[19.29918,-6.28067],[19.31329,-6.3026],[19.3143,-6.32514],[19.32068,-6.33484],[19.324,-6.35486],[19.33136,-6.35376],[19.33049,-6.38364],[19.34248,-6.38315],[19.35229,-6.38957],[19.36597,-6.39127],[19.39075,-6.3826],[19.39852,-6.37108],[19.42339,-6.30378],[19.42966,-6.29233],[19.44536,-6.28163],[19.45684,-6.28262],[19.4699,-6.29006],[19.47581,-6.30205],[19.49048,-6.3072],[19.4997,-6.30359],[19.5036,-6.30522],[19.51736,-6.32108],[19.5524,-6.33993],[19.57451,-6.34271],[19.61027,-6.35428],[19.63454,-6.358],[19.6472,-6.35417],[19.66036,-6.34437],[19.68776,-6.33695],[19.69471,-6.32734],[19.6842,-6.31716],[19.68838,-6.30868],[19.68731,-6.29557],[19.69559,-6.29539],[19.69771,-6.28552],[19.6879,-6.27327],[19.69697,-6.25539],[19.69591,-6.23978],[19.68014,-6.22448],[19.6974,-6.18021],[19.69356,-6.16961],[19.69544,-6.16181],[19.70611,-6.14486],[19.71969,-6.14057],[19.72529,-6.12543],[19.74002,-6.12092]]]},"properties":{"nom":"Gungu","province":"Kwilu","pcode":"CD3210"}},{"type":"Feature","geometry":{"type":"Polygon","coordinates":[[[18.30652,-5.19109],[18.30878,-5.18448],[18.31753,-5.17727],[18.3316,-5.15696],[18.35186,-5.13991],[18.3549,-5.12653],[18.3448,-5.10002],[18.34614,-5.09449],[18.33792,-5.06717],[18.34241,-5.0508],[18.33843,-5.03978],[18.33776,-5.0],[18.34819,-4.97919],[18.35139,-4.96548],[18.35019,-4.95467],[18.34406,-4.944],[18.33667,-4.91364],[18.32874,-4.90425],[18.30505,-4.89289],[18.30305,-4.88659],[18.32283,-4.8726],[18.36631,-4.87256],[18.37254,-4.84111],[18.37481,-4.80706],[18.37068,-4.80188],[18.34207,-4.79017],[18.33623,-4.77272],[18.32962,-4.76528],[18.30251,-4.75858],[18.29643,-4.72644],[18.29114,-4.71835],[18.28554,-4.71543],[18.23335,-4.71222],[18.21064,-4.69061],[18.19682,-4.6456],[18.18736,-4.63783],[18.18694,-4.57225],[18.18254,-4.56607],[18.17533,-4.51319],[18.17089,-4.50102],[18.17175,-4.49204],[18.16382,-4.47161],[18.16447,-4.46608],[18.16008,-4.46058],[18.14989,-4.40841],[18.14503,-4.40107],[18.14466,-4.37899],[18.13877,-4.35394],[18.14236,-4.34172],[18.14065,-4.32585],[18.13435,-4.3084],[18.13773,-4.29872],[18.13422,-4.28723],[18.14178,-4.25083],[18.13589,-4.22578],[18.11595,-4.19],[18.10054,-4.18365],[18.07935,-4.1679],[18.07548,-4.17184],[18.05134,-4.16163],[18.02506,-4.13923],[18.01637,-4.13912],[18.00884,-4.1483],[17.97796,-4.15952],[17.98267,-4.17998],[17.98019,-4.18782],[17.98506,-4.19676],[17.96194,-4.20357],[17.96036,-4.20703],[17.96709,-4.22034],[17.94694,-4.22391],[17.91655,-4.24226],[17.90545,-4.26511],[17.90109,-4.26421],[17.89784,-4.25802],[17.89191,-4.26357],[17.88333,-4.28594],[17.88036,-4.28688],[17.87502,-4.27702],[17.86541,-4.28029],[17.86441,-4.30423],[17.84915,-4.32203],[17.83447,-4.32235],[17.82573,-4.31687],[17.82212,-4.32679],[17.80337,-4.33633],[17.79722,-4.34396],[17.7773,-4.34936],[17.77008,-4.36873],[17.74838,-4.38427],[17.74333,-4.38361],[17.73923,-4.38754],[17.72796,-4.38185],[17.72046,-4.39363],[17.70873,-4.38886],[17.70407,-4.41604],[17.696,-4.40872],[17.69378,-4.42162],[17.68419,-4.42926],[17.68676,-4.4373],[17.67471,-4.45578],[17.66709,-4.44616],[17.66297,-4.44848],[17.66307,-4.46526],[17.67226,-4.46753],[17.66336,-4.47517],[17.65759,-4.46991],[17.65255,-4.47063],[17.64687,-4.47986],[17.67418,-4.48247],[17.67695,-4.48568],[17.67658,-4.50179],[17.6895,-4.51461],[17.68586,-4.519],[17.69299,-4.52241],[17.69606,-4.53712],[17.6883,-4.54453],[17.6881,-4.55051],[17.6815,-4.55814],[17.67044,-4.54945],[17.64642,-4.56247],[17.65265,-4.56865],[17.64331,-4.57998],[17.63461,-4.58209],[17.63564,-4.60142],[17.64254,-4.60575],[17.63732,-4.61429],[17.63762,-4.62833],[17.63281,-4.6295],[17.63218,-4.63825],[17.62284,-4.6505],[17.61643,-4.65329],[17.61854,-4.66065],[17.6165,-4.6648],[17.60479,-4.66302],[17.60028,-4.678],[17.58653,-4.6813],[17.58683,-4.69303],[17.57836,-4.69653],[17.56444,-4.74952],[17.55415,-4.75579],[17.55327,-4.76339],[17.54527,-4.76941],[17.54074,-4.7791],[17.54629,-4.7862],[17.54657,-4.79563],[17.53978,-4.8127],[17.54716,-4.8191],[17.53642,-4.82698],[17.53469,-4.84747],[17.52142,-4.85398],[17.52193,-4.8618],[17.51736,-4.86528],[17.51419,-4.87404],[17.50413,-4.88099],[17.49982,-4.88976],[17.50192,-4.8955],[17.49878,-4.90978],[17.50434,-4.91757],[17.50094,-4.92702],[17.50236,-4.93346],[17.50674,-4.93689],[17.5189,-4.93659],[17.51915,-4.93981],[17.51345,-4.9479],[17.51952,-4.96604],[17.51478,-4.98056],[17.51644,-4.99022],[17.50755,-5.00085],[17.5051,-5.01351],[17.50971,-5.01786],[17.50745,-5.02454],[17.50932,-5.03052],[17.52797,-5.03985],[17.52595,-5.04837],[17.52968,-5.05825],[17.51352,-5.08364],[17.52828,-5.09553],[17.52235,-5.102],[17.52537,-5.1082],[17.53503,-5.11275],[17.54352,-5.1127],[17.53669,-5.12125],[17.54498,-5.12581],[17.54115,-5.13894],[17.53588,-5.14173],[17.53274,-5.15486],[17.52607,-5.15283],[17.51947,-5.16206],[17.51702,-5.17519],[17.51032,-5.181],[17.50928,-5.18811],[17.49213,-5.19994],[17.49426,-5.21074],[17.48218,-5.22806],[17.4882,-5.23654],[17.48017,-5.2375],[17.47772,-5.25177],[17.48074,-5.25728],[17.47643,-5.26719],[17.48132,-5.28005],[17.48112,-5.28465],[17.47678,-5.28813],[17.48117,-5.29317],[17.47737,-5.31205],[17.47932,-5.3332],[17.47664,-5.34564],[17.47251,-5.34727],[17.46872,-5.368],[17.47521,-5.37831],[17.46816,-5.39192],[17.47747,-5.41442],[17.4741,-5.42755],[17.47022,-5.43125],[17.47783,-5.43788],[17.47878,-5.44363],[17.48708,-5.44888],[17.47706,-5.46411],[17.47481,-5.47171],[17.47648,-5.48344],[17.48523,-5.48868],[17.48505,-5.49627],[17.49177,-5.50843],[17.50765,-5.5141],[17.5093,-5.52145],[17.5155,-5.52188],[17.51416,-5.52764],[17.52013,-5.52806],[17.52663,-5.53976],[17.53424,-5.5457],[17.52264,-5.56669],[17.52427,-5.57037],[17.52046,-5.58741],[17.52306,-5.60097],[17.51487,-5.61458],[17.51972,-5.61915],[17.51842,-5.63319],[17.52101,-5.64399],[17.51605,-5.66173],[17.52325,-5.67572],[17.53988,-5.69104],[17.5402,-5.70783],[17.57351,-5.70765],[17.57969,-5.70463],[17.5999,-5.7036],[17.60605,-5.69345],[17.61339,-5.69203],[17.61502,-5.69662],[17.62446,-5.69979],[17.63042,-5.69746],[17.64157,-5.71971],[17.66426,-5.69776],[17.67943,-5.69339],[17.69798,-5.70192],[17.73285,-5.70975],[17.7535,-5.7089],[17.76697,-5.71442],[17.78903,-5.71637],[17.80001,-5.70895],[17.82022,-5.66881],[17.84577,-5.639],[17.84961,-5.62863],[17.8767,-5.63664],[17.91297,-5.63879],[17.91653,-5.64113],[17.91312,-5.64782],[17.91403,-5.66633],[17.92183,-5.6696],[17.95735,-5.70342],[17.96397,-5.7061],[17.98606,-5.70585],[18.02824,-5.69085],[18.03185,-5.7182],[18.08279,-5.71968],[18.09287,-5.72355],[18.0901,-5.7419],[18.1163,-5.75232],[18.11928,-5.7615],[18.11911,-5.76861],[18.09989,-5.79432],[18.09971,-5.81415],[18.10479,-5.82038],[18.12936,-5.80178],[18.13506,-5.80653],[18.13968,-5.81987],[18.13927,-5.83704],[18.13474,-5.84383],[18.11677,-5.85416],[18.09744,-5.86063],[18.09704,-5.86507],[18.10413,-5.87219],[18.13938,-5.86871],[18.16315,-5.88357],[18.17308,-5.88122],[18.18386,-5.85092],[18.18292,-5.8484],[18.1788,-5.85049],[18.17809,-5.84705],[18.18056,-5.83806],[18.18558,-5.8332],[18.18439,-5.82677],[18.18824,-5.81824],[18.18568,-5.81296],[18.19805,-5.8076],[18.20737,-5.79052],[18.20432,-5.7818],[18.21097,-5.78038],[18.21644,-5.77276],[18.22341,-5.76972],[18.23294,-5.78425],[18.24167,-5.80824],[18.2453,-5.82661],[18.24418,-5.86095],[18.24969,-5.87007],[18.26388,-5.86078],[18.26929,-5.84465],[18.27477,-5.84048],[18.27998,-5.84652],[18.2746,-5.86516],[18.28496,-5.86932],[18.29427,-5.86905],[18.30922,-5.86345],[18.31605,-5.85725],[18.32206,-5.83713],[18.34124,-5.83421],[18.34951,-5.81655],[18.36846,-5.7978],[18.38272,-5.79955],[18.39224,-5.78132],[18.39683,-5.78015],[18.40482,-5.80769],[18.41268,-5.81409],[18.44665,-5.81609],[18.46102,-5.83507],[18.47795,-5.84398],[18.48036,-5.85257],[18.49021,-5.86592],[18.51897,-5.86627],[18.53505,-5.88674],[18.53944,-5.88527],[18.55464,-5.85717],[18.55938,-5.85334],[18.57126,-5.85653],[18.57233,-5.81076],[18.57642,-5.80475],[18.5722,-5.79236],[18.5755,-5.77026],[18.57081,-5.75764],[18.56974,-5.7351],[18.5749,-5.71713],[18.57388,-5.70242],[18.57064,-5.69853],[18.5387,-5.70115],[18.51665,-5.6898],[18.50349,-5.68769],[18.4987,-5.69324],[18.47406,-5.70354],[18.46034,-5.71511],[18.43314,-5.7218],[18.39212,-5.72136],[18.37747,-5.7426],[18.37027,-5.7458],[18.36664,-5.74224],[18.36124,-5.71483],[18.34962,-5.69158],[18.32396,-5.67958],[18.29872,-5.67289],[18.30352,-5.66918],[18.31179,-5.66982],[18.31104,-5.66062],[18.32226,-5.65434],[18.32442,-5.63409],[18.32142,-5.63065],[18.33263,-5.62483],[18.34172,-5.61052],[18.33137,-5.60713],[18.33892,-5.60294],[18.34292,-5.58314],[18.35076,-5.58723],[18.34979,-5.57941],[18.35853,-5.5812],[18.36031,-5.57245],[18.36788,-5.57171],[18.3628,-5.56714],[18.36272,-5.55495],[18.36893,-5.55629],[18.3693,-5.54272],[18.37689,-5.54382],[18.37894,-5.54105],[18.37247,-5.53649],[18.37818,-5.53162],[18.37701,-5.52841],[18.37036,-5.52914],[18.36827,-5.52593],[18.37832,-5.51851],[18.36886,-5.51144],[18.37712,-5.50931],[18.3829,-5.51595],[18.38865,-5.51706],[18.38929,-5.50947],[18.39405,-5.50069],[18.39956,-5.49997],[18.39838,-5.49492],[18.4018,-5.49144],[18.4219,-5.49591],[18.42969,-5.51158],[18.44288,-5.52193],[18.46273,-5.52134],[18.48221,-5.51253],[18.48609,-5.5019],[18.48736,-5.46546],[18.49625,-5.43241],[18.5049,-5.42108],[18.52229,-5.41177],[18.53494,-5.41514],[18.54526,-5.41277],[18.54805,-5.41827],[18.55399,-5.41387],[18.54957,-5.40469],[18.5566,-5.39153],[18.54965,-5.38376],[18.55343,-5.36487],[18.54595,-5.34651],[18.55687,-5.33149],[18.56054,-5.33078],[18.562,-5.34319],[18.57166,-5.34474],[18.57366,-5.33529],[18.5822,-5.34099],[18.59113,-5.33794],[18.5927,-5.33264],[18.5846,-5.32372],[18.58774,-5.31265],[18.5979,-5.32064],[18.60179,-5.31946],[18.60703,-5.31368],[18.61278,-5.31502],[18.61314,-5.30029],[18.61914,-5.30509],[18.62302,-5.30161],[18.62902,-5.30594],[18.63426,-5.29923],[18.6425,-5.29527],[18.64155,-5.29067],[18.63215,-5.29304],[18.63189,-5.28821],[18.63781,-5.28196],[18.63133,-5.2751],[18.63749,-5.26885],[18.64873,-5.26716],[18.65461,-5.2547],[18.64771,-5.25221],[18.64538,-5.24717],[18.65106,-5.23931],[18.65775,-5.24318],[18.66071,-5.24086],[18.6604,-5.22843],[18.6553,-5.22134],[18.64956,-5.22091],[18.64648,-5.20736],[18.62919,-5.20717],[18.61526,-5.20971],[18.57991,-5.22655],[18.52714,-5.23801],[18.49762,-5.21115],[18.47937,-5.20448],[18.46575,-5.20444],[18.42265,-5.214],[18.40812,-5.19783],[18.38467,-5.19889],[18.36795,-5.20336],[18.32267,-5.20371],[18.31101,-5.20142],[18.30652,-5.19109]]]},"properties":{"nom":"Masi-Manimba","province":"Kwilu","pcode":"CD3212"}},{"type":"Feature","geometry":{"type":"Polygon","coordinates":[[[17.50463,-2.09159],[17.53081,-2.08252],[17.65796,-2.07324],[17.73202,-2.04922],[17.76358,-2.04974],[17.76904,-2.04419],[17.77887,-2.04252],[17.79113,-2.02751],[17.81877,-2.02344],[17.83284,-2.01489],[17.85891,-2.00902],[17.91138,-2.00688],[17.95035,-2.00142],[17.94836,-2.04754],[17.9327,-2.06764],[17.92575,-2.09045],[17.90217,-2.12463],[17.90343,-2.14463],[17.91293,-2.16389],[17.91118,-2.17701],[17.9161,-2.19677],[17.9134,-2.20506],[17.90361,-2.21133],[17.89841,-2.22263],[17.8918,-2.22635],[17.89691,-2.23897],[17.89128,-2.25372],[17.89211,-2.27741],[17.88008,-2.29266],[17.87288,-2.31364],[17.86015,-2.32636],[17.89058,-2.33142],[17.89796,-2.33122],[17.91505,-2.32242],[17.93358,-2.32481],[17.94124,-2.3217],[17.95042,-2.30695],[17.98562,-2.29874],[18.00429,-2.28047],[18.01976,-2.27933],[18.07726,-2.30204],[18.11151,-2.33807],[18.13516,-2.33888],[18.15187,-2.35509],[18.1566,-2.36584],[18.15757,-2.37378],[18.14828,-2.38455],[18.15168,-2.41309],[18.17845,-2.48448],[18.20825,-2.54527],[18.21505,-2.55088],[18.25787,-2.5508],[18.26408,-2.5615],[18.26395,-2.58252],[18.26816,-2.58784],[18.28288,-2.58635],[18.29271,-2.58138],[18.32388,-2.57436],[18.33918,-2.58011],[18.40204,-2.58383],[18.41295,-2.59114],[18.41883,-2.62866],[18.4346,-2.66374],[18.44523,-2.67396],[18.45197,-2.6774],[18.45785,-2.67652],[18.48318,-2.65879],[18.48736,-2.64998],[18.47816,-2.62523],[18.47945,-2.61867],[18.49639,-2.60444],[18.53202,-2.58535],[18.53755,-2.5852],[18.55331,-2.59419],[18.56255,-2.5943],[18.58481,-2.58536],[18.59437,-2.57133],[18.61452,-2.55302],[18.63502,-2.52782],[18.64738,-2.52114],[18.67019,-2.52469],[18.67808,-2.52302],[18.73522,-2.45779],[18.77008,-2.43571],[18.79865,-2.43205],[18.80136,-2.42697],[18.81891,-2.41719],[18.8691,-2.42972],[18.8767,-2.43611],[18.91128,-2.44093],[18.92051,-2.45122],[18.93152,-2.45528],[18.96128,-2.45669],[18.97026,-2.46421],[18.97723,-2.47935],[18.99954,-2.48847],[19.01184,-2.4973],[19.0416,-2.56606],[19.06624,-2.57589],[19.12095,-2.63095],[19.2604,-2.75874],[19.2689,-2.76029],[19.27245,-2.75168],[19.28354,-2.69815],[19.27443,-2.61803],[19.28748,-2.54405],[19.30259,-2.50573],[19.30508,-2.48035],[19.3017,-2.44825],[19.2668,-2.34176],[19.24969,-2.27805],[19.25892,-2.24668],[19.26205,-2.22116],[19.25687,-2.20801],[19.24346,-2.19573],[19.22932,-2.18851],[19.21378,-2.15114],[19.18375,-2.12587],[19.17627,-2.11593],[19.16434,-2.08737],[19.16488,-2.07399],[19.15856,-2.05992],[19.1593,-2.05211],[19.16204,-2.05282],[19.11606,-1.96471],[19.0,-1.87547],[18.97576,-1.87236],[18.95087,-1.87598],[18.91944,-1.86148],[18.90541,-1.85008],[18.89579,-1.84808],[18.87739,-1.83326],[18.86868,-1.83056],[18.85509,-1.81663],[18.84869,-1.8169],[18.83372,-1.83356],[18.82983,-1.83313],[18.81923,-1.82078],[18.80116,-1.82068],[18.79061,-1.81569],[18.78536,-1.81688],[18.77652,-1.82821],[18.76942,-1.82503],[18.73763,-1.79168],[18.7223,-1.79086],[18.70387,-1.77052],[18.68967,-1.76578],[18.68505,-1.76029],[18.67796,-1.72585],[18.67473,-1.72265],[18.64263,-1.70815],[18.63668,-1.70704],[18.61591,-1.71247],[18.57154,-1.70885],[18.54784,-1.71981],[18.5348,-1.71875],[18.52526,-1.72778],[18.50379,-1.73137],[18.47924,-1.75222],[18.43815,-1.76053],[18.42321,-1.74936],[18.4143,-1.74943],[18.39935,-1.73709],[18.38974,-1.73463],[18.39609,-1.72699],[18.40361,-1.72442],[18.43129,-1.72677],[18.44587,-1.71863],[18.47189,-1.67914],[18.48229,-1.62734],[18.49763,-1.59758],[18.50399,-1.5911],[18.50461,-1.58098],[18.51738,-1.57768],[18.52075,-1.56823],[18.53105,-1.57023],[18.55244,-1.55883],[18.57348,-1.55892],[18.59584,-1.55256],[18.63926,-1.55205],[18.68778,-1.52781],[18.69524,-1.53573],[18.69659,-1.5662],[18.7049,-1.56908],[18.71788,-1.5506],[18.72005,-1.53495],[18.72869,-1.52731],[18.73047,-1.52132],[18.7244,-1.50388],[18.74128,-1.49802],[18.76349,-1.47097],[18.77925,-1.47018],[18.79901,-1.4528],[18.80368,-1.43529],[18.79574,-1.41534],[18.80604,-1.39913],[18.81304,-1.39381],[18.82744,-1.39363],[18.83282,-1.38773],[18.81916,-1.33035],[18.80253,-1.30541],[18.78823,-1.25448],[18.76114,-1.23627],[18.75108,-1.23542],[18.72632,-1.22295],[18.69729,-1.2213],[18.66014,-1.23397],[18.64142,-1.23639],[18.61797,-1.2485],[18.58443,-1.25538],[18.57213,-1.26075],[18.55404,-1.25489],[18.54125,-1.25498],[18.52232,-1.26085],[18.51339,-1.257],[18.49523,-1.24125],[18.4746,-1.2315],[18.45227,-1.20613],[18.44602,-1.19353],[18.43844,-1.18806],[18.40597,-1.18042],[18.39292,-1.173],[18.37488,-1.15564],[18.35218,-1.14522],[18.32852,-1.12305],[18.2878,-1.11656],[18.24534,-1.11483],[18.20534,-1.10687],[18.17066,-1.10739],[18.13699,-1.10278],[18.13153,-1.10641],[18.13091,-1.11265],[18.13401,-1.16001],[18.13013,-1.1699],[18.12746,-1.20438],[17.91039,-1.37626],[17.73208,-1.41148],[17.71025,-1.42786],[17.63276,-1.44756],[17.61266,-1.45808],[17.59088,-1.45758],[17.54587,-1.47785],[17.50643,-1.4798],[17.48076,-1.50474],[17.11355,-1.78642],[17.10765,-1.78636],[17.10093,-1.77815],[17.09429,-1.77808],[17.07016,-1.80292],[17.06353,-1.80432],[17.04868,-1.79455],[17.02654,-1.7943],[17.01691,-1.7905],[17.00272,-1.77261],[16.94061,-1.75935],[16.9214,-1.75692],[16.90483,-1.76079],[16.85815,-1.78168],[16.83654,-1.78025],[16.81888,-1.76499],[16.81446,-1.76567],[16.79007,-1.80233],[16.78876,-1.82114],[16.79407,-1.83634],[16.80476,-1.83536],[16.81537,-1.82551],[16.82788,-1.82159],[16.83793,-1.83056],[16.84691,-1.84597],[16.86682,-1.84933],[16.8879,-1.85752],[16.91212,-1.8558],[16.94268,-1.86609],[16.94501,-2.00127],[16.63702,-1.99824],[16.64977,-2.03587],[16.64397,-2.06901],[16.6443,-2.09178],[16.65367,-2.10257],[16.65504,-2.12997],[16.66607,-2.14348],[16.67462,-2.17922],[16.69181,-2.1949],[16.6998,-2.19602],[16.70642,-2.19642],[16.72407,-2.18197],[16.74781,-2.18248],[16.8224,-2.19648],[16.8329,-2.20543],[16.86471,-2.25218],[16.884,-2.26901],[16.9011,-2.27427],[16.92275,-2.27441],[16.93652,-2.2706],[17.03341,-2.21955],[17.05993,-2.21085],[17.1263,-2.14894],[17.13445,-2.1458],[17.15195,-2.14982],[17.1637,-2.15789],[17.18383,-2.18041],[17.21773,-2.19911],[17.22367,-2.19897],[17.24551,-2.18916],[17.25883,-2.17842],[17.27278,-2.16021],[17.29148,-2.15519],[17.29218,-2.13618],[17.30033,-2.12824],[17.33211,-2.11407],[17.34109,-2.11217],[17.35482,-2.11866],[17.37793,-2.09838],[17.39531,-2.09104],[17.4203,-2.08953],[17.44023,-2.09541],[17.44667,-2.10158],[17.45902,-2.1029],[17.46425,-2.09781],[17.48924,-2.09699],[17.50463,-2.09159]]]},"properties":{"nom":"Inongo","province":"Maï-Ndombe","pcode":"CD3302"}},{"type":"Feature","geometry":{"type":"Polygon","coordinates":[[[19.46821,-1.51734],[19.4572,-1.47981],[19.43327,-1.43148],[19.43568,-1.41695],[19.45683,-1.37501],[19.44065,-1.36486],[19.39579,-1.29621],[19.35525,-1.14321],[19.32901,-1.13111],[19.30036,-1.05893],[19.25965,-0.9886],[19.22681,-0.97361],[19.20159,-0.94351],[19.19421,-0.93863],[19.17232,-0.93352],[19.16697,-0.91912],[19.15995,-0.9146],[19.15724,-0.88757],[19.15392,-0.88183],[19.15855,-0.87896],[19.16129,-0.86819],[19.16854,-0.86246],[19.16363,-0.814],[19.16613,-0.80085],[19.15057,-0.78756],[19.15231,-0.76005],[19.14542,-0.74318],[19.14596,-0.72619],[19.14198,-0.72117],[19.14508,-0.71423],[19.14092,-0.71124],[19.14235,-0.70801],[19.13617,-0.69796],[19.14188,-0.69365],[19.14408,-0.68002],[19.12826,-0.67953],[19.11494,-0.68394],[19.08585,-0.71676],[19.07784,-0.74362],[19.05537,-0.77052],[18.99765,-0.80143],[18.9835,-0.80185],[18.95878,-0.80913],[18.94998,-0.82001],[18.91409,-0.83495],[18.89504,-0.85449],[18.80939,-0.79921],[18.79266,-0.82178],[18.769,-0.868],[18.749,-0.935],[18.743,-1.012],[18.752,-1.023],[18.818,-1.038],[18.851,-1.078],[18.869,-1.133],[18.871,-1.166],[18.83,-1.184],[18.798,-1.144],[18.745,-1.118],[18.72,-1.183],[18.76114,-1.23627],[18.78823,-1.25448],[18.80253,-1.30541],[18.81916,-1.33035],[18.83282,-1.38773],[18.82744,-1.39363],[18.81304,-1.39381],[18.80604,-1.39913],[18.79574,-1.41534],[18.80368,-1.43529],[18.79901,-1.4528],[18.77925,-1.47018],[18.76349,-1.47097],[18.74128,-1.49802],[18.7244,-1.50388],[18.73047,-1.52132],[18.72869,-1.52731],[18.72005,-1.53495],[18.71788,-1.5506],[18.7049,-1.56908],[18.69659,-1.5662],[18.69524,-1.53573],[18.68778,-1.52781],[18.63926,-1.55205],[18.59584,-1.55256],[18.57348,-1.55892],[18.55244,-1.55883],[18.53105,-1.57023],[18.52075,-1.56823],[18.51738,-1.57768],[18.50461,-1.58098],[18.50399,-1.5911],[18.49763,-1.59758],[18.48229,-1.62734],[18.47189,-1.67914],[18.44587,-1.71863],[18.43129,-1.72677],[18.40361,-1.72442],[18.39609,-1.72699],[18.38974,-1.73463],[18.39935,-1.73709],[18.4143,-1.74943],[18.42321,-1.74936],[18.43815,-1.76053],[18.47924,-1.75222],[18.50379,-1.73137],[18.52526,-1.72778],[18.5348,-1.71875],[18.54784,-1.71981],[18.57154,-1.70885],[18.61591,-1.71247],[18.63668,-1.70704],[18.64263,-1.70815],[18.67473,-1.72265],[18.67796,-1.72585],[18.68505,-1.76029],[18.68967,-1.76578],[18.70387,-1.77052],[18.7223,-1.79086],[18.73763,-1.79168],[18.76942,-1.82503],[18.77652,-1.82821],[18.78536,-1.81688],[18.79061,-1.81569],[18.80116,-1.82068],[18.81923,-1.82078],[18.82983,-1.83313],[18.83372,-1.83356],[18.84869,-1.8169],[18.85509,-1.81663],[18.86868,-1.83056],[18.87739,-1.83326],[18.89579,-1.84808],[18.90541,-1.85008],[18.91944,-1.86148],[18.95087,-1.87598],[18.97576,-1.87236],[19.0,-1.87547],[19.11606,-1.96471],[19.16204,-2.05282],[19.1593,-2.05211],[19.15856,-2.05992],[19.16488,-2.07399],[19.16434,-2.08737],[19.17627,-2.11593],[19.18375,-2.12587],[19.21378,-2.15114],[19.22932,-2.18851],[19.24346,-2.19573],[19.25687,-2.20801],[19.26205,-2.22116],[19.25892,-2.24668],[19.24969,-2.27805],[19.30468,-2.46428],[19.30259,-2.50573],[19.28748,-2.54405],[19.27443,-2.61803],[19.28354,-2.69815],[19.28208,-2.71194],[19.29932,-2.70765],[19.32218,-2.70758],[19.32645,-2.69864],[19.32948,-2.55307],[19.36683,-2.49777],[19.38208,-2.45289],[19.3695,-2.4535],[19.34146,-2.43606],[19.3399,-2.4303],[19.34875,-2.40414],[19.35094,-2.38391],[19.32878,-2.34075],[19.32793,-2.33062],[19.32161,-2.31678],[19.31093,-2.3059],[19.30749,-2.30703],[19.29935,-2.29156],[19.2999,-2.27661],[19.30403,-2.2748],[19.33556,-2.28076],[19.34932,-2.27556],[19.36205,-2.28853],[19.37665,-2.29437],[19.38745,-2.28547],[19.39318,-2.28483],[19.40824,-2.2909],[19.42133,-2.28248],[19.43621,-2.2805],[19.4839,-2.26149],[19.49978,-2.24411],[19.5724,-2.22526],[19.62124,-2.20394],[19.6418,-2.18953],[19.69096,-2.17172],[19.70565,-2.16261],[19.72106,-2.14707],[19.75314,-2.13715],[19.81456,-2.0722],[19.81411,-2.05671],[19.81786,-2.04828],[19.83861,-2.03823],[19.87627,-2.03808],[19.87861,-2.02866],[19.8755,-2.0114],[19.88407,-1.99075],[19.89242,-1.98707],[19.9309,-1.98636],[19.94079,-1.98324],[19.94504,-1.98165],[19.95371,-1.96839],[19.94791,-1.94053],[19.94067,-1.92761],[19.93394,-1.90343],[19.92764,-1.89725],[19.91366,-1.89181],[19.90138,-1.87909],[19.89746,-1.84968],[19.83959,-1.66345],[19.82432,-1.64663],[19.80065,-1.63674],[19.76724,-1.60001],[19.73815,-1.58049],[19.73224,-1.57842],[19.72933,-1.58075],[19.72737,-1.60419],[19.71223,-1.61306],[19.68958,-1.65821],[19.6604,-1.68355],[19.65255,-1.69661],[19.64437,-1.75792],[19.63434,-1.77754],[19.62093,-1.78836],[19.60745,-1.79446],[19.60128,-1.80202],[19.54337,-1.80008],[19.53128,-1.7954],[19.5026,-1.77429],[19.51785,-1.74726],[19.52036,-1.71003],[19.51518,-1.69574],[19.51326,-1.67296],[19.49281,-1.65306],[19.48899,-1.64338],[19.49039,-1.60039],[19.49468,-1.57206],[19.47556,-1.54192],[19.46821,-1.51734]]]},"properties":{"nom":"Kiri","province":"Maï-Ndombe","pcode":"CD3303"}},{"type":"Feature","geometry":{"type":"Polygon","coordinates":[[[20.6582,-3.20936],[20.67197,-3.15076],[20.68417,-3.13655],[20.69019,-3.10689],[20.7539,-2.92441],[20.80683,-2.80393],[20.82815,-2.77759],[20.86543,-2.74858],[20.86448,-2.70234],[20.87465,-2.67709],[20.92319,-2.60652],[20.94989,-2.5581],[20.95739,-2.53442],[20.95744,-2.51498],[20.96213,-2.48982],[21.01634,-2.49444],[21.02314,-2.40883],[21.01176,-2.38378],[20.98688,-2.37124],[20.96091,-2.34697],[20.95482,-2.3244],[20.92981,-2.29024],[20.92781,-2.27689],[20.90552,-2.24712],[20.88873,-2.21461],[20.87802,-2.20536],[20.8602,-2.20297],[20.84354,-2.19323],[20.83195,-2.17662],[20.79756,-2.14379],[20.78597,-2.12649],[20.76751,-2.11191],[20.73953,-2.08073],[20.71073,-2.027],[20.68637,-2.00342],[20.65752,-1.9605],[20.65018,-1.96552],[20.64649,-1.97309],[20.64159,-1.99423],[20.6255,-2.01323],[20.58351,-2.02488],[20.54328,-2.03132],[20.53786,-2.03478],[20.52144,-2.06012],[20.50743,-2.07155],[20.49531,-2.07397],[20.47082,-2.08947],[20.43303,-2.09653],[20.41422,-2.11183],[20.39766,-2.11955],[20.38518,-2.10512],[20.32615,-2.06502],[20.31569,-2.05277],[20.28854,-2.04067],[20.24744,-2.02894],[20.2395,-2.01763],[20.23864,-2.00636],[20.24188,-1.99925],[20.23553,-1.98748],[20.22348,-1.975],[20.18492,-1.95845],[20.16584,-1.93466],[20.16132,-1.92452],[20.15355,-1.91914],[19.96954,-1.89572],[19.93304,-1.89501],[19.92764,-1.89725],[19.93394,-1.90343],[19.9526,-1.9608],[19.95371,-1.96839],[19.94984,-1.97586],[19.94504,-1.98165],[19.9309,-1.98636],[19.89242,-1.98707],[19.88407,-1.99075],[19.8755,-2.0114],[19.87861,-2.02866],[19.87627,-2.03808],[19.83861,-2.03823],[19.81786,-2.04828],[19.81411,-2.05671],[19.81456,-2.0722],[19.74877,-2.14034],[19.72106,-2.14707],[19.70565,-2.16261],[19.69096,-2.17172],[19.6418,-2.18953],[19.62124,-2.20394],[19.55773,-2.23068],[19.55225,-2.2295],[19.49978,-2.24411],[19.4839,-2.26149],[19.43621,-2.2805],[19.42133,-2.28248],[19.40824,-2.2909],[19.39318,-2.28483],[19.38745,-2.28547],[19.37665,-2.29437],[19.36205,-2.28853],[19.34932,-2.27556],[19.33556,-2.28076],[19.30403,-2.2748],[19.2999,-2.27661],[19.29935,-2.29156],[19.30749,-2.30703],[19.31093,-2.3059],[19.32161,-2.31678],[19.32793,-2.33062],[19.32878,-2.34075],[19.35094,-2.38391],[19.34875,-2.40414],[19.3399,-2.4303],[19.34146,-2.43606],[19.3695,-2.4535],[19.38208,-2.45289],[19.36683,-2.49777],[19.32948,-2.55307],[19.32645,-2.69864],[19.32218,-2.70758],[19.29932,-2.70765],[19.28208,-2.71194],[19.2689,-2.76029],[19.2604,-2.75874],[19.25456,-2.7535],[19.12095,-2.63095],[19.06624,-2.57589],[19.0416,-2.56606],[19.03323,-2.58486],[19.02681,-2.62162],[19.03001,-2.65822],[19.04168,-2.69304],[19.04416,-2.73309],[19.04366,-2.74045],[19.03132,-2.76706],[19.05145,-2.89704],[19.05165,-2.92094],[19.0468,-2.94801],[19.02972,-2.97643],[19.0,-2.99572],[18.98654,-3.03077],[18.98154,-3.03609],[18.91463,-3.06118],[18.8948,-3.07352],[18.87752,-3.12265],[18.84808,-3.16864],[18.84563,-3.1774],[18.84544,-3.18361],[18.85326,-3.18816],[18.85706,-3.20608],[18.86654,-3.2189],[18.88626,-3.22222],[18.89364,-3.22976],[18.90119,-3.22856],[18.90527,-3.22209],[18.9142,-3.22179],[18.92011,-3.21692],[18.95009,-3.21326],[18.95749,-3.22379],[18.9674,-3.23109],[18.97867,-3.23769],[18.99126,-3.23713],[18.99656,-3.24101],[18.99422,-3.2661],[18.99129,-3.27211],[18.95256,-3.30045],[18.93164,-3.32177],[18.92075,-3.33565],[18.91104,-3.35574],[18.88578,-3.37801],[18.8715,-3.39904],[18.85822,-3.43135],[18.85855,-3.44539],[18.86698,-3.47087],[18.91844,-3.52321],[18.92354,-3.53054],[18.92708,-3.5457],[18.91345,-3.56144],[18.92676,-3.59541],[18.90901,-3.64409],[18.90393,-3.67036],[18.90738,-3.67286],[18.93149,-3.67914],[18.95452,-3.69532],[18.97588,-3.69954],[18.98832,-3.71026],[19.0,-3.7115],[19.0191,-3.72527],[19.04174,-3.73187],[19.06543,-3.7539],[19.09514,-3.76607],[19.13134,-3.76563],[19.15511,-3.77568],[19.15943,-3.7817],[19.17861,-3.79195],[19.20195,-3.79694],[19.24441,-3.82323],[19.2629,-3.82666],[19.29464,-3.85256],[19.30219,-3.85675],[19.32051,-3.85734],[19.3527,-3.87596],[19.36889,-3.89125],[19.38308,-3.89388],[19.39538,-3.90615],[19.44196,-3.93246],[19.45174,-3.94679],[19.46207,-3.94639],[19.47784,-3.95202],[19.49746,-3.9671],[19.50155,-3.97357],[19.5347,-3.98782],[19.54815,-3.99918],[19.56853,-4.00368],[19.58334,-4.01758],[19.58809,-4.0282],[19.60498,-4.04187],[19.61576,-4.0408],[19.66429,-4.05192],[19.6709,-4.05794],[19.68878,-4.05851],[19.69819,-4.05512],[19.71261,-4.06004],[19.73026,-4.06061],[19.75543,-4.06743],[19.76021,-4.07299],[19.76987,-4.06614],[19.7802,-4.06619],[19.81125,-4.08779],[19.82086,-4.0913],[19.84517,-4.08938],[19.85616,-4.0922],[19.87393,-4.1121],[19.89095,-4.14349],[19.90237,-4.15001],[19.92413,-4.15474],[19.93804,-4.16678],[19.94485,-4.1804],[19.94988,-4.18204],[19.95841,-4.1745],[19.96575,-4.17385],[19.98014,-4.18383],[19.98532,-4.20043],[19.99629,-4.20647],[20.01793,-4.23329],[20.01807,-4.24917],[20.02924,-4.26143],[20.03805,-4.28587],[20.07163,-4.29098],[20.09216,-4.28733],[20.1013,-4.29198],[20.13044,-4.29445],[20.13772,-4.30047],[20.14088,-4.30877],[20.15531,-4.31392],[20.16444,-4.32133],[20.16619,-4.33629],[20.16984,-4.34046],[20.18496,-4.34284],[20.2006,-4.33488],[20.2164,-4.33865],[20.23125,-4.34885],[20.23417,-4.3613],[20.23069,-4.36887],[20.23406,-4.382],[20.25422,-4.38695],[20.26013,-4.39733],[20.26608,-4.39898],[20.28172,-4.39055],[20.29525,-4.3897],[20.30812,-4.38356],[20.33994,-4.39823],[20.35254,-4.39877],[20.36151,-4.39351],[20.35972,-4.38476],[20.37264,-4.36711],[20.36288,-4.34819],[20.38284,-4.29976],[20.39881,-4.29702],[20.41573,-4.28433],[20.42695,-4.28911],[20.44658,-4.28918],[20.46005,-4.29546],[20.46924,-4.29457],[20.47463,-4.29069],[20.47976,-4.271],[20.48487,-4.26563],[20.50638,-4.26197],[20.53558,-4.24556],[20.59323,-4.22215],[20.60608,-4.2213],[20.61391,-4.21328],[20.63068,-4.20738],[20.62753,-4.19379],[20.6356,-4.18302],[20.63729,-4.16439],[20.64855,-4.15892],[20.65643,-4.14777],[20.66213,-4.10341],[20.66171,-4.05829],[20.65336,-3.99955],[20.64346,-3.97113],[20.64673,-3.89146],[20.64159,-3.74435],[20.6306,-3.5618],[20.63102,-3.48703],[20.62559,-3.42617],[20.62883,-3.40827],[20.62532,-3.32689],[20.65784,-3.23605],[20.65583,-3.22614],[20.6582,-3.20936]]]},"properties":{"nom":"Oshwe","province":"Maï-Ndombe","pcode":"CD3304"}},{"type":"Feature","geometry":{"type":"Polygon","coordinates":[[[18.46655,-2.67084],[18.45197,-2.6774],[18.4346,-2.66374],[18.41883,-2.62866],[18.41065,-2.58794],[18.40204,-2.58383],[18.33918,-2.58011],[18.32388,-2.57436],[18.29271,-2.58138],[18.28288,-2.58635],[18.26816,-2.58784],[18.26395,-2.58252],[18.26408,-2.5615],[18.25787,-2.5508],[18.21505,-2.55088],[18.20825,-2.54527],[18.17845,-2.48448],[18.15168,-2.41309],[18.14828,-2.38455],[18.15757,-2.37378],[18.15187,-2.35509],[18.13516,-2.33888],[18.11151,-2.33807],[18.07726,-2.30204],[18.01976,-2.27933],[18.00429,-2.28047],[17.98562,-2.29874],[17.95042,-2.30695],[17.94124,-2.3217],[17.93358,-2.32481],[17.91505,-2.32242],[17.89796,-2.33122],[17.89058,-2.33142],[17.86015,-2.32636],[17.8563,-2.33328],[17.85294,-2.38368],[17.85829,-2.3986],[17.84938,-2.40118],[17.83915,-2.41228],[17.83207,-2.41416],[17.81955,-2.42528],[17.81527,-2.43634],[17.80685,-2.44467],[17.80801,-2.4635],[17.80114,-2.48427],[17.7872,-2.48711],[17.7731,-2.5026],[17.76305,-2.50588],[17.76131,-2.5213],[17.73537,-2.58563],[17.7236,-2.64712],[17.69133,-2.68052],[17.67511,-2.6893],[17.60501,-2.69096],[17.59686,-2.69428],[17.5947,-2.71025],[17.60879,-2.74976],[17.60849,-2.75792],[17.59856,-2.77615],[17.57117,-2.80853],[17.56341,-2.81341],[17.5298,-2.8198],[17.52045,-2.82675],[17.48617,-2.83728],[17.4793,-2.83709],[17.46301,-2.82912],[17.45167,-2.84966],[17.4247,-2.85877],[17.40137,-2.85981],[17.37309,-2.87997],[17.34107,-2.88634],[17.33335,-2.89812],[17.33323,-2.91883],[17.32895,-2.93127],[17.27841,-2.98605],[17.2508,-3.00299],[17.2272,-3.00035],[17.18607,-3.0155],[17.17966,-3.01415],[17.15988,-2.99859],[17.14059,-2.98857],[17.10642,-2.97769],[17.06163,-2.9947],[17.01723,-2.99698],[16.97608,-3.00982],[16.97107,-3.01629],[16.96306,-3.01724],[16.9633,-3.01954],[16.97226,-3.02433],[16.99035,-3.0254],[16.99862,-3.02973],[17.01406,-3.05198],[17.01911,-3.0538],[17.02575,-3.05055],[17.03562,-3.05832],[17.0483,-3.07621],[17.05403,-3.07687],[17.07978,-3.09815],[17.09881,-3.10266],[17.10046,-3.1114],[17.12873,-3.1317],[17.13526,-3.13289],[17.1506,-3.12247],[17.16903,-3.13201],[17.17342,-3.13912],[17.17939,-3.14185],[17.18492,-3.1485],[17.17898,-3.15106],[17.18106,-3.15427],[17.19701,-3.15353],[17.22244,-3.17348],[17.23911,-3.177],[17.28125,-3.17702],[17.29776,-3.18062],[17.31011,-3.17733],[17.31083,-3.18377],[17.31954,-3.18488],[17.32043,-3.18027],[17.33098,-3.18367],[17.35373,-3.19851],[17.36633,-3.19776],[17.37568,-3.19173],[17.39289,-3.19647],[17.39747,-3.19806],[17.40165,-3.20839],[17.40671,-3.21228],[17.42572,-3.21241],[17.43009,-3.21561],[17.43292,-3.23147],[17.44234,-3.23695],[17.47309,-3.24691],[17.48481,-3.25467],[17.50311,-3.25044],[17.52723,-3.26228],[17.55717,-3.29364],[17.57326,-3.30276],[17.5971,-3.30585],[17.6147,-3.29932],[17.62752,-3.29879],[17.64684,-3.31364],[17.66105,-3.31333],[17.6797,-3.33164],[17.68589,-3.33183],[17.7046,-3.31885],[17.71927,-3.32291],[17.75845,-3.36296],[17.79911,-3.38183],[17.8193,-3.38701],[17.82653,-3.40952],[17.83254,-3.41823],[17.84472,-3.4246],[17.86005,-3.42268],[17.87855,-3.4136],[17.92824,-3.41009],[17.93805,-3.4029],[17.95248,-3.40259],[17.96775,-3.39053],[17.99176,-3.38234],[18.01309,-3.38705],[18.03411,-3.37818],[18.04349,-3.37743],[18.06805,-3.38488],[18.08512,-3.40319],[18.10916,-3.40212],[18.13823,-3.43509],[18.15113,-3.44604],[18.15664,-3.44717],[18.16622,-3.44113],[18.17116,-3.42568],[18.17891,-3.4185],[18.194,-3.41404],[18.20858,-3.40267],[18.22691,-3.40325],[18.24155,-3.39948],[18.24616,-3.40383],[18.25268,-3.42058],[18.26831,-3.42831],[18.27552,-3.44575],[18.27308,-3.45727],[18.28156,-3.4586],[18.294,-3.46819],[18.30111,-3.46976],[18.31221,-3.48579],[18.34185,-3.49896],[18.347,-3.51411],[18.35525,-3.51636],[18.36313,-3.53058],[18.39091,-3.53915],[18.39777,-3.53657],[18.39254,-3.54328],[18.39578,-3.54648],[18.40377,-3.54482],[18.40327,-3.53677],[18.41291,-3.5397],[18.42514,-3.55228],[18.43779,-3.55934],[18.43783,-3.56646],[18.44128,-3.56828],[18.44789,-3.56364],[18.45409,-3.56406],[18.46284,-3.5709],[18.48145,-3.57792],[18.48738,-3.57443],[18.50204,-3.57364],[18.52453,-3.57971],[18.53443,-3.58632],[18.54198,-3.58535],[18.54988,-3.57643],[18.55251,-3.58344],[18.56534,-3.58335],[18.58127,-3.56852],[18.60398,-3.57091],[18.61852,-3.58669],[18.62998,-3.58753],[18.6422,-3.59804],[18.65799,-3.59517],[18.66627,-3.59949],[18.67412,-3.60887],[18.7118,-3.62358],[18.72618,-3.61495],[18.74503,-3.62404],[18.76588,-3.6239],[18.77094,-3.62548],[18.78363,-3.63874],[18.79945,-3.64001],[18.81599,-3.64749],[18.84743,-3.65164],[18.86123,-3.65984],[18.88392,-3.66083],[18.90393,-3.67036],[18.90901,-3.64409],[18.92676,-3.59541],[18.91345,-3.56144],[18.92708,-3.5457],[18.92354,-3.53054],[18.91844,-3.52321],[18.86698,-3.47087],[18.85855,-3.44539],[18.85822,-3.43135],[18.8715,-3.39904],[18.88578,-3.37801],[18.91104,-3.35574],[18.92075,-3.33565],[18.93164,-3.32177],[18.95256,-3.30045],[18.99129,-3.27211],[18.99656,-3.24101],[18.99126,-3.23713],[18.97867,-3.23769],[18.95749,-3.22379],[18.95009,-3.21326],[18.94642,-3.2126],[18.92011,-3.21692],[18.9142,-3.22179],[18.90527,-3.22209],[18.90119,-3.22856],[18.89364,-3.22976],[18.88626,-3.22222],[18.87366,-3.22208],[18.86654,-3.2189],[18.85706,-3.20608],[18.85326,-3.18816],[18.84544,-3.18361],[18.84563,-3.1774],[18.84808,-3.16864],[18.87752,-3.12265],[18.8948,-3.07352],[18.91463,-3.06118],[18.98154,-3.03609],[18.98654,-3.03077],[19.0,-2.99572],[19.02972,-2.97643],[19.0468,-2.94801],[19.05165,-2.92094],[19.05145,-2.89704],[19.03132,-2.76706],[19.04366,-2.74045],[19.04168,-2.69304],[19.02714,-2.64187],[19.02758,-2.60898],[19.03323,-2.58486],[19.0416,-2.56606],[19.03529,-2.55037],[19.01184,-2.4973],[18.99954,-2.48847],[18.97723,-2.47935],[18.97026,-2.46421],[18.96128,-2.45669],[18.93152,-2.45528],[18.92051,-2.45122],[18.91128,-2.44093],[18.8767,-2.43611],[18.8691,-2.42972],[18.81891,-2.41719],[18.80136,-2.42697],[18.79865,-2.43205],[18.77008,-2.43571],[18.73522,-2.45779],[18.67808,-2.52302],[18.67019,-2.52469],[18.64738,-2.52114],[18.63502,-2.52782],[18.61452,-2.55302],[18.59437,-2.57133],[18.58481,-2.58536],[18.56255,-2.5943],[18.55331,-2.59419],[18.53755,-2.5852],[18.53202,-2.58535],[18.49639,-2.60444],[18.47945,-2.61867],[18.47816,-2.62523],[18.48736,-2.64998],[18.48318,-2.65879],[18.46655,-2.67084]]]},"properties":{"nom":"Kutu","province":"Maï-Ndombe","pcode":"CD3306"}},{"type":"Feature","geometry":{"type":"Polygon","coordinates":[[[15.90236,-3.94745],[15.9152,-3.9541],[15.91859,-3.95314],[15.94587,-3.92763],[15.98182,-3.95187],[15.99639,-3.95638],[16.00285,-3.968],[16.01047,-3.9714],[16.03439,-3.9637],[16.04754,-3.94335],[16.05594,-3.94229],[16.07581,-3.94791],[16.12368,-3.97052],[16.27028,-4.04667],[16.3816,-4.11174],[16.41386,-4.13361],[16.42703,-4.14499],[16.42981,-4.1528],[16.45072,-4.16262],[16.45397,-4.17158],[16.46934,-4.17359],[16.47097,-4.17956],[16.46732,-4.18395],[16.46089,-4.18306],[16.45678,-4.18583],[16.4559,-4.19573],[16.46373,-4.20353],[16.47068,-4.21892],[16.48339,-4.22288],[16.49348,-4.20563],[16.49754,-4.20482],[16.49448,-4.19285],[16.49624,-4.18475],[16.54704,-4.16729],[16.55343,-4.16059],[16.58568,-4.14297],[16.59645,-4.14224],[16.60857,-4.13482],[16.61774,-4.13663],[16.63401,-4.13334],[16.66226,-4.14311],[16.67487,-4.14283],[16.68085,-4.1481],[16.69301,-4.15035],[16.70259,-4.13995],[16.71054,-4.12289],[16.71534,-4.11919],[16.73046,-4.11728],[16.74736,-4.10156],[16.76109,-4.09621],[16.77296,-4.08718],[16.79542,-4.08409],[16.81726,-4.09688],[16.82734,-4.09454],[16.86342,-4.06515],[16.87828,-4.05703],[16.91043,-4.02145],[16.91539,-4.00348],[16.9325,-3.98683],[16.97373,-3.98044],[16.98408,-3.98568],[16.99024,-3.98151],[17.01477,-3.98185],[17.02235,-3.98412],[17.04377,-4.00381],[17.0596,-4.00719],[17.081,-4.02342],[17.09914,-4.02817],[17.10829,-4.02536],[17.12679,-4.01102],[17.13407,-3.99947],[17.1381,-3.98104],[17.15476,-3.96554],[17.17,-3.94407],[17.17434,-3.94105],[17.18809,-3.94007],[17.20697,-3.91259],[17.2174,-3.89091],[17.2174,-3.84581],[17.2363,-3.82155],[17.23572,-3.79716],[17.24092,-3.78563],[17.25916,-3.76782],[17.26726,-3.73994],[17.27815,-3.71849],[17.29779,-3.70619],[17.30576,-3.69579],[17.30355,-3.66773],[17.31383,-3.66146],[17.32916,-3.65863],[17.33211,-3.65332],[17.32882,-3.63792],[17.31479,-3.62717],[17.30499,-3.59455],[17.28679,-3.57439],[17.29076,-3.54698],[17.27991,-3.53001],[17.27863,-3.50608],[17.27327,-3.48954],[17.27437,-3.47872],[17.28632,-3.45834],[17.32017,-3.43293],[17.3265,-3.41748],[17.33028,-3.39606],[17.33438,-3.39098],[17.34835,-3.39114],[17.35588,-3.37884],[17.35803,-3.35887],[17.34211,-3.33802],[17.3391,-3.32929],[17.36599,-3.30545],[17.38089,-3.26488],[17.37759,-3.24809],[17.35625,-3.21406],[17.35373,-3.19851],[17.33098,-3.18367],[17.32043,-3.18027],[17.31954,-3.18488],[17.31083,-3.18377],[17.31011,-3.17733],[17.29776,-3.18062],[17.28125,-3.17702],[17.23911,-3.177],[17.22244,-3.17348],[17.19701,-3.15353],[17.18106,-3.15427],[17.17898,-3.15106],[17.18492,-3.1485],[17.17939,-3.14185],[17.17342,-3.13912],[17.16903,-3.13201],[17.1506,-3.12247],[17.13526,-3.13289],[17.12873,-3.1317],[17.10046,-3.1114],[17.09881,-3.10266],[17.07978,-3.09815],[17.05403,-3.07687],[17.0483,-3.07621],[17.03562,-3.05832],[17.02575,-3.05055],[17.01911,-3.0538],[17.01406,-3.05198],[16.99862,-3.02973],[16.99035,-3.0254],[16.97226,-3.02433],[16.95664,-3.01543],[16.91116,-3.03152],[16.88277,-3.03164],[16.87205,-3.04182],[16.85834,-3.04602],[16.80106,-3.04167],[16.79511,-3.04032],[16.78614,-3.0323],[16.75453,-3.02784],[16.74924,-3.02395],[16.72933,-3.02657],[16.71373,-3.01858],[16.70779,-3.02275],[16.69475,-3.02509],[16.66084,-3.01972],[16.63659,-3.02259],[16.61323,-3.03237],[16.58079,-3.038],[16.55889,-3.05765],[16.54264,-3.0591],[16.52499,-3.05503],[16.51172,-3.05784],[16.49338,-3.05194],[16.48354,-3.05313],[16.47668,-3.05591],[16.45619,-3.08269],[16.44954,-3.08248],[16.44105,-3.07653],[16.42982,-3.07566],[16.41902,-3.06581],[16.39521,-3.0666],[16.36484,-3.08557],[16.33529,-3.08408],[16.30352,-3.1003],[16.25737,-3.11504],[16.23376,-3.11897],[16.22465,-3.12982],[16.2206,-3.14824],[16.19098,-3.179],[16.19266,-3.1989],[16.18641,-3.22241],[16.18407,-3.25049],[16.18928,-3.26734],[16.21938,-3.29008],[16.22239,-3.29627],[16.20426,-3.35806],[16.1871,-3.39544],[16.13243,-3.47679],[16.11289,-3.53628],[16.08658,-3.57648],[16.05815,-3.60887],[16.03717,-3.66032],[16.02357,-3.68226],[16.01285,-3.70903],[16.01704,-3.70675],[16.01615,-3.71365],[16.01342,-3.71734],[16.00975,-3.71676],[16.00102,-3.73855],[15.98174,-3.76789],[15.94369,-3.84107],[15.92628,-3.88383],[15.91745,-3.92038],[15.91042,-3.92815],[15.91117,-3.93423],[15.90591,-3.93786],[15.90236,-3.94745]]]},"properties":{"nom":"Kwamouth","province":"Maï-Ndombe","pcode":"CD3307"}},{"type":"Feature","geometry":{"type":"Polygon","coordinates":[[[16.18647,-3.16162],[16.19098,-3.179],[16.2206,-3.14824],[16.22465,-3.12982],[16.23376,-3.11897],[16.25737,-3.11504],[16.30352,-3.1003],[16.33529,-3.08408],[16.36484,-3.08557],[16.39521,-3.0666],[16.41902,-3.06581],[16.42982,-3.07566],[16.44105,-3.07653],[16.44954,-3.08248],[16.45619,-3.08269],[16.47668,-3.05591],[16.48354,-3.05313],[16.49338,-3.05194],[16.51172,-3.05784],[16.52499,-3.05503],[16.54264,-3.0591],[16.55889,-3.05765],[16.58079,-3.038],[16.61323,-3.03237],[16.63659,-3.02259],[16.66084,-3.01972],[16.69475,-3.02509],[16.70779,-3.02275],[16.71373,-3.01858],[16.70633,-3.00296],[16.70735,-2.97512],[16.71163,-2.95946],[16.70692,-2.93141],[16.69215,-2.90662],[16.6648,-2.8835],[16.65006,-2.86331],[16.64723,-2.84492],[16.63173,-2.80679],[16.62357,-2.77554],[16.60837,-2.75328],[16.59504,-2.74275],[16.59218,-2.71677],[16.58139,-2.70853],[16.56947,-2.70559],[16.54011,-2.68914],[16.51343,-2.65911],[16.49547,-2.6511],[16.49637,-2.64578],[16.50736,-2.63245],[16.5302,-2.62293],[16.53682,-2.61715],[16.53677,-2.6068],[16.55156,-2.5881],[16.554,-2.57939],[16.5534,-2.56731],[16.52607,-2.53162],[16.51953,-2.50991],[16.52287,-2.48578],[16.53623,-2.45496],[16.53164,-2.42758],[16.52627,-2.42186],[16.51303,-2.42071],[16.47493,-2.44035],[16.45562,-2.44306],[16.43934,-2.4059],[16.4456,-2.37022],[16.46396,-2.33035],[16.45841,-2.31841],[16.44716,-2.30879],[16.44347,-2.30053],[16.44064,-2.28168],[16.44332,-2.2651],[16.43224,-2.24099],[16.43398,-2.22006],[16.4314,-2.20512],[16.41366,-2.17483],[16.4106,-2.15368],[16.40349,-2.15071],[16.40027,-2.14521],[16.37141,-2.13658],[16.34682,-2.13673],[16.33089,-2.12868],[16.30208,-2.13017],[16.292,-2.12469],[16.242,-2.123],[16.201,-2.198],[16.191,-2.225],[16.19,-2.273],[16.185,-2.32],[16.184,-2.383],[16.18699,-2.40919],[16.20918,-2.51768],[16.235,-2.603],[16.237,-2.625],[16.22219,-2.65551],[16.21506,-2.67988],[16.19368,-2.71858],[16.19341,-2.75084],[16.205,-2.785],[16.18,-2.875],[16.179,-2.928],[16.182,-2.957],[16.191,-2.977],[16.195,-3.016],[16.178,-3.03389],[16.1723,-3.07258],[16.178,-3.102],[16.18,-3.138],[16.18647,-3.16162]]]},"properties":{"nom":"Bolobo","province":"Maï-Ndombe","pcode":"CD3308"}},{"type":"Feature","geometry":{"type":"Polygon","coordinates":[[[16.25322,-2.11611],[16.242,-2.123],[16.292,-2.12469],[16.30208,-2.13017],[16.33089,-2.12868],[16.34682,-2.13673],[16.37141,-2.13658],[16.40027,-2.14521],[16.41267,-2.15827],[16.41366,-2.17483],[16.4314,-2.20512],[16.43398,-2.22006],[16.44751,-2.22897],[16.45998,-2.2296],[16.47862,-2.23576],[16.5171,-2.28184],[16.53371,-2.29545],[16.63407,-2.33058],[16.64289,-2.32815],[16.64799,-2.3225],[16.65295,-2.30157],[16.67904,-2.27617],[16.68113,-2.25736],[16.67395,-2.24345],[16.67378,-2.22924],[16.69181,-2.1949],[16.67462,-2.17922],[16.66607,-2.14348],[16.65504,-2.12997],[16.65367,-2.10257],[16.6443,-2.09178],[16.64859,-2.02828],[16.63702,-1.99824],[16.62375,-1.99665],[16.61183,-1.98934],[16.58351,-1.94668],[16.57981,-1.9368],[16.57973,-1.91978],[16.55899,-1.88192],[16.56027,-1.86283],[16.504,-1.874],[16.406,-1.992],[16.36953,-2.02923],[16.324,-2.069],[16.25322,-2.11611]]]},"properties":{"nom":"Yumbi","province":"Maï-Ndombe","pcode":"CD3310"}},{"type":"Feature","geometry":{"type":"Polygon","coordinates":[[[16.96029,-3.01646],[16.97107,-3.01629],[16.97608,-3.00982],[17.01723,-2.99698],[17.06163,-2.9947],[17.10642,-2.97769],[17.14059,-2.98857],[17.15988,-2.99859],[17.17966,-3.01415],[17.18607,-3.0155],[17.2272,-3.00035],[17.2508,-3.00299],[17.27841,-2.98605],[17.32895,-2.93127],[17.33323,-2.91883],[17.33335,-2.89812],[17.34107,-2.88634],[17.37309,-2.87997],[17.40137,-2.85981],[17.4247,-2.85877],[17.45167,-2.84966],[17.46301,-2.82912],[17.4793,-2.83709],[17.48617,-2.83728],[17.52045,-2.82675],[17.5298,-2.8198],[17.56341,-2.81341],[17.57117,-2.80853],[17.59856,-2.77615],[17.60849,-2.75792],[17.60879,-2.74976],[17.5947,-2.71025],[17.59686,-2.69428],[17.60501,-2.69096],[17.67511,-2.6893],[17.69133,-2.68052],[17.72117,-2.6508],[17.7272,-2.63721],[17.73537,-2.58563],[17.76131,-2.5213],[17.76305,-2.50588],[17.7731,-2.5026],[17.7872,-2.48711],[17.80114,-2.48427],[17.80801,-2.4635],[17.80685,-2.44467],[17.81527,-2.43634],[17.81955,-2.42528],[17.83207,-2.41416],[17.83915,-2.41228],[17.84938,-2.40118],[17.85829,-2.3986],[17.85294,-2.38368],[17.8563,-2.33328],[17.87288,-2.31364],[17.88008,-2.29266],[17.89211,-2.27741],[17.89128,-2.25372],[17.89691,-2.23897],[17.8918,-2.22635],[17.89841,-2.22263],[17.90361,-2.21133],[17.9134,-2.20506],[17.9161,-2.19677],[17.91118,-2.17701],[17.91293,-2.16389],[17.90343,-2.14463],[17.90217,-2.12463],[17.92575,-2.09045],[17.9327,-2.06764],[17.94836,-2.04754],[17.95035,-2.00142],[17.91138,-2.00688],[17.85891,-2.00902],[17.83284,-2.01489],[17.81877,-2.02344],[17.79113,-2.02751],[17.77887,-2.04252],[17.76904,-2.04419],[17.76358,-2.04974],[17.73202,-2.04922],[17.65796,-2.07324],[17.53081,-2.08252],[17.48924,-2.09699],[17.46425,-2.09781],[17.45902,-2.1029],[17.44667,-2.10158],[17.44023,-2.09541],[17.4203,-2.08953],[17.39531,-2.09104],[17.37793,-2.09838],[17.35766,-2.11761],[17.35204,-2.11846],[17.34109,-2.11217],[17.30033,-2.12824],[17.29218,-2.13618],[17.29148,-2.15519],[17.27278,-2.16021],[17.25883,-2.17842],[17.24551,-2.18916],[17.22367,-2.19897],[17.21773,-2.19911],[17.18383,-2.18041],[17.1637,-2.15789],[17.15195,-2.14982],[17.13445,-2.1458],[17.1263,-2.14894],[17.05993,-2.21085],[17.03341,-2.21955],[16.93652,-2.2706],[16.92275,-2.27441],[16.9011,-2.27427],[16.884,-2.26901],[16.87415,-2.26148],[16.86471,-2.25218],[16.8329,-2.20543],[16.8224,-2.19648],[16.74781,-2.18248],[16.72407,-2.18197],[16.70642,-2.19642],[16.69181,-2.1949],[16.68925,-2.19808],[16.67729,-2.21932],[16.67283,-2.23599],[16.68113,-2.25736],[16.67904,-2.27617],[16.65295,-2.30157],[16.64799,-2.3225],[16.64289,-2.32815],[16.63407,-2.33058],[16.53371,-2.29545],[16.5171,-2.28184],[16.47862,-2.23576],[16.45998,-2.2296],[16.44751,-2.22897],[16.43398,-2.22006],[16.43224,-2.24099],[16.44332,-2.2651],[16.44064,-2.28168],[16.44347,-2.30053],[16.44716,-2.30879],[16.45841,-2.31841],[16.46396,-2.33035],[16.4456,-2.37022],[16.44005,-2.41233],[16.45229,-2.43782],[16.45977,-2.44415],[16.47493,-2.44035],[16.51303,-2.42071],[16.52627,-2.42186],[16.53164,-2.42758],[16.53623,-2.45496],[16.52287,-2.48578],[16.51953,-2.50991],[16.52607,-2.53162],[16.5534,-2.56731],[16.55458,-2.57336],[16.55156,-2.5881],[16.53677,-2.6068],[16.53682,-2.61715],[16.5302,-2.62293],[16.50736,-2.63245],[16.49637,-2.64578],[16.49547,-2.6511],[16.51343,-2.65911],[16.54011,-2.68914],[16.56947,-2.70559],[16.58139,-2.70853],[16.59218,-2.71677],[16.59504,-2.74275],[16.60837,-2.75328],[16.62357,-2.77554],[16.63173,-2.80679],[16.64723,-2.84492],[16.65006,-2.86331],[16.6648,-2.8835],[16.69215,-2.90662],[16.70692,-2.93141],[16.71163,-2.95946],[16.70735,-2.97512],[16.70633,-3.00296],[16.71373,-3.01858],[16.72933,-3.02657],[16.74924,-3.02395],[16.75453,-3.02784],[16.78614,-3.0323],[16.79511,-3.04032],[16.80106,-3.04167],[16.85834,-3.04602],[16.87205,-3.04182],[16.88277,-3.03164],[16.91116,-3.03152],[16.95664,-3.01543],[16.96029,-3.01646]]]},"properties":{"nom":"Mushie","province":"Maï-Ndombe","pcode":"CD3311"}},{"type":"Feature","geometry":{"type":"Polygon","coordinates":[[[30.26706,1.11112],[30.2711,1.11948],[30.28472,1.12767],[30.29035,1.13508],[30.30104,1.1398],[30.30667,1.14767],[30.32005,1.15701],[30.33267,1.15187],[30.33629,1.15559],[30.34018,1.17608],[30.363,1.20046],[30.38915,1.19087],[30.40828,1.19751],[30.42476,1.19424],[30.4728,1.21177],[30.51084,1.2081],[30.54063,1.24628],[30.60001,1.34838],[30.59463,1.34855],[30.55695,1.36866],[30.52516,1.37825],[30.46888,1.41288],[30.46151,1.41229],[30.45986,1.41664],[30.45021,1.42182],[30.42181,1.44772],[30.38428,1.45184],[30.35126,1.44848],[30.34122,1.44038],[30.34101,1.41379],[30.33253,1.40973],[30.29802,1.41119],[30.29193,1.4168],[30.289,1.43371],[30.2958,1.45411],[30.28912,1.47889],[30.28169,1.4887],[30.2759,1.52146],[30.27906,1.53275],[30.29609,1.55135],[30.29867,1.586],[30.31717,1.59656],[30.33726,1.61436],[30.32978,1.6385],[30.32142,1.64813],[30.31847,1.66181],[30.30321,1.67221],[30.27097,1.67046],[30.26157,1.67743],[30.25797,1.69303],[30.24665,1.69936],[30.21372,1.70403],[30.20508,1.69933],[30.20248,1.70689],[30.17829,1.6902],[30.15984,1.68529],[30.14453,1.69005],[30.12729,1.70282],[30.08089,1.63977],[30.06905,1.65428],[30.05913,1.66069],[30.03688,1.66059],[30.00076,1.65318],[29.99088,1.66442],[29.99796,1.6862],[30.03814,1.72181],[30.03821,1.72987],[30.02067,1.74268],[30.0,1.74509],[29.99734,1.72884],[30.0,1.7238],[29.99367,1.72195],[29.9854,1.70403],[29.94805,1.65696],[29.93067,1.64963],[29.92219,1.63493],[29.90197,1.58207],[29.89053,1.5775],[29.81767,1.59122],[29.78999,1.57471],[29.78197,1.56369],[29.76872,1.56463],[29.76893,1.55819],[29.75654,1.52901],[29.75468,1.51107],[29.74713,1.50649],[29.74689,1.50166],[29.74369,1.49983],[29.72417,1.44375],[29.72484,1.43662],[29.69536,1.4323],[29.67389,1.43326],[29.66453,1.4388],[29.65519,1.45629],[29.63303,1.45702],[29.61405,1.4428],[29.58748,1.40743],[29.58458,1.36796],[29.56001,1.36723],[29.54515,1.36128],[29.52845,1.34682],[29.53186,1.33647],[29.52796,1.32566],[29.52954,1.31531],[29.51215,1.29649],[29.4806,1.27952],[29.48104,1.26595],[29.47321,1.22665],[29.47387,1.20963],[29.46037,1.19195],[29.4494,1.18783],[29.44508,1.19841],[29.43595,1.20141],[29.43389,1.19889],[29.44392,1.18784],[29.44163,1.18462],[29.43386,1.18072],[29.42427,1.18603],[29.41262,1.18329],[29.4053,1.17111],[29.40552,1.16835],[29.41397,1.16535],[29.39864,1.14583],[29.39908,1.13433],[29.38833,1.12032],[29.37392,1.11161],[29.37232,1.10471],[29.37776,1.07597],[29.37317,1.05965],[29.37429,1.04356],[29.36035,1.03622],[29.35758,1.01622],[29.35187,1.01164],[29.35002,0.99509],[29.33699,0.98775],[29.32512,0.98731],[29.31302,0.991],[29.31026,0.97836],[29.28992,0.95747],[29.29745,0.95332],[29.2988,0.93884],[29.31272,0.93261],[29.31361,0.91468],[29.32136,0.90892],[29.33688,0.90476],[29.35216,0.88474],[29.35854,0.88198],[29.36835,0.87093],[29.37151,0.84472],[29.37926,0.83896],[29.38267,0.82563],[29.39863,0.81158],[29.40456,0.80997],[29.40959,0.81501],[29.41576,0.8157],[29.41988,0.82327],[29.4297,0.83015],[29.44204,0.83404],[29.44708,0.84737],[29.45806,0.86022],[29.4754,0.85284],[29.48611,0.84202],[29.49457,0.80102],[29.50964,0.79021],[29.53686,0.78872],[29.52912,0.81304],[29.52821,0.83753],[29.52164,0.8471],[29.52291,0.86117],[29.53735,0.86334],[29.55979,0.87484],[29.57253,0.87096],[29.58595,0.86188],[29.60014,0.86123],[29.62319,0.85346],[29.62749,0.85632],[29.62735,0.88162],[29.63399,0.88611],[29.64087,0.90105],[29.64853,0.90153],[29.65912,0.90768],[29.66365,0.90612],[29.69599,0.86833],[29.70469,0.86441],[29.72679,0.86551],[29.73525,0.87445],[29.74096,0.8749],[29.74532,0.88731],[29.74351,0.89696],[29.75615,0.90796],[29.79464,0.90638],[29.79811,0.90963],[29.80776,0.91054],[29.82165,0.93078],[29.83806,0.94141],[29.85148,0.93995],[29.86121,0.9542],[29.86018,0.89742],[29.86496,0.88983],[29.87524,0.89073],[29.87683,0.88819],[29.87496,0.86659],[29.88794,0.84749],[29.89524,0.84379],[29.89977,0.82425],[29.90887,0.81365],[29.90703,0.8051],[29.92369,0.79868],[29.94495,0.81703],[29.95385,0.81333],[29.95705,0.81631],[29.95569,0.82275],[29.96462,0.83192],[29.98677,0.83716],[29.99113,0.84428],[29.99889,0.84518],[30.00879,0.85435],[30.01565,0.85374],[30.0199,0.8616],[30.02699,0.86053],[30.03173,0.8661],[30.04453,0.87145],[30.06343,0.87083],[30.07267,0.88196],[30.10452,0.89335],[30.11299,0.89184],[30.11647,0.89583],[30.13653,0.89141],[30.14459,0.8853],[30.15423,0.90218],[30.16129,0.90364],[30.17167,0.9157],[30.17305,0.93502],[30.1782,0.94496],[30.19137,0.95177],[30.19462,0.96789],[30.20733,0.97607],[30.22448,0.99487],[30.22626,0.99995],[30.22271,1.01048],[30.23145,1.0262],[30.24138,1.05848],[30.24388,1.08057],[30.24747,1.08681],[30.25747,1.09129],[30.26706,1.11112]]]},"properties":{"nom":"Irumu","province":"Ituri","pcode":"CD5402"}},{"type":"Feature","geometry":{"type":"Polygon","coordinates":[[[29.31035,0.979],[29.31302,0.991],[29.32512,0.98731],[29.33699,0.98775],[29.34842,0.99302],[29.35187,1.01164],[29.35758,1.01622],[29.36035,1.03622],[29.37429,1.04356],[29.37317,1.05965],[29.37776,1.07597],[29.37232,1.10471],[29.37392,1.11161],[29.39519,1.12698],[29.39908,1.13433],[29.39864,1.14583],[29.41397,1.16535],[29.40552,1.16835],[29.4053,1.17111],[29.41262,1.18329],[29.42427,1.18603],[29.43386,1.18072],[29.44163,1.18462],[29.44392,1.18784],[29.43389,1.19889],[29.43595,1.20141],[29.44508,1.19841],[29.4494,1.18783],[29.46037,1.19195],[29.47387,1.20963],[29.47321,1.22665],[29.48104,1.26595],[29.4806,1.27952],[29.51215,1.29649],[29.52954,1.31531],[29.52796,1.32566],[29.53186,1.33647],[29.52845,1.34682],[29.54515,1.36128],[29.56001,1.36723],[29.58458,1.36796],[29.58748,1.40743],[29.61405,1.4428],[29.63303,1.45702],[29.65519,1.45629],[29.66453,1.4388],[29.67389,1.43326],[29.69536,1.4323],[29.72484,1.43662],[29.72417,1.44375],[29.74369,1.49983],[29.74689,1.50166],[29.74713,1.50649],[29.75468,1.51107],[29.75654,1.52901],[29.76893,1.55819],[29.76872,1.56463],[29.78197,1.56369],[29.78999,1.57471],[29.81767,1.59122],[29.89053,1.5775],[29.90197,1.58207],[29.92219,1.63493],[29.93067,1.64963],[29.94805,1.65696],[29.9854,1.70403],[29.99367,1.72195],[30.0,1.7238],[29.99734,1.72884],[30.0,1.75905],[29.98918,1.7606],[29.98692,1.77142],[29.98922,1.779],[29.946,1.8001],[29.8869,1.83746],[29.8387,1.87229],[29.72845,1.96174],[29.72508,1.97809],[29.7083,1.997],[29.71793,1.99823],[29.72198,2.00959],[29.71651,2.01627],[29.7147,2.02502],[29.70671,2.03309],[29.6906,2.07643],[29.68222,2.08123],[29.67176,2.07676],[29.67007,2.08936],[29.66461,2.10109],[29.65203,2.11341],[29.65034,2.12554],[29.62391,2.15579],[29.62284,2.18722],[29.61332,2.18935],[29.60997,2.20071],[29.61008,2.21064],[29.62124,2.21413],[29.60594,2.27587],[29.60741,2.28366],[29.64548,2.27072],[29.6651,2.28622],[29.66041,2.30183],[29.64319,2.31468],[29.64121,2.32461],[29.64756,2.33309],[29.63915,2.3735],[29.64742,2.39397],[29.64999,2.42526],[29.63382,2.47349],[29.63157,2.49133],[29.61373,2.49344],[29.60069,2.4884],[29.58719,2.48819],[29.58147,2.48889],[29.57439,2.49488],[29.54899,2.49286],[29.52793,2.48276],[29.50711,2.47958],[29.47918,2.46742],[29.4794,2.46006],[29.45295,2.4524],[29.44391,2.43619],[29.43155,2.43367],[29.42149,2.4353],[29.41668,2.42702],[29.41027,2.42358],[29.38922,2.42499],[29.36794,2.41766],[29.32791,2.41381],[29.31785,2.4198],[29.3103,2.41797],[29.30161,2.42443],[29.29843,2.43433],[29.28402,2.44194],[29.27236,2.44357],[29.26873,2.46612],[29.2354,2.52415],[29.22925,2.54372],[29.20864,2.53793],[29.20299,2.52946],[29.20426,2.45574],[29.19927,2.44442],[29.19085,2.43667],[29.17518,2.40131],[29.14786,2.44467],[29.12715,2.45682],[29.11949,2.45474],[29.11036,2.44557],[29.09375,2.45203],[29.08671,2.44356],[29.09555,2.42579],[29.08239,2.4294],[29.07205,2.43725],[29.03992,2.42181],[29.0439,2.40407],[29.03167,2.39483],[29.01911,2.41878],[29.00515,2.41373],[28.99875,2.40776],[28.99028,2.40661],[28.98252,2.42043],[28.96971,2.42918],[28.96879,2.41676],[28.97815,2.39719],[28.98638,2.38913],[28.98751,2.37279],[28.99825,2.36496],[29.00053,2.35713],[28.99709,2.34793],[29.00052,2.34355],[28.98815,2.32401],[28.97691,2.29112],[28.97759,2.28559],[28.96878,2.27047],[28.85714,2.29015],[28.79897,2.30745],[28.78183,2.30186],[28.77451,2.30233],[28.76537,2.30901],[28.75302,2.30373],[28.7457,2.31294],[28.70935,2.3362],[28.713,2.32193],[28.72306,2.3072],[28.73792,2.2943],[28.74134,2.28395],[28.75072,2.28141],[28.75299,2.2676],[28.75917,2.2623],[28.7699,2.23239],[28.77698,2.22663],[28.77972,2.21696],[28.77262,2.20615],[28.77651,2.20109],[28.7749,2.19465],[28.76483,2.18177],[28.75121,2.1971],[28.73879,2.20496],[28.71865,2.20412],[28.71431,2.21102],[28.69716,2.21863],[28.69557,2.22484],[28.68116,2.23152],[28.67133,2.23222],[28.64641,2.24351],[28.63612,2.24144],[28.62812,2.26285],[28.62515,2.26561],[28.61966,2.26469],[28.61417,2.26976],[28.60937,2.26907],[28.60138,2.2884],[28.60115,2.29645],[28.59018,2.31257],[28.5879,2.32637],[28.58058,2.33397],[28.40999,2.25193],[28.39957,2.25163],[28.37887,2.29638],[28.34912,2.32116],[28.32213,2.3352],[28.3139,2.33613],[28.3168,2.31445],[28.29856,1.87411],[28.28895,1.85427],[28.2517,1.84144],[28.19063,1.79598],[28.18813,1.78486],[28.19191,1.77641],[28.19071,1.73781],[28.19954,1.71019],[28.21548,1.68989],[28.21214,1.68437],[28.1803,1.69005],[28.15391,1.70169],[28.0211,1.74688],[27.98173,1.75572],[27.96267,1.75583],[27.9413,1.74853],[27.93994,1.73242],[27.94611,1.72621],[27.94246,1.72046],[27.93823,1.72113],[27.92016,1.76124],[27.90086,1.79416],[27.8858,1.77861],[27.87827,1.77874],[27.86736,1.79197],[27.84721,1.8277],[27.78272,1.82884],[27.76343,1.85246],[27.75002,1.85642],[27.73913,1.85754],[27.71654,1.84585],[27.69397,1.81553],[27.68225,1.80829],[27.6278,1.82136],[27.60601,1.83199],[27.58505,1.84726],[27.57835,1.84458],[27.56665,1.82804],[27.5558,1.79937],[27.55333,1.77336],[27.56005,1.75741],[27.59613,1.70557],[27.6431,1.65447],[27.63692,1.58337],[27.64154,1.57165],[27.6658,1.59076],[27.69385,1.59445],[27.70139,1.59153],[27.70725,1.59422],[27.71561,1.60896],[27.7399,1.60481],[27.75622,1.61196],[27.80656,1.54451],[27.8112,1.52487],[27.80361,1.50444],[27.79973,1.50213],[27.79905,1.49477],[27.79129,1.48419],[27.77529,1.48326],[27.75085,1.47359],[27.75063,1.46439],[27.76799,1.4598],[27.77349,1.44325],[27.75058,1.44961],[27.69153,1.45811],[27.67393,1.46401],[27.66345,1.47444],[27.65046,1.47793],[27.63581,1.4754],[27.61825,1.45337],[27.60778,1.45355],[27.5839,1.46189],[27.58095,1.47498],[27.58718,1.51257],[27.57418,1.53879],[27.55155,1.55465],[27.54241,1.55579],[27.52458,1.56451],[27.51247,1.56519],[27.50469,1.57025],[27.44699,1.5546],[27.4492,1.53524],[27.46248,1.50903],[27.48032,1.48766],[27.47827,1.47662],[27.48401,1.44627],[27.49202,1.43639],[27.49431,1.42604],[27.50026,1.41892],[27.51625,1.41525],[27.53387,1.38951],[27.55718,1.37366],[27.56885,1.35964],[27.5723,1.33987],[27.59925,1.34104],[27.61271,1.36243],[27.6207,1.35853],[27.62345,1.34864],[27.63351,1.34106],[27.64562,1.34107],[27.65064,1.34476],[27.66389,1.34384],[27.67668,1.35052],[27.70021,1.34869],[27.71141,1.33559],[27.72672,1.33146],[27.73998,1.32203],[27.75071,1.32043],[27.75551,1.31331],[27.76511,1.3078],[27.77379,1.30872],[27.78261,1.30148],[27.76508,1.25664],[27.76803,1.24448],[27.78355,1.22884],[27.77853,1.22102],[27.75551,1.21165],[27.75637,1.19488],[27.77091,1.14961],[27.73941,1.12154],[27.74082,1.06844],[27.74675,1.06729],[27.75315,1.07373],[27.75703,1.0735],[27.76936,1.06569],[27.77302,1.05834],[27.78284,1.06524],[27.80294,1.05996],[27.8244,1.06342],[27.83537,1.04986],[27.85296,1.03883],[27.86072,1.03953],[27.86346,1.04573],[27.8751,1.0508],[27.89543,1.04897],[27.90479,1.04322],[27.91712,1.04713],[27.93334,1.04277],[27.93608,1.03702],[27.92246,1.0043],[27.87773,0.94644],[27.88612,0.93149],[27.89251,0.93402],[27.90713,0.92506],[27.91238,0.92552],[27.91968,0.93265],[27.92927,0.92254],[27.94571,0.92025],[27.95074,0.92117],[27.97425,0.94025],[27.98201,0.94072],[27.98795,0.93083],[28.00074,0.93313],[27.9545,0.84637],[27.93615,0.78989],[27.9387,0.76563],[27.94624,0.76177],[27.93453,0.74895],[28.01088,0.64981],[28.01794,0.63619],[28.02274,0.63343],[28.04282,0.63964],[28.0451,0.6509],[28.06176,0.66331],[28.06815,0.66423],[28.06952,0.67641],[28.07385,0.67894],[28.09599,0.67344],[28.1591,0.68522],[28.2485,0.68802],[28.33775,0.69783],[28.35165,0.68629],[28.35804,0.68698],[28.37539,0.67778],[28.37812,0.66192],[28.3909,0.66353],[28.39273,0.65778],[28.41007,0.65249],[28.42331,0.63548],[28.43427,0.63502],[28.44248,0.62835],[28.44636,0.62973],[28.44704,0.62123],[28.45891,0.60675],[28.47716,0.59318],[28.47693,0.58721],[28.48218,0.58606],[28.48789,0.57778],[28.505,0.56675],[28.50018,0.55992],[28.49769,0.54469],[28.50704,0.53389],[28.52325,0.54491],[28.52896,0.54215],[28.55474,0.54421],[28.55428,0.53249],[28.55885,0.52881],[28.55496,0.51962],[28.57802,0.52742],[28.59194,0.54028],[28.60495,0.53821],[28.61568,0.54693],[28.63166,0.54486],[28.63874,0.55427],[28.6465,0.55864],[28.65358,0.57242],[28.65739,0.57242],[28.66037,0.58137],[28.67429,0.57155],[28.68987,0.57072],[28.80344,0.57652],[28.90092,0.58763],[28.93208,0.58205],[28.97181,0.5629],[28.99142,0.56032],[29.00548,0.56342],[29.01701,0.58389],[29.04615,0.58952],[29.06763,0.61229],[29.07267,0.62883],[29.09892,0.63914],[29.10396,0.65362],[29.11012,0.65016],[29.11766,0.65176],[29.12794,0.66117],[29.16288,0.67676],[29.16493,0.66517],[29.16253,0.66167],[29.17335,0.65606],[29.177,0.64824],[29.1818,0.6549],[29.18727,0.64548],[29.19457,0.64455],[29.20369,0.63856],[29.2046,0.6335],[29.21874,0.62521],[29.22215,0.61694],[29.25361,0.61878],[29.26371,0.60363],[29.28603,0.587],[29.2905,0.58665],[29.29171,0.59397],[29.28075,0.61787],[29.29501,0.64615],[29.29626,0.66062],[29.30859,0.67964],[29.32541,0.68689],[29.32974,0.68436],[29.32617,0.6737],[29.33952,0.65608],[29.33134,0.64432],[29.3281,0.62825],[29.33012,0.62529],[29.34747,0.62274],[29.3591,0.61629],[29.36617,0.61674],[29.36502,0.611],[29.38126,0.59632],[29.39218,0.60293],[29.43372,0.60851],[29.45688,0.61539],[29.47392,0.6253],[29.46952,0.64872],[29.43191,0.65133],[29.41134,0.6658],[29.39428,0.67145],[29.38945,0.68369],[29.37675,0.69704],[29.36286,0.6931],[29.34701,0.70979],[29.34762,0.71341],[29.36123,0.72361],[29.37009,0.747],[29.37056,0.75343],[29.36435,0.76381],[29.36955,0.78756],[29.36973,0.82211],[29.37751,0.82782],[29.38267,0.82563],[29.37926,0.83896],[29.37151,0.84472],[29.36835,0.87093],[29.35854,0.88198],[29.35216,0.88474],[29.33688,0.90476],[29.32136,0.90892],[29.31361,0.91468],[29.31272,0.93261],[29.2988,0.93884],[29.29745,0.95332],[29.28992,0.95747],[29.31035,0.979]]]},"properties":{"nom":"Mambasa","province":"Ituri","pcode":"CD5403"}},{"type":"Feature","geometry":{"type":"Polygon","coordinates":[[[30.35126,1.44848],[30.38428,1.45184],[30.42181,1.44772],[30.45021,1.42182],[30.45986,1.41664],[30.46151,1.41229],[30.46888,1.41288],[30.52516,1.37825],[30.55695,1.36866],[30.59463,1.34855],[30.60001,1.34838],[30.6325,1.41103],[30.70096,1.496],[30.81295,1.583],[30.81895,1.585],[31.03495,1.759],[31.02267,1.77473],[31.00603,1.78463],[30.9962,1.79604],[30.99393,1.80593],[30.97956,1.83028],[30.94629,1.87822],[30.91633,1.91482],[30.91391,1.92836],[30.91583,1.94218],[30.92366,1.9595],[30.93971,1.97829],[30.96081,1.99507],[30.96485,2.00269],[30.95077,2.02759],[30.90738,2.07399],[30.91921,2.12949],[30.91189,2.14092],[30.90179,2.14869],[30.88684,2.14777],[30.8838,2.12885],[30.87487,2.12544],[30.87076,2.11199],[30.86242,2.11351],[30.84333,2.12906],[30.82835,2.13043],[30.8221,2.14],[30.81204,2.14548],[30.77085,2.15652],[30.76642,2.15642],[30.73021,2.1316],[30.71639,2.12956],[30.69921,2.14042],[30.65855,2.13448],[30.64752,2.13826],[30.63346,2.14898],[30.60958,2.15452],[30.57716,2.17205],[30.55486,2.1801],[30.53971,2.19231],[30.53251,2.19158],[30.51262,2.17361],[30.50619,2.15515],[30.49779,2.14862],[30.44935,2.15597],[30.44657,2.19302],[30.43549,2.1922],[30.41127,2.18136],[30.40408,2.18005],[30.39793,2.18391],[30.39677,2.20225],[30.43009,2.2102],[30.4403,2.21882],[30.4423,2.22436],[30.43969,2.23238],[30.43137,2.24034],[30.42495,2.24188],[30.41337,2.25417],[30.3957,2.28066],[30.38669,2.28838],[30.35059,2.27077],[30.31401,2.28045],[30.31522,2.31657],[30.30222,2.31591],[30.29678,2.30893],[30.27472,2.30214],[30.26903,2.31115],[30.27321,2.32806],[30.27108,2.33494],[30.26279,2.34013],[30.25229,2.37912],[30.23487,2.38145],[30.22212,2.39626],[30.2003,2.40314],[30.18939,2.41682],[30.18528,2.41631],[30.18099,2.41075],[30.17801,2.39093],[30.17262,2.38121],[30.16889,2.38807],[30.16563,2.38858],[30.16138,2.38408],[30.15222,2.38467],[30.13614,2.36953],[30.1146,2.37136],[30.10665,2.36598],[30.09817,2.36727],[30.07925,2.36084],[30.07216,2.3603],[30.05719,2.36887],[30.05356,2.36584],[30.04299,2.32869],[30.03332,2.31363],[30.02726,2.28298],[30.01383,2.27684],[30.0,2.27487],[29.99783,2.27937],[29.98752,2.27134],[29.98865,2.26535],[29.98244,2.2488],[29.97512,2.24697],[29.97124,2.25135],[29.96665,2.24469],[29.95092,2.26981],[29.9468,2.26751],[29.94496,2.26062],[29.93671,2.25166],[29.92984,2.24983],[29.91439,2.18659],[29.9105,2.18476],[29.90388,2.18846],[29.88397,2.18436],[29.87917,2.18598],[29.87504,2.17563],[29.87061,2.1837],[29.85143,2.1483],[29.86149,2.14989],[29.86903,2.14665],[29.87291,2.13905],[29.87127,2.11973],[29.87699,2.12179],[29.89046,2.11049],[29.89915,2.11231],[29.90349,2.10954],[29.9037,2.09942],[29.89682,2.08885],[29.90181,2.07296],[29.89768,2.06607],[29.89721,2.05618],[29.86868,2.08039],[29.85266,2.07675],[29.83986,2.07815],[29.8337,2.083],[29.80879,2.09156],[29.79486,2.10263],[29.765,2.15261],[29.74765,2.16783],[29.73463,2.17315],[29.71705,2.18952],[29.69031,2.19762],[29.68069,2.19212],[29.67452,2.19489],[29.66332,2.19422],[29.65599,2.1894],[29.62284,2.18722],[29.62391,2.15579],[29.65034,2.12554],[29.65203,2.11341],[29.66461,2.10109],[29.67007,2.08936],[29.67176,2.07676],[29.68222,2.08123],[29.6906,2.07643],[29.70671,2.03309],[29.7147,2.02502],[29.71651,2.01627],[29.72198,2.00959],[29.71793,1.99823],[29.7083,1.997],[29.72508,1.97809],[29.72845,1.96174],[29.8387,1.87229],[29.8869,1.83746],[29.946,1.8001],[29.98922,1.779],[29.98692,1.77142],[29.98918,1.7606],[30.0,1.75905],[30.0,1.74509],[30.02067,1.74268],[30.03821,1.72987],[30.03814,1.72181],[29.99796,1.6862],[29.99088,1.66442],[30.00076,1.65318],[30.03688,1.66059],[30.05913,1.66069],[30.06905,1.65428],[30.08089,1.63977],[30.12729,1.70282],[30.14453,1.69005],[30.15984,1.68529],[30.17829,1.6902],[30.20248,1.70689],[30.20508,1.69933],[30.21372,1.70403],[30.24665,1.69936],[30.25797,1.69303],[30.26157,1.67743],[30.27097,1.67046],[30.30321,1.67221],[30.31847,1.66181],[30.32142,1.64813],[30.32978,1.6385],[30.33726,1.61436],[30.31717,1.59656],[30.29867,1.586],[30.29609,1.55135],[30.27906,1.53275],[30.2759,1.52146],[30.28169,1.4887],[30.28912,1.47889],[30.2958,1.45411],[30.289,1.43371],[30.29193,1.4168],[30.29802,1.41119],[30.33253,1.40973],[30.34101,1.41379],[30.34122,1.44038],[30.35126,1.44848]]]},"properties":{"nom":"Djugu","province":"Ituri","pcode":"CD5405"}},{"type":"Feature","geometry":{"type":"Polygon","coordinates":[[[31.17651,1.93477],[31.24494,2.017],[31.30494,2.119],[31.30494,2.157],[31.203,2.224],[31.199,2.296],[31.19,2.296],[31.162,2.284],[31.137,2.285],[31.127,2.269],[31.124,2.269],[31.076,2.303],[31.069,2.343],[31.057,2.36551],[31.03544,2.38545],[31.02179,2.38339],[30.98438,2.40883],[30.961,2.406],[30.944,2.393],[30.938,2.375],[30.941,2.353],[30.937,2.34],[30.931,2.336],[30.881,2.346],[30.858,2.39],[30.834,2.426],[30.803,2.43],[30.775,2.441],[30.755,2.437],[30.748,2.453],[30.747,2.481],[30.759,2.5],[30.761,2.512],[30.755,2.588],[30.773,2.609],[30.80048,2.68532],[30.78386,2.69141],[30.76437,2.71764],[30.75232,2.72879],[30.7418,2.72678],[30.72687,2.71388],[30.71531,2.72156],[30.69312,2.74621],[30.67933,2.74921],[30.67122,2.74489],[30.66108,2.7142],[30.63308,2.67756],[30.61959,2.66971],[30.60695,2.67389],[30.60114,2.68586],[30.59943,2.70601],[30.62095,2.72128],[30.62584,2.74341],[30.6403,2.74429],[30.64325,2.75129],[30.64226,2.75903],[30.62349,2.77141],[30.60789,2.77378],[30.58172,2.75855],[30.57217,2.73015],[30.56252,2.71256],[30.5488,2.71031],[30.53543,2.72688],[30.5295,2.72917],[30.49401,2.72349],[30.48139,2.72689],[30.47414,2.7346],[30.45145,2.7922],[30.43716,2.81419],[30.39836,2.8302],[30.36544,2.88966],[30.3509,2.8915],[30.33066,2.88709],[30.32242,2.87442],[30.3397,2.85653],[30.35146,2.85584],[30.36517,2.85993],[30.37085,2.84183],[30.37778,2.83753],[30.38665,2.82222],[30.38199,2.78976],[30.39476,2.77032],[30.40792,2.76057],[30.41364,2.73924],[30.42536,2.72451],[30.43001,2.68675],[30.43804,2.66383],[30.43498,2.62838],[30.44263,2.59879],[30.4272,2.56435],[30.42919,2.55235],[30.4221,2.52749],[30.42542,2.51695],[30.41745,2.51295],[30.41076,2.49655],[30.39558,2.48258],[30.39248,2.47266],[30.40246,2.4431],[30.39582,2.4175],[30.38858,2.40983],[30.38463,2.39438],[30.33593,2.38274],[30.30936,2.38062],[30.30837,2.38837],[30.31812,2.40433],[30.31792,2.44117],[30.30648,2.45893],[30.29173,2.46852],[30.27419,2.46568],[30.26622,2.44158],[30.2573,2.43842],[30.25447,2.43112],[30.23603,2.44287],[30.21392,2.44975],[30.20236,2.46549],[30.18229,2.45929],[30.17265,2.46171],[30.16915,2.46788],[30.16878,2.48076],[30.15815,2.48961],[30.15693,2.49627],[30.14536,2.50718],[30.13554,2.4831],[30.1256,2.36988],[30.13614,2.36953],[30.15222,2.38467],[30.16138,2.38408],[30.16563,2.38858],[30.16889,2.38807],[30.17262,2.38121],[30.17801,2.39093],[30.18099,2.41075],[30.18528,2.41631],[30.18939,2.41682],[30.2003,2.40314],[30.22212,2.39626],[30.23487,2.38145],[30.25229,2.37912],[30.26279,2.34013],[30.27108,2.33494],[30.27321,2.32806],[30.26903,2.31115],[30.27472,2.30214],[30.29678,2.30893],[30.30222,2.31591],[30.31522,2.31657],[30.31401,2.28045],[30.35059,2.27077],[30.38669,2.28838],[30.3957,2.28066],[30.42495,2.24188],[30.43137,2.24034],[30.43969,2.23238],[30.4423,2.22436],[30.43442,2.21232],[30.39995,2.20458],[30.39521,2.19878],[30.39573,2.19327],[30.39793,2.18391],[30.40408,2.18005],[30.43549,2.1922],[30.44657,2.19302],[30.44935,2.15597],[30.49779,2.14862],[30.50619,2.15515],[30.51262,2.17361],[30.53251,2.19158],[30.53971,2.19231],[30.55486,2.1801],[30.57716,2.17205],[30.60958,2.15452],[30.63346,2.14898],[30.64752,2.13826],[30.65855,2.13448],[30.69921,2.14042],[30.71639,2.12956],[30.73021,2.1316],[30.76642,2.15642],[30.77085,2.15652],[30.81204,2.14548],[30.8221,2.14],[30.82835,2.13043],[30.84333,2.12906],[30.86242,2.11351],[30.87076,2.11199],[30.87487,2.12544],[30.8838,2.12885],[30.88684,2.14777],[30.90179,2.14869],[30.91189,2.14092],[30.91921,2.12949],[30.90738,2.07399],[30.95077,2.02759],[30.96485,2.00269],[30.96081,1.99507],[30.93971,1.97829],[30.92366,1.9595],[30.91583,1.94218],[30.91391,1.92836],[30.91633,1.91482],[30.94629,1.87822],[30.97956,1.83028],[30.99393,1.80593],[30.9962,1.79604],[31.00603,1.78463],[31.02267,1.77473],[31.03495,1.759],[31.14994,1.909],[31.17651,1.93477]]]},"properties":{"nom":"Mahagi","province":"Ituri","pcode":"CD5407"}},{"type":"Feature","geometry":{"type":"Polygon","coordinates":[[[30.58108,2.75371],[30.58172,2.75855],[30.60789,2.77378],[30.62349,2.77141],[30.64226,2.75903],[30.6403,2.74429],[30.62584,2.74341],[30.62095,2.72128],[30.59943,2.70601],[30.60114,2.68586],[30.60695,2.67389],[30.61959,2.66971],[30.63308,2.67756],[30.64861,2.69744],[30.66108,2.7142],[30.67122,2.74489],[30.67933,2.74921],[30.69312,2.74621],[30.71531,2.72156],[30.72687,2.71388],[30.7418,2.72678],[30.75232,2.72879],[30.76437,2.71764],[30.78386,2.69141],[30.80048,2.68532],[30.829,2.756],[30.839,2.768],[30.848,2.773],[30.87,2.801],[30.879,2.823],[30.89044,2.87136],[30.88888,2.88282],[30.864,2.912],[30.846,2.962],[30.828,2.978],[30.812,3.0],[30.788,3.01],[30.78,3.017],[30.769,3.032],[30.763,3.048],[30.779,3.068],[30.80465,3.17157],[30.833,3.264],[30.843,3.274],[30.87074,3.27988],[30.887,3.316],[30.89,3.34],[30.936,3.402],[30.933,3.482],[30.929,3.496],[30.909,3.505],[30.897,3.502],[30.868,3.481],[30.862,3.481],[30.854,3.486],[30.847,3.497],[30.846,3.508],[30.86,3.547],[30.862,3.563],[30.857,3.569],[30.814,3.58],[30.799,3.59],[30.791,3.603],[30.786,3.621],[30.784,3.657],[30.778,3.669],[30.771,3.675],[30.761,3.672],[30.755,3.666],[30.746,3.638],[30.735,3.624],[30.719,3.621],[30.687,3.634],[30.667,3.636],[30.623,3.607],[30.592,3.594],[30.573,3.592],[30.559,3.596],[30.54099,3.59491],[30.49265,3.57896],[30.45569,3.55913],[30.43137,3.56209],[30.40839,3.54619],[30.38315,3.54868],[30.37224,3.54028],[30.37048,3.53358],[30.37574,3.51409],[30.37427,3.50165],[30.38481,3.47709],[30.4023,3.44639],[30.42313,3.4327],[30.41716,3.41262],[30.4117,3.40911],[30.40088,3.39243],[30.36681,3.40747],[30.36815,3.3571],[30.35466,3.32313],[30.34213,3.31655],[30.33699,3.30476],[30.34275,3.30207],[30.34652,3.29199],[30.34289,3.26779],[30.35341,3.24835],[30.35911,3.22955],[30.33367,3.19764],[30.28023,3.15201],[30.23414,3.08815],[30.17024,3.0537],[30.13962,3.02535],[30.14504,3.01115],[30.16121,2.99914],[30.17507,2.94708],[30.20625,2.92281],[30.18871,2.90457],[30.16705,2.90301],[30.14603,2.90727],[30.12994,2.90626],[30.11691,2.89808],[30.11317,2.89233],[30.11188,2.882],[30.11473,2.87463],[30.12109,2.87907],[30.14335,2.87495],[30.16621,2.8782],[30.19422,2.87138],[30.19865,2.88546],[30.21065,2.87686],[30.20885,2.84468],[30.2137,2.82454],[30.205,2.81628],[30.18026,2.81996],[30.16045,2.81772],[30.15177,2.8127],[30.14862,2.8024],[30.16094,2.78924],[30.17699,2.78248],[30.18559,2.76809],[30.17925,2.73714],[30.18531,2.70986],[30.1964,2.7006],[30.20863,2.66932],[30.21327,2.60452],[30.20826,2.59296],[30.18471,2.58432],[30.19419,2.57282],[30.18706,2.55584],[30.14965,2.51274],[30.1444,2.51153],[30.14536,2.50718],[30.15693,2.49627],[30.15815,2.48961],[30.16878,2.48076],[30.16915,2.46788],[30.17265,2.46171],[30.18229,2.45929],[30.20236,2.46549],[30.21392,2.44975],[30.23603,2.44287],[30.25447,2.43112],[30.2573,2.43842],[30.26622,2.44158],[30.27419,2.46568],[30.29173,2.46852],[30.30648,2.45893],[30.31792,2.44117],[30.31812,2.40433],[30.30837,2.38837],[30.30936,2.38062],[30.33593,2.38274],[30.38463,2.39438],[30.38858,2.40983],[30.39582,2.4175],[30.40246,2.4431],[30.39248,2.47266],[30.39558,2.48258],[30.41076,2.49655],[30.41745,2.51295],[30.42542,2.51695],[30.4221,2.52749],[30.42919,2.55235],[30.4272,2.56435],[30.44263,2.59879],[30.43498,2.62838],[30.43804,2.66383],[30.43001,2.68675],[30.42536,2.72451],[30.41364,2.73924],[30.40792,2.76057],[30.39476,2.77032],[30.38199,2.78976],[30.38665,2.82222],[30.37778,2.83753],[30.37085,2.84183],[30.36517,2.85993],[30.35146,2.85584],[30.3397,2.85653],[30.32242,2.87442],[30.33066,2.88709],[30.3509,2.8915],[30.36544,2.88966],[30.39836,2.8302],[30.43716,2.81419],[30.45145,2.7922],[30.47414,2.7346],[30.48139,2.72689],[30.49401,2.72349],[30.5295,2.72917],[30.53543,2.72688],[30.5488,2.71031],[30.56252,2.71256],[30.58108,2.75371]]]},"properties":{"nom":"Aru","province":"Ituri","pcode":"CD5409"}},{"type":"Feature","geometry":{"type":"Polygon","coordinates":[[[29.24351,-1.69118],[29.25238,-1.66229],[29.26189,-1.64301],[29.2828,-1.63706],[29.29128,-1.63051],[29.27372,-1.6297],[29.23779,-1.61614],[29.22446,-1.61471],[29.21304,-1.61924],[29.18758,-1.61352],[29.16712,-1.59615],[29.13725,-1.58149],[29.14166,-1.58955],[29.13693,-1.5917],[29.12865,-1.61416],[29.12876,-1.6234],[29.13374,-1.63074],[29.13537,-1.6412],[29.14098,-1.64306],[29.14422,-1.6389],[29.14864,-1.6395],[29.1584,-1.63403],[29.16513,-1.64418],[29.16357,-1.64996],[29.16905,-1.66338],[29.17906,-1.66869],[29.19455,-1.67074],[29.21365,-1.68175],[29.22188,-1.68152],[29.22379,-1.68362],[29.22157,-1.68672],[29.22647,-1.68627],[29.23087,-1.69624],[29.23958,-1.7006],[29.24238,-1.70005],[29.24351,-1.69118]]]},"properties":{"nom":"Goma","province":"Nord-Kivu","pcode":"CD6101"}},{"type":"Feature","geometry":{"type":"Polygon","coordinates":[[[29.37791,-1.5279],[29.39992,-1.52897],[29.3893,-1.50955],[29.38122,-1.50955],[29.3766,-1.50262],[29.37199,-1.47347],[29.34457,-1.46424],[29.31571,-1.46886],[29.26867,-1.45039],[29.20082,-1.43497],[29.17269,-1.4631],[29.13493,-1.52529],[29.13596,-1.57869],[29.16712,-1.59615],[29.18758,-1.61352],[29.21304,-1.61924],[29.22446,-1.61471],[29.23779,-1.61614],[29.27372,-1.6297],[29.29128,-1.63051],[29.31378,-1.59096],[29.32602,-1.57995],[29.33581,-1.5572],[29.37791,-1.5279]]]},"properties":{"nom":"Nyiragongo","province":"Nord-Kivu","pcode":"CD6102"}},{"type":"Feature","geometry":{"type":"Polygon","coordinates":[[[28.85778,-1.71485],[28.86269,-1.70703],[28.88296,-1.72875],[28.9033,-1.73313],[28.91701,-1.74224],[28.93557,-1.74487],[28.96918,-1.74166],[28.97946,-1.73301],[28.98388,-1.70984],[28.99906,-1.68975],[29.0223,-1.67397],[29.03561,-1.65809],[29.04949,-1.62728],[29.06109,-1.61217],[29.07212,-1.60987],[29.11524,-1.63028],[29.13117,-1.62865],[29.12908,-1.61168],[29.13596,-1.59997],[29.13693,-1.5917],[29.14166,-1.58955],[29.13596,-1.57869],[29.13493,-1.52529],[29.17269,-1.4631],[29.20082,-1.43497],[29.21048,-1.43512],[29.22534,-1.40859],[29.22101,-1.39494],[29.18397,-1.37567],[29.10729,-1.37307],[29.08434,-1.36744],[29.08477,-1.35552],[29.07018,-1.33189],[29.07209,-1.31681],[29.06418,-1.31945],[29.06301,-1.31681],[29.06711,-1.31183],[29.06374,-1.30978],[29.06374,-1.30305],[29.06901,-1.29851],[29.06316,-1.28489],[29.06067,-1.28489],[29.06169,-1.27537],[29.05818,-1.27669],[29.06564,-1.26087],[29.0655,-1.25267],[29.05334,-1.23773],[29.04954,-1.22616],[29.03123,-1.19658],[29.03035,-1.18545],[29.0346,-1.18223],[29.03416,-1.15572],[29.04075,-1.14899],[29.04236,-1.13156],[29.02654,-1.09788],[29.00317,-1.08126],[29.00081,-1.0708],[28.99581,-1.0692],[28.99534,-1.06184],[28.98875,-1.05572],[28.97527,-1.05864],[28.96301,-1.05006],[28.95736,-1.05242],[28.94671,-1.04196],[28.94454,-1.03281],[28.93795,-1.02412],[28.93251,-1.02071],[28.92223,-1.02051],[28.91004,-1.00873],[28.90275,-0.99899],[28.90302,-0.99054],[28.88722,-0.98979],[28.87217,-0.98012],[28.85984,-0.97958],[28.85385,-0.97651],[28.84758,-0.96446],[28.84179,-0.95996],[28.83097,-0.96044],[28.8163,-0.95497],[28.80321,-0.95854],[28.78774,-0.98079],[28.76597,-0.98936],[28.74479,-0.97686],[28.73171,-0.97782],[28.73218,-0.98103],[28.72683,-0.98603],[28.71311,-0.98431],[28.71006,-0.98817],[28.69443,-0.98208],[28.69575,-0.98644],[28.69171,-0.99122],[28.70134,-0.99755],[28.70249,-1.00957],[28.69937,-1.00981],[28.69756,-1.01533],[28.69122,-1.01097],[28.68637,-1.01705],[28.68283,-1.01615],[28.68727,-1.0252],[28.68094,-1.02685],[28.67937,-1.0317],[28.68793,-1.03409],[28.68456,-1.03631],[28.68711,-1.04429],[28.68538,-1.0503],[28.68184,-1.05342],[28.67855,-1.05202],[28.67797,-1.05885],[28.67106,-1.06387],[28.6811,-1.06972],[28.68011,-1.08173],[28.68299,-1.09152],[28.68834,-1.0972],[28.70216,-1.10329],[28.70241,-1.10699],[28.69871,-1.10691],[28.69599,-1.12361],[28.69756,-1.12748],[28.70422,-1.12814],[28.70965,-1.13283],[28.71105,-1.15241],[28.71698,-1.15809],[28.71582,-1.16327],[28.72199,-1.17932],[28.74059,-1.19396],[28.73319,-1.20277],[28.74652,-1.21643],[28.74586,-1.22515],[28.75178,-1.22548],[28.7503,-1.23321],[28.75803,-1.23955],[28.76626,-1.23667],[28.7805,-1.23782],[28.79062,-1.24654],[28.78716,-1.25123],[28.80346,-1.25123],[28.806,-1.26748],[28.80535,-1.27058],[28.79299,-1.27626],[28.77921,-1.27755],[28.75638,-1.28531],[28.7232,-1.30469],[28.69779,-1.33356],[28.66289,-1.33442],[28.65169,-1.34347],[28.64135,-1.3439],[28.63705,-1.3495],[28.63662,-1.35639],[28.64222,-1.36371],[28.65083,-1.38784],[28.64954,-1.40162],[28.66289,-1.43264],[28.66332,-1.44126],[28.65902,-1.44298],[28.65772,-1.45375],[28.60646,-1.45461],[28.58387,-1.46353],[28.58141,-1.49106],[28.58952,-1.51809],[28.57668,-1.53566],[28.58479,-1.5512],[28.57736,-1.58093],[28.57804,-1.60728],[28.57466,-1.63296],[28.57668,-1.65052],[28.56638,-1.68567],[28.56915,-1.69152],[28.57757,-1.68874],[28.59269,-1.69561],[28.59294,-1.70214],[28.60152,-1.70214],[28.60748,-1.70607],[28.61067,-1.70909],[28.60282,-1.71105],[28.60667,-1.71416],[28.60397,-1.72037],[28.61206,-1.71931],[28.61541,-1.72323],[28.62391,-1.72078],[28.63077,-1.72789],[28.63462,-1.72544],[28.63715,-1.72813],[28.64736,-1.72862],[28.64508,-1.73156],[28.65889,-1.74505],[28.65832,-1.75069],[28.66751,-1.75179],[28.66545,-1.74292],[28.66768,-1.73976],[28.6846,-1.74186],[28.69932,-1.76324],[28.7161,-1.78018],[28.74948,-1.78185],[28.76451,-1.77143],[28.81661,-1.7675],[28.82527,-1.76147],[28.8359,-1.73981],[28.85778,-1.71485]]]},"properties":{"nom":"Masisi","province":"Nord-Kivu","pcode":"CD6103"}},{"type":"Feature","geometry":{"type":"Polygon","coordinates":[[[28.56785,-1.68719],[28.56669,-1.68063],[28.57668,-1.65052],[28.57466,-1.63296],[28.57804,-1.60728],[28.57736,-1.58093],[28.58479,-1.5512],[28.57668,-1.53566],[28.58952,-1.51809],[28.58141,-1.49106],[28.58387,-1.46353],[28.60646,-1.45461],[28.65772,-1.45375],[28.65902,-1.44298],[28.66332,-1.44126],[28.66289,-1.43264],[28.64954,-1.40162],[28.65083,-1.38784],[28.64222,-1.36371],[28.63662,-1.35639],[28.63705,-1.3495],[28.64135,-1.3439],[28.65169,-1.34347],[28.66289,-1.33442],[28.69779,-1.33356],[28.7232,-1.30469],[28.75638,-1.28531],[28.77921,-1.27755],[28.79299,-1.27626],[28.80535,-1.27058],[28.806,-1.26748],[28.80346,-1.25123],[28.78716,-1.25123],[28.79062,-1.24654],[28.7805,-1.23782],[28.76626,-1.23667],[28.75803,-1.23955],[28.7503,-1.23321],[28.75178,-1.22548],[28.74586,-1.22515],[28.74652,-1.21643],[28.73319,-1.20277],[28.74059,-1.19396],[28.72199,-1.17932],[28.71582,-1.16327],[28.71698,-1.15809],[28.71105,-1.15241],[28.70965,-1.13283],[28.70422,-1.12814],[28.69756,-1.12748],[28.69599,-1.12361],[28.69871,-1.10691],[28.70241,-1.10699],[28.70216,-1.10329],[28.68834,-1.0972],[28.68299,-1.09152],[28.68011,-1.08173],[28.6811,-1.06972],[28.67106,-1.06387],[28.67797,-1.05885],[28.67855,-1.05202],[28.68184,-1.05342],[28.68538,-1.0503],[28.68711,-1.04429],[28.68456,-1.03631],[28.68793,-1.03409],[28.67937,-1.0317],[28.68094,-1.02685],[28.68727,-1.0252],[28.68283,-1.01615],[28.68637,-1.01705],[28.69122,-1.01097],[28.69756,-1.01533],[28.69937,-1.00981],[28.70249,-1.00957],[28.70134,-0.99755],[28.69171,-0.99122],[28.69575,-0.98644],[28.69443,-0.98208],[28.71006,-0.98817],[28.71311,-0.98431],[28.72683,-0.98603],[28.73218,-0.98103],[28.73171,-0.97782],[28.74479,-0.97686],[28.76597,-0.98936],[28.78774,-0.98079],[28.80535,-0.957],[28.81918,-0.95506],[28.83097,-0.96044],[28.84179,-0.95996],[28.84758,-0.96446],[28.85385,-0.97651],[28.85984,-0.97958],[28.87217,-0.98012],[28.88722,-0.98979],[28.90302,-0.99054],[28.90364,-1.00076],[28.92223,-1.02051],[28.97313,-1.02828],[28.98526,-1.00711],[28.99573,-0.97189],[29.01001,-0.95809],[29.01358,-0.94619],[29.0181,-0.94215],[29.01683,-0.9345],[29.01122,-0.9359],[28.96792,-0.91996],[28.95305,-0.91964],[28.95111,-0.91554],[28.94303,-0.91317],[28.93495,-0.91727],[28.9328,-0.91501],[28.93021,-0.91716],[28.91018,-0.91576],[28.89854,-0.92212],[28.89337,-0.91317],[28.89682,-0.90725],[28.89531,-0.89852],[28.90371,-0.887],[28.91707,-0.88527],[28.93355,-0.87601],[28.9412,-0.87612],[28.94562,-0.86976],[28.94982,-0.87278],[28.95262,-0.87105],[28.95585,-0.87741],[28.96178,-0.87116],[28.9732,-0.87461],[28.97621,-0.87062],[28.98257,-0.87418],[28.98612,-0.87041],[28.99539,-0.86901],[29.00121,-0.8605],[29.02027,-0.86674],[29.03956,-0.8592],[29.04494,-0.8605],[29.0513,-0.83852],[29.06283,-0.83389],[29.06346,-0.82604],[29.05534,-0.81627],[29.05405,-0.80506],[29.05146,-0.80678],[29.04924,-0.79996],[29.02474,-0.80247],[29.02136,-0.79967],[29.01949,-0.80226],[29.01102,-0.78207],[29.00211,-0.78085],[28.99392,-0.7728],[28.98486,-0.77086],[28.98142,-0.76691],[28.97588,-0.7404],[28.97948,-0.73681],[28.97732,-0.72596],[28.98091,-0.7223],[28.98019,-0.70491],[28.98429,-0.69895],[28.98357,-0.68781],[28.98976,-0.68058],[28.98498,-0.66939],[28.97736,-0.66171],[28.96744,-0.63359],[28.96992,-0.61266],[28.96013,-0.59379],[28.94186,-0.59379],[28.94216,-0.58471],[28.93303,-0.57643],[28.9294,-0.57661],[28.92595,-0.56931],[28.91424,-0.56323],[28.89912,-0.56923],[28.89322,-0.56393],[28.88209,-0.56523],[28.85855,-0.57679],[28.83987,-0.56836],[28.82014,-0.57305],[28.81649,-0.57019],[28.78895,-0.56897],[28.77053,-0.57835],[28.76671,-0.57679],[28.76002,-0.56697],[28.74012,-0.5522],[28.73499,-0.54429],[28.7197,-0.5376],[28.70979,-0.52231],[28.69059,-0.50884],[28.67738,-0.48173],[28.65992,-0.46409],[28.65523,-0.45532],[28.64228,-0.44637],[28.63516,-0.44898],[28.62629,-0.43733],[28.6342,-0.40718],[28.63466,-0.39132],[28.63232,-0.38797],[28.62924,-0.38998],[28.62542,-0.38556],[28.61363,-0.38616],[28.60907,-0.38348],[28.60278,-0.38703],[28.60203,-0.38187],[28.59821,-0.37993],[28.59124,-0.38518],[28.59072,-0.38895],[28.57953,-0.39249],[28.57605,-0.37839],[28.57896,-0.3737],[28.57919,-0.34669],[28.57354,-0.34447],[28.57885,-0.33622],[28.58341,-0.31648],[28.58222,-0.31351],[28.57605,-0.31277],[28.58564,-0.30071],[28.59801,-0.29274],[28.59992,-0.28703],[28.59361,-0.28655],[28.57781,-0.26828],[28.56925,-0.26939],[28.56669,-0.26594],[28.5588,-0.26461],[28.55425,-0.25316],[28.54858,-0.25283],[28.53835,-0.24471],[28.52146,-0.24527],[28.50301,-0.23449],[28.49601,-0.24171],[28.47911,-0.24093],[28.47756,-0.23227],[28.4807,-0.21943],[28.50011,-0.19645],[28.49994,-0.19228],[28.49919,-0.18714],[28.49171,-0.17932],[28.48235,-0.17829],[28.4812,-0.16441],[28.48457,-0.15956],[28.47498,-0.15059],[28.47487,-0.14511],[28.46407,-0.14009],[28.46076,-0.13198],[28.46304,-0.12541],[28.47579,-0.11993],[28.47501,-0.115],[28.47972,-0.11165],[28.46875,-0.10145],[28.47036,-0.09537],[28.46527,-0.09227],[28.46921,-0.08939],[28.4587,-0.08917],[28.45146,-0.07964],[28.45092,-0.08268],[28.43968,-0.085],[28.43986,-0.09035],[28.43272,-0.09214],[28.43058,-0.08821],[28.42558,-0.09339],[28.41933,-0.09107],[28.41791,-0.09838],[28.40185,-0.09428],[28.3981,-0.08821],[28.39453,-0.09303],[28.37972,-0.09196],[28.36705,-0.09856],[28.36455,-0.10927],[28.36062,-0.09981],[28.34599,-0.09624],[28.33974,-0.09035],[28.33546,-0.0991],[28.32243,-0.10445],[28.31833,-0.10088],[28.31511,-0.10195],[28.31654,-0.1148],[28.31119,-0.11623],[28.30815,-0.11319],[28.30155,-0.11641],[28.29816,-0.12212],[28.29174,-0.1223],[28.29406,-0.12462],[28.28763,-0.13407],[28.2796,-0.13461],[28.27425,-0.13729],[28.27443,-0.14228],[28.26925,-0.14068],[28.26461,-0.14496],[28.26193,-0.14068],[28.25622,-0.14674],[28.25694,-0.15138],[28.25158,-0.14906],[28.24409,-0.15156],[28.23409,-0.14657],[28.22356,-0.14746],[28.22124,-0.15031],[28.21607,-0.14282],[28.21518,-0.1471],[28.20822,-0.14817],[28.19912,-0.14121],[28.17092,-0.15085],[28.16896,-0.16209],[28.16307,-0.16191],[28.15789,-0.16638],[28.14825,-0.16459],[28.14272,-0.17155],[28.12928,-0.16298],[28.12761,-0.17019],[28.14499,-0.23004],[28.14367,-0.24176],[28.15447,-0.25871],[28.15041,-0.26906],[28.13357,-0.27969],[28.11348,-0.27771],[28.10074,-0.28649],[28.09621,-0.29362],[28.088,-0.29457],[28.07323,-0.30795],[28.03558,-0.30902],[28.00937,-0.31694],[27.99619,-0.3287],[27.9856,-0.36089],[27.97038,-0.37611],[27.95148,-0.38767],[27.94198,-0.40654],[27.95715,-0.43197],[27.9693,-0.44433],[27.97808,-0.47002],[27.97565,-0.4884],[27.97872,-0.51319],[27.97041,-0.54469],[27.96267,-0.55001],[27.94738,-0.54984],[27.93807,-0.56159],[27.93562,-0.5763],[27.91159,-0.58485],[27.90375,-0.59396],[27.84101,-0.59602],[27.83463,-0.60977],[27.83076,-0.61139],[27.82442,-0.62519],[27.82272,-0.65369],[27.82729,-0.65597],[27.83098,-0.66629],[27.82691,-0.67389],[27.80551,-0.69028],[27.80518,-0.72129],[27.80819,-0.73139],[27.80412,-0.73945],[27.80643,-0.74679],[27.8053,-0.75001],[27.80004,-0.74704],[27.78008,-0.78043],[27.7831,-0.79283],[27.77882,-0.80709],[27.77954,-0.81536],[27.76708,-0.8409],[27.77222,-0.87076],[27.76635,-0.88571],[27.75244,-0.89151],[27.72026,-0.89484],[27.71661,-0.89784],[27.70632,-0.89305],[27.69796,-0.91537],[27.67952,-0.92992],[27.66307,-0.92814],[27.65326,-0.93047],[27.64617,-0.92705],[27.63843,-0.93443],[27.62994,-0.92389],[27.62081,-0.92438],[27.60707,-0.91593],[27.58925,-0.91369],[27.57506,-0.9034],[27.55542,-0.90508],[27.54814,-0.90993],[27.51727,-0.899],[27.49969,-0.90044],[27.46366,-0.91481],[27.44173,-0.9135],[27.3859,-0.94516],[27.37244,-0.94819],[27.34684,-0.94253],[27.33454,-0.95015],[27.3108,-0.95505],[27.28576,-0.9788],[27.27617,-0.97791],[27.27435,-0.98022],[27.27669,-0.99583],[27.26875,-1.01171],[27.26854,-1.01815],[27.27752,-1.03834],[27.27825,-1.05259],[27.26665,-1.06756],[27.26829,-1.07836],[27.2841,-1.09233],[27.29039,-1.12931],[27.32155,-1.15564],[27.33809,-1.18179],[27.33445,-1.18893],[27.32716,-1.1924],[27.30268,-1.18144],[27.28761,-1.18379],[27.27712,-1.19026],[27.26518,-1.17283],[27.25057,-1.17402],[27.22825,-1.19271],[27.22714,-1.20489],[27.23537,-1.20509],[27.26473,-1.23925],[27.28236,-1.25207],[27.28674,-1.26447],[27.30918,-1.27911],[27.32638,-1.29767],[27.34534,-1.29738],[27.3648,-1.30674],[27.34823,-1.33921],[27.34694,-1.36082],[27.39142,-1.45005],[27.40331,-1.45867],[27.41148,-1.45813],[27.43057,-1.44622],[27.44942,-1.45933],[27.45846,-1.4947],[27.49862,-1.53871],[27.50789,-1.57523],[27.50818,-1.58972],[27.5153,-1.60096],[27.52562,-1.60897],[27.52841,-1.62207],[27.54077,-1.62708],[27.54789,-1.63786],[27.56069,-1.6369],[27.57147,-1.64721],[27.57809,-1.6442],[27.58727,-1.65635],[27.59734,-1.65884],[27.60607,-1.66939],[27.61545,-1.67281],[27.618,-1.6813],[27.62304,-1.68497],[27.64545,-1.68673],[27.65346,-1.69107],[27.65807,-1.70071],[27.65581,-1.70738],[27.65903,-1.71059],[27.66839,-1.70872],[27.67278,-1.72112],[27.67737,-1.72524],[27.67332,-1.74296],[27.68045,-1.75236],[27.68072,-1.76409],[27.68464,-1.77166],[27.69401,-1.77094],[27.69745,-1.77414],[27.72052,-1.76946],[27.73657,-1.78205],[27.73911,-1.79009],[27.74666,-1.78937],[27.74202,-1.83101],[27.75625,-1.84475],[27.75172,-1.85558],[27.75406,-1.86821],[27.74859,-1.87306],[27.75054,-1.90433],[27.74291,-1.93908],[27.74653,-1.97768],[27.73968,-2.00057],[27.78457,-2.02876],[27.83839,-2.03388],[27.8616,-2.01327],[27.88502,-2.00145],[27.90866,-1.9992],[27.94975,-2.00025],[27.96198,-2.01628],[27.97365,-2.00917],[27.98466,-2.00684],[27.98864,-2.00846],[27.99062,-2.02522],[27.99789,-2.03245],[28.01163,-2.01179],[28.04303,-2.004],[28.08714,-1.99868],[28.10079,-2.00834],[28.09486,-2.02506],[28.10012,-2.04742],[28.09976,-2.06577],[28.1475,-2.04691],[28.16706,-2.04596],[28.15117,-2.02004],[28.15497,-2.00094],[28.17165,-1.99393],[28.24004,-1.99055],[28.26639,-1.99396],[28.3042,-1.99051],[28.31571,-1.97869],[28.32712,-1.97616],[28.33839,-1.98913],[28.35034,-1.994],[28.37433,-1.99322],[28.38227,-1.97789],[28.37704,-1.96086],[28.35019,-1.94757],[28.35386,-1.93992],[28.36237,-1.92766],[28.37203,-1.92152],[28.4244,-1.89988],[28.45078,-1.89295],[28.44974,-1.86513],[28.48157,-1.87671],[28.51106,-1.87681],[28.52419,-1.89675],[28.54157,-1.8969],[28.55853,-1.90464],[28.56676,-1.90483],[28.57926,-1.89075],[28.60551,-1.88073],[28.62998,-1.88361],[28.64099,-1.89091],[28.64735,-1.88307],[28.67775,-1.86771],[28.70031,-1.82862],[28.69574,-1.80597],[28.66887,-1.79392],[28.6751,-1.77002],[28.66751,-1.75179],[28.65832,-1.75069],[28.65889,-1.74505],[28.64508,-1.73156],[28.64736,-1.72862],[28.63715,-1.72813],[28.63462,-1.72544],[28.63077,-1.72789],[28.62391,-1.72078],[28.61541,-1.72323],[28.61206,-1.71931],[28.60397,-1.72037],[28.60667,-1.71416],[28.60282,-1.71105],[28.61067,-1.70909],[28.60748,-1.70607],[28.60152,-1.70214],[28.59294,-1.70214],[28.59269,-1.69561],[28.58738,-1.6925],[28.57488,-1.68825],[28.56915,-1.69152],[28.56785,-1.68719]]]},"properties":{"nom":"Walikale","province":"Nord-Kivu","pcode":"CD6104"}},{"type":"Feature","geometry":{"type":"Polygon","coordinates":[[[29.44486,-0.59994],[29.45348,-0.60331],[29.4536,-0.60761],[29.46346,-0.61759],[29.4648,-0.61309],[29.47127,-0.61529],[29.47203,-0.62054],[29.4669,-0.62384],[29.47667,-0.62568],[29.48088,-0.63212],[29.47999,-0.64124],[29.48654,-0.64727],[29.526,-0.62227],[29.51606,-0.61656],[29.53442,-0.62056],[29.55894,-0.6191],[29.5717,-0.60634],[29.58447,-0.58536],[29.59349,-0.57821],[29.61105,-0.54848],[29.61218,-0.53398],[29.61369,-0.53901],[29.61656,-0.53281],[29.61879,-0.51066],[29.64229,-0.48365],[29.64739,-0.46862],[29.6434,-0.4668],[29.6548,-0.4599],[29.65817,-0.46137],[29.66242,-0.45351],[29.68039,-0.44569],[29.74622,-0.16442],[29.74177,-0.11025],[29.74925,-0.09892],[29.75774,-0.06731],[29.74809,-0.07399],[29.75261,-0.07786],[29.73979,-0.07314],[29.71652,-0.07282],[29.70187,-0.06597],[29.69671,-0.07089],[29.70511,-0.07189],[29.69661,-0.07555],[29.68142,-0.10449],[29.65494,-0.11806],[29.64301,-0.12869],[29.53906,-0.15248],[29.52725,-0.14479],[29.4817,-0.14102],[29.4454,-0.12639],[29.4283,-0.12764],[29.41007,-0.13609],[29.40872,-0.12991],[29.40242,-0.12991],[29.38814,-0.11563],[29.36196,-0.10611],[29.34531,-0.09184],[29.30962,-0.07994],[29.29772,-0.07042],[29.3001,-0.05614],[29.31438,-0.04425],[29.31913,-0.02997],[29.31913,0.00334],[29.30248,0.01048],[29.29534,0.02],[29.29612,0.03455],[29.28343,0.03162],[29.28001,0.04187],[29.27025,0.05163],[29.26439,0.06823],[29.26542,0.09958],[29.25958,0.09458],[29.24625,0.09213],[29.24385,0.0986],[29.23845,0.10046],[29.22487,0.09499],[29.22063,0.10477],[29.22417,0.11316],[29.22133,0.12004],[29.22495,0.12642],[29.212,0.12994],[29.20542,0.14125],[29.21542,0.15042],[29.22958,0.15125],[29.22875,0.15792],[29.20869,0.16543],[29.18477,0.16787],[29.17891,0.17128],[29.16622,0.20009],[29.17452,0.20399],[29.17794,0.20985],[29.17696,0.2162],[29.16866,0.22059],[29.16866,0.22444],[29.1609,0.22347],[29.15228,0.22862],[29.14815,0.22707],[29.1285,0.23178],[29.11577,0.23929],[29.10638,0.23912],[29.09986,0.2466],[29.09598,0.24436],[29.08159,0.24551],[29.07271,0.25108],[29.06619,0.24703],[29.04403,0.25872],[29.03955,0.2564],[29.03557,0.26063],[29.03085,0.26022],[29.01963,0.26714],[29.01707,0.28104],[29.00882,0.28353],[29.00743,0.28754],[29.00078,0.29058],[28.99966,0.30416],[28.99204,0.30924],[28.98543,0.30657],[28.99296,0.31363],[28.99635,0.32452],[28.99457,0.3297],[29.00117,0.33398],[28.99707,0.34397],[29.00153,0.34826],[28.99974,0.35932],[29.00331,0.36271],[28.9976,0.38784],[28.99207,0.39198],[29.00349,0.39287],[29.00172,0.40265],[29.00653,0.41351],[28.99981,0.42384],[29.00671,0.42942],[29.006,0.43513],[29.01421,0.44583],[29.01352,0.45034],[29.02349,0.45868],[29.02599,0.46475],[29.02349,0.47151],[29.02544,0.47847],[29.01338,0.48625],[29.0201,0.49741],[29.01795,0.50776],[29.02295,0.51383],[29.02527,0.52632],[29.03402,0.52953],[29.03138,0.53637],[29.04276,0.5447],[29.04419,0.55184],[29.0524,0.55237],[29.05328,0.55824],[29.04776,0.56522],[29.05454,0.57772],[29.05293,0.58325],[29.06079,0.59271],[29.06215,0.60816],[29.04615,0.58952],[29.01701,0.58389],[29.00548,0.56342],[28.99142,0.56032],[28.97181,0.5629],[28.93208,0.58205],[28.90092,0.58763],[28.80344,0.57652],[28.68987,0.57072],[28.67429,0.57155],[28.66037,0.58137],[28.65739,0.57242],[28.65358,0.57242],[28.6465,0.55864],[28.63874,0.55427],[28.63166,0.54486],[28.61568,0.54693],[28.60495,0.53821],[28.59194,0.54028],[28.57802,0.52742],[28.55496,0.51962],[28.55885,0.52881],[28.55428,0.53249],[28.55474,0.54421],[28.52896,0.54215],[28.52325,0.54491],[28.50704,0.53389],[28.49838,0.54193],[28.50018,0.55992],[28.505,0.56675],[28.48789,0.57778],[28.48218,0.58606],[28.47693,0.58721],[28.47716,0.59318],[28.45891,0.60675],[28.44704,0.62123],[28.44636,0.62973],[28.44248,0.62835],[28.43427,0.63502],[28.42331,0.63548],[28.41007,0.65249],[28.39273,0.65778],[28.3909,0.66353],[28.37812,0.66192],[28.37539,0.67778],[28.35804,0.68698],[28.35165,0.68629],[28.34343,0.69502],[28.33775,0.69783],[28.31431,0.697],[28.2485,0.68802],[28.1591,0.68522],[28.09599,0.67344],[28.07385,0.67894],[28.06952,0.67641],[28.06815,0.66423],[28.06176,0.66331],[28.0451,0.6509],[28.04282,0.63964],[28.02753,0.63297],[28.01794,0.63619],[28.00904,0.6332],[27.99307,0.61274],[27.97664,0.61343],[27.9691,0.62124],[27.95525,0.62185],[27.92273,0.59844],[27.89306,0.5617],[27.8552,0.55757],[27.7966,0.53002],[27.81691,0.51801],[27.82993,0.50354],[27.83724,0.50032],[27.84112,0.49297],[27.85413,0.48792],[27.86371,0.48816],[27.88106,0.48035],[27.89201,0.48334],[27.90114,0.49139],[27.90502,0.4822],[27.91073,0.48036],[27.91757,0.49185],[27.92099,0.49185],[27.93492,0.48037],[27.94108,0.47852],[27.95363,0.48083],[27.95979,0.4744],[27.98284,0.47142],[28.00407,0.47396],[28.01297,0.46109],[28.02666,0.46339],[28.03002,0.44772],[28.02484,0.4391],[28.02598,0.43628],[28.0326,0.43674],[28.03694,0.43169],[28.04789,0.42778],[28.05178,0.40786],[28.04539,0.41108],[28.03444,0.40274],[28.04402,0.3947],[28.03946,0.38121],[28.04197,0.37747],[28.05041,0.38137],[28.05635,0.38046],[28.05905,0.37659],[28.05658,0.33956],[28.06202,0.33204],[28.0559,0.32447],[28.05454,0.30739],[28.06207,0.28488],[28.06778,0.28051],[28.06618,0.26971],[28.0696,0.26489],[28.07622,0.26512],[28.0833,0.24743],[28.09676,0.24514],[28.10178,0.23342],[28.12003,0.23412],[28.13417,0.22079],[28.12802,0.21023],[28.12711,0.19254],[28.12026,0.1868],[28.1376,0.18358],[28.15403,0.15097],[28.1522,0.14477],[28.13966,0.13811],[28.13692,0.12777],[28.1278,0.12455],[28.13077,0.11927],[28.12803,0.11583],[28.10431,0.10641],[28.10248,0.10296],[28.10682,0.09378],[28.09952,0.07908],[28.1066,0.063],[28.09839,0.04187],[28.1025,0.02832],[28.09702,0.02235],[28.10227,0.01271],[28.10068,0.00467],[28.09129,-0.00505],[28.10119,-0.0259],[28.10376,-0.03921],[28.10198,-0.05069],[28.10771,-0.05687],[28.11033,-0.08027],[28.11634,-0.09838],[28.11366,-0.11102],[28.11832,-0.1335],[28.11864,-0.15394],[28.12761,-0.1702],[28.12928,-0.16298],[28.14272,-0.17155],[28.14825,-0.16459],[28.15914,-0.1662],[28.16128,-0.16263],[28.16896,-0.16209],[28.17092,-0.15085],[28.19912,-0.14121],[28.20822,-0.14817],[28.21518,-0.1471],[28.21607,-0.14282],[28.22124,-0.15031],[28.22356,-0.14746],[28.23409,-0.14657],[28.24409,-0.15156],[28.25158,-0.14906],[28.25694,-0.15138],[28.25622,-0.14674],[28.26193,-0.14068],[28.26461,-0.14496],[28.26925,-0.14068],[28.27443,-0.14228],[28.27425,-0.13729],[28.2796,-0.13461],[28.28763,-0.13407],[28.29406,-0.12462],[28.29174,-0.1223],[28.29816,-0.12212],[28.30155,-0.11641],[28.30815,-0.11319],[28.31119,-0.11623],[28.31654,-0.1148],[28.31511,-0.10195],[28.31833,-0.10088],[28.32243,-0.10445],[28.33546,-0.0991],[28.33974,-0.09035],[28.34599,-0.09624],[28.36062,-0.09981],[28.36455,-0.10927],[28.36705,-0.09856],[28.37972,-0.09196],[28.39453,-0.09303],[28.3981,-0.08821],[28.40185,-0.09428],[28.41791,-0.09838],[28.41933,-0.09107],[28.42558,-0.09339],[28.43058,-0.08821],[28.43272,-0.09214],[28.43986,-0.09035],[28.43968,-0.085],[28.45092,-0.08268],[28.45146,-0.07964],[28.4587,-0.08917],[28.46921,-0.08939],[28.46527,-0.09227],[28.47036,-0.09537],[28.46875,-0.10145],[28.47972,-0.11165],[28.47501,-0.115],[28.47579,-0.11993],[28.46304,-0.12541],[28.46076,-0.13198],[28.46407,-0.14009],[28.47487,-0.14511],[28.47498,-0.15059],[28.48457,-0.15956],[28.4812,-0.16441],[28.48235,-0.17829],[28.49171,-0.17932],[28.49919,-0.18714],[28.49994,-0.19228],[28.50011,-0.19645],[28.4807,-0.21943],[28.47756,-0.23227],[28.47911,-0.24093],[28.49601,-0.24171],[28.50301,-0.23449],[28.52146,-0.24527],[28.53835,-0.24471],[28.54858,-0.25283],[28.55425,-0.25316],[28.5588,-0.26461],[28.56669,-0.26594],[28.56925,-0.26939],[28.57781,-0.26828],[28.59361,-0.28655],[28.59992,-0.28703],[28.59801,-0.29274],[28.58564,-0.30071],[28.57605,-0.31277],[28.58222,-0.31351],[28.58341,-0.31648],[28.57885,-0.33622],[28.57354,-0.34447],[28.57919,-0.34669],[28.57896,-0.3737],[28.57605,-0.37839],[28.57953,-0.39249],[28.59072,-0.38895],[28.59124,-0.38518],[28.59821,-0.37993],[28.60203,-0.38187],[28.60278,-0.38703],[28.60907,-0.38348],[28.61363,-0.38616],[28.62542,-0.38556],[28.62924,-0.38998],[28.63232,-0.38797],[28.63466,-0.39132],[28.6342,-0.40718],[28.62629,-0.43733],[28.63516,-0.44898],[28.64228,-0.44637],[28.65523,-0.45532],[28.65992,-0.46409],[28.67738,-0.48173],[28.69059,-0.50884],[28.70979,-0.52231],[28.7197,-0.5376],[28.73499,-0.54429],[28.74012,-0.5522],[28.76002,-0.56697],[28.76671,-0.57679],[28.77053,-0.57835],[28.78895,-0.56897],[28.81649,-0.57019],[28.82014,-0.57305],[28.839,-0.56836],[28.85855,-0.57679],[28.88209,-0.56523],[28.89322,-0.56393],[28.89912,-0.56923],[28.91424,-0.56323],[28.92595,-0.56931],[28.9294,-0.57661],[28.93303,-0.57643],[28.94216,-0.58471],[28.94186,-0.59379],[28.96013,-0.59379],[28.96992,-0.61266],[28.96744,-0.63359],[28.97736,-0.66171],[28.98498,-0.66939],[28.98976,-0.68058],[28.98357,-0.68781],[28.98429,-0.69895],[28.98019,-0.70491],[28.98091,-0.7223],[28.97732,-0.72596],[28.97948,-0.73681],[28.97588,-0.7404],[28.98142,-0.76691],[28.98486,-0.77086],[28.99392,-0.7728],[29.00211,-0.78085],[29.01102,-0.78207],[29.01949,-0.80226],[29.02136,-0.79967],[29.02567,-0.80247],[29.04845,-0.79953],[29.05146,-0.80678],[29.05405,-0.80506],[29.05886,-0.82216],[29.06476,-0.82647],[29.06669,-0.81993],[29.0705,-0.81885],[29.06892,-0.81153],[29.07395,-0.80779],[29.07338,-0.79982],[29.07747,-0.7991],[29.08078,-0.79256],[29.08444,-0.77737],[29.08983,-0.77857],[29.09397,-0.76874],[29.10842,-0.76136],[29.10824,-0.75645],[29.11783,-0.74332],[29.11812,-0.72615],[29.12816,-0.71316],[29.13145,-0.70223],[29.14248,-0.70589],[29.15476,-0.69778],[29.16669,-0.6975],[29.18315,-0.68242],[29.18555,-0.66678],[29.18972,-0.66386],[29.19893,-0.66584],[29.21296,-0.6825],[29.23021,-0.69233],[29.23822,-0.70213],[29.29081,-0.69445],[29.33368,-0.66133],[29.3279,-0.64371],[29.3351,-0.64373],[29.34214,-0.65059],[29.35909,-0.65687],[29.3744,-0.65462],[29.37067,-0.66863],[29.36396,-0.67671],[29.36257,-0.68995],[29.36385,-0.69181],[29.36748,-0.68491],[29.36773,-0.69152],[29.37084,-0.69212],[29.3684,-0.69596],[29.36499,-0.69333],[29.36324,-0.69881],[29.3709,-0.70476],[29.37794,-0.68183],[29.38126,-0.68292],[29.39001,-0.67815],[29.39248,-0.68849],[29.39762,-0.69056],[29.40109,-0.67159],[29.4043,-0.67111],[29.40513,-0.66595],[29.41592,-0.65495],[29.42059,-0.65611],[29.42209,-0.64885],[29.43553,-0.63701],[29.42871,-0.61657],[29.44239,-0.60914],[29.44093,-0.60414],[29.44486,-0.59994]]]},"properties":{"nom":"Lubero","province":"Nord-Kivu","pcode":"CD6105"}},{"type":"Feature","geometry":{"type":"Polygon","coordinates":[[[29.96456,0.59378],[29.95855,0.61541],[29.94967,0.62977],[29.91084,0.65438],[29.91886,0.68608],[29.9381,0.70626],[29.94247,0.71866],[29.94135,0.74509],[29.94824,0.75197],[29.95079,0.76852],[29.96177,0.77953],[29.96032,0.78693],[29.97166,0.81444],[29.98833,0.83302],[29.98677,0.83716],[29.9701,0.8349],[29.95569,0.82275],[29.95705,0.81631],[29.95385,0.81333],[29.94495,0.81703],[29.92369,0.79868],[29.90703,0.8051],[29.90887,0.81365],[29.89977,0.82425],[29.89524,0.84379],[29.88794,0.84749],[29.87496,0.86659],[29.87683,0.88819],[29.87524,0.89073],[29.86496,0.88983],[29.86018,0.89742],[29.86121,0.9542],[29.85148,0.93995],[29.83806,0.94141],[29.82165,0.93078],[29.80776,0.91054],[29.79811,0.90963],[29.79464,0.90638],[29.75615,0.90796],[29.74351,0.89696],[29.74532,0.88731],[29.74096,0.8749],[29.73525,0.87445],[29.72679,0.86551],[29.70469,0.86441],[29.69599,0.86833],[29.66365,0.90612],[29.65912,0.90768],[29.64853,0.90153],[29.64087,0.90105],[29.63399,0.88611],[29.62735,0.88162],[29.62749,0.85632],[29.62319,0.85346],[29.60014,0.86123],[29.58595,0.86188],[29.57253,0.87096],[29.55979,0.87484],[29.53735,0.86334],[29.52291,0.86117],[29.52164,0.8471],[29.52821,0.83753],[29.52912,0.81304],[29.53686,0.78872],[29.50964,0.79021],[29.49457,0.80102],[29.48611,0.84202],[29.4754,0.85284],[29.45806,0.86022],[29.44708,0.84737],[29.44204,0.83404],[29.4297,0.83015],[29.41988,0.82327],[29.41576,0.8157],[29.40959,0.81501],[29.40456,0.80997],[29.37751,0.82782],[29.36973,0.82211],[29.36955,0.78756],[29.36435,0.76381],[29.37056,0.75343],[29.37009,0.747],[29.36123,0.72361],[29.34762,0.71341],[29.34701,0.70979],[29.36286,0.6931],[29.37675,0.69704],[29.38945,0.68369],[29.39428,0.67145],[29.41134,0.6658],[29.43191,0.65133],[29.46952,0.64872],[29.47392,0.6253],[29.45688,0.61539],[29.43372,0.60851],[29.39218,0.60293],[29.38126,0.59632],[29.36502,0.611],[29.36617,0.61674],[29.3591,0.61629],[29.34747,0.62274],[29.33012,0.62529],[29.3281,0.62825],[29.33134,0.64432],[29.33952,0.65608],[29.32617,0.6737],[29.32974,0.68436],[29.32541,0.68689],[29.30436,0.67558],[29.29626,0.66062],[29.29501,0.64615],[29.28075,0.61787],[29.29016,0.60038],[29.2905,0.58665],[29.28271,0.58857],[29.27665,0.59614],[29.26371,0.60363],[29.25361,0.61878],[29.22215,0.61694],[29.21874,0.62521],[29.2046,0.6335],[29.20369,0.63856],[29.19457,0.64455],[29.18727,0.64548],[29.1818,0.6549],[29.177,0.64824],[29.17335,0.65606],[29.16253,0.66167],[29.16493,0.66517],[29.16288,0.67676],[29.12794,0.66117],[29.11766,0.65176],[29.11012,0.65016],[29.10396,0.65362],[29.09892,0.63914],[29.07267,0.62883],[29.0706,0.61711],[29.06215,0.60816],[29.06079,0.59271],[29.05293,0.58325],[29.05454,0.57772],[29.04776,0.56522],[29.05328,0.55824],[29.0524,0.55237],[29.04419,0.55184],[29.04276,0.5447],[29.03138,0.53637],[29.03402,0.52953],[29.02527,0.52632],[29.02295,0.51383],[29.01795,0.50776],[29.0201,0.49741],[29.01338,0.48625],[29.02544,0.47847],[29.02349,0.47151],[29.02599,0.46475],[29.02349,0.45868],[29.01352,0.45034],[29.01421,0.44583],[29.006,0.43513],[29.00671,0.42942],[28.99981,0.42384],[29.00653,0.41351],[29.00172,0.40265],[29.00349,0.39287],[28.99207,0.39198],[28.9976,0.38784],[29.00331,0.36271],[28.99974,0.35932],[29.00153,0.34826],[28.99707,0.34397],[29.00117,0.33398],[28.99457,0.3297],[28.99635,0.32452],[28.99296,0.31363],[28.98543,0.30657],[28.99204,0.30924],[28.99966,0.30416],[29.00078,0.29058],[29.00743,0.28754],[29.00882,0.28353],[29.01707,0.28104],[29.01963,0.26714],[29.03085,0.26022],[29.03557,0.26063],[29.03955,0.2564],[29.04403,0.25872],[29.06619,0.24703],[29.07271,0.25108],[29.08159,0.24551],[29.09598,0.24436],[29.09986,0.2466],[29.10638,0.23912],[29.11577,0.23929],[29.1285,0.23178],[29.14815,0.22707],[29.15228,0.22862],[29.1609,0.22347],[29.16866,0.22444],[29.16866,0.22059],[29.17696,0.2162],[29.17794,0.20985],[29.17452,0.20399],[29.16622,0.20009],[29.17208,0.1913],[29.17598,0.17519],[29.18477,0.16787],[29.20869,0.16543],[29.22875,0.15792],[29.2343,0.16713],[29.23096,0.17046],[29.2318,0.17463],[29.23795,0.17796],[29.24497,0.17587],[29.24609,0.17866],[29.24697,0.17393],[29.25202,0.17163],[29.26093,0.1765],[29.28328,0.18005],[29.29537,0.1963],[29.29953,0.1938],[29.31042,0.19625],[29.31287,0.2063],[29.32037,0.21213],[29.32203,0.21796],[29.3187,0.22462],[29.32056,0.22282],[29.33176,0.20386],[29.3339,0.18721],[29.33127,0.18211],[29.33453,0.17963],[29.34537,0.1463],[29.3462,0.13213],[29.35287,0.12546],[29.35458,0.11376],[29.37125,0.10125],[29.37369,0.0915],[29.36346,0.08199],[29.36227,0.07128],[29.35108,0.07128],[29.34528,0.0589],[29.33551,0.06049],[29.32635,0.05381],[29.31458,0.06208],[29.30218,0.06123],[29.29708,0.06875],[29.28708,0.07458],[29.28458,0.08375],[29.28792,0.08708],[29.28042,0.09875],[29.27875,0.10875],[29.27292,0.11458],[29.26625,0.10458],[29.26439,0.06823],[29.27025,0.05163],[29.28001,0.04187],[29.28343,0.03162],[29.29612,0.03455],[29.29534,0.02],[29.30248,0.01048],[29.31913,0.00334],[29.31913,-0.02997],[29.31438,-0.04425],[29.3001,-0.05614],[29.29772,-0.07042],[29.30962,-0.07994],[29.34531,-0.09184],[29.36196,-0.10611],[29.38814,-0.11563],[29.40242,-0.12991],[29.40872,-0.12991],[29.41007,-0.13609],[29.4283,-0.12764],[29.4454,-0.12639],[29.4817,-0.14102],[29.52725,-0.14479],[29.53906,-0.15248],[29.64142,-0.12939],[29.65494,-0.11806],[29.68142,-0.10449],[29.69661,-0.07555],[29.70511,-0.07189],[29.69671,-0.07089],[29.70187,-0.06597],[29.71652,-0.07282],[29.73979,-0.07314],[29.75261,-0.07786],[29.74809,-0.07399],[29.75776,-0.06728],[29.75427,-0.05608],[29.74574,-0.04814],[29.74448,-0.04113],[29.76019,-0.02538],[29.76016,-0.01725],[29.73963,0.00953],[29.73104,0.06507],[29.73424,0.07073],[29.74809,0.08023],[29.74801,0.10684],[29.76326,0.12759],[29.79038,0.15029],[29.8261,0.16615],[29.83943,0.18388],[29.86138,0.302],[29.87351,0.3373],[29.87324,0.35698],[29.88303,0.38561],[29.88758,0.39128],[29.89866,0.39582],[29.9595,0.40735],[29.963,0.4106],[29.99232,0.48203],[29.99267,0.49893],[29.98869,0.54304],[29.98168,0.5526],[29.96456,0.59378]],[[29.4526,0.48007],[29.44632,0.48326],[29.44137,0.4936],[29.44126,0.50604],[29.44632,0.51188],[29.48166,0.52784],[29.48936,0.52145],[29.49399,0.50945],[29.49332,0.48557],[29.47538,0.47566],[29.45843,0.47665],[29.4526,0.48007]]]},"properties":{"nom":"Oïcha","province":"Nord-Kivu","pcode":"CD6107"}},{"type":"Feature","geometry":{"type":"Polygon","coordinates":[[[29.44126,0.50604],[29.44137,0.4936],[29.44632,0.48326],[29.45843,0.47665],[29.47538,0.47566],[29.49332,0.48557],[29.49399,0.50945],[29.48936,0.52145],[29.48166,0.52784],[29.44632,0.51188],[29.44126,0.50604]]]},"properties":{"nom":"Beni","province":"Nord-Kivu","pcode":"CD6109"}},{"type":"Feature","geometry":{"type":"Polygon","coordinates":[[[29.30708,0.19542],[29.29953,0.1938],[29.29537,0.1963],[29.28328,0.18005],[29.26093,0.1765],[29.25202,0.17163],[29.24697,0.17393],[29.24609,0.17866],[29.24497,0.17587],[29.23795,0.17796],[29.2318,0.17463],[29.23096,0.17046],[29.2343,0.16713],[29.22875,0.15792],[29.23042,0.15208],[29.21542,0.15042],[29.20542,0.14125],[29.212,0.12994],[29.22495,0.12642],[29.22133,0.12004],[29.22417,0.11316],[29.22063,0.10477],[29.22487,0.09499],[29.23845,0.10046],[29.24385,0.0986],[29.24625,0.09213],[29.25958,0.09458],[29.26542,0.09958],[29.26875,0.11125],[29.27292,0.11458],[29.27875,0.10875],[29.28042,0.09875],[29.28792,0.08708],[29.28458,0.08375],[29.28708,0.07458],[29.29708,0.06875],[29.30218,0.06123],[29.31458,0.06208],[29.32635,0.05381],[29.33551,0.06049],[29.34528,0.0589],[29.35108,0.07128],[29.36227,0.07128],[29.36346,0.08199],[29.37345,0.09055],[29.37292,0.09875],[29.35458,0.11376],[29.35287,0.12546],[29.3462,0.13213],[29.34537,0.1463],[29.33453,0.17963],[29.33127,0.18211],[29.3339,0.18721],[29.33176,0.20386],[29.3187,0.22462],[29.32203,0.21796],[29.32037,0.21213],[29.31287,0.2063],[29.31042,0.19625],[29.30708,0.19542]]]},"properties":{"nom":"Butembo","province":"Nord-Kivu","pcode":"CD6110"}},{"type":"Feature","geometry":{"type":"Polygon","coordinates":[[[29.5118,-1.44757],[29.52317,-1.42753],[29.53019,-1.42087],[29.55285,-1.42169],[29.57516,-1.39769],[29.59583,-1.39515],[29.60095,-1.39116],[29.60903,-1.36707],[29.60985,-1.33815],[29.60307,-1.30928],[29.6001,-1.27668],[29.60121,-1.26394],[29.61116,-1.24102],[29.60447,-1.22488],[29.58784,-1.2081],[29.59381,-1.18587],[29.59517,-1.16243],[29.58752,-1.12502],[29.59503,-1.06209],[29.59173,-1.00517],[29.59378,-0.98725],[29.59967,-0.98767],[29.60087,-0.98117],[29.59675,-0.97683],[29.60082,-0.9716],[29.5958,-0.96641],[29.59538,-0.93364],[29.58837,-0.90988],[29.59284,-0.90354],[29.59932,-0.90251],[29.61507,-0.90121],[29.62759,-0.90484],[29.63532,-0.89194],[29.62887,-0.88569],[29.63115,-0.88074],[29.62708,-0.87262],[29.63024,-0.86729],[29.62679,-0.85962],[29.63063,-0.84782],[29.63999,-0.83538],[29.64084,-0.82248],[29.63197,-0.80379],[29.63333,-0.79729],[29.62737,-0.79124],[29.63115,-0.78793],[29.62846,-0.7864],[29.62799,-0.77772],[29.63211,-0.77184],[29.62877,-0.75756],[29.6324,-0.74727],[29.62604,-0.70578],[29.63193,-0.69748],[29.63657,-0.67287],[29.64135,-0.67192],[29.64766,-0.65879],[29.64918,-0.64522],[29.65911,-0.62817],[29.64979,-0.59767],[29.66572,-0.59022],[29.67927,-0.56717],[29.67445,-0.55558],[29.66811,-0.55499],[29.66548,-0.55117],[29.671,-0.52197],[29.66748,-0.50775],[29.677,-0.49667],[29.67418,-0.49168],[29.68394,-0.46243],[29.68371,-0.44665],[29.67933,-0.44543],[29.6608,-0.45472],[29.65817,-0.46137],[29.6548,-0.4599],[29.6434,-0.4668],[29.64739,-0.46862],[29.64229,-0.48365],[29.61879,-0.51066],[29.61656,-0.53281],[29.61369,-0.53901],[29.61218,-0.53398],[29.61105,-0.54848],[29.59349,-0.57821],[29.58447,-0.58536],[29.5717,-0.60634],[29.55894,-0.6191],[29.53442,-0.62056],[29.51606,-0.61656],[29.526,-0.62227],[29.48654,-0.64727],[29.47999,-0.64124],[29.48088,-0.63212],[29.47667,-0.62568],[29.4669,-0.62384],[29.47203,-0.62054],[29.47127,-0.61529],[29.4648,-0.61309],[29.46346,-0.61759],[29.4536,-0.60761],[29.45348,-0.60331],[29.44486,-0.59994],[29.44093,-0.60414],[29.44239,-0.60914],[29.42871,-0.61657],[29.43553,-0.63701],[29.42209,-0.64885],[29.42059,-0.65611],[29.41592,-0.65495],[29.40513,-0.66595],[29.4043,-0.67111],[29.40109,-0.67159],[29.39762,-0.69056],[29.39248,-0.68849],[29.39001,-0.67815],[29.38126,-0.68292],[29.37794,-0.68183],[29.3709,-0.70476],[29.36324,-0.69881],[29.36499,-0.69333],[29.3684,-0.69596],[29.37084,-0.69212],[29.36773,-0.69152],[29.36748,-0.68491],[29.36385,-0.69181],[29.36257,-0.68995],[29.36396,-0.67671],[29.37067,-0.66863],[29.3744,-0.65462],[29.35909,-0.65687],[29.34214,-0.65059],[29.3351,-0.64373],[29.3279,-0.64371],[29.33368,-0.66133],[29.29081,-0.69445],[29.23822,-0.70213],[29.23021,-0.69233],[29.21296,-0.6825],[29.19893,-0.66584],[29.18972,-0.66386],[29.18555,-0.66678],[29.18315,-0.68242],[29.16669,-0.6975],[29.15476,-0.69778],[29.14248,-0.70589],[29.13145,-0.70223],[29.12816,-0.71316],[29.11812,-0.72615],[29.11783,-0.74332],[29.10824,-0.75645],[29.10806,-0.76202],[29.09397,-0.76874],[29.08983,-0.77857],[29.08444,-0.77737],[29.08078,-0.79256],[29.07747,-0.7991],[29.07338,-0.79982],[29.07395,-0.80779],[29.06892,-0.81153],[29.0705,-0.81885],[29.06346,-0.82604],[29.06283,-0.83389],[29.0513,-0.83852],[29.04494,-0.8605],[29.03956,-0.8592],[29.02027,-0.86674],[29.00121,-0.8605],[28.99539,-0.86901],[28.98612,-0.87041],[28.98257,-0.87418],[28.97621,-0.87062],[28.9732,-0.87461],[28.96178,-0.87116],[28.95585,-0.87741],[28.95262,-0.87105],[28.94982,-0.87278],[28.94562,-0.86976],[28.9412,-0.87612],[28.93355,-0.87601],[28.91707,-0.88527],[28.90371,-0.887],[28.89531,-0.89852],[28.89682,-0.90725],[28.89337,-0.91317],[28.89854,-0.92212],[28.91018,-0.91576],[28.93021,-0.91716],[28.9328,-0.91501],[28.93495,-0.91727],[28.94303,-0.91317],[28.95111,-0.91554],[28.95305,-0.91964],[28.96792,-0.91996],[29.01122,-0.9359],[29.01683,-0.9345],[29.01929,-0.93905],[29.01358,-0.94619],[29.01001,-0.95809],[28.99573,-0.97189],[28.98526,-1.00711],[28.97313,-1.02828],[28.93565,-1.02356],[28.94454,-1.03281],[28.94671,-1.04196],[28.95736,-1.05242],[28.96301,-1.05006],[28.97527,-1.05864],[28.98875,-1.05572],[28.99534,-1.06184],[28.99581,-1.0692],[29.00081,-1.0708],[29.00317,-1.08126],[29.02654,-1.09788],[29.03518,-1.11208],[29.03753,-1.12424],[29.04236,-1.13156],[29.04075,-1.14899],[29.03416,-1.15572],[29.0346,-1.18223],[29.03035,-1.18545],[29.03123,-1.19658],[29.04954,-1.22616],[29.05334,-1.23773],[29.0655,-1.25267],[29.06564,-1.26087],[29.05818,-1.27669],[29.06169,-1.27537],[29.06067,-1.28489],[29.06316,-1.28489],[29.06901,-1.29851],[29.06374,-1.30305],[29.06374,-1.30978],[29.06711,-1.31183],[29.06301,-1.31681],[29.06418,-1.31945],[29.07209,-1.31681],[29.07018,-1.33189],[29.08477,-1.35552],[29.08434,-1.36744],[29.10729,-1.37307],[29.18397,-1.37567],[29.21148,-1.3878],[29.22101,-1.39494],[29.22534,-1.40859],[29.21048,-1.43512],[29.26867,-1.45039],[29.31571,-1.46886],[29.34457,-1.46424],[29.37199,-1.47347],[29.3766,-1.50262],[29.38122,-1.50955],[29.3893,-1.50955],[29.39992,-1.52897],[29.44358,-1.52994],[29.45667,-1.52245],[29.46646,-1.51363],[29.48596,-1.47658],[29.5118,-1.44757]]]},"properties":{"nom":"Rutshuru","province":"Nord-Kivu","pcode":"CD6111"}},{"type":"Feature","geometry":{"type":"Polygon","coordinates":[[[28.88679,-2.47243],[28.87409,-2.45983],[28.86044,-2.45491],[28.83871,-2.4587],[28.82811,-2.46695],[28.80679,-2.4701],[28.8024,-2.47881],[28.80302,-2.49151],[28.79406,-2.50626],[28.79455,-2.51505],[28.80168,-2.52007],[28.81273,-2.52012],[28.81771,-2.5255],[28.82076,-2.52453],[28.82484,-2.53383],[28.83597,-2.53258],[28.84147,-2.53628],[28.84949,-2.55504],[28.85939,-2.56117],[28.88566,-2.55508],[28.87685,-2.55046],[28.8611,-2.52863],[28.8661,-2.51585],[28.87428,-2.5092],[28.88899,-2.50442],[28.89308,-2.49019],[28.88679,-2.47243]]]},"properties":{"nom":"Bukavu","province":"Sud-Kivu","pcode":"CD6201"}},{"type":"Feature","geometry":{"type":"Polygon","coordinates":[[[28.88585,-2.55524],[28.85939,-2.56117],[28.84949,-2.55504],[28.84147,-2.53628],[28.83597,-2.53258],[28.82484,-2.53383],[28.82076,-2.52453],[28.81771,-2.5255],[28.81529,-2.52125],[28.80168,-2.52007],[28.79519,-2.51616],[28.79406,-2.50626],[28.80302,-2.49151],[28.80447,-2.47118],[28.82811,-2.46695],[28.832,-2.46159],[28.84962,-2.45586],[28.86781,-2.45603],[28.87409,-2.45983],[28.87208,-2.42675],[28.88174,-2.39601],[28.89275,-2.38237],[28.9054,-2.37341],[28.89567,-2.36658],[28.89434,-2.35141],[28.90923,-2.34483],[28.91251,-2.34723],[28.91667,-2.33924],[28.92402,-2.3411],[28.92532,-2.33732],[28.94034,-2.33764],[28.94223,-2.33348],[28.95578,-2.33661],[28.96304,-2.33494],[28.96757,-2.31906],[28.96462,-2.30818],[28.95906,-2.30568],[28.96793,-2.30431],[28.96723,-2.29313],[28.95792,-2.29018],[28.9535,-2.29401],[28.95757,-2.28787],[28.97133,-2.29221],[28.97701,-2.28052],[28.96943,-2.27679],[28.97189,-2.2742],[28.97755,-2.27588],[28.97452,-2.27011],[28.98017,-2.25524],[28.97383,-2.25546],[28.96685,-2.26191],[28.95935,-2.28381],[28.95517,-2.28108],[28.95201,-2.29176],[28.93957,-2.29729],[28.93415,-2.30518],[28.93201,-2.31962],[28.92656,-2.31297],[28.92313,-2.31692],[28.92253,-2.31448],[28.93136,-2.3086],[28.93795,-2.29502],[28.93188,-2.29282],[28.9259,-2.30017],[28.92154,-2.31341],[28.91099,-2.32262],[28.913,-2.32882],[28.91008,-2.32873],[28.90841,-2.32097],[28.89622,-2.33914],[28.89873,-2.32961],[28.89459,-2.32757],[28.89352,-2.32133],[28.89685,-2.31826],[28.90047,-2.32294],[28.90807,-2.31703],[28.91435,-2.31646],[28.91842,-2.30487],[28.9133,-2.30863],[28.91188,-2.30501],[28.91365,-2.30173],[28.91808,-2.30304],[28.91919,-2.29879],[28.90843,-2.29347],[28.91782,-2.29488],[28.92929,-2.2818],[28.92573,-2.26944],[28.9309,-2.26157],[28.93033,-2.25628],[28.93409,-2.25965],[28.9362,-2.25735],[28.93451,-2.25161],[28.92951,-2.2488],[28.9388,-2.23683],[28.92977,-2.23769],[28.92748,-2.24124],[28.9187,-2.23834],[28.91871,-2.24349],[28.91734,-2.23665],[28.9091,-2.23545],[28.90638,-2.24116],[28.91007,-2.24499],[28.90669,-2.24249],[28.905,-2.24476],[28.9039,-2.25327],[28.89596,-2.26562],[28.88679,-2.26688],[28.89675,-2.25673],[28.89706,-2.25163],[28.88737,-2.25314],[28.8793,-2.26607],[28.88072,-2.2708],[28.87679,-2.27181],[28.87181,-2.26478],[28.86983,-2.23772],[28.85568,-2.23143],[28.86072,-2.229],[28.85658,-2.22491],[28.86284,-2.22348],[28.8637,-2.22029],[28.85669,-2.21744],[28.86417,-2.21622],[28.86487,-2.21353],[28.86147,-2.21041],[28.85527,-2.21306],[28.85425,-2.20845],[28.85676,-2.20653],[28.85246,-2.20458],[28.8619,-2.20259],[28.86869,-2.20673],[28.87227,-2.20302],[28.87519,-2.20564],[28.8807,-2.20384],[28.88449,-2.18979],[28.87331,-2.19051],[28.86863,-2.18582],[28.86898,-2.17044],[28.87491,-2.16897],[28.87436,-2.17674],[28.88474,-2.18353],[28.88948,-2.17566],[28.90313,-2.17041],[28.90648,-2.16434],[28.91346,-2.16759],[28.91663,-2.1578],[28.91291,-2.15647],[28.90602,-2.16197],[28.90258,-2.15391],[28.90815,-2.15361],[28.90911,-2.14856],[28.90088,-2.14625],[28.89791,-2.14983],[28.8961,-2.14332],[28.88917,-2.14695],[28.88249,-2.1437],[28.88018,-2.14719],[28.8842,-2.15067],[28.8758,-2.15359],[28.86728,-2.16331],[28.85962,-2.15567],[28.86016,-2.15078],[28.85676,-2.15001],[28.86051,-2.14773],[28.85824,-2.14364],[28.83088,-2.15287],[28.804,-2.14144],[28.77397,-2.14691],[28.76142,-2.14269],[28.75378,-2.12642],[28.74295,-2.13077],[28.684,-2.21223],[28.68433,-2.24007],[28.67272,-2.26242],[28.64421,-2.29628],[28.65892,-2.32513],[28.65742,-2.35617],[28.67103,-2.37519],[28.65378,-2.422],[28.59694,-2.47176],[28.57102,-2.48503],[28.56884,-2.46049],[28.54073,-2.46637],[28.52883,-2.46573],[28.50842,-2.45593],[28.50202,-2.4562],[28.46896,-2.43653],[28.43062,-2.43258],[28.39663,-2.41353],[28.3935,-2.39297],[28.31107,-2.37677],[28.2919,-2.38927],[28.27984,-2.40129],[28.26805,-2.42458],[28.26858,-2.43906],[28.27461,-2.45813],[28.27238,-2.46849],[28.27609,-2.49854],[28.27306,-2.51748],[28.24859,-2.52081],[28.23709,-2.50682],[28.21034,-2.51223],[28.20748,-2.52473],[28.21717,-2.53347],[28.24759,-2.55097],[28.25291,-2.5756],[28.26305,-2.58009],[28.25648,-2.59346],[28.24713,-2.60225],[28.2354,-2.6034],[28.20693,-2.63884],[28.20565,-2.64458],[28.21677,-2.64336],[28.2207,-2.63827],[28.22961,-2.63999],[28.25496,-2.62306],[28.27143,-2.62385],[28.27977,-2.61869],[28.28533,-2.6081],[28.29061,-2.60702],[28.30069,-2.61997],[28.30535,-2.61876],[28.30967,-2.62468],[28.31383,-2.6233],[28.3149,-2.63226],[28.31814,-2.62452],[28.32962,-2.62512],[28.3411,-2.63289],[28.35886,-2.65246],[28.36941,-2.65455],[28.37097,-2.66568],[28.37494,-2.66977],[28.40954,-2.69539],[28.4439,-2.69993],[28.46234,-2.69927],[28.48777,-2.66969],[28.50864,-2.65637],[28.54262,-2.64558],[28.55972,-2.63085],[28.58251,-2.59728],[28.58658,-2.58254],[28.6167,-2.55143],[28.63298,-2.54652],[28.69075,-2.55092],[28.73527,-2.5429],[28.75245,-2.54759],[28.76266,-2.56096],[28.80966,-2.57043],[28.83524,-2.58195],[28.83934,-2.58487],[28.86198,-2.63206],[28.87652,-2.6448],[28.89542,-2.65277],[28.90398,-2.64969],[28.90557,-2.64624],[28.90265,-2.63549],[28.90399,-2.62668],[28.90226,-2.62443],[28.90088,-2.62782],[28.89852,-2.62142],[28.90202,-2.60887],[28.89743,-2.59983],[28.89998,-2.58487],[28.8952,-2.57546],[28.89311,-2.56087],[28.88585,-2.55524]]]},"properties":{"nom":"Kabare","province":"Sud-Kivu","pcode":"CD6202"}},{"type":"Feature","geometry":{"type":"Polygon","coordinates":[[[28.20014,-3.82769],[28.20389,-3.82553],[28.20135,-3.82013],[28.19461,-3.82069],[28.19393,-3.8162],[28.18419,-3.81711],[28.17983,-3.81034],[28.18051,-3.80249],[28.16578,-3.79783],[28.16629,-3.791],[28.15678,-3.78338],[28.15213,-3.77308],[28.1561,-3.75271],[28.1493,-3.74799],[28.14845,-3.74242],[28.13928,-3.73678],[28.13259,-3.73713],[28.12501,-3.72876],[28.10524,-3.72728],[28.09437,-3.7192],[28.08355,-3.7171],[28.08672,-3.70817],[28.07874,-3.70601],[28.07392,-3.69997],[28.08214,-3.69565],[28.08451,-3.69041],[28.08264,-3.68626],[28.07891,-3.68592],[28.08174,-3.6771],[28.07506,-3.67778],[28.06979,-3.67033],[28.06396,-3.66868],[28.06254,-3.65827],[28.05807,-3.6585],[28.05846,-3.64592],[28.05161,-3.64205],[28.04623,-3.64314],[28.02511,-3.62077],[28.02714,-3.61548],[28.03779,-3.61406],[28.03609,-3.60996],[28.04742,-3.59807],[28.04459,-3.59784],[28.04617,-3.58811],[28.0494,-3.58914],[28.05048,-3.58646],[28.04102,-3.57889],[28.03836,-3.5814],[28.03943,-3.5765],[28.03513,-3.57229],[28.02374,-3.56928],[28.02307,-3.56188],[28.01554,-3.56279],[28.01395,-3.55909],[28.01752,-3.55494],[28.00919,-3.55397],[28.00936,-3.54066],[28.00495,-3.53303],[28.0148,-3.52859],[28.01276,-3.52467],[28.01587,-3.51539],[28.02924,-3.50395],[28.02307,-3.49194],[28.01723,-3.49553],[28.01791,-3.48995],[28.01429,-3.4924],[28.00308,-3.48142],[27.99735,-3.46992],[27.9999,-3.46838],[27.99837,-3.46133],[28.00217,-3.4603],[28.00149,-3.45006],[27.99951,-3.44721],[27.99458,-3.44886],[27.99032,-3.44624],[27.98695,-3.4321],[27.98177,-3.43033],[27.97514,-3.44068],[27.96461,-3.44369],[27.95993,-3.45075],[27.95753,-3.44951],[27.95867,-3.44481],[27.95332,-3.4461],[27.93597,-3.44079],[27.9272,-3.44507],[27.92083,-3.45472],[27.91424,-3.45802],[27.9035,-3.44741],[27.90191,-3.45536],[27.8967,-3.45613],[27.90048,-3.46341],[27.89547,-3.46449],[27.89678,-3.46762],[27.90155,-3.46501],[27.90483,-3.46862],[27.89844,-3.47239],[27.89119,-3.47211],[27.88542,-3.46334],[27.88285,-3.47681],[27.87106,-3.47449],[27.86992,-3.48455],[27.85891,-3.48264],[27.85718,-3.4856],[27.85984,-3.48897],[27.85647,-3.49109],[27.84741,-3.48441],[27.84562,-3.49155],[27.8404,-3.48677],[27.84068,-3.4926],[27.8461,-3.49585],[27.83774,-3.49955],[27.82968,-3.49866],[27.81623,-3.50609],[27.81444,-3.49988],[27.81283,-3.5069],[27.80318,-3.50882],[27.79315,-3.50375],[27.78853,-3.50982],[27.78295,-3.50982],[27.78138,-3.51447],[27.77392,-3.51058],[27.77466,-3.50466],[27.76611,-3.51216],[27.75487,-3.50997],[27.75415,-3.51618],[27.74938,-3.51878],[27.75525,-3.52613],[27.74129,-3.52174],[27.74481,-3.51601],[27.73975,-3.51221],[27.73283,-3.51811],[27.72748,-3.51656],[27.72689,-3.51243],[27.70987,-3.51254],[27.70095,-3.50501],[27.69697,-3.49278],[27.69753,-3.47342],[27.70378,-3.45746],[27.71372,-3.43879],[27.72933,-3.42633],[27.7352,-3.40632],[27.73424,-3.37279],[27.7421,-3.3601],[27.74263,-3.34478],[27.74071,-3.33019],[27.72936,-3.32056],[27.73148,-3.31013],[27.76051,-3.30332],[27.77628,-3.29261],[27.80036,-3.22257],[27.80931,-3.21238],[27.81656,-3.19249],[27.81056,-3.17128],[27.81592,-3.15163],[27.81546,-3.1368],[27.82192,-3.12426],[27.86721,-3.07352],[27.88214,-3.04287],[27.88214,-2.99158],[27.87568,-2.98331],[27.87332,-2.97193],[27.87704,-2.96639],[27.94686,-2.9616],[27.95131,-2.96618],[27.95885,-2.99184],[27.96658,-2.99531],[27.97359,-2.98623],[27.98827,-2.98787],[27.99452,-2.9715],[28.0143,-2.94745],[28.0294,-2.94669],[28.0283,-2.93172],[28.03862,-2.91587],[28.04083,-2.89534],[28.04582,-2.88377],[28.06942,-2.88112],[28.11531,-2.8897],[28.13076,-2.89447],[28.13891,-2.90246],[28.14804,-2.90499],[28.16686,-2.90004],[28.17062,-2.90324],[28.19475,-2.8793],[28.20687,-2.87335],[28.20771,-2.856],[28.22384,-2.83587],[28.23116,-2.83688],[28.24169,-2.83169],[28.27336,-2.85026],[28.2994,-2.8423],[28.31763,-2.82817],[28.31341,-2.82833],[28.32098,-2.81557],[28.31806,-2.79253],[28.33713,-2.76394],[28.34234,-2.75043],[28.33826,-2.7115],[28.37591,-2.68703],[28.37726,-2.68242],[28.3724,-2.67209],[28.3568,-2.66319],[28.35652,-2.65238],[28.35886,-2.65246],[28.3411,-2.63289],[28.32962,-2.62512],[28.31814,-2.62452],[28.3149,-2.63226],[28.31383,-2.6233],[28.30967,-2.62468],[28.30535,-2.61876],[28.30069,-2.61997],[28.29061,-2.60702],[28.28533,-2.6081],[28.27977,-2.61869],[28.27143,-2.62385],[28.25496,-2.62306],[28.22961,-2.63999],[28.2207,-2.63827],[28.21677,-2.64336],[28.20565,-2.64458],[28.20693,-2.63884],[28.2354,-2.6034],[28.24713,-2.60225],[28.25648,-2.59346],[28.26305,-2.58009],[28.25291,-2.5756],[28.24759,-2.55097],[28.21717,-2.53347],[28.20748,-2.52473],[28.21034,-2.51223],[28.23709,-2.50682],[28.24859,-2.52081],[28.27306,-2.51748],[28.27609,-2.49854],[28.27238,-2.46849],[28.27461,-2.45813],[28.26858,-2.43906],[28.26805,-2.42458],[28.27984,-2.40129],[28.2919,-2.38927],[28.31107,-2.37677],[28.33535,-2.38334],[28.33926,-2.3775],[28.33356,-2.36642],[28.33389,-2.35035],[28.32434,-2.3136],[28.30937,-2.28161],[28.26751,-2.28136],[28.26341,-2.27495],[28.27949,-2.25351],[28.29153,-2.20872],[28.28167,-2.20485],[28.24737,-2.20454],[28.23911,-2.20067],[28.22464,-2.1867],[28.21311,-2.16467],[28.19038,-2.14522],[28.17768,-2.11882],[28.17897,-2.10065],[28.17109,-2.07745],[28.16706,-2.04596],[28.1475,-2.04691],[28.09976,-2.06577],[28.10012,-2.04742],[28.09486,-2.02506],[28.10079,-2.00834],[28.08714,-1.99868],[28.04303,-2.004],[28.01163,-2.01179],[27.99789,-2.03245],[27.99062,-2.02522],[27.98864,-2.00846],[27.98466,-2.00684],[27.97365,-2.00917],[27.96198,-2.01628],[27.94975,-2.00025],[27.88502,-2.00145],[27.8616,-2.01327],[27.83839,-2.03388],[27.78457,-2.02876],[27.73968,-2.00057],[27.38091,-1.99122],[27.37486,-1.99986],[27.37831,-2.00616],[27.39364,-2.01689],[27.43511,-2.02912],[27.45643,-2.02913],[27.47236,-2.03395],[27.47363,-2.04098],[27.46779,-2.05837],[27.45296,-2.08427],[27.44615,-2.10721],[27.45345,-2.12053],[27.45258,-2.13052],[27.38469,-2.16713],[27.36881,-2.16416],[27.35303,-2.16526],[27.31919,-2.19596],[27.28804,-2.24213],[27.27094,-2.23839],[27.26883,-2.22926],[27.26415,-2.22663],[27.25583,-2.23055],[27.25208,-2.24107],[27.24295,-2.24868],[27.24119,-2.26639],[27.23748,-2.27134],[27.23142,-2.26931],[27.22836,-2.2635],[27.22734,-2.23854],[27.21236,-2.23328],[27.20654,-2.24268],[27.20316,-2.23849],[27.20247,-2.22371],[27.19373,-2.23426],[27.18831,-2.23349],[27.18726,-2.22771],[27.19741,-2.22216],[27.19653,-2.2186],[27.18303,-2.22271],[27.18037,-2.23892],[27.17607,-2.2416],[27.17108,-2.23529],[27.17569,-2.21958],[27.17141,-2.21647],[27.16616,-2.22469],[27.15484,-2.22264],[27.15004,-2.23493],[27.1474,-2.23067],[27.15301,-2.21384],[27.14013,-2.21272],[27.12311,-2.22324],[27.12359,-2.23658],[27.11677,-2.23318],[27.11085,-2.22398],[27.11596,-2.21044],[27.09868,-2.20373],[27.08789,-2.20518],[27.07895,-2.20059],[27.06621,-2.21054],[27.06037,-2.20212],[27.0606,-2.18919],[27.05654,-2.17835],[27.04328,-2.17608],[27.038,-2.17147],[27.03724,-2.16501],[27.02914,-2.16764],[27.02372,-2.16449],[27.02079,-2.16138],[27.01984,-2.1499],[27.01145,-2.14445],[27.01,-2.13742],[27.00565,-2.14046],[27.00397,-2.14992],[26.99833,-2.15047],[26.98856,-2.13187],[26.97687,-2.12389],[26.97437,-2.12776],[26.98417,-2.15246],[26.97956,-2.15473],[26.97155,-2.14878],[26.96896,-2.13472],[26.96335,-2.12905],[26.95843,-2.13806],[26.94785,-2.14404],[26.94483,-2.15091],[26.93758,-2.15043],[26.93456,-2.1554],[26.93965,-2.16126],[26.93202,-2.17226],[26.93694,-2.17611],[26.93739,-2.18225],[26.91904,-2.1702],[26.9131,-2.15837],[26.90609,-2.16135],[26.89283,-2.15552],[26.87842,-2.15693],[26.87298,-2.16131],[26.86804,-2.15891],[26.85806,-2.21414],[26.85115,-2.28871],[26.85211,-2.29585],[26.86198,-2.3133],[26.86142,-2.32282],[26.8567,-2.33098],[26.84802,-2.33354],[26.8446,-2.33884],[26.83567,-2.33518],[26.83248,-2.33956],[26.82904,-2.33934],[26.82606,-2.33474],[26.82059,-2.34051],[26.81065,-2.33982],[26.82411,-2.37833],[26.81821,-2.39578],[26.8202,-2.44655],[26.8269,-2.46321],[26.85601,-2.49415],[26.87055,-2.54254],[26.87104,-2.56316],[26.86573,-2.57188],[26.85488,-2.57981],[26.85437,-2.59171],[26.85978,-2.60209],[26.85655,-2.60695],[26.86424,-2.60877],[26.88164,-2.64485],[26.88975,-2.65437],[26.90497,-2.66469],[26.91002,-2.67817],[26.90075,-2.6861],[26.9057,-2.69562],[26.94295,-2.71238],[26.94577,-2.73975],[26.93825,-2.74966],[26.93715,-2.76277],[26.93169,-2.77636],[26.9155,-2.79412],[26.91826,-2.79779],[26.91622,-2.80746],[26.94491,-2.82013],[26.95713,-2.83679],[26.96169,-2.86296],[26.97583,-2.90261],[26.9798,-2.92877],[26.99125,-2.94207],[26.99836,-2.94551],[27.00142,-2.95901],[27.01591,-2.96111],[27.02076,-2.95072],[27.02454,-2.94917],[27.02356,-2.95966],[27.029,-2.96852],[27.04899,-2.97863],[27.0578,-2.9877],[27.06059,-3.02102],[27.05401,-3.02888],[27.05798,-3.04128],[27.06224,-3.04472],[27.06708,-3.04061],[27.07293,-3.04107],[27.09539,-3.06574],[27.11372,-3.06897],[27.1199,-3.07673],[27.11724,-3.0845],[27.12246,-3.09737],[27.12277,-3.11551],[27.11172,-3.13646],[27.11495,-3.14074],[27.12976,-3.14482],[27.13169,-3.15436],[27.11857,-3.17863],[27.12294,-3.19263],[27.1212,-3.20147],[27.12788,-3.2046],[27.12748,-3.20845],[27.11053,-3.24562],[27.12795,-3.26093],[27.14203,-3.2653],[27.13463,-3.27369],[27.13468,-3.28262],[27.12375,-3.2934],[27.12047,-3.30226],[27.11315,-3.30448],[27.0991,-3.31805],[27.09461,-3.34116],[27.10502,-3.3637],[27.09187,-3.3816],[27.10057,-3.39282],[27.10813,-3.38464],[27.11455,-3.38721],[27.11935,-3.40964],[27.11329,-3.42158],[27.11545,-3.43056],[27.12053,-3.43054],[27.12862,-3.42366],[27.13228,-3.42674],[27.12978,-3.4431],[27.11906,-3.45719],[27.12018,-3.47138],[27.12365,-3.47403],[27.1236,-3.47971],[27.12966,-3.48394],[27.13358,-3.4989],[27.12794,-3.51252],[27.12845,-3.53194],[27.11678,-3.53971],[27.12035,-3.54685],[27.12365,-3.53962],[27.13518,-3.53878],[27.13228,-3.55313],[27.13461,-3.55937],[27.12581,-3.55631],[27.12146,-3.55836],[27.12719,-3.57358],[27.12282,-3.57386],[27.12479,-3.57995],[27.11683,-3.58215],[27.11635,-3.59287],[27.11122,-3.5948],[27.11058,-3.60481],[27.10685,-3.60658],[27.10946,-3.61357],[27.10288,-3.61692],[27.10399,-3.62341],[27.09929,-3.62346],[27.09667,-3.64679],[27.10012,-3.65078],[27.09762,-3.65911],[27.10007,-3.66575],[27.09587,-3.67406],[27.1001,-3.67867],[27.09273,-3.68545],[27.09444,-3.69008],[27.09986,-3.68922],[27.09608,-3.69827],[27.09881,-3.69995],[27.08928,-3.70269],[27.09175,-3.70778],[27.0874,-3.71055],[27.08762,-3.71382],[27.09258,-3.72349],[27.0856,-3.72845],[27.0908,-3.7327],[27.08814,-3.73564],[27.09594,-3.74037],[27.0995,-3.75138],[27.09658,-3.75343],[27.10214,-3.75243],[27.10231,-3.76035],[27.10902,-3.7586],[27.10641,-3.76686],[27.11249,-3.76896],[27.11111,-3.77099],[27.11672,-3.77493],[27.11225,-3.78455],[27.1216,-3.78634],[27.12443,-3.79606],[27.1288,-3.7978],[27.12863,-3.80542],[27.13215,-3.80482],[27.13034,-3.811],[27.13562,-3.80778],[27.14311,-3.8116],[27.1412,-3.82036],[27.14422,-3.81848],[27.15252,-3.82122],[27.15972,-3.83762],[27.16521,-3.83729],[27.16371,-3.84242],[27.16718,-3.84564],[27.16352,-3.84462],[27.16236,-3.85018],[27.16635,-3.84846],[27.1645,-3.85178],[27.16965,-3.85777],[27.17719,-3.8571],[27.17581,-3.86109],[27.18111,-3.87362],[27.18615,-3.87687],[27.18869,-3.88931],[27.19746,-3.88838],[27.20638,-3.89733],[27.21173,-3.89676],[27.21382,-3.89986],[27.22066,-3.89869],[27.22183,-3.89516],[27.22185,-3.89752],[27.22475,-3.89554],[27.22708,-3.89802],[27.22846,-3.89554],[27.23423,-3.89802],[27.23466,-3.90115],[27.24438,-3.90048],[27.24966,-3.90447],[27.25227,-3.90191],[27.26069,-3.90308],[27.26235,-3.899],[27.26891,-3.90848],[27.2753,-3.90798],[27.28056,-3.91327],[27.27773,-3.91853],[27.28417,-3.9164],[27.29177,-3.92053],[27.30164,-3.916],[27.30345,-3.91869],[27.31637,-3.91562],[27.32034,-3.92192],[27.32778,-3.92538],[27.32947,-3.92232],[27.33456,-3.92433],[27.3346,-3.92712],[27.33798,-3.92483],[27.33879,-3.93053],[27.34661,-3.93526],[27.36267,-3.93424],[27.36853,-3.93888],[27.37028,-3.93553],[27.37912,-3.93793],[27.38658,-3.93534],[27.386,-3.93952],[27.3953,-3.94099],[27.40024,-3.94979],[27.4143,-3.95644],[27.41331,-3.96037],[27.41839,-3.96172],[27.41685,-3.96472],[27.4244,-3.96854],[27.42261,-3.97372],[27.43141,-3.98137],[27.43595,-3.98],[27.44246,-3.98335],[27.44691,-3.99436],[27.44905,-3.99204],[27.45162,-3.99659],[27.4594,-3.9799],[27.4638,-3.9769],[27.47723,-3.97691],[27.53131,-3.99341],[27.58057,-3.99493],[27.59733,-4.00992],[27.61846,-4.02042],[27.6364,-4.02193],[27.76723,-4.004],[27.79855,-4.00401],[27.8183,-4.019],[27.83778,-4.02239],[27.86989,-4.01135],[27.92845,-3.98505],[27.95588,-3.97768],[27.98102,-3.96522],[27.97673,-3.95692],[27.98091,-3.91572],[28.01283,-3.87832],[28.04291,-3.86971],[28.06912,-3.8506],[28.0714,-3.83313],[28.0773,-3.82917],[28.14823,-3.82502],[28.20014,-3.82769]]]},"properties":{"nom":"Shabunda","province":"Sud-Kivu","pcode":"CD6203"}},{"type":"Feature","geometry":{"type":"Polygon","coordinates":[[[28.65892,-2.32513],[28.64421,-2.29628],[28.67272,-2.26242],[28.68433,-2.24007],[28.684,-2.21223],[28.74295,-2.13077],[28.75378,-2.12642],[28.76142,-2.14269],[28.77397,-2.14691],[28.804,-2.14144],[28.83088,-2.15287],[28.85824,-2.14364],[28.86646,-2.13598],[28.8699,-2.13788],[28.87374,-2.12944],[28.88209,-2.12491],[28.88341,-2.11793],[28.89613,-2.11856],[28.89588,-2.1219],[28.90032,-2.12421],[28.90816,-2.10611],[28.91503,-2.10444],[28.92497,-2.11532],[28.92724,-2.11022],[28.92224,-2.10306],[28.92942,-2.10414],[28.92827,-2.09573],[28.95229,-2.08137],[28.95875,-2.06854],[28.97633,-2.05998],[28.97281,-2.0421],[28.96366,-2.03466],[28.96591,-2.0304],[28.96341,-2.02967],[28.96302,-2.02226],[28.9579,-2.02231],[28.94965,-2.01054],[28.94849,-2.00611],[28.95551,-1.99896],[28.94472,-2.00195],[28.94276,-1.99574],[28.93008,-2.00013],[28.92878,-2.00882],[28.93388,-2.02149],[28.92403,-2.03635],[28.91915,-2.05415],[28.90949,-2.05848],[28.9027,-2.05431],[28.90528,-2.0518],[28.90228,-2.0477],[28.90393,-2.04415],[28.89869,-2.04032],[28.89881,-2.03594],[28.90405,-2.03732],[28.9017,-2.02829],[28.90767,-2.02045],[28.91334,-1.9968],[28.91758,-1.99421],[28.91167,-1.98984],[28.91102,-1.98187],[28.9168,-1.97828],[28.91773,-1.98125],[28.93197,-1.98572],[28.93606,-1.98178],[28.92878,-1.97462],[28.92952,-1.97048],[28.94028,-1.97116],[28.94036,-1.96181],[28.94477,-1.96039],[28.94592,-1.96287],[28.94502,-1.95862],[28.94908,-1.95268],[28.9581,-1.95451],[28.95393,-1.95206],[28.9608,-1.94771],[28.96665,-1.95092],[28.96203,-1.9419],[28.95892,-1.94457],[28.95636,-1.94172],[28.95472,-1.92651],[28.96615,-1.931],[28.97215,-1.9271],[28.96514,-1.92826],[28.964,-1.91905],[28.9718,-1.91675],[28.97655,-1.9092],[28.98168,-1.90987],[28.98338,-1.90496],[28.98077,-1.89636],[28.98765,-1.89637],[28.98892,-1.89236],[28.98549,-1.88995],[28.98729,-1.87582],[28.99134,-1.87446],[28.99399,-1.86244],[28.99063,-1.8571],[28.99601,-1.85537],[28.99466,-1.85128],[28.9993,-1.84556],[28.99579,-1.84265],[29.00102,-1.83963],[29.00225,-1.83495],[29.01031,-1.83805],[29.00821,-1.8333],[29.02554,-1.82367],[29.02933,-1.8168],[29.02825,-1.8119],[29.03184,-1.81034],[29.02884,-1.80622],[29.0313,-1.78983],[29.0258,-1.79387],[29.02388,-1.7999],[29.02079,-1.80106],[29.01987,-1.79859],[29.01805,-1.80171],[29.01415,-1.79949],[29.01609,-1.8052],[29.00748,-1.79961],[29.00689,-1.79681],[29.0175,-1.79342],[29.01374,-1.78832],[29.02056,-1.7901],[29.0221,-1.78592],[29.01272,-1.78481],[29.02077,-1.76872],[29.01588,-1.76399],[29.02157,-1.76136],[29.02426,-1.77001],[29.04075,-1.75797],[29.04013,-1.74985],[29.03651,-1.74547],[29.04426,-1.74631],[29.04273,-1.73991],[29.05423,-1.73555],[29.05273,-1.72706],[29.05913,-1.71707],[29.06637,-1.71347],[29.06886,-1.71962],[29.07068,-1.71716],[29.07124,-1.70245],[29.06328,-1.69646],[29.06635,-1.68577],[29.0688,-1.68476],[29.06824,-1.69307],[29.07511,-1.69418],[29.07253,-1.68993],[29.07505,-1.68847],[29.07404,-1.68452],[29.08178,-1.68887],[29.08022,-1.68362],[29.08578,-1.6857],[29.08363,-1.67869],[29.08809,-1.67695],[29.08981,-1.68147],[29.09484,-1.67879],[29.08973,-1.67394],[29.09235,-1.67108],[29.09947,-1.67196],[29.09935,-1.66634],[29.10353,-1.66279],[29.10552,-1.64842],[29.10102,-1.6516],[29.09926,-1.65808],[29.09538,-1.65958],[29.08979,-1.6567],[29.09433,-1.65421],[29.09118,-1.64331],[29.09459,-1.63253],[29.09397,-1.62129],[29.08952,-1.61795],[29.07212,-1.60987],[29.06109,-1.61217],[29.04949,-1.62728],[29.03561,-1.65809],[29.0223,-1.67397],[28.99906,-1.68975],[28.98388,-1.70984],[28.97946,-1.73301],[28.96918,-1.74166],[28.93557,-1.74487],[28.91701,-1.74224],[28.9033,-1.73313],[28.88296,-1.72875],[28.86269,-1.70703],[28.85227,-1.72363],[28.8359,-1.73981],[28.82527,-1.76147],[28.81661,-1.7675],[28.76451,-1.77143],[28.74948,-1.78185],[28.7161,-1.78018],[28.69932,-1.76324],[28.6846,-1.74186],[28.66768,-1.73976],[28.66595,-1.74735],[28.6751,-1.77002],[28.66887,-1.79392],[28.69574,-1.80597],[28.70031,-1.82862],[28.67775,-1.86771],[28.64735,-1.88307],[28.64099,-1.89091],[28.62998,-1.88361],[28.60551,-1.88073],[28.57926,-1.89075],[28.56676,-1.90483],[28.55853,-1.90464],[28.54157,-1.8969],[28.52419,-1.89675],[28.51106,-1.87681],[28.48157,-1.87671],[28.44974,-1.86513],[28.45078,-1.89295],[28.4244,-1.89988],[28.37203,-1.92152],[28.36237,-1.92766],[28.35386,-1.93992],[28.35019,-1.94757],[28.37704,-1.96086],[28.38227,-1.97789],[28.37433,-1.99322],[28.35034,-1.994],[28.33839,-1.98913],[28.32712,-1.97616],[28.31571,-1.97869],[28.3042,-1.99051],[28.26639,-1.99396],[28.24004,-1.99055],[28.17165,-1.99393],[28.15497,-2.00094],[28.15164,-2.02464],[28.16706,-2.04596],[28.17109,-2.07745],[28.17897,-2.10065],[28.17768,-2.11882],[28.18416,-2.13581],[28.19038,-2.14522],[28.21311,-2.16467],[28.22464,-2.1867],[28.23911,-2.20067],[28.24737,-2.20454],[28.28167,-2.20485],[28.29153,-2.20872],[28.27949,-2.25351],[28.26341,-2.27495],[28.26751,-2.28136],[28.30937,-2.28161],[28.32434,-2.3136],[28.33389,-2.35035],[28.33356,-2.36642],[28.33926,-2.3775],[28.33535,-2.38334],[28.3935,-2.39297],[28.39663,-2.41353],[28.43062,-2.43258],[28.46896,-2.43653],[28.50202,-2.4562],[28.50842,-2.45593],[28.52883,-2.46573],[28.54073,-2.46637],[28.56884,-2.46049],[28.57102,-2.48503],[28.59694,-2.47176],[28.65378,-2.422],[28.67103,-2.37519],[28.65742,-2.35617],[28.65892,-2.32513]]]},"properties":{"nom":"Kalehe","province":"Sud-Kivu","pcode":"CD6205"}},{"type":"Feature","geometry":{"type":"MultiPolygon","coordinates":[[[[29.24266,-1.70302],[29.24236,-1.70012],[29.23087,-1.69624],[29.22647,-1.68627],[29.22157,-1.68672],[29.22379,-1.68362],[29.22188,-1.68152],[29.21365,-1.68175],[29.19455,-1.67074],[29.17906,-1.66869],[29.16905,-1.66338],[29.16357,-1.64996],[29.16513,-1.64418],[29.1584,-1.63403],[29.13818,-1.64258],[29.13164,-1.62865],[29.11524,-1.63028],[29.0964,-1.61996],[29.09344,-1.62198],[29.09451,-1.63365],[29.09118,-1.64331],[29.09433,-1.65421],[29.08979,-1.6567],[29.09538,-1.65958],[29.09926,-1.65808],[29.10122,-1.65129],[29.10579,-1.64859],[29.09983,-1.67145],[29.09197,-1.67131],[29.08975,-1.67454],[29.09493,-1.67859],[29.08981,-1.68147],[29.08809,-1.67695],[29.08363,-1.67869],[29.08578,-1.6857],[29.08022,-1.68362],[29.08178,-1.68887],[29.07404,-1.68452],[29.07505,-1.68847],[29.07253,-1.68993],[29.07511,-1.69418],[29.07257,-1.69539],[29.06811,-1.69284],[29.0688,-1.68476],[29.06635,-1.68577],[29.06328,-1.69646],[29.07124,-1.70245],[29.06954,-1.71951],[29.06673,-1.71353],[29.05913,-1.71707],[29.05273,-1.72706],[29.05423,-1.73555],[29.04273,-1.73991],[29.04426,-1.74631],[29.03651,-1.74547],[29.04013,-1.74985],[29.03894,-1.75504],[29.04165,-1.75543],[29.03229,-1.76641],[29.02426,-1.77001],[29.02157,-1.76136],[29.01588,-1.76399],[29.02077,-1.76872],[29.01272,-1.78481],[29.0221,-1.78592],[29.02056,-1.7901],[29.01374,-1.78832],[29.01751,-1.79315],[29.01547,-1.7955],[29.00674,-1.79718],[29.01609,-1.8052],[29.01415,-1.79949],[29.01805,-1.80171],[29.01987,-1.79859],[29.02079,-1.80106],[29.02388,-1.7999],[29.0258,-1.79387],[29.0313,-1.78983],[29.02884,-1.80622],[29.03184,-1.81034],[29.02825,-1.8119],[29.02933,-1.8168],[29.02554,-1.82367],[29.00821,-1.8333],[29.01031,-1.83805],[29.00225,-1.83495],[29.00102,-1.83963],[28.99579,-1.84265],[28.9993,-1.84556],[28.99466,-1.85128],[28.99601,-1.85537],[28.99063,-1.8571],[28.99399,-1.86244],[28.99134,-1.87446],[28.98729,-1.87582],[28.98549,-1.88995],[28.98892,-1.89236],[28.98765,-1.89637],[28.98077,-1.89636],[28.98338,-1.90496],[28.98168,-1.90987],[28.97655,-1.9092],[28.9718,-1.91675],[28.964,-1.91905],[28.96502,-1.92812],[28.97178,-1.92765],[28.96615,-1.931],[28.95472,-1.92651],[28.95636,-1.94172],[28.95892,-1.94457],[28.96203,-1.9419],[28.96665,-1.95092],[28.9608,-1.94771],[28.95393,-1.95206],[28.9581,-1.95451],[28.94908,-1.95268],[28.94502,-1.95862],[28.94592,-1.96287],[28.94477,-1.96039],[28.94036,-1.96181],[28.94028,-1.97116],[28.92952,-1.97048],[28.92878,-1.97462],[28.93606,-1.98178],[28.93197,-1.98572],[28.91773,-1.98125],[28.9168,-1.97828],[28.91142,-1.98053],[28.91153,-1.98953],[28.91758,-1.99421],[28.91334,-1.9968],[28.90767,-2.02045],[28.9017,-2.02829],[28.90405,-2.03732],[28.89881,-2.03594],[28.89869,-2.04032],[28.90393,-2.04415],[28.90228,-2.0477],[28.90528,-2.0518],[28.9027,-2.05431],[28.90709,-2.05789],[28.91435,-2.05779],[28.92235,-2.04904],[28.9202,-2.0457],[28.92414,-2.04329],[28.92403,-2.03635],[28.93388,-2.02149],[28.92878,-2.00882],[28.93008,-2.00013],[28.94276,-1.99574],[28.94472,-2.00195],[28.95527,-1.99879],[28.94849,-2.00611],[28.94965,-2.01054],[28.9579,-2.02231],[28.96302,-2.02226],[28.96341,-2.02967],[28.96591,-2.0304],[28.96366,-2.03466],[28.97281,-2.0421],[28.97633,-2.05998],[28.95875,-2.06854],[28.95229,-2.08137],[28.92827,-2.09573],[28.92942,-2.10414],[28.92224,-2.10306],[28.92724,-2.11022],[28.92497,-2.11532],[28.91503,-2.10444],[28.90816,-2.10611],[28.90032,-2.12421],[28.89588,-2.1219],[28.89613,-2.11856],[28.88341,-2.11793],[28.88209,-2.12491],[28.87374,-2.12944],[28.8699,-2.13788],[28.86646,-2.13598],[28.85657,-2.14418],[28.86034,-2.14579],[28.85671,-2.14978],[28.86016,-2.15078],[28.85962,-2.15567],[28.86683,-2.16331],[28.8758,-2.15359],[28.884,-2.15094],[28.88018,-2.14719],[28.8828,-2.14349],[28.88917,-2.14695],[28.8961,-2.14332],[28.89791,-2.14983],[28.90088,-2.14625],[28.90911,-2.14856],[28.90815,-2.15361],[28.90258,-2.15391],[28.90602,-2.16197],[28.91291,-2.15647],[28.91676,-2.15817],[28.91346,-2.16759],[28.90648,-2.16434],[28.90313,-2.17041],[28.88948,-2.17566],[28.88474,-2.18353],[28.87436,-2.17674],[28.87491,-2.16897],[28.86898,-2.17044],[28.86863,-2.18582],[28.87331,-2.19051],[28.88449,-2.18979],[28.8807,-2.20384],[28.87519,-2.20564],[28.87227,-2.20302],[28.86869,-2.20673],[28.8619,-2.20259],[28.85246,-2.20458],[28.85676,-2.20653],[28.85425,-2.20845],[28.85527,-2.21306],[28.86147,-2.21041],[28.86487,-2.21353],[28.86417,-2.21622],[28.85669,-2.21744],[28.8637,-2.22029],[28.86284,-2.22348],[28.85658,-2.22491],[28.86072,-2.229],[28.85568,-2.23143],[28.86983,-2.23772],[28.87181,-2.26478],[28.87664,-2.27172],[28.88072,-2.2708],[28.8793,-2.26607],[28.88737,-2.25314],[28.89706,-2.25163],[28.89675,-2.25673],[28.88679,-2.26688],[28.89596,-2.26562],[28.9039,-2.25327],[28.905,-2.24476],[28.90669,-2.24249],[28.91007,-2.24499],[28.90638,-2.24116],[28.9091,-2.23545],[28.91734,-2.23665],[28.91854,-2.24348],[28.9187,-2.23834],[28.92748,-2.24124],[28.92977,-2.23769],[28.93899,-2.23764],[28.92951,-2.2488],[28.93451,-2.25161],[28.9362,-2.25735],[28.93409,-2.25965],[28.93033,-2.25628],[28.9309,-2.26157],[28.92573,-2.26944],[28.92929,-2.2818],[28.91782,-2.29488],[28.90843,-2.29347],[28.91919,-2.29879],[28.91808,-2.30304],[28.91365,-2.30173],[28.91188,-2.30501],[28.9133,-2.30863],[28.91842,-2.30487],[28.91435,-2.31646],[28.90807,-2.31703],[28.90047,-2.32294],[28.89685,-2.31826],[28.89352,-2.32133],[28.89459,-2.32757],[28.89873,-2.32961],[28.89622,-2.33914],[28.90841,-2.32097],[28.91008,-2.32873],[28.913,-2.32882],[28.91099,-2.32262],[28.92154,-2.31341],[28.9259,-2.30017],[28.93188,-2.29282],[28.93795,-2.29502],[28.93136,-2.3086],[28.92253,-2.31448],[28.92313,-2.31692],[28.92656,-2.31297],[28.93201,-2.31962],[28.93415,-2.30518],[28.93957,-2.29729],[28.95201,-2.29176],[28.95517,-2.28108],[28.95935,-2.28381],[28.96685,-2.26191],[28.97383,-2.25546],[28.98017,-2.25524],[28.97452,-2.27011],[28.97755,-2.27588],[28.97189,-2.2742],[28.96943,-2.27679],[28.97701,-2.28052],[28.97133,-2.29221],[28.95757,-2.28787],[28.9535,-2.29401],[28.95792,-2.29018],[28.96723,-2.29313],[28.96793,-2.30431],[28.95906,-2.30568],[28.96492,-2.30898],[28.96757,-2.31906],[28.96591,-2.33058],[28.96029,-2.3362],[28.94223,-2.33348],[28.94034,-2.33764],[28.92532,-2.33732],[28.92402,-2.3411],[28.91667,-2.33924],[28.91251,-2.34723],[28.90923,-2.34483],[28.89495,-2.35082],[28.89303,-2.35767],[28.89567,-2.36658],[28.9054,-2.37341],[28.91293,-2.37084],[28.94655,-2.37548],[28.96645,-2.36874],[28.99061,-2.34404],[29.01709,-2.29108],[29.02733,-2.28817],[29.04446,-2.28951],[29.06089,-2.29753],[29.08036,-2.29445],[29.09948,-2.28393],[29.1486,-2.19662],[29.16089,-2.16176],[29.17335,-2.10706],[29.17318,-2.03637],[29.16549,-1.92809],[29.16691,-1.88601],[29.18592,-1.81237],[29.24266,-1.70302]]]]},"properties":{"nom":"Idjwi","province":"Sud-Kivu","pcode":"CD6206"}},{"type":"Feature","geometry":{"type":"Polygon","coordinates":[[[28.86935,-2.78131],[28.86721,-2.7697],[28.88233,-2.77275],[28.89284,-2.75839],[28.89797,-2.75734],[28.91616,-2.738],[28.92212,-2.74283],[28.9249,-2.73936],[28.93355,-2.74398],[28.94579,-2.74383],[28.94817,-2.74933],[28.95454,-2.74718],[28.95925,-2.75075],[28.96364,-2.74614],[28.96488,-2.74979],[28.97075,-2.75046],[28.97156,-2.75555],[28.97781,-2.75166],[28.98632,-2.75708],[28.9911,-2.75544],[28.99587,-2.76913],[29.00455,-2.77532],[29.0043,-2.78081],[29.02697,-2.76044],[29.03819,-2.76104],[29.04055,-2.74479],[29.03463,-2.73396],[29.02053,-2.71926],[28.99545,-2.69953],[28.98844,-2.69994],[28.98269,-2.69416],[28.9772,-2.69492],[28.96826,-2.7041],[28.95916,-2.69385],[28.9472,-2.69103],[28.94359,-2.69349],[28.93952,-2.68926],[28.94038,-2.68464],[28.93557,-2.68147],[28.91807,-2.68112],[28.90978,-2.66529],[28.89709,-2.66102],[28.89542,-2.65277],[28.87652,-2.6448],[28.86198,-2.63206],[28.83934,-2.58487],[28.82226,-2.57465],[28.7848,-2.56389],[28.76266,-2.56096],[28.75245,-2.54759],[28.7404,-2.54323],[28.69075,-2.55092],[28.63298,-2.54652],[28.6167,-2.55143],[28.6053,-2.56044],[28.58658,-2.58254],[28.58251,-2.59728],[28.55972,-2.63085],[28.54262,-2.64558],[28.50864,-2.65637],[28.48777,-2.66969],[28.46234,-2.69927],[28.41182,-2.69648],[28.37494,-2.66977],[28.37097,-2.66568],[28.36941,-2.65455],[28.35652,-2.65238],[28.3568,-2.66319],[28.3724,-2.67209],[28.37726,-2.68242],[28.37591,-2.68703],[28.33826,-2.7115],[28.34234,-2.75043],[28.33713,-2.76394],[28.31806,-2.79253],[28.32098,-2.81557],[28.31341,-2.82833],[28.33159,-2.82777],[28.33786,-2.83183],[28.34073,-2.82937],[28.34661,-2.83884],[28.35958,-2.83425],[28.36427,-2.82565],[28.37672,-2.81632],[28.3771,-2.79991],[28.3824,-2.79221],[28.3901,-2.79412],[28.3944,-2.78901],[28.4013,-2.79154],[28.40467,-2.78332],[28.41472,-2.7826],[28.42167,-2.78812],[28.42827,-2.78831],[28.43131,-2.79427],[28.4398,-2.79467],[28.43509,-2.79711],[28.43248,-2.80617],[28.43952,-2.80485],[28.44655,-2.80849],[28.45026,-2.80617],[28.44736,-2.80992],[28.44769,-2.81903],[28.4543,-2.81434],[28.45514,-2.80688],[28.45871,-2.81035],[28.46432,-2.80972],[28.4686,-2.79986],[28.47613,-2.80337],[28.47853,-2.80112],[28.48039,-2.8037],[28.47703,-2.80953],[28.48438,-2.82101],[28.49061,-2.82605],[28.49667,-2.82622],[28.51373,-2.84165],[28.51906,-2.83995],[28.52903,-2.82116],[28.53593,-2.82318],[28.53794,-2.81952],[28.54477,-2.83522],[28.55073,-2.83112],[28.56218,-2.83987],[28.55857,-2.8501],[28.56368,-2.85765],[28.5574,-2.86134],[28.56458,-2.8669],[28.58408,-2.85892],[28.59385,-2.84694],[28.60332,-2.84493],[28.60332,-2.83989],[28.60734,-2.83818],[28.61749,-2.8443],[28.61699,-2.84102],[28.62558,-2.83528],[28.62746,-2.83031],[28.63866,-2.84402],[28.64707,-2.84561],[28.65329,-2.8418],[28.65707,-2.83521],[28.65468,-2.82895],[28.66442,-2.80931],[28.66299,-2.80311],[28.67823,-2.79619],[28.67674,-2.78567],[28.68023,-2.77764],[28.68426,-2.77709],[28.68673,-2.78469],[28.693,-2.78646],[28.69117,-2.79013],[28.69522,-2.80062],[28.7118,-2.80322],[28.7108,-2.80873],[28.73161,-2.79796],[28.74344,-2.79831],[28.76287,-2.81828],[28.77047,-2.83709],[28.77275,-2.85735],[28.79304,-2.87209],[28.79949,-2.88238],[28.79781,-2.93887],[28.81109,-2.96229],[28.80436,-2.98794],[28.81167,-2.99694],[28.819,-2.99875],[28.82884,-2.99686],[28.85557,-2.94314],[28.86412,-2.86581],[28.86693,-2.85774],[28.87687,-2.85231],[28.88074,-2.84617],[28.87357,-2.82269],[28.88067,-2.80498],[28.87178,-2.793],[28.86935,-2.78131]]]},"properties":{"nom":"Walungu","province":"Sud-Kivu","pcode":"CD6207"}},{"type":"Feature","geometry":{"type":"Polygon","coordinates":[[[29.22331,-3.32552],[29.23081,-3.30145],[29.22878,-3.28576],[29.24052,-3.27825],[29.23892,-3.27274],[29.24176,-3.26926],[29.23244,-3.25903],[29.23116,-3.24363],[29.22628,-3.23328],[29.22621,-3.22382],[29.23178,-3.2206],[29.23118,-3.21582],[29.23465,-3.21333],[29.22778,-3.20562],[29.22907,-3.20125],[29.22234,-3.19933],[29.22462,-3.1876],[29.23144,-3.18486],[29.22448,-3.17931],[29.23282,-3.16916],[29.22821,-3.15991],[29.23957,-3.14904],[29.23967,-3.13956],[29.24444,-3.1387],[29.24411,-3.12895],[29.24903,-3.13065],[29.24725,-3.12358],[29.25383,-3.12463],[29.25616,-3.117],[29.26106,-3.11478],[29.25124,-3.10979],[29.25426,-3.10155],[29.24699,-3.09672],[29.25402,-3.09548],[29.25255,-3.08999],[29.25968,-3.08615],[29.25502,-3.08306],[29.25507,-3.07563],[29.25859,-3.0742],[29.25726,-3.06617],[29.24946,-3.06233],[29.25407,-3.05255],[29.23993,-3.04139],[29.24083,-3.03597],[29.23225,-3.03344],[29.2366,-3.02534],[29.229,-3.02603],[29.22602,-3.02022],[29.2197,-3.02249],[29.20525,-3.02037],[29.20385,-3.02323],[29.19655,-3.01714],[29.19339,-3.00873],[29.18517,-3.00887],[29.18557,-3.00073],[29.17756,-2.9921],[29.16834,-2.99702],[29.16625,-2.99315],[29.17212,-2.98393],[29.16634,-2.97217],[29.16912,-2.97035],[29.16646,-2.96624],[29.16848,-2.95982],[29.16171,-2.9574],[29.15684,-2.94925],[29.14307,-2.94684],[29.12862,-2.93014],[29.12225,-2.93085],[29.10892,-2.92223],[29.10181,-2.92443],[29.09601,-2.91852],[29.08936,-2.89948],[29.09444,-2.88282],[29.09316,-2.87611],[29.09,-2.87083],[29.08534,-2.87293],[29.07593,-2.86389],[29.06932,-2.86375],[29.07051,-2.8579],[29.06623,-2.85429],[29.06918,-2.84963],[29.06131,-2.84325],[29.06008,-2.83457],[29.05195,-2.82642],[29.05086,-2.82064],[29.04592,-2.81931],[29.02785,-2.82631],[29.02319,-2.82167],[29.01126,-2.81995],[29.00226,-2.81063],[29.00092,-2.78692],[29.00471,-2.77568],[28.99587,-2.76913],[28.99366,-2.75756],[28.98632,-2.75708],[28.97781,-2.75166],[28.97156,-2.75555],[28.97075,-2.75046],[28.96488,-2.74979],[28.96364,-2.74614],[28.95925,-2.75075],[28.95454,-2.74718],[28.94817,-2.74933],[28.94579,-2.74383],[28.93355,-2.74398],[28.9249,-2.73936],[28.92212,-2.74283],[28.91509,-2.73829],[28.89797,-2.75734],[28.89284,-2.75839],[28.88233,-2.77275],[28.86721,-2.7697],[28.87178,-2.793],[28.88067,-2.80498],[28.87357,-2.82269],[28.88074,-2.84617],[28.87687,-2.85231],[28.86693,-2.85774],[28.86412,-2.86581],[28.85557,-2.94314],[28.82884,-2.99686],[28.81167,-2.99694],[28.80436,-2.98794],[28.80868,-3.00866],[28.81991,-3.03242],[28.81936,-3.05098],[28.81391,-3.06859],[28.80485,-3.07962],[28.79418,-3.08657],[28.79152,-3.11274],[28.7841,-3.12262],[28.78232,-3.14114],[28.78914,-3.15547],[28.78736,-3.17937],[28.79028,-3.19767],[28.81268,-3.20946],[28.83067,-3.25955],[28.84472,-3.26988],[28.84976,-3.27032],[28.85829,-3.28155],[28.87137,-3.28746],[28.89215,-3.31888],[28.87988,-3.33574],[28.87086,-3.36317],[28.88496,-3.38702],[28.88781,-3.3998],[28.86198,-3.43442],[28.84244,-3.45002],[28.84485,-3.50417],[28.84076,-3.52358],[28.84218,-3.54727],[28.83069,-3.56207],[28.8329,-3.5714],[28.82867,-3.59887],[28.84042,-3.60015],[28.83999,-3.60269],[28.84764,-3.60632],[28.84979,-3.61274],[28.86826,-3.62175],[28.87131,-3.6269],[28.87599,-3.62583],[28.88115,-3.63475],[28.88764,-3.64082],[28.89085,-3.63776],[28.90094,-3.65012],[28.92303,-3.64868],[28.94645,-3.658],[28.98196,-3.65781],[28.99296,-3.65642],[29.00118,-3.63416],[29.01323,-3.61955],[29.02683,-3.58494],[29.04627,-3.54803],[29.05532,-3.54836],[29.06953,-3.54218],[29.08302,-3.55603],[29.08962,-3.55543],[29.10657,-3.54183],[29.13123,-3.54272],[29.15245,-3.5563],[29.23545,-3.56102],[29.22821,-3.53829],[29.2159,-3.45799],[29.19694,-3.38441],[29.19749,-3.34736],[29.20294,-3.34708],[29.21255,-3.33943],[29.22035,-3.33277],[29.21992,-3.32809],[29.22331,-3.32552]]]},"properties":{"nom":"Uvira","province":"Sud-Kivu","pcode":"CD6208"}},{"type":"Feature","geometry":{"type":"MultiPolygon","coordinates":[[[[27.93053,-4.12659],[27.94225,-4.1272],[27.94137,-4.12212],[27.9669,-4.10502],[27.98568,-4.10903],[27.98312,-4.11144],[28.00343,-4.11885],[28.03621,-4.12253],[28.02976,-4.13949],[28.01664,-4.14584],[28.02441,-4.16311],[28.01629,-4.17123],[28.02151,-4.17497],[28.01681,-4.18473],[28.01781,-4.19091],[28.03102,-4.18557],[28.03924,-4.19001],[28.04937,-4.18058],[28.06114,-4.18354],[28.07425,-4.18948],[28.0719,-4.19633],[28.08288,-4.19612],[28.09365,-4.2086],[28.10014,-4.2128],[28.10679,-4.21187],[28.11956,-4.22721],[28.12628,-4.21559],[28.13615,-4.22377],[28.1457,-4.22299],[28.166,-4.21191],[28.16973,-4.19724],[28.17555,-4.19089],[28.1748,-4.18562],[28.17826,-4.1855],[28.17418,-4.18089],[28.18216,-4.16855],[28.179,-4.16474],[28.18514,-4.15732],[28.17465,-4.13629],[28.18597,-4.11919],[28.19817,-4.1213],[28.20517,-4.12657],[28.21035,-4.13663],[28.22472,-4.17802],[28.24266,-4.19964],[28.30758,-4.24314],[28.35845,-4.28203],[28.3733,-4.27314],[28.37894,-4.27441],[28.39345,-4.3038],[28.39715,-4.30606],[28.4,-4.32699],[28.39637,-4.33483],[28.40247,-4.36425],[28.41678,-4.37513],[28.4457,-4.38725],[28.48085,-4.39671],[28.4918,-4.4085],[28.49388,-4.4546],[28.50338,-4.46102],[28.55314,-4.46006],[28.55279,-4.52339],[28.56744,-4.54062],[28.60729,-4.67661],[28.61963,-4.69132],[28.63488,-4.70096],[28.6593,-4.70571],[28.66391,-4.71076],[28.6655,-4.72056],[28.67467,-4.72574],[28.67757,-4.7359],[28.68385,-4.73957],[28.67955,-4.75073],[28.68903,-4.756],[28.68466,-4.76851],[28.6877,-4.77395],[28.68497,-4.77812],[28.68991,-4.79949],[28.69761,-4.80352],[28.69514,-4.81],[28.70391,-4.81081],[28.71608,-4.81997],[28.71734,-4.82505],[28.71254,-4.82838],[28.71315,-4.8342],[28.72806,-4.84491],[28.72692,-4.84817],[28.73466,-4.84894],[28.73725,-4.85304],[28.75004,-4.90088],[28.76825,-4.91416],[28.76887,-4.91776],[28.75548,-4.9237],[28.75998,-4.93881],[28.75099,-4.94515],[28.74909,-4.94368],[28.75456,-4.96093],[28.76155,-4.96046],[28.76965,-4.96732],[28.77671,-4.96596],[28.77127,-4.97302],[28.77609,-4.98384],[28.78498,-4.99428],[28.78874,-4.99116],[28.79572,-4.99347],[28.80351,-5.01033],[29.37208,-5.00791],[29.35524,-4.85811],[29.35226,-4.79868],[29.35335,-4.74043],[29.35963,-4.65217],[29.37843,-4.50187],[29.38908,-4.37833],[29.38488,-4.32403],[29.38593,-4.26678],[29.37904,-4.20195],[29.35252,-4.11245],[29.30213,-4.00125],[29.27231,-3.97414],[29.23106,-3.95078],[29.22585,-3.8964],[29.22515,-3.83073],[29.23121,-3.74861],[29.23545,-3.56102],[29.15245,-3.5563],[29.13123,-3.54272],[29.10657,-3.54183],[29.08962,-3.55543],[29.08302,-3.55603],[29.06953,-3.54218],[29.05532,-3.54836],[29.04627,-3.54803],[29.02683,-3.58494],[29.01323,-3.61955],[29.00118,-3.63416],[28.99296,-3.65642],[28.98196,-3.65781],[28.94645,-3.658],[28.92303,-3.64868],[28.90094,-3.65012],[28.89085,-3.63776],[28.88764,-3.64082],[28.88115,-3.63475],[28.87599,-3.62583],[28.87131,-3.6269],[28.86826,-3.62175],[28.84979,-3.61274],[28.84764,-3.60632],[28.83999,-3.60269],[28.8397,-3.5997],[28.83374,-3.60123],[28.82813,-3.59734],[28.81961,-3.60749],[28.81146,-3.60262],[28.79981,-3.60991],[28.79598,-3.60682],[28.78499,-3.62844],[28.78374,-3.65191],[28.76654,-3.64831],[28.7171,-3.61358],[28.70712,-3.62798],[28.71008,-3.64121],[28.69765,-3.66207],[28.725,-3.69321],[28.74205,-3.73859],[28.78706,-3.77382],[28.82751,-3.81861],[28.83446,-3.8172],[28.83615,-3.80877],[28.84392,-3.80739],[28.85442,-3.82102],[28.85431,-3.83433],[28.8292,-3.91347],[28.82018,-3.96969],[28.80857,-3.99314],[28.78336,-3.9811],[28.77699,-3.96195],[28.77086,-3.96217],[28.76425,-3.97246],[28.76337,-3.98131],[28.7572,-3.98678],[28.73304,-3.99776],[28.72775,-3.98882],[28.73383,-3.96762],[28.71373,-3.9362],[28.71504,-3.92307],[28.71226,-3.91826],[28.7142,-3.90441],[28.73116,-3.87546],[28.73165,-3.86538],[28.71221,-3.84705],[28.70244,-3.7931],[28.71607,-3.77252],[28.70712,-3.76902],[28.68426,-3.77642],[28.67468,-3.78498],[28.6647,-3.80551],[28.64783,-3.82353],[28.64264,-3.83875],[28.62504,-3.84803],[28.618,-3.86072],[28.59834,-3.87094],[28.59243,-3.88086],[28.5865,-3.88457],[28.57611,-3.87528],[28.57458,-3.86233],[28.56854,-3.85246],[28.56626,-3.83101],[28.56221,-3.82726],[28.55928,-3.83564],[28.54288,-3.84605],[28.52161,-3.85187],[28.52144,-3.87325],[28.5156,-3.88922],[28.48077,-3.90836],[28.47557,-3.88393],[28.46916,-3.87977],[28.46429,-3.82556],[28.45957,-3.80322],[28.45474,-3.79582],[28.45106,-3.79651],[28.44606,-3.80887],[28.44462,-3.83627],[28.43755,-3.8522],[28.403,-3.85366],[28.39386,-3.85784],[28.35029,-3.85389],[28.33995,-3.8468],[28.33276,-3.8282],[28.32199,-3.82847],[28.29948,-3.81845],[28.28804,-3.82195],[28.27474,-3.82132],[28.26082,-3.83288],[28.24821,-3.83086],[28.23425,-3.8346],[28.22651,-3.83003],[28.21352,-3.8352],[28.2061,-3.83207],[28.20293,-3.83543],[28.20346,-3.82802],[28.20085,-3.82773],[28.14823,-3.82502],[28.0889,-3.82708],[28.0714,-3.83313],[28.06912,-3.8506],[28.05469,-3.86261],[28.04291,-3.86971],[28.01283,-3.87832],[27.99868,-3.89264],[27.98091,-3.91572],[27.97865,-3.92493],[27.97673,-3.95692],[27.98102,-3.96522],[27.95588,-3.97768],[27.92845,-3.98505],[27.86989,-4.01135],[27.83778,-4.02239],[27.82712,-4.04419],[27.82813,-4.05437],[27.82326,-4.05873],[27.82233,-4.07036],[27.83359,-4.07911],[27.83427,-4.08992],[27.85431,-4.10162],[27.86041,-4.11157],[27.89243,-4.11933],[27.89514,-4.12572],[27.89875,-4.12214],[27.91151,-4.12446],[27.91361,-4.12873],[27.91902,-4.12446],[27.93053,-4.12659]]]]},"properties":{"nom":"Fizi","province":"Sud-Kivu","pcode":"CD6210"}},{"type":"Feature","geometry":{"type":"Polygon","coordinates":[[[28.84472,-3.26988],[28.83067,-3.25955],[28.82563,-3.25131],[28.81268,-3.20946],[28.79028,-3.19767],[28.78736,-3.17937],[28.78914,-3.15547],[28.78232,-3.14114],[28.7841,-3.12262],[28.79152,-3.11274],[28.79418,-3.08657],[28.80485,-3.07962],[28.81391,-3.06859],[28.81936,-3.05098],[28.81991,-3.03242],[28.80868,-3.00866],[28.80436,-2.98794],[28.81109,-2.96229],[28.79781,-2.93887],[28.79949,-2.88238],[28.79304,-2.87209],[28.77275,-2.85735],[28.77047,-2.83709],[28.76287,-2.81828],[28.75317,-2.80547],[28.74344,-2.79831],[28.73161,-2.79796],[28.7108,-2.80873],[28.7118,-2.80322],[28.69349,-2.79969],[28.693,-2.78646],[28.68673,-2.78469],[28.68358,-2.78101],[28.68531,-2.77801],[28.68101,-2.77678],[28.67674,-2.78567],[28.67823,-2.79619],[28.66299,-2.80311],[28.66442,-2.80931],[28.65468,-2.82895],[28.65707,-2.83521],[28.65329,-2.8418],[28.64707,-2.84561],[28.63866,-2.84402],[28.62746,-2.83031],[28.62558,-2.83528],[28.61699,-2.84102],[28.61749,-2.8443],[28.60734,-2.83818],[28.60332,-2.83989],[28.60332,-2.84493],[28.59385,-2.84694],[28.58408,-2.85892],[28.56458,-2.8669],[28.5574,-2.86134],[28.56368,-2.85765],[28.55857,-2.8501],[28.56218,-2.83987],[28.55073,-2.83112],[28.54477,-2.83522],[28.53794,-2.81952],[28.53593,-2.82318],[28.52903,-2.82116],[28.51906,-2.83995],[28.51373,-2.84165],[28.49667,-2.82622],[28.49061,-2.82605],[28.48438,-2.82101],[28.47703,-2.80953],[28.48039,-2.8037],[28.47853,-2.80112],[28.47613,-2.80337],[28.4686,-2.79986],[28.46432,-2.80972],[28.45871,-2.81035],[28.45514,-2.80688],[28.4543,-2.81434],[28.44769,-2.81903],[28.44736,-2.80992],[28.45026,-2.80617],[28.44655,-2.80849],[28.43952,-2.80485],[28.43193,-2.80571],[28.43509,-2.79711],[28.4398,-2.79467],[28.43131,-2.79427],[28.42827,-2.78831],[28.42167,-2.78812],[28.41822,-2.7837],[28.40467,-2.78332],[28.4013,-2.79154],[28.3944,-2.78901],[28.3901,-2.79412],[28.3824,-2.79221],[28.3771,-2.79991],[28.37672,-2.81632],[28.36427,-2.82565],[28.35958,-2.83425],[28.34799,-2.83872],[28.34073,-2.82937],[28.33786,-2.83183],[28.33159,-2.82777],[28.32916,-2.82978],[28.31835,-2.82775],[28.2994,-2.8423],[28.27336,-2.85026],[28.24169,-2.83169],[28.23116,-2.83688],[28.22384,-2.83587],[28.20771,-2.856],[28.20687,-2.87335],[28.19475,-2.8793],[28.17062,-2.90324],[28.16686,-2.90004],[28.14804,-2.90499],[28.13891,-2.90246],[28.13076,-2.89447],[28.11531,-2.8897],[28.06942,-2.88112],[28.04582,-2.88377],[28.04083,-2.89534],[28.03862,-2.91587],[28.0283,-2.93172],[28.0294,-2.94669],[28.0143,-2.94745],[27.99452,-2.9715],[27.98827,-2.98787],[27.97359,-2.98623],[27.96658,-2.99531],[27.95885,-2.99184],[27.95131,-2.96618],[27.94686,-2.9616],[27.87704,-2.96639],[27.87332,-2.97193],[27.87568,-2.98331],[27.88214,-2.99158],[27.88214,-3.04287],[27.86721,-3.07352],[27.82192,-3.12426],[27.81546,-3.1368],[27.81592,-3.15163],[27.81056,-3.17128],[27.81656,-3.19249],[27.80931,-3.21238],[27.80036,-3.22257],[27.77628,-3.29261],[27.76051,-3.30332],[27.73148,-3.31013],[27.72936,-3.32056],[27.74071,-3.33019],[27.74263,-3.34478],[27.7421,-3.3601],[27.73424,-3.37279],[27.7352,-3.40632],[27.72933,-3.42633],[27.71372,-3.43879],[27.70378,-3.45746],[27.69753,-3.47342],[27.69697,-3.49278],[27.70095,-3.50501],[27.70987,-3.51254],[27.72689,-3.51243],[27.72748,-3.51656],[27.73283,-3.51811],[27.73975,-3.51221],[27.74481,-3.51601],[27.74129,-3.52174],[27.75525,-3.52613],[27.74938,-3.51878],[27.75415,-3.51618],[27.75487,-3.50997],[27.76611,-3.51216],[27.77466,-3.50466],[27.77392,-3.51058],[27.78138,-3.51447],[27.78295,-3.50982],[27.78853,-3.50982],[27.79315,-3.50375],[27.80318,-3.50882],[27.81283,-3.5069],[27.81444,-3.49988],[27.81623,-3.50609],[27.82968,-3.49866],[27.83774,-3.49955],[27.8461,-3.49585],[27.84068,-3.4926],[27.8404,-3.48677],[27.84562,-3.49155],[27.84741,-3.48441],[27.85647,-3.49109],[27.85984,-3.48897],[27.85718,-3.4856],[27.85891,-3.48264],[27.86992,-3.48455],[27.87106,-3.47449],[27.88285,-3.47681],[27.88542,-3.46334],[27.89119,-3.47211],[27.89844,-3.47239],[27.90483,-3.46862],[27.90155,-3.46501],[27.89678,-3.46762],[27.89547,-3.46449],[27.90048,-3.46341],[27.8967,-3.45613],[27.90191,-3.45536],[27.9035,-3.44741],[27.91424,-3.45802],[27.92083,-3.45472],[27.9272,-3.44507],[27.93597,-3.44079],[27.95332,-3.4461],[27.95867,-3.44481],[27.95753,-3.44951],[27.95993,-3.45075],[27.96461,-3.44369],[27.97514,-3.44068],[27.98177,-3.43033],[27.98695,-3.4321],[27.99032,-3.44624],[27.99458,-3.44886],[27.99951,-3.44721],[28.00149,-3.45006],[28.00217,-3.4603],[27.99837,-3.46133],[27.9999,-3.46838],[27.99735,-3.46992],[28.00308,-3.48142],[28.01429,-3.4924],[28.01791,-3.48995],[28.01723,-3.49553],[28.02307,-3.49194],[28.02924,-3.50395],[28.01587,-3.51539],[28.01276,-3.52467],[28.0148,-3.52859],[28.00495,-3.53303],[28.00936,-3.54066],[28.00919,-3.55397],[28.01752,-3.55494],[28.01395,-3.55909],[28.01554,-3.56279],[28.02307,-3.56188],[28.02374,-3.56928],[28.03513,-3.57229],[28.03943,-3.5765],[28.03836,-3.5814],[28.04102,-3.57889],[28.05048,-3.58646],[28.0494,-3.58914],[28.04617,-3.58811],[28.04459,-3.59784],[28.04742,-3.59807],[28.03609,-3.60996],[28.03779,-3.61406],[28.02714,-3.61548],[28.02511,-3.62077],[28.04623,-3.64314],[28.05161,-3.64205],[28.05846,-3.64592],[28.05807,-3.6585],[28.06254,-3.65827],[28.06396,-3.66868],[28.06979,-3.67033],[28.07506,-3.67778],[28.08174,-3.6771],[28.07891,-3.68592],[28.08264,-3.68626],[28.08451,-3.69041],[28.08214,-3.69565],[28.07392,-3.69997],[28.07874,-3.70601],[28.08672,-3.70817],[28.08355,-3.7171],[28.09437,-3.7192],[28.10524,-3.72728],[28.12501,-3.72876],[28.13259,-3.73713],[28.13928,-3.73678],[28.14845,-3.74242],[28.1493,-3.74799],[28.1561,-3.75271],[28.15213,-3.77308],[28.15678,-3.78338],[28.16629,-3.791],[28.16578,-3.79783],[28.18051,-3.80249],[28.17983,-3.81034],[28.18419,-3.81711],[28.19393,-3.8162],[28.19461,-3.82069],[28.20265,-3.82155],[28.20293,-3.83543],[28.2061,-3.83207],[28.21352,-3.8352],[28.22651,-3.83003],[28.23425,-3.8346],[28.24821,-3.83086],[28.26082,-3.83288],[28.27474,-3.82132],[28.28804,-3.82195],[28.29948,-3.81845],[28.32199,-3.82847],[28.33276,-3.8282],[28.33995,-3.8468],[28.35029,-3.85389],[28.39386,-3.85784],[28.403,-3.85366],[28.43143,-3.85323],[28.43755,-3.8522],[28.44462,-3.83627],[28.44606,-3.80887],[28.45106,-3.79651],[28.45474,-3.79582],[28.45957,-3.80322],[28.46429,-3.82556],[28.46916,-3.87977],[28.47557,-3.88393],[28.48077,-3.90836],[28.5156,-3.88922],[28.52144,-3.87325],[28.52161,-3.85187],[28.54288,-3.84605],[28.55928,-3.83564],[28.56221,-3.82726],[28.56626,-3.83101],[28.56854,-3.85246],[28.57458,-3.86233],[28.57611,-3.87528],[28.5865,-3.88457],[28.59243,-3.88086],[28.59834,-3.87094],[28.618,-3.86072],[28.62504,-3.84803],[28.64264,-3.83875],[28.64783,-3.82353],[28.6647,-3.80551],[28.67468,-3.78498],[28.68426,-3.77642],[28.70712,-3.76902],[28.71607,-3.77252],[28.70244,-3.7931],[28.71221,-3.84705],[28.73165,-3.86538],[28.73116,-3.87546],[28.7142,-3.90441],[28.71226,-3.91826],[28.71504,-3.92307],[28.71373,-3.9362],[28.73383,-3.96762],[28.72775,-3.98882],[28.73304,-3.99776],[28.7572,-3.98678],[28.76337,-3.98131],[28.76425,-3.97246],[28.77086,-3.96217],[28.77699,-3.96195],[28.78336,-3.9811],[28.80857,-3.99314],[28.82018,-3.96969],[28.8292,-3.91347],[28.85431,-3.83433],[28.85442,-3.82102],[28.84392,-3.80739],[28.83615,-3.80877],[28.83446,-3.8172],[28.82751,-3.81861],[28.78706,-3.77382],[28.74205,-3.73859],[28.725,-3.69321],[28.69765,-3.66207],[28.71008,-3.64121],[28.70712,-3.62798],[28.7171,-3.61358],[28.76654,-3.64831],[28.78374,-3.65191],[28.78499,-3.62844],[28.79598,-3.60682],[28.79981,-3.60991],[28.81146,-3.60262],[28.81961,-3.60749],[28.82813,-3.59734],[28.8329,-3.5714],[28.83069,-3.56207],[28.84218,-3.54727],[28.84076,-3.52358],[28.84485,-3.50417],[28.84244,-3.45002],[28.86198,-3.43442],[28.88781,-3.3998],[28.88496,-3.38702],[28.87086,-3.36317],[28.87988,-3.33574],[28.89215,-3.31888],[28.87137,-3.28746],[28.85829,-3.28155],[28.84976,-3.27032],[28.84472,-3.26988]]]},"properties":{"nom":"Mwenga","province":"Sud-Kivu","pcode":"CD6212"}},{"type":"Feature","geometry":{"type":"Polygon","coordinates":[[[25.95727,-2.87372],[25.93152,-2.85282],[25.90713,-2.84672],[25.84461,-2.84748],[25.8347,-2.85282],[25.82708,-2.86578],[25.81564,-2.97175],[25.82326,-3.00377],[25.85757,-3.02359],[25.91628,-3.02131],[25.94067,-3.01063],[25.98413,-2.98242],[25.99328,-2.96108],[25.99633,-2.93744],[25.97269,-2.89399],[25.95727,-2.87372]]]},"properties":{"nom":"Kindu","province":"Maniema","pcode":"CD6301"}},{"type":"Feature","geometry":{"type":"Polygon","coordinates":[[[26.86557,-2.16496],[26.87302,-2.14671],[26.87214,-2.13668],[26.85172,-2.11402],[26.82181,-2.10275],[26.82635,-2.06528],[26.8052,-2.02694],[26.7946,-2.01542],[26.75416,-2.00549],[26.66832,-2.00905],[26.64781,-2.0234],[26.6033,-2.04249],[26.59201,-2.05028],[26.62766,-2.0752],[26.62709,-2.08982],[26.61387,-2.10618],[26.60793,-2.1078],[26.60311,-2.10252],[26.59327,-2.10025],[26.5779,-2.0828],[26.5699,-2.08167],[26.55684,-2.07388],[26.55182,-2.07481],[26.54252,-2.10565],[26.54461,-2.11875],[26.5316,-2.13143],[26.53025,-2.13649],[26.51335,-2.14642],[26.50053,-2.14369],[26.49665,-2.14668],[26.49462,-2.15681],[26.47836,-2.14833],[26.46419,-2.15135],[26.46075,-2.14722],[26.45825,-2.15251],[26.45297,-2.14747],[26.44382,-2.14565],[26.44534,-2.11206],[26.44118,-2.09299],[26.42764,-2.07484],[26.3779,-2.02549],[26.35641,-2.01371],[26.3049,-2.01054],[26.20264,-2.0131],[26.19242,-2.01605],[26.17069,-2.03766],[26.1278,-2.04949],[26.07845,-2.03366],[26.00797,-2.0004],[25.98683,-1.99746],[25.95779,-1.97773],[25.92666,-1.97338],[25.90817,-1.98721],[25.89103,-1.99321],[25.88373,-2.00219],[25.84622,-2.02386],[25.82832,-2.02772],[25.8192,-2.02542],[25.81,-2.0175],[25.80861,-2.00666],[25.82383,-2.00042],[25.83431,-1.9858],[25.85465,-1.97467],[25.87789,-1.95465],[25.88858,-1.95048],[25.90722,-1.93374],[25.9036,-1.86299],[25.91034,-1.84012],[25.90351,-1.80877],[25.89777,-1.79475],[25.8854,-1.77775],[25.852,-1.76608],[25.84343,-1.83299],[25.82331,-1.83394],[25.80115,-1.84317],[25.79017,-1.84249],[25.77231,-1.82389],[25.76042,-1.8177],[25.71334,-1.82465],[25.69895,-1.83915],[25.67748,-1.85068],[25.67429,-1.85459],[25.67066,-1.87529],[25.65651,-1.89232],[25.62338,-1.90523],[25.60145,-1.92181],[25.5715,-1.92368],[25.55642,-1.92991],[25.5345,-1.95155],[25.49611,-1.96423],[25.47829,-1.98034],[25.45774,-2.00543],[25.43993,-2.01993],[25.43034,-2.0342],[25.4226,-2.05465],[25.31987,-2.08426],[25.24008,-2.11198],[25.23209,-2.07587],[25.2116,-2.08608],[25.20037,-2.08798],[25.17593,-2.07767],[25.17262,-2.06228],[25.17857,-2.05139],[25.20896,-2.02774],[25.20764,-2.02004],[25.19839,-2.01425],[25.19707,-2.00976],[25.20169,-1.99247],[25.19707,-1.98284],[25.18848,-1.98026],[25.16007,-1.98532],[25.13496,-1.98527],[25.11844,-1.97626],[25.08583,-1.97493],[25.06823,-1.9755],[25.05567,-1.98061],[25.04907,-1.97033],[25.0245,-1.96857],[24.98989,-1.97465],[24.97824,-1.98155],[24.59839,-1.98078],[24.60872,-2.06466],[24.62156,-2.0911],[24.66364,-2.13947],[24.6811,-2.18958],[24.69431,-2.36252],[24.70618,-2.36893],[24.71985,-2.36534],[24.926,-2.37241],[24.93148,-2.37424],[24.93154,-2.3979],[24.96073,-2.39891],[24.97902,-2.41626],[24.98906,-2.42084],[25.04832,-2.41195],[25.04927,-2.42469],[25.0329,-2.44442],[25.00491,-2.46434],[24.99945,-2.47228],[25.00268,-2.48617],[25.01798,-2.49282],[25.03781,-2.49175],[25.04672,-2.49633],[25.03444,-2.50948],[25.00394,-2.53075],[25.00169,-2.5453],[25.00675,-2.56215],[25.04697,-2.59504],[25.05884,-2.60236],[25.07428,-2.60069],[25.07728,-2.63106],[25.08278,-2.64578],[25.08235,-2.68051],[25.08671,-2.70237],[25.09704,-2.74285],[25.1101,-2.76148],[25.1124,-2.77435],[25.10259,-2.81669],[25.08841,-2.83073],[25.08659,-2.84155],[25.06877,-2.87767],[25.06489,-2.90344],[25.05049,-2.92944],[25.0329,-2.97385],[25.02466,-2.9849],[25.02307,-2.99916],[25.01667,-3.0155],[25.00738,-3.02429],[25.01165,-3.03368],[25.03134,-3.04011],[25.02723,-3.05001],[25.03685,-3.06588],[25.03435,-3.07807],[25.01373,-3.06336],[25.00892,-3.06359],[25.00115,-3.07416],[25.00458,-3.08131],[25.01466,-3.08498],[25.02085,-3.09257],[25.01834,-3.10569],[25.00758,-3.12065],[25.02362,-3.13399],[25.02317,-3.13859],[25.0,-3.15292],[24.99481,-3.18921],[24.99,-3.19267],[24.96619,-3.19543],[24.96436,-3.20142],[24.96987,-3.21775],[24.95865,-3.23386],[24.98217,-3.23311],[24.9996,-3.25134],[25.01722,-3.25795],[25.03655,-3.27345],[25.06415,-3.28855],[25.07641,-3.30032],[25.12194,-3.24301],[25.12637,-3.23278],[25.18022,-3.24012],[25.30617,-3.24139],[25.36769,-3.25006],[25.37767,-3.25988],[25.40859,-3.20003],[25.42325,-3.20324],[25.42784,-3.20922],[25.47892,-3.21976],[25.4858,-3.22481],[25.53669,-3.22422],[25.54865,-3.21685],[25.57146,-3.2175],[25.57888,-3.21381],[25.59122,-3.22012],[25.59848,-3.23621],[25.61841,-3.24102],[25.61933,-3.2486],[25.62736,-3.2585],[25.64588,-3.2587],[25.63742,-3.26449],[25.63814,-3.26838],[25.65509,-3.26882],[25.66413,-3.26459],[25.67524,-3.26834],[25.69263,-3.25819],[25.71071,-3.25587],[25.75648,-3.23281],[25.76288,-3.22428],[25.77066,-3.22428],[25.77477,-3.21507],[25.77361,-3.20587],[25.78391,-3.20194],[25.78163,-3.18915],[25.76653,-3.18965],[25.76687,-3.17608],[25.77299,-3.16989],[25.77311,-3.16475],[25.83563,-3.16467],[25.84967,-3.16566],[25.86789,-3.17746],[25.86926,-3.21466],[25.8558,-3.25774],[25.85499,-3.27126],[25.86184,-3.29538],[25.8577,-3.33552],[25.87987,-3.35308],[25.88385,-3.32318],[25.90577,-3.2665],[25.90337,-3.25525],[25.91582,-3.2412],[25.91466,-3.23492],[25.93008,-3.21258],[25.93525,-3.19254],[25.94934,-3.18725],[26.12102,-3.16352],[26.12526,-3.16015],[26.1252,-3.13902],[26.06124,-3.00097],[26.05943,-2.95783],[26.14401,-2.86425],[26.17041,-2.83047],[26.18188,-2.83434],[26.19069,-2.84503],[26.19888,-2.84857],[26.20736,-2.84776],[26.2192,-2.83469],[26.22212,-2.81673],[26.21842,-2.77717],[26.22216,-2.74779],[26.23017,-2.72942],[26.29408,-2.68248],[26.40462,-2.62449],[26.4574,-2.61917],[26.48811,-2.60447],[26.49846,-2.59203],[26.49402,-2.56232],[26.50496,-2.54344],[26.50676,-2.53285],[26.49845,-2.50319],[26.50003,-2.49353],[26.50094,-2.49123],[26.50964,-2.49305],[26.52128,-2.48405],[26.52493,-2.47852],[26.52262,-2.46772],[26.52489,-2.46173],[26.53516,-2.45274],[26.57288,-2.44345],[26.58661,-2.44365],[26.60146,-2.43695],[26.61085,-2.43624],[26.6036,-2.46685],[26.62173,-2.4882],[26.63344,-2.48184],[26.64541,-2.45839],[26.6569,-2.44814],[26.66449,-2.38884],[26.66947,-2.37423],[26.67952,-2.36983],[26.69348,-2.37072],[26.70948,-2.36631],[26.72705,-2.34994],[26.733,-2.34854],[26.73891,-2.33703],[26.74759,-2.33057],[26.75445,-2.32986],[26.75677,-2.34136],[26.76869,-2.35191],[26.77369,-2.34039],[26.79268,-2.34035],[26.79772,-2.34471],[26.80411,-2.3394],[26.82059,-2.34051],[26.82606,-2.33474],[26.82904,-2.33934],[26.83248,-2.33956],[26.83567,-2.33518],[26.8446,-2.33884],[26.84802,-2.33354],[26.8567,-2.33098],[26.86142,-2.32282],[26.86198,-2.3133],[26.85211,-2.29585],[26.85115,-2.28871],[26.86557,-2.16496]],[[25.94067,-3.01063],[25.91628,-3.02131],[25.85757,-3.02359],[25.82326,-3.00377],[25.81564,-2.97175],[25.82708,-2.86578],[25.8347,-2.85282],[25.84461,-2.84748],[25.89036,-2.84519],[25.93152,-2.85282],[25.94968,-2.86568],[25.97269,-2.89399],[25.99633,-2.93744],[25.99328,-2.96108],[25.98413,-2.98242],[25.94067,-3.01063]]]},"properties":{"nom":"Kailo","province":"Maniema","pcode":"CD6302"}},{"type":"Feature","geometry":{"type":"Polygon","coordinates":[[[26.19841,-1.27333],[26.19223,-1.2669],[26.1931,-1.24299],[26.18939,-1.22048],[26.18025,-1.21797],[26.14741,-1.24583],[26.12569,-1.23737],[26.11975,-1.23807],[26.11703,-1.24359],[26.12987,-1.26977],[26.12578,-1.28081],[26.11963,-1.28657],[26.08192,-1.28134],[26.07461,-1.2825],[26.06937,-1.28803],[26.06667,-1.31033],[26.07173,-1.32686],[26.06744,-1.3471],[26.06956,-1.3848],[26.06158,-1.39699],[26.03005,-1.39452],[26.01728,-1.40764],[26.02645,-1.42395],[26.03424,-1.42968],[26.03905,-1.44392],[26.03405,-1.45819],[26.01419,-1.46856],[26.01537,-1.4881],[25.9994,-1.50077],[25.98204,-1.50263],[25.95826,-1.49416],[25.9306,-1.49374],[25.92898,-1.47857],[25.89283,-1.45426],[25.88959,-1.43196],[25.861,-1.41154],[25.8599,-1.43775],[25.86634,-1.46487],[25.85476,-1.50603],[25.86631,-1.57867],[25.8687,-1.63936],[25.86301,-1.65546],[25.86326,-1.66857],[25.84802,-1.70882],[25.852,-1.76608],[25.8854,-1.77775],[25.89777,-1.79475],[25.90351,-1.80877],[25.91034,-1.84012],[25.9036,-1.86299],[25.90722,-1.93374],[25.88858,-1.95048],[25.87789,-1.95465],[25.85465,-1.97467],[25.83431,-1.9858],[25.82383,-2.00042],[25.80861,-2.00666],[25.81,-2.0175],[25.8192,-2.02542],[25.82832,-2.02772],[25.84622,-2.02386],[25.88373,-2.00219],[25.89103,-1.99321],[25.90817,-1.98721],[25.92666,-1.97338],[25.95779,-1.97773],[25.98683,-1.99746],[26.00797,-2.0004],[26.07845,-2.03366],[26.1278,-2.04949],[26.17069,-2.03766],[26.19242,-2.01605],[26.20264,-2.0131],[26.3049,-2.01054],[26.35641,-2.01371],[26.3779,-2.02549],[26.42764,-2.07484],[26.44118,-2.09299],[26.44534,-2.11206],[26.44382,-2.14565],[26.45297,-2.14747],[26.45825,-2.15251],[26.46075,-2.14722],[26.46419,-2.15135],[26.47836,-2.14833],[26.49462,-2.15681],[26.49665,-2.14668],[26.50053,-2.14369],[26.51335,-2.14642],[26.53025,-2.13649],[26.5316,-2.13143],[26.54461,-2.11875],[26.54252,-2.10565],[26.55182,-2.07481],[26.55684,-2.07388],[26.5699,-2.08167],[26.5779,-2.0828],[26.59327,-2.10025],[26.60311,-2.10252],[26.60793,-2.1078],[26.61387,-2.10618],[26.62709,-2.08982],[26.62766,-2.0752],[26.59201,-2.05028],[26.6033,-2.04249],[26.64781,-2.0234],[26.66832,-2.00905],[26.75416,-2.00549],[26.7946,-2.01542],[26.8052,-2.02694],[26.82635,-2.06528],[26.82181,-2.10275],[26.85172,-2.11402],[26.87214,-2.13668],[26.87302,-2.14671],[26.86804,-2.15891],[26.87298,-2.16131],[26.87842,-2.15693],[26.89283,-2.15552],[26.90609,-2.16135],[26.9131,-2.15837],[26.91904,-2.1702],[26.93739,-2.18225],[26.93694,-2.17611],[26.93202,-2.17226],[26.93965,-2.16126],[26.93456,-2.1554],[26.93758,-2.15043],[26.94483,-2.15091],[26.94785,-2.14404],[26.95843,-2.13806],[26.96335,-2.12905],[26.96896,-2.13472],[26.97155,-2.14878],[26.97956,-2.15473],[26.98417,-2.15246],[26.97437,-2.12776],[26.97687,-2.12389],[26.98856,-2.13187],[26.99833,-2.15047],[27.00397,-2.14992],[27.00565,-2.14046],[27.01,-2.13742],[27.01145,-2.14445],[27.01984,-2.1499],[27.02079,-2.16138],[27.02372,-2.16449],[27.02914,-2.16764],[27.03724,-2.16501],[27.038,-2.17147],[27.04328,-2.17608],[27.05654,-2.17835],[27.0606,-2.18919],[27.06037,-2.20212],[27.06621,-2.21054],[27.07895,-2.20059],[27.08789,-2.20518],[27.09868,-2.20373],[27.11596,-2.21044],[27.11085,-2.22398],[27.11677,-2.23318],[27.12359,-2.23658],[27.12311,-2.22324],[27.14013,-2.21272],[27.15301,-2.21384],[27.1474,-2.23067],[27.15004,-2.23493],[27.15484,-2.22264],[27.16616,-2.22469],[27.17141,-2.21647],[27.17569,-2.21958],[27.17108,-2.23529],[27.17607,-2.2416],[27.18037,-2.23892],[27.18303,-2.22271],[27.19653,-2.2186],[27.19741,-2.22216],[27.18726,-2.22771],[27.18831,-2.23349],[27.19373,-2.23426],[27.20247,-2.22371],[27.20316,-2.23849],[27.20654,-2.24268],[27.21236,-2.23328],[27.22734,-2.23854],[27.22836,-2.2635],[27.23142,-2.26931],[27.23748,-2.27134],[27.24119,-2.26639],[27.24295,-2.24868],[27.25208,-2.24107],[27.25583,-2.23055],[27.26415,-2.22663],[27.26883,-2.22926],[27.27094,-2.23839],[27.28804,-2.24213],[27.31919,-2.19596],[27.35303,-2.16526],[27.36881,-2.16416],[27.38469,-2.16713],[27.45258,-2.13052],[27.45345,-2.12053],[27.44615,-2.10721],[27.45296,-2.08427],[27.46779,-2.05837],[27.47363,-2.04098],[27.47236,-2.03395],[27.45643,-2.02913],[27.43511,-2.02912],[27.39364,-2.01689],[27.37831,-2.00616],[27.37486,-1.99986],[27.38091,-1.99122],[27.73976,-2.00062],[27.74653,-1.97768],[27.74291,-1.93908],[27.75054,-1.90433],[27.74859,-1.87306],[27.75406,-1.86821],[27.75172,-1.85558],[27.75625,-1.84475],[27.74202,-1.83101],[27.74666,-1.78937],[27.73911,-1.79009],[27.73657,-1.78205],[27.72052,-1.76946],[27.69745,-1.77414],[27.69401,-1.77094],[27.68464,-1.77166],[27.68072,-1.76409],[27.68045,-1.75236],[27.67332,-1.74296],[27.67737,-1.72524],[27.67278,-1.72112],[27.66839,-1.70872],[27.65903,-1.71059],[27.65581,-1.70738],[27.65807,-1.70071],[27.65346,-1.69107],[27.64545,-1.68673],[27.62304,-1.68497],[27.618,-1.6813],[27.61545,-1.67281],[27.60607,-1.66939],[27.59734,-1.65884],[27.58727,-1.65635],[27.57809,-1.6442],[27.57147,-1.64721],[27.56069,-1.6369],[27.54789,-1.63786],[27.54077,-1.62708],[27.52841,-1.62207],[27.52562,-1.60897],[27.5153,-1.60096],[27.50818,-1.58972],[27.50789,-1.57523],[27.49862,-1.53871],[27.45846,-1.4947],[27.44942,-1.45933],[27.43057,-1.44622],[27.41148,-1.45813],[27.40331,-1.45867],[27.39142,-1.45005],[27.34694,-1.36082],[27.34823,-1.33921],[27.3648,-1.30674],[27.34534,-1.29738],[27.32638,-1.29767],[27.30918,-1.27911],[27.28674,-1.26447],[27.28236,-1.25207],[27.26473,-1.23925],[27.23537,-1.20509],[27.22714,-1.20489],[27.22465,-1.20949],[27.21301,-1.21252],[27.19171,-1.19511],[27.16017,-1.19084],[27.15033,-1.1842],[27.1393,-1.16746],[27.13061,-1.16334],[27.10593,-1.1602],[27.09331,-1.14254],[27.0897,-1.15772],[27.07741,-1.17108],[27.06276,-1.16101],[27.04517,-1.15923],[27.03078,-1.16133],[27.0098,-1.17357],[26.98879,-1.17432],[26.98105,-1.18124],[26.9754,-1.20217],[26.95969,-1.21784],[26.9398,-1.21445],[26.93614,-1.21055],[26.92176,-1.21564],[26.91307,-1.21383],[26.9051,-1.22235],[26.88341,-1.2254],[26.87999,-1.22839],[26.88117,-1.24149],[26.87093,-1.25301],[26.8705,-1.26404],[26.85317,-1.27443],[26.84589,-1.28434],[26.84823,-1.30295],[26.84417,-1.32158],[26.83711,-1.32895],[26.80921,-1.32076],[26.79662,-1.31157],[26.78681,-1.31666],[26.78184,-1.33576],[26.77796,-1.3399],[26.74004,-1.34137],[26.72931,-1.34624],[26.68865,-1.34816],[26.67838,-1.35119],[26.66951,-1.36729],[26.65832,-1.36571],[26.64873,-1.3701],[26.63848,-1.38414],[26.62456,-1.39061],[26.60108,-1.41158],[26.58714,-1.41184],[26.57916,-1.41738],[26.54579,-1.41056],[26.52587,-1.3975],[26.5197,-1.39728],[26.51035,-1.40397],[26.4841,-1.41345],[26.47494,-1.40496],[26.45908,-1.39986],[26.45056,-1.38909],[26.45707,-1.38431],[26.45865,-1.37855],[26.45358,-1.36317],[26.43462,-1.36022],[26.42111,-1.34784],[26.39027,-1.3525],[26.37148,-1.32495],[26.35752,-1.31785],[26.34492,-1.29995],[26.34031,-1.28272],[26.33504,-1.27767],[26.3129,-1.28461],[26.28639,-1.28236],[26.26077,-1.26816],[26.23148,-1.24316],[26.22416,-1.24041],[26.21891,-1.24065],[26.21526,-1.24526],[26.20983,-1.27009],[26.20664,-1.27331],[26.19841,-1.27333]]]},"properties":{"nom":"Punia","province":"Maniema","pcode":"CD6303"}},{"type":"Feature","geometry":{"type":"MultiPolygon","coordinates":[[[[27.27274,-1.05872],[27.27825,-1.05259],[27.27752,-1.03834],[27.26854,-1.01815],[27.26875,-1.01171],[27.27669,-0.99583],[27.27435,-0.98022],[27.27617,-0.97791],[27.28576,-0.9788],[27.3108,-0.95505],[27.33454,-0.95015],[27.34182,-0.94416],[27.35689,-0.94296],[27.37244,-0.94819],[27.3859,-0.94516],[27.44173,-0.9135],[27.46366,-0.91481],[27.49969,-0.90044],[27.51727,-0.899],[27.54814,-0.90993],[27.55542,-0.90508],[27.57506,-0.9034],[27.58925,-0.91369],[27.60707,-0.91593],[27.62081,-0.92438],[27.62994,-0.92389],[27.63843,-0.93443],[27.64617,-0.92705],[27.65326,-0.93047],[27.66307,-0.92814],[27.67952,-0.92992],[27.69796,-0.91537],[27.70632,-0.89305],[27.71661,-0.89784],[27.72026,-0.89484],[27.75244,-0.89151],[27.76635,-0.88571],[27.77222,-0.87076],[27.76708,-0.8409],[27.77954,-0.81536],[27.77882,-0.80709],[27.7831,-0.79283],[27.78008,-0.78043],[27.80004,-0.74704],[27.8053,-0.75001],[27.80643,-0.74679],[27.80412,-0.73945],[27.80819,-0.73139],[27.80439,-0.69488],[27.80892,-0.68613],[27.82691,-0.67389],[27.83098,-0.66629],[27.82729,-0.65597],[27.82272,-0.65369],[27.82442,-0.62519],[27.84101,-0.59602],[27.66047,-0.59542],[27.63526,-0.58683],[27.62083,-0.57241],[27.60143,-0.57294],[27.59569,-0.564],[27.57167,-0.55191],[27.55951,-0.5345],[27.5529,-0.53613],[27.54215,-0.53203],[27.51914,-0.54153],[27.49855,-0.5285],[27.49458,-0.50532],[27.49682,-0.49497],[27.48814,-0.49087],[27.45985,-0.49418],[27.44663,-0.50111],[27.43526,-0.51286],[27.41976,-0.51659],[27.39898,-0.51321],[27.38415,-0.5174],[27.37524,-0.51329],[27.35858,-0.51564],[27.35021,-0.50478],[27.34796,-0.48122],[27.34452,-0.47618],[27.33492,-0.47116],[27.32602,-0.4721],[27.32052,-0.46431],[27.30887,-0.46389],[27.30039,-0.45266],[27.28532,-0.44972],[27.27848,-0.45319],[27.2568,-0.4528],[27.25154,-0.44822],[27.23146,-0.44989],[27.1931,-0.44656],[27.13575,-0.42376],[27.12062,-0.40566],[27.11783,-0.38799],[27.10367,-0.38619],[27.0973,-0.39011],[27.08861,-0.386],[27.08223,-0.38809],[27.07285,-0.38008],[27.06982,-0.36286],[27.07276,-0.3516],[27.06315,-0.3452],[27.07134,-0.3353],[27.07018,-0.32933],[27.0482,-0.3085],[27.03862,-0.30944],[27.02879,-0.30419],[27.01071,-0.28679],[27.00953,-0.27393],[27.00245,-0.27165],[26.99402,-0.27581],[26.98534,-0.27216],[26.98007,-0.26506],[26.97507,-0.27012],[26.95634,-0.26604],[26.94993,-0.25779],[26.94194,-0.25827],[26.92022,-0.24386],[26.90581,-0.22898],[26.89557,-0.24163],[26.88895,-0.2405],[26.88573,-0.23041],[26.85715,-0.21073],[26.84575,-0.21421],[26.84596,-0.20571],[26.83251,-0.20896],[26.82797,-0.21793],[26.83098,-0.23445],[26.84721,-0.24543],[26.84837,-0.25048],[26.84087,-0.25923],[26.81647,-0.26687],[26.80367,-0.25702],[26.79065,-0.25246],[26.75534,-0.27391],[26.74603,-0.29138],[26.70914,-0.31605],[26.666,-0.32695],[26.61676,-0.35695],[26.61476,-0.35209],[26.55991,-0.37844],[26.53997,-0.3766],[26.52494,-0.38329],[26.49813,-0.37872],[26.47084,-0.38433],[26.45738,-0.38183],[26.44844,-0.3683],[26.44254,-0.34694],[26.43171,-0.33641],[26.43075,-0.31919],[26.41866,-0.31957],[26.40515,-0.30694],[26.39901,-0.30893],[26.38599,-0.30458],[26.36977,-0.27909],[26.36286,-0.27318],[26.34373,-0.26066],[26.33605,-0.2672],[26.32645,-0.25868],[26.3208,-0.23991],[26.32172,-0.22813],[26.31279,-0.21954],[26.30977,-0.20209],[26.30131,-0.19199],[26.27954,-0.20029],[26.27299,-0.1995],[26.2679,-0.18086],[26.25848,-0.17464],[26.25458,-0.16231],[26.24349,-0.15887],[26.22628,-0.13697],[26.22305,-0.13646],[26.2157,-0.14281],[26.21278,-0.13969],[26.21216,-0.12948],[26.20571,-0.1342],[26.19257,-0.13229],[26.19777,-0.12049],[26.19448,-0.10625],[26.18318,-0.11094],[26.17357,-0.0942],[26.16605,-0.09949],[26.14984,-0.09286],[26.14322,-0.09333],[26.1448,-0.08277],[26.14023,-0.07727],[26.13635,-0.07659],[26.13219,-0.08698],[26.1236,-0.08525],[26.12261,-0.07987],[26.11686,-0.0828],[26.1112,-0.07583],[26.10141,-0.07648],[26.09501,-0.05416],[26.09181,-0.05072],[26.08064,-0.05303],[26.07836,-0.04982],[26.08655,-0.0443],[26.09112,-0.03213],[26.07949,-0.03686],[26.06501,-0.03403],[26.06411,-0.03077],[26.07363,-0.02742],[26.07208,-0.02279],[26.06433,-0.01429],[26.05707,-0.0138],[26.05641,-0.02966],[26.05163,-0.03632],[26.03958,-0.03958],[26.03357,-0.04895],[26.03558,-0.06061],[26.04825,-0.08589],[26.06498,-0.16127],[26.08184,-0.19836],[26.09968,-0.21991],[26.10425,-0.22427],[26.11498,-0.22701],[26.1422,-0.26255],[26.15773,-0.27033],[26.17077,-0.28409],[26.151,-0.32178],[26.1312,-0.3496],[26.10911,-0.37261],[26.12361,-0.38969],[26.15228,-0.415],[26.18829,-0.4371],[26.27347,-0.4984],[26.27371,-0.50415],[26.25789,-0.57699],[26.25662,-0.62477],[26.25208,-0.63557],[26.2407,-0.64915],[26.23594,-0.66409],[26.23024,-0.668],[26.23765,-0.68775],[26.23698,-0.77449],[26.24498,-0.82695],[26.24899,-0.8399],[26.25966,-0.85546],[26.24365,-0.89427],[26.22832,-0.91107],[26.20964,-0.92268],[26.17006,-0.9298],[26.16344,-0.93257],[26.14612,-0.94914],[26.12626,-0.95446],[26.11279,-0.95311],[26.07361,-0.96251],[26.08294,-1.0907],[26.13229,-1.1167],[26.14096,-1.1329],[26.13229,-1.1413],[26.11162,-1.14773],[26.08695,-1.14767],[26.08028,-1.15543],[26.07428,-1.19166],[26.06027,-1.23888],[26.05894,-1.25959],[26.07961,-1.26482],[26.08192,-1.28134],[26.11963,-1.28657],[26.12578,-1.28081],[26.12987,-1.26977],[26.11703,-1.24359],[26.11975,-1.23807],[26.12569,-1.23737],[26.14741,-1.24583],[26.15244,-1.24399],[26.17569,-1.21935],[26.18595,-1.21773],[26.18939,-1.22048],[26.1931,-1.24299],[26.19223,-1.2669],[26.19841,-1.27333],[26.20664,-1.27331],[26.20983,-1.27009],[26.21526,-1.24526],[26.21891,-1.24065],[26.22416,-1.24041],[26.23148,-1.24316],[26.26077,-1.26816],[26.28639,-1.28236],[26.3129,-1.28461],[26.33504,-1.27767],[26.34031,-1.28272],[26.34492,-1.29995],[26.35752,-1.31785],[26.37148,-1.32495],[26.39027,-1.3525],[26.42111,-1.34784],[26.43462,-1.36022],[26.45358,-1.36317],[26.45865,-1.37855],[26.45707,-1.38431],[26.45056,-1.38909],[26.45908,-1.39986],[26.47494,-1.40496],[26.4841,-1.41345],[26.51035,-1.40397],[26.5197,-1.39728],[26.52587,-1.3975],[26.54579,-1.41056],[26.57916,-1.41738],[26.58714,-1.41184],[26.60108,-1.41158],[26.62456,-1.39061],[26.63848,-1.38414],[26.64873,-1.3701],[26.65832,-1.36571],[26.66951,-1.36729],[26.67838,-1.35119],[26.68865,-1.34816],[26.72931,-1.34624],[26.74004,-1.34137],[26.77796,-1.3399],[26.78184,-1.33576],[26.78681,-1.31666],[26.79662,-1.31157],[26.80921,-1.32076],[26.83711,-1.32895],[26.84417,-1.32158],[26.84823,-1.30295],[26.84748,-1.28065],[26.8705,-1.26404],[26.87093,-1.25301],[26.88117,-1.24149],[26.87999,-1.22839],[26.88341,-1.2254],[26.9051,-1.22235],[26.91307,-1.21383],[26.92176,-1.21564],[26.93614,-1.21055],[26.9398,-1.21445],[26.95969,-1.21784],[26.9754,-1.20217],[26.98377,-1.17686],[27.0098,-1.17357],[27.03078,-1.16133],[27.05636,-1.15941],[27.07741,-1.17108],[27.0897,-1.15772],[27.09331,-1.14254],[27.10593,-1.1602],[27.13061,-1.16334],[27.1393,-1.16746],[27.15033,-1.1842],[27.16017,-1.19084],[27.19171,-1.19511],[27.21301,-1.21252],[27.22465,-1.20949],[27.22825,-1.19271],[27.25057,-1.17402],[27.26518,-1.17283],[27.27712,-1.19026],[27.29514,-1.18124],[27.30268,-1.18144],[27.32236,-1.19241],[27.33445,-1.18893],[27.33809,-1.18179],[27.33348,-1.17146],[27.31239,-1.14625],[27.29498,-1.1355],[27.29039,-1.12931],[27.2841,-1.09233],[27.26829,-1.07836],[27.26665,-1.06756],[27.27274,-1.05872]]],[[[27.9723,-0.53544],[27.97762,-0.52353],[27.97084,-0.53872],[27.9723,-0.53544]]]]},"properties":{"nom":"Lubutu","province":"Maniema","pcode":"CD6305"}},{"type":"Feature","geometry":{"type":"Polygon","coordinates":[[[27.09494,-3.33459],[27.10036,-3.31561],[27.11315,-3.30448],[27.12047,-3.30226],[27.12375,-3.2934],[27.13468,-3.28262],[27.13463,-3.27369],[27.14203,-3.2653],[27.12795,-3.26093],[27.11053,-3.24562],[27.12748,-3.20845],[27.12788,-3.2046],[27.1212,-3.20147],[27.12294,-3.19263],[27.11857,-3.17863],[27.13169,-3.15436],[27.12976,-3.14482],[27.11495,-3.14074],[27.11172,-3.13646],[27.12277,-3.11551],[27.12246,-3.09737],[27.11724,-3.0845],[27.1199,-3.07673],[27.11372,-3.06897],[27.09539,-3.06574],[27.07293,-3.04107],[27.06708,-3.04061],[27.06224,-3.04472],[27.05798,-3.04128],[27.05401,-3.02888],[27.06059,-3.02102],[27.0578,-2.9877],[27.04899,-2.97863],[27.029,-2.96852],[27.02356,-2.95966],[27.02454,-2.94917],[27.02076,-2.95072],[27.01591,-2.96111],[27.00142,-2.95901],[26.99836,-2.94551],[26.99125,-2.94207],[26.9798,-2.92877],[26.97583,-2.90261],[26.96169,-2.86296],[26.95713,-2.83679],[26.94491,-2.82013],[26.91622,-2.80746],[26.91826,-2.79779],[26.9155,-2.79412],[26.93169,-2.77636],[26.93715,-2.76277],[26.93825,-2.74966],[26.94577,-2.73975],[26.94295,-2.71238],[26.9057,-2.69562],[26.90075,-2.6861],[26.91002,-2.67817],[26.90497,-2.66469],[26.88975,-2.65437],[26.88164,-2.64485],[26.86424,-2.60877],[26.85655,-2.60695],[26.85978,-2.60209],[26.85437,-2.59171],[26.85488,-2.57981],[26.86573,-2.57188],[26.87104,-2.56316],[26.87055,-2.54254],[26.85601,-2.49415],[26.8269,-2.46321],[26.8202,-2.44655],[26.81821,-2.39578],[26.82411,-2.37833],[26.81065,-2.33982],[26.80411,-2.3394],[26.79772,-2.34471],[26.79268,-2.34035],[26.77369,-2.34039],[26.76869,-2.35191],[26.75677,-2.34136],[26.75445,-2.32986],[26.74759,-2.33057],[26.73891,-2.33703],[26.733,-2.34854],[26.72705,-2.34994],[26.70948,-2.36631],[26.69348,-2.37072],[26.67952,-2.36983],[26.66696,-2.37699],[26.6569,-2.44814],[26.64541,-2.45839],[26.63344,-2.48184],[26.62173,-2.4882],[26.61209,-2.47488],[26.60544,-2.47098],[26.6036,-2.46685],[26.61085,-2.43624],[26.60146,-2.43695],[26.58661,-2.44365],[26.57288,-2.44345],[26.55208,-2.45063],[26.54224,-2.44973],[26.52489,-2.46173],[26.52262,-2.46772],[26.52493,-2.47852],[26.52128,-2.48405],[26.50964,-2.49305],[26.50094,-2.49123],[26.50003,-2.49353],[26.49845,-2.50319],[26.50676,-2.53285],[26.50496,-2.54344],[26.49402,-2.56232],[26.49846,-2.59203],[26.48811,-2.60447],[26.4574,-2.61917],[26.40462,-2.62449],[26.29408,-2.68248],[26.23017,-2.72942],[26.22216,-2.74779],[26.21842,-2.77717],[26.22212,-2.81673],[26.2192,-2.83469],[26.20736,-2.84776],[26.19888,-2.84857],[26.19069,-2.84503],[26.18188,-2.83434],[26.17041,-2.83047],[26.14401,-2.86425],[26.05943,-2.95783],[26.06124,-3.00097],[26.1252,-3.13902],[26.12526,-3.16015],[26.12102,-3.16352],[25.94934,-3.18725],[25.93525,-3.19254],[25.93008,-3.21258],[25.91466,-3.23492],[25.91582,-3.2412],[25.90337,-3.25525],[25.90577,-3.2665],[25.88385,-3.32318],[25.87987,-3.35308],[25.89148,-3.36014],[25.90949,-3.38154],[25.92302,-3.38452],[25.93363,-3.39794],[25.94232,-3.40089],[25.95519,-3.38619],[25.97098,-3.38017],[26.01808,-3.38591],[26.02821,-3.41159],[26.04044,-3.49607],[26.05247,-3.55026],[26.06029,-3.60152],[26.05793,-3.63159],[26.06063,-3.62983],[26.07367,-3.64274],[26.07851,-3.63766],[26.08237,-3.64539],[26.0814,-3.6405],[26.08699,-3.64104],[26.08476,-3.63734],[26.0885,-3.63794],[26.08778,-3.63397],[26.09648,-3.63753],[26.09768,-3.63327],[26.09774,-3.63567],[26.10393,-3.63703],[26.10597,-3.63068],[26.11612,-3.62896],[26.12758,-3.63562],[26.13468,-3.63376],[26.1379,-3.63698],[26.14751,-3.62983],[26.14978,-3.62292],[26.15895,-3.62383],[26.16151,-3.72483],[26.15837,-3.78559],[26.1666,-3.79586],[26.16475,-3.79977],[26.17398,-3.79679],[26.18156,-3.80787],[26.19169,-3.80303],[26.19702,-3.79596],[26.20167,-3.79553],[26.2022,-3.79112],[26.20493,-3.79336],[26.20935,-3.78646],[26.2162,-3.78639],[26.21727,-3.78889],[26.2195,-3.78522],[26.2344,-3.78422],[26.23881,-3.79097],[26.2521,-3.79163],[26.2544,-3.79416],[26.26081,-3.78886],[26.27089,-3.7916],[26.27249,-3.7863],[26.28256,-3.78445],[26.28647,-3.78766],[26.29458,-3.78381],[26.30463,-3.78532],[26.33292,-3.8021],[26.33178,-3.81544],[26.33549,-3.82988],[26.35313,-3.84984],[26.36217,-3.85314],[26.37105,-3.86654],[26.37079,-3.87123],[26.36431,-3.87623],[26.35741,-3.8769],[26.35618,-3.88519],[26.38191,-3.93259],[26.4521,-3.93371],[26.4592,-3.91552],[26.47535,-3.90763],[26.50439,-3.91083],[26.49175,-3.87376],[26.49422,-3.86428],[26.50928,-3.83615],[26.55346,-3.77523],[26.56575,-3.75257],[26.5856,-3.69723],[26.59824,-3.64058],[26.61747,-3.61722],[26.62697,-3.61304],[26.64106,-3.61038],[26.68016,-3.6269],[26.7035,-3.63306],[26.73152,-3.63226],[26.80175,-3.67838],[26.80659,-3.68757],[26.82421,-3.69914],[26.83068,-3.71268],[26.83724,-3.71748],[26.87143,-3.72746],[26.90895,-3.72272],[26.93233,-3.73063],[26.94856,-3.72775],[26.99151,-3.70527],[27.00748,-3.70614],[27.00952,-3.71015],[27.01338,-3.70806],[27.01933,-3.71157],[27.02378,-3.70664],[27.02985,-3.70577],[27.04203,-3.71082],[27.04864,-3.70919],[27.06557,-3.71454],[27.06823,-3.71161],[27.0753,-3.71688],[27.08653,-3.71646],[27.0874,-3.71055],[27.09175,-3.70778],[27.08847,-3.70553],[27.09078,-3.70061],[27.09743,-3.70217],[27.09881,-3.69995],[27.09608,-3.69827],[27.09986,-3.68922],[27.09444,-3.69008],[27.09273,-3.68545],[27.1001,-3.67867],[27.09587,-3.67406],[27.10007,-3.66575],[27.09762,-3.65911],[27.10012,-3.65078],[27.09667,-3.64679],[27.09929,-3.62346],[27.10399,-3.62341],[27.10288,-3.61692],[27.10946,-3.61357],[27.10685,-3.60658],[27.11058,-3.60481],[27.11122,-3.5948],[27.11635,-3.59287],[27.11683,-3.58215],[27.12479,-3.57995],[27.12282,-3.57386],[27.12719,-3.57358],[27.12146,-3.55836],[27.12581,-3.55631],[27.13461,-3.55937],[27.13228,-3.55313],[27.13518,-3.53878],[27.12365,-3.53962],[27.12035,-3.54685],[27.11678,-3.53971],[27.12845,-3.53194],[27.12794,-3.51252],[27.13358,-3.4989],[27.12966,-3.48394],[27.1236,-3.47971],[27.12365,-3.47403],[27.12018,-3.47138],[27.11906,-3.45719],[27.12978,-3.4431],[27.13228,-3.42674],[27.12862,-3.42366],[27.12053,-3.43054],[27.11545,-3.43056],[27.11329,-3.42158],[27.11935,-3.40964],[27.11455,-3.38721],[27.10813,-3.38464],[27.10057,-3.39282],[27.09223,-3.3831],[27.09218,-3.37801],[27.10502,-3.3637],[27.09627,-3.34694],[27.09494,-3.33459]]]},"properties":{"nom":"Pangi","province":"Maniema","pcode":"CD6307"}},{"type":"Feature","geometry":{"type":"Polygon","coordinates":[[[27.41338,-5.01141],[27.60211,-5.01657],[27.67356,-5.01003],[28.40891,-5.01971],[28.80352,-5.01034],[28.79572,-4.99347],[28.78874,-4.99116],[28.78498,-4.99428],[28.77609,-4.98384],[28.77127,-4.97302],[28.77671,-4.96596],[28.76965,-4.96732],[28.76155,-4.96046],[28.75456,-4.96093],[28.74909,-4.94368],[28.75099,-4.94515],[28.75998,-4.93881],[28.75548,-4.9237],[28.76887,-4.91776],[28.76825,-4.91416],[28.75004,-4.90088],[28.73725,-4.85304],[28.73466,-4.84894],[28.72692,-4.84817],[28.72806,-4.84491],[28.71315,-4.8342],[28.71254,-4.82838],[28.71734,-4.82505],[28.71608,-4.81997],[28.70391,-4.81081],[28.69514,-4.81],[28.69761,-4.80352],[28.68991,-4.79949],[28.68497,-4.77812],[28.6877,-4.77395],[28.68466,-4.76851],[28.68903,-4.756],[28.67955,-4.75073],[28.68385,-4.73957],[28.67757,-4.7359],[28.67467,-4.72574],[28.6655,-4.72056],[28.66391,-4.71076],[28.6593,-4.70571],[28.63488,-4.70096],[28.61963,-4.69132],[28.60729,-4.67661],[28.56744,-4.54062],[28.55279,-4.52339],[28.55314,-4.46006],[28.50338,-4.46102],[28.49388,-4.4546],[28.4918,-4.4085],[28.48085,-4.39671],[28.4457,-4.38725],[28.41678,-4.37513],[28.40247,-4.36425],[28.39637,-4.33483],[28.4,-4.32699],[28.39715,-4.30606],[28.39345,-4.3038],[28.37894,-4.27441],[28.3733,-4.27314],[28.35845,-4.28203],[28.30758,-4.24314],[28.24266,-4.19964],[28.22472,-4.17802],[28.21035,-4.13663],[28.20517,-4.12657],[28.19817,-4.1213],[28.18597,-4.11919],[28.17465,-4.13629],[28.18514,-4.15732],[28.179,-4.16474],[28.18216,-4.16855],[28.17418,-4.18089],[28.17826,-4.1855],[28.1748,-4.18562],[28.17555,-4.19089],[28.16973,-4.19724],[28.166,-4.21191],[28.1457,-4.22299],[28.13615,-4.22377],[28.12628,-4.21559],[28.12139,-4.22606],[28.11792,-4.227],[28.10679,-4.21187],[28.10014,-4.2128],[28.09365,-4.2086],[28.08288,-4.19612],[28.0719,-4.19633],[28.07425,-4.18948],[28.06114,-4.18354],[28.04937,-4.18058],[28.03924,-4.19001],[28.03102,-4.18557],[28.01781,-4.19091],[28.01681,-4.18473],[28.02151,-4.17497],[28.01629,-4.17123],[28.02441,-4.16311],[28.01664,-4.14584],[28.02976,-4.13949],[28.03621,-4.12253],[28.00343,-4.11885],[27.98312,-4.11144],[27.98568,-4.10903],[27.9669,-4.10502],[27.94137,-4.12212],[27.94225,-4.1272],[27.92511,-4.12744],[27.91902,-4.12446],[27.91361,-4.12873],[27.91059,-4.1241],[27.89875,-4.12214],[27.89514,-4.12572],[27.89243,-4.11933],[27.86041,-4.11157],[27.85431,-4.10162],[27.83427,-4.08992],[27.83359,-4.07911],[27.82233,-4.07036],[27.82326,-4.05873],[27.82813,-4.05437],[27.82712,-4.04419],[27.83778,-4.02239],[27.8183,-4.019],[27.79855,-4.00401],[27.76723,-4.004],[27.6364,-4.02193],[27.61846,-4.02042],[27.59733,-4.00992],[27.58057,-3.99493],[27.53131,-3.99341],[27.47723,-3.97691],[27.4638,-3.9769],[27.4594,-3.9799],[27.45162,-3.99659],[27.44905,-3.99204],[27.44691,-3.99436],[27.44246,-3.98335],[27.43595,-3.98],[27.43141,-3.98137],[27.42261,-3.97372],[27.4244,-3.96854],[27.41685,-3.96472],[27.41839,-3.96172],[27.41331,-3.96037],[27.4143,-3.95644],[27.40024,-3.94979],[27.3953,-3.94099],[27.386,-3.93952],[27.38658,-3.93534],[27.37912,-3.93793],[27.37028,-3.93553],[27.36853,-3.93888],[27.36267,-3.93424],[27.34661,-3.93526],[27.33879,-3.93053],[27.33798,-3.92483],[27.3346,-3.92712],[27.33456,-3.92433],[27.32947,-3.92232],[27.32778,-3.92538],[27.32034,-3.92192],[27.31637,-3.91562],[27.30345,-3.91869],[27.30164,-3.916],[27.29177,-3.92053],[27.28417,-3.9164],[27.27773,-3.91853],[27.28056,-3.91327],[27.2753,-3.90798],[27.26891,-3.90848],[27.26235,-3.899],[27.26069,-3.90308],[27.25227,-3.90191],[27.24966,-3.90447],[27.24438,-3.90048],[27.23466,-3.90115],[27.23423,-3.89802],[27.22846,-3.89554],[27.22708,-3.89802],[27.22475,-3.89554],[27.22185,-3.89752],[27.22183,-3.89516],[27.22066,-3.89869],[27.21382,-3.89986],[27.21173,-3.89676],[27.20638,-3.89733],[27.19746,-3.88838],[27.18869,-3.88931],[27.18615,-3.87687],[27.18111,-3.87362],[27.17581,-3.86109],[27.17719,-3.8571],[27.16965,-3.85777],[27.1645,-3.85178],[27.16635,-3.84846],[27.16236,-3.85018],[27.16352,-3.84462],[27.16718,-3.84564],[27.16371,-3.84242],[27.16538,-3.8376],[27.15972,-3.83762],[27.15439,-3.82287],[27.14935,-3.81903],[27.09755,-3.83],[27.06105,-3.83147],[27.04482,-3.8551],[27.03551,-3.85611],[27.02471,-3.87872],[27.02401,-3.90057],[27.01839,-3.92165],[26.97832,-3.93931],[26.95481,-3.95341],[26.94119,-3.95299],[26.93915,-3.95944],[26.92452,-3.97167],[26.92203,-3.9818],[26.90465,-3.99681],[26.89964,-4.00924],[26.90264,-4.01384],[26.92946,-4.01446],[26.93889,-4.02364],[26.95724,-4.0275],[26.97121,-4.02631],[26.97857,-4.03204],[27.00858,-4.02966],[27.01382,-4.09493],[27.02192,-4.11683],[27.01805,-4.12374],[27.0199,-4.13018],[27.01167,-4.1355],[27.00814,-4.14959],[27.01928,-4.17541],[27.02219,-4.19289],[27.05644,-4.21661],[27.06165,-4.22433],[27.05692,-4.27804],[27.04819,-4.3059],[27.05051,-4.3121],[27.05601,-4.31301],[27.05832,-4.31737],[27.04369,-4.33283],[27.04424,-4.35998],[27.03967,-4.36506],[27.05577,-4.39446],[27.06259,-4.41992],[27.05722,-4.43661],[27.04499,-4.45409],[27.03257,-4.4502],[27.021,-4.45347],[27.01729,-4.44839],[27.01503,-4.45283],[27.00926,-4.45139],[27.00861,-4.45626],[27.00118,-4.45531],[26.9921,-4.45982],[26.98829,-4.46485],[26.99098,-4.47119],[26.98677,-4.47282],[26.97869,-4.48529],[26.97717,-4.49493],[26.97358,-4.49514],[26.97334,-4.49087],[26.96887,-4.49576],[26.96621,-4.49354],[26.96493,-4.49746],[26.95699,-4.49619],[26.95654,-4.50414],[26.94829,-4.50633],[26.95007,-4.5101],[26.94596,-4.51721],[26.94722,-4.52095],[26.93489,-4.52038],[26.92345,-4.537],[26.92922,-4.54483],[26.9297,-4.55242],[26.94672,-4.56664],[26.95939,-4.58685],[26.9452,-4.60932],[26.90936,-4.65035],[26.9098,-4.70096],[26.93677,-4.71591],[26.94096,-4.72799],[26.93825,-4.74336],[26.95062,-4.75683],[26.95162,-4.7735],[26.95852,-4.77892],[26.95633,-4.78565],[26.97237,-4.82488],[26.93205,-4.83057],[26.92348,-4.85488],[26.91497,-4.86246],[26.91431,-4.87686],[26.92619,-4.89703],[26.92314,-4.92115],[26.92543,-4.92917],[26.94689,-4.95701],[26.95537,-4.9799],[26.96836,-4.99954],[27.41338,-5.01141]]]},"properties":{"nom":"Kabambare","province":"Maniema","pcode":"CD6309"}},{"type":"Feature","geometry":{"type":"MultiPolygon","coordinates":[[[[26.93168,-4.83228],[26.97237,-4.82488],[26.95633,-4.78565],[26.95852,-4.77892],[26.95162,-4.7735],[26.95062,-4.75683],[26.93825,-4.74336],[26.94096,-4.72799],[26.93677,-4.71591],[26.9098,-4.70096],[26.90936,-4.65035],[26.9452,-4.60932],[26.95939,-4.58685],[26.94672,-4.56664],[26.9297,-4.55242],[26.92922,-4.54483],[26.92345,-4.537],[26.93489,-4.52038],[26.94722,-4.52095],[26.94596,-4.51721],[26.95007,-4.5101],[26.94829,-4.50633],[26.95654,-4.50414],[26.95699,-4.49619],[26.96493,-4.49746],[26.96621,-4.49354],[26.96887,-4.49576],[26.97334,-4.49087],[26.97358,-4.49514],[26.97717,-4.49493],[26.97869,-4.48529],[26.98677,-4.47282],[26.99098,-4.47119],[26.98829,-4.46485],[26.9921,-4.45982],[27.00118,-4.45531],[27.00861,-4.45626],[27.00926,-4.45139],[27.01503,-4.45283],[27.01729,-4.44839],[27.021,-4.45347],[27.03257,-4.4502],[27.04499,-4.45409],[27.05722,-4.43661],[27.06259,-4.41992],[27.05577,-4.39446],[27.03967,-4.36506],[27.04424,-4.35998],[27.04369,-4.33283],[27.05832,-4.31737],[27.05601,-4.31301],[27.05051,-4.3121],[27.04819,-4.3059],[27.05692,-4.27804],[27.06165,-4.22433],[27.05644,-4.21661],[27.02219,-4.19289],[27.01928,-4.17541],[27.00814,-4.14959],[27.01167,-4.1355],[27.0199,-4.13018],[27.01805,-4.12374],[27.02192,-4.11683],[27.01382,-4.09493],[27.00858,-4.02966],[26.97857,-4.03204],[26.97121,-4.02631],[26.95724,-4.0275],[26.93889,-4.02364],[26.92946,-4.01446],[26.90264,-4.01384],[26.89964,-4.00924],[26.90465,-3.99681],[26.92203,-3.9818],[26.92452,-3.97167],[26.93915,-3.95944],[26.94119,-3.95299],[26.95481,-3.95341],[26.97832,-3.93931],[27.01839,-3.92165],[27.02401,-3.90057],[27.02471,-3.87872],[27.03551,-3.85611],[27.04482,-3.8551],[27.06105,-3.83147],[27.09755,-3.83],[27.1412,-3.82036],[27.14358,-3.81205],[27.13562,-3.80778],[27.13101,-3.81165],[27.13215,-3.80482],[27.12863,-3.80542],[27.1288,-3.7978],[27.12443,-3.79606],[27.1216,-3.78634],[27.11225,-3.78455],[27.11672,-3.77493],[27.11111,-3.77099],[27.11249,-3.76896],[27.10641,-3.76686],[27.10902,-3.7586],[27.10231,-3.76035],[27.10214,-3.75243],[27.09658,-3.75343],[27.0995,-3.75138],[27.09594,-3.74037],[27.08814,-3.73564],[27.0908,-3.7327],[27.0856,-3.72845],[27.09258,-3.72349],[27.08957,-3.71651],[27.08797,-3.7143],[27.07837,-3.71746],[27.06823,-3.71161],[27.06557,-3.71454],[27.04864,-3.70919],[27.04203,-3.71082],[27.02985,-3.70577],[27.02378,-3.70664],[27.01933,-3.71157],[27.01338,-3.70806],[27.00952,-3.71015],[27.00748,-3.70614],[26.99151,-3.70527],[26.94856,-3.72775],[26.93233,-3.73063],[26.90895,-3.72272],[26.87143,-3.72746],[26.83724,-3.71748],[26.83068,-3.71268],[26.82421,-3.69914],[26.80659,-3.68757],[26.80175,-3.67838],[26.73152,-3.63226],[26.7035,-3.63306],[26.68016,-3.6269],[26.64106,-3.61038],[26.63388,-3.61083],[26.61747,-3.61722],[26.59824,-3.64058],[26.5856,-3.69723],[26.56575,-3.75257],[26.55346,-3.77523],[26.50928,-3.83615],[26.49422,-3.86428],[26.49175,-3.87376],[26.50439,-3.91083],[26.47535,-3.90763],[26.4592,-3.91552],[26.4521,-3.93371],[26.38191,-3.93259],[26.35618,-3.88519],[26.35741,-3.8769],[26.36431,-3.87623],[26.37079,-3.87123],[26.37105,-3.86654],[26.36217,-3.85314],[26.35313,-3.84984],[26.33549,-3.82988],[26.33178,-3.81544],[26.33292,-3.8021],[26.32592,-3.79701],[26.30463,-3.78532],[26.29458,-3.78381],[26.28647,-3.78766],[26.28256,-3.78445],[26.27249,-3.7863],[26.26952,-3.79206],[26.26081,-3.78886],[26.2544,-3.79416],[26.2521,-3.79163],[26.23881,-3.79097],[26.2344,-3.78422],[26.2195,-3.78522],[26.21727,-3.78889],[26.2162,-3.78639],[26.20935,-3.78646],[26.20493,-3.79336],[26.2022,-3.79112],[26.20167,-3.79553],[26.19702,-3.79596],[26.19169,-3.80303],[26.18156,-3.80787],[26.17398,-3.79679],[26.16475,-3.79977],[26.1666,-3.79586],[26.15837,-3.78559],[26.16151,-3.72483],[26.15895,-3.62383],[26.14978,-3.62292],[26.14751,-3.62983],[26.1379,-3.63698],[26.13468,-3.63376],[26.12758,-3.63562],[26.11612,-3.62896],[26.10597,-3.63068],[26.10393,-3.63703],[26.09774,-3.63567],[26.09768,-3.63327],[26.09648,-3.63753],[26.08778,-3.63397],[26.0885,-3.63794],[26.08476,-3.63734],[26.08699,-3.64104],[26.0814,-3.6405],[26.08237,-3.64539],[26.07851,-3.63766],[26.07367,-3.64274],[26.06063,-3.62983],[26.05793,-3.63159],[26.06029,-3.60152],[26.05247,-3.55026],[26.04044,-3.49607],[26.02821,-3.41159],[26.01808,-3.38591],[25.97098,-3.38017],[25.95519,-3.38619],[25.94232,-3.40089],[25.93363,-3.39794],[25.92302,-3.38452],[25.90949,-3.38154],[25.89148,-3.36014],[25.87987,-3.35308],[25.88388,-3.4183],[25.89063,-3.43626],[25.89274,-3.46449],[25.91492,-3.5117],[25.9288,-3.52807],[25.93828,-3.54534],[25.97082,-3.58252],[25.99067,-3.59429],[26.0031,-3.608],[26.01577,-3.63897],[26.02432,-3.67815],[26.04208,-3.7069],[26.04614,-3.72082],[26.04488,-3.73923],[26.02168,-3.79907],[26.01595,-3.85726],[26.00966,-3.88594],[26.0016,-3.90595],[26.00343,-3.92251],[25.99561,-3.93113],[25.99887,-3.93631],[25.99808,-3.94591],[25.99254,-3.96073],[25.98575,-3.96777],[25.97952,-3.99143],[25.98166,-4.00623],[25.97624,-4.0431],[25.98183,-4.06194],[26.00258,-4.09382],[26.04006,-4.12657],[26.07405,-4.16388],[26.0755,-4.17597],[26.08561,-4.18723],[26.08424,-4.19299],[26.07919,-4.1877],[26.07507,-4.19185],[26.08174,-4.20128],[26.07924,-4.20819],[26.08475,-4.21876],[26.08224,-4.22382],[26.08683,-4.22635],[26.0864,-4.24199],[26.09536,-4.24796],[26.10246,-4.24611],[26.11211,-4.25737],[26.10167,-4.26397],[26.10148,-4.26664],[26.10716,-4.26862],[26.10752,-4.27373],[26.10428,-4.27039],[26.09948,-4.27144],[26.09815,-4.27568],[26.08579,-4.27614],[26.08346,-4.27774],[26.08555,-4.28795],[26.07671,-4.29034],[26.07151,-4.29764],[26.0687,-4.29754],[26.06711,-4.29136],[26.0649,-4.29358],[26.06645,-4.29881],[26.0717,-4.30079],[26.07034,-4.31019],[26.0624,-4.31233],[26.06034,-4.31584],[26.063,-4.31873],[26.0572,-4.31975],[26.05309,-4.3262],[26.04895,-4.32348],[26.0451,-4.32899],[26.05028,-4.33295],[26.05602,-4.33104],[26.05564,-4.33913],[26.04775,-4.33937],[26.03192,-4.34774],[26.03156,-4.35397],[26.02396,-4.35469],[26.00604,-4.36886],[26.00844,-4.38325],[26.01357,-4.37771],[26.01818,-4.38098],[26.00744,-4.3909],[26.00195,-4.38945],[25.99941,-4.38224],[25.99601,-4.39038],[25.98562,-4.3956],[25.98899,-4.40121],[25.99002,-4.39885],[25.99311,-4.40088],[25.99391,-4.40558],[25.99681,-4.40467],[25.99674,-4.40872],[26.0019,-4.40772],[26.0015,-4.40324],[26.00373,-4.40493],[26.00744,-4.40197],[26.00658,-4.40522],[26.01046,-4.40546],[26.00837,-4.40667],[26.01352,-4.41295],[26.0144,-4.4232],[26.02118,-4.42619],[26.01445,-4.42645],[26.01445,-4.43203],[26.02213,-4.43311],[26.01859,-4.43947],[26.00463,-4.4437],[26.01438,-4.45379],[26.01291,-4.46164],[26.01581,-4.46314],[26.02049,-4.46013],[26.01802,-4.45884],[26.02194,-4.45303],[26.04062,-4.45341],[26.04765,-4.46345],[26.05048,-4.46335],[26.04996,-4.47413],[26.0448,-4.47349],[26.04284,-4.47998],[26.03087,-4.47505],[26.02497,-4.4899],[26.01535,-4.49636],[26.00274,-4.49891],[25.99518,-4.50536],[25.9936,-4.51894],[25.9826,-4.5231],[25.97573,-4.52955],[25.94873,-4.56295],[25.9476,-4.57354],[25.94302,-4.57769],[25.9316,-4.60278],[25.92542,-4.60969],[25.90479,-4.61594],[25.89334,-4.62608],[25.8876,-4.62746],[25.88647,-4.63276],[25.87113,-4.65049],[25.8636,-4.67765],[25.83039,-4.71014],[25.82994,-4.71451],[25.81597,-4.72856],[25.80888,-4.74192],[25.79009,-4.75322],[25.77591,-4.78176],[25.74979,-4.80181],[25.73515,-4.82783],[25.77338,-4.86367],[25.80429,-4.87785],[25.8269,-4.89621],[25.80732,-4.90481],[25.76989,-4.93533],[25.74381,-4.94032],[25.72753,-4.94609],[25.7218,-4.95116],[25.70391,-4.95348],[25.67105,-4.91877],[25.65714,-4.95077],[25.67089,-4.97284],[25.65854,-4.99884],[26.96836,-4.99954],[26.95537,-4.9799],[26.94689,-4.95701],[26.92657,-4.93236],[26.92314,-4.92115],[26.92619,-4.89703],[26.91376,-4.8741],[26.91645,-4.87019],[26.91497,-4.86246],[26.92348,-4.85488],[26.93168,-4.83228]]]]},"properties":{"nom":"Kasongo","province":"Maniema","pcode":"CD6311"}},{"type":"Feature","geometry":{"type":"Polygon","coordinates":[[[25.14656,-4.98838],[25.65854,-4.99884],[25.67089,-4.97284],[25.65714,-4.95077],[25.67105,-4.91877],[25.70391,-4.95348],[25.7218,-4.95116],[25.72753,-4.94609],[25.74381,-4.94032],[25.76989,-4.93533],[25.80732,-4.90481],[25.8269,-4.89621],[25.80429,-4.87785],[25.77338,-4.86367],[25.73515,-4.82783],[25.74979,-4.80181],[25.77225,-4.78614],[25.79009,-4.75322],[25.80888,-4.74192],[25.81597,-4.72856],[25.82994,-4.71451],[25.83039,-4.71014],[25.8636,-4.67765],[25.87113,-4.65049],[25.88647,-4.63276],[25.8876,-4.62746],[25.89334,-4.62608],[25.90479,-4.61594],[25.92542,-4.60969],[25.9316,-4.60278],[25.94302,-4.57769],[25.9476,-4.57354],[25.94873,-4.56295],[25.97573,-4.52955],[25.9826,-4.5231],[25.9936,-4.51894],[25.99518,-4.50536],[26.00274,-4.49891],[26.01535,-4.49636],[26.02497,-4.4899],[26.03087,-4.47505],[26.04284,-4.47998],[26.0448,-4.47349],[26.04996,-4.47413],[26.05158,-4.47094],[26.05048,-4.46335],[26.04765,-4.46345],[26.04062,-4.45341],[26.02194,-4.45303],[26.01802,-4.45884],[26.02049,-4.46013],[26.01581,-4.46314],[26.01291,-4.46164],[26.01438,-4.45379],[26.00463,-4.4437],[26.01859,-4.43947],[26.02213,-4.43311],[26.01445,-4.43203],[26.01445,-4.42645],[26.02118,-4.42619],[26.0144,-4.4232],[26.01352,-4.41295],[26.00837,-4.40667],[26.01046,-4.40546],[26.00658,-4.40522],[26.00744,-4.40197],[26.00373,-4.40493],[26.0015,-4.40324],[26.0019,-4.40772],[25.99674,-4.40872],[25.99681,-4.40467],[25.99391,-4.40558],[25.99311,-4.40088],[25.99002,-4.39885],[25.98899,-4.40121],[25.98562,-4.3956],[25.99601,-4.39038],[25.99941,-4.38224],[26.00195,-4.38945],[26.00744,-4.3909],[26.01818,-4.38098],[26.01357,-4.37771],[26.00844,-4.38325],[26.00604,-4.36886],[26.02396,-4.35469],[26.03156,-4.35397],[26.03192,-4.34774],[26.04775,-4.33937],[26.05564,-4.33913],[26.05602,-4.33104],[26.05028,-4.33295],[26.0451,-4.32899],[26.04895,-4.32348],[26.05309,-4.3262],[26.0572,-4.31975],[26.063,-4.31873],[26.06034,-4.31584],[26.0624,-4.31233],[26.07034,-4.31019],[26.0717,-4.30079],[26.06645,-4.29881],[26.0649,-4.29358],[26.06711,-4.29136],[26.0687,-4.29754],[26.07151,-4.29764],[26.07671,-4.29034],[26.08555,-4.28795],[26.08346,-4.27774],[26.08579,-4.27614],[26.09815,-4.27568],[26.09948,-4.27144],[26.10428,-4.27039],[26.10752,-4.27373],[26.10716,-4.26862],[26.10148,-4.26664],[26.10167,-4.26397],[26.11211,-4.25737],[26.10246,-4.24611],[26.09536,-4.24796],[26.0864,-4.24199],[26.08683,-4.22635],[26.08224,-4.22382],[26.08475,-4.21876],[26.07924,-4.20819],[26.08174,-4.20128],[26.07507,-4.19185],[26.07919,-4.1877],[26.08424,-4.19299],[26.08561,-4.18723],[26.0755,-4.17597],[26.07405,-4.16388],[26.04006,-4.12657],[26.00258,-4.09382],[25.98183,-4.06194],[25.97567,-4.03835],[25.98154,-4.00785],[25.97952,-3.99143],[25.98575,-3.96777],[25.99254,-3.96073],[25.99808,-3.94591],[25.99887,-3.93631],[25.99561,-3.93113],[26.00343,-3.92251],[26.0016,-3.90595],[26.00966,-3.88594],[26.01595,-3.85726],[26.02168,-3.79907],[26.04488,-3.73923],[26.04614,-3.72082],[26.04208,-3.7069],[26.02432,-3.67815],[26.01577,-3.63897],[26.0031,-3.608],[25.99067,-3.59429],[25.97082,-3.58252],[25.93828,-3.54534],[25.9288,-3.52807],[25.91492,-3.5117],[25.89274,-3.46449],[25.89063,-3.43626],[25.88388,-3.4183],[25.87987,-3.35308],[25.8577,-3.33552],[25.86184,-3.29538],[25.85499,-3.27126],[25.8558,-3.25774],[25.86926,-3.21466],[25.86789,-3.17746],[25.84967,-3.16566],[25.77311,-3.16475],[25.77299,-3.16989],[25.76687,-3.17608],[25.76653,-3.18965],[25.78163,-3.18915],[25.78391,-3.20194],[25.77361,-3.20587],[25.77477,-3.21507],[25.77066,-3.22428],[25.76288,-3.22428],[25.75648,-3.23281],[25.71071,-3.25587],[25.69263,-3.25819],[25.67524,-3.26834],[25.66413,-3.26459],[25.65509,-3.26882],[25.63814,-3.26838],[25.63742,-3.26449],[25.64588,-3.2587],[25.62736,-3.2585],[25.61933,-3.2486],[25.61841,-3.24102],[25.59848,-3.23621],[25.59122,-3.22012],[25.57888,-3.21381],[25.57146,-3.2175],[25.54865,-3.21685],[25.53669,-3.22422],[25.4858,-3.22481],[25.47892,-3.21976],[25.42784,-3.20922],[25.42325,-3.20324],[25.40859,-3.20003],[25.37767,-3.25988],[25.36769,-3.25006],[25.30617,-3.24139],[25.18022,-3.24012],[25.12637,-3.23278],[25.12194,-3.24301],[25.07641,-3.30032],[25.06415,-3.28855],[25.03655,-3.27345],[25.01722,-3.25795],[24.9996,-3.25134],[24.98217,-3.23311],[24.95865,-3.23386],[24.95751,-3.24007],[24.96348,-3.2617],[24.96028,-3.26791],[24.94906,-3.26929],[24.94104,-3.26447],[24.92501,-3.26286],[24.91219,-3.26516],[24.90189,-3.27414],[24.89823,-3.28196],[24.89777,-3.293],[24.91564,-3.29599],[24.91793,-3.30036],[24.90786,-3.31716],[24.9101,-3.33146],[24.90628,-3.34592],[24.90652,-3.36364],[24.90308,-3.37123],[24.86759,-3.37768],[24.85524,-3.41979],[24.85066,-3.42393],[24.83394,-3.42807],[24.83395,-3.44441],[24.83075,-3.45408],[24.82479,-3.45891],[24.79822,-3.455],[24.77441,-3.47571],[24.77258,-3.48215],[24.7751,-3.4856],[24.78908,-3.49412],[24.79847,-3.50424],[24.80008,-3.51873],[24.80765,-3.53277],[24.80582,-3.53691],[24.79391,-3.53967],[24.79116,-3.55233],[24.77398,-3.54566],[24.77856,-3.5613],[24.7694,-3.56821],[24.77513,-3.57442],[24.7772,-3.58454],[24.76689,-3.59121],[24.77331,-3.5949],[24.78385,-3.59421],[24.78271,-3.60249],[24.78821,-3.61376],[24.77882,-3.62435],[24.78111,-3.62826],[24.79165,-3.62734],[24.78822,-3.63654],[24.79671,-3.63989],[24.79784,-3.64437],[24.79578,-3.64805],[24.78616,-3.6515],[24.78571,-3.6561],[24.78891,-3.66001],[24.804,-3.65894],[24.80748,-3.66645],[24.80587,-3.67221],[24.79511,-3.67888],[24.80107,-3.69038],[24.79718,-3.71086],[24.77816,-3.7081],[24.77611,-3.71524],[24.76763,-3.72329],[24.76626,-3.73733],[24.76122,-3.73433],[24.75458,-3.73618],[24.75274,-3.74354],[24.76351,-3.74469],[24.76466,-3.7509],[24.75298,-3.75942],[24.74268,-3.78219],[24.73809,-3.77575],[24.73162,-3.77465],[24.73374,-3.79071],[24.74222,-3.79968],[24.74315,-3.81073],[24.74842,-3.80958],[24.75552,-3.81832],[24.764,-3.81464],[24.76125,-3.82568],[24.77936,-3.8273],[24.78142,-3.83052],[24.77936,-3.83374],[24.7663,-3.83558],[24.76699,-3.83811],[24.7961,-3.84455],[24.8197,-3.85421],[24.82223,-3.85905],[24.82039,-3.8625],[24.81214,-3.8579],[24.80298,-3.86043],[24.80092,-3.8694],[24.80298,-3.8763],[24.81766,-3.88988],[24.82385,-3.90944],[24.83027,-3.91657],[24.84357,-3.91864],[24.84769,-3.90782],[24.85112,-3.90506],[24.85433,-3.90667],[24.85846,-3.91772],[24.85389,-3.93958],[24.85802,-3.94487],[24.87154,-3.94395],[24.88805,-3.95959],[24.88897,-3.96833],[24.90089,-3.96994],[24.90617,-3.97684],[24.89952,-3.98605],[24.89564,-4.00906],[24.90504,-4.01366],[24.90825,-4.0201],[24.91628,-4.02286],[24.92087,-4.04403],[24.92684,-4.04702],[24.93967,-4.04449],[24.94929,-4.02999],[24.96236,-4.03298],[24.9713,-4.04609],[24.98002,-4.04793],[24.98393,-4.07071],[24.97294,-4.10154],[24.97685,-4.10844],[24.99244,-4.11097],[24.99794,-4.11488],[25.00161,-4.12523],[24.99543,-4.13812],[24.98489,-4.14549],[24.98628,-4.15722],[25.01586,-4.1724],[25.00211,-4.18299],[25.00969,-4.19748],[24.99892,-4.21336],[25.00535,-4.22256],[25.00146,-4.23085],[25.00903,-4.24419],[25.00674,-4.25179],[25.01317,-4.26605],[25.02052,-4.27318],[25.01754,-4.28192],[24.99463,-4.31185],[24.99098,-4.33508],[24.99375,-4.35971],[24.99169,-4.36822],[24.97289,-4.38548],[24.9791,-4.40251],[24.9947,-4.41585],[24.99241,-4.42827],[25.00756,-4.44253],[25.00504,-4.44783],[24.99908,-4.45036],[25.00207,-4.46071],[25.0,-4.466],[24.98786,-4.47314],[24.97822,-4.47199],[24.9725,-4.48304],[24.96516,-4.48212],[24.96127,-4.49478],[24.92917,-4.51963],[24.9274,-4.52772],[24.92207,-4.53344],[24.92804,-4.54149],[24.92735,-4.54678],[24.91772,-4.54632],[24.91635,-4.54955],[24.92048,-4.56151],[24.9175,-4.56818],[24.9058,-4.5652],[24.89733,-4.58383],[24.87875,-4.58959],[24.8783,-4.60132],[24.87211,-4.6027],[24.87234,-4.61283],[24.85905,-4.63377],[24.86387,-4.64251],[24.85951,-4.6455],[24.85791,-4.66069],[24.87353,-4.68622],[24.86389,-4.69428],[24.88042,-4.71452],[24.88776,-4.71544],[24.89006,-4.72902],[24.89626,-4.73684],[24.89535,-4.74443],[24.90958,-4.76582],[24.92358,-4.76881],[24.93254,-4.79021],[24.94907,-4.79917],[24.96031,-4.79917],[24.9633,-4.8063],[24.97638,-4.81734],[24.98673,-4.85001],[25.01106,-4.87416],[25.01635,-4.89095],[25.01269,-4.90821],[25.01477,-4.91695],[25.02877,-4.92707],[25.03084,-4.9411],[25.0398,-4.9526],[25.04165,-4.96756],[25.0614,-4.98664],[25.14656,-4.98838]]]},"properties":{"nom":"Kibombo","province":"Maniema","pcode":"CD6313"}},{"type":"Feature","geometry":{"type":"Polygon","coordinates":[[[27.62643,-11.98611],[27.65608,-11.98782],[27.78996,-11.98195],[27.80871,-11.97356],[27.86482,-11.96131],[27.91754,-11.95689],[27.93763,-11.93675],[27.94945,-11.93215],[27.9756,-11.90727],[27.98217,-11.8968],[27.98571,-11.86291],[27.99017,-11.85248],[27.98517,-11.83555],[27.99309,-11.82297],[27.9992,-11.80123],[28.01348,-11.79107],[28.01505,-11.76389],[28.0263,-11.75447],[28.02567,-11.7462],[28.02863,-11.74247],[28.03923,-11.73513],[28.04303,-11.72701],[28.06328,-11.71189],[28.06473,-11.70289],[28.07003,-11.69911],[28.08061,-11.67958],[28.10003,-11.67046],[28.10129,-11.66308],[28.09797,-11.66061],[28.08283,-11.66251],[28.08089,-11.65887],[28.09888,-11.62493],[28.09573,-11.61901],[28.08475,-11.61854],[28.08558,-11.61346],[28.10098,-11.60143],[28.10638,-11.60316],[28.11658,-11.59997],[28.11875,-11.61489],[28.12525,-11.61292],[28.12788,-11.61632],[28.11592,-11.6246],[28.11463,-11.63015],[28.11864,-11.6326],[28.12468,-11.63087],[28.12824,-11.63402],[28.13308,-11.63071],[28.13603,-11.63824],[28.14458,-11.63416],[28.14921,-11.6205],[28.14179,-11.61167],[28.14195,-11.60776],[28.14918,-11.60762],[28.15131,-11.59746],[28.16354,-11.59077],[28.16646,-11.58542],[28.16453,-11.58224],[28.15191,-11.58134],[28.15413,-11.57577],[28.1648,-11.57234],[28.18134,-11.55982],[28.18238,-11.55336],[28.17645,-11.54888],[28.17015,-11.54877],[28.15609,-11.5571],[28.13439,-11.5573],[28.13342,-11.56698],[28.11537,-11.57469],[28.107,-11.57623],[28.09594,-11.57162],[28.08788,-11.57684],[28.0778,-11.57473],[28.06038,-11.57852],[28.05478,-11.56712],[28.03939,-11.55592],[28.03684,-11.54492],[28.02777,-11.54625],[28.02059,-11.53741],[28.00826,-11.53926],[28.00517,-11.53633],[28.00921,-11.51647],[27.95855,-11.5149],[27.94505,-11.52084],[27.94065,-11.518],[27.93671,-11.50749],[27.93131,-11.50575],[27.9259,-11.49136],[27.9071,-11.48458],[27.88997,-11.49111],[27.87606,-11.50793],[27.8485,-11.50592],[27.83646,-11.49855],[27.82432,-11.49831],[27.81217,-11.50935],[27.80341,-11.52745],[27.79176,-11.5157],[27.78475,-11.51537],[27.75796,-11.51724],[27.74385,-11.52394],[27.70483,-11.53316],[27.6975,-11.5402],[27.61541,-11.52834],[27.5675,-11.53259],[27.51718,-11.55105],[27.44325,-11.60208],[27.41525,-11.63556],[27.39729,-11.66513],[27.38884,-11.69946],[27.38411,-11.75809],[27.40069,-11.82771],[27.43928,-11.87391],[27.46489,-11.89857],[27.53762,-11.95407],[27.62643,-11.98611]]]},"properties":{"nom":"Lubumbashi","province":"Haut-Katanga","pcode":"CD7101"}},{"type":"Feature","geometry":{"type":"Polygon","coordinates":[[[27.51718,-11.55105],[27.5675,-11.53259],[27.61541,-11.52834],[27.6975,-11.5402],[27.70483,-11.53316],[27.76498,-11.51626],[27.77337,-11.51811],[27.79176,-11.5157],[27.80341,-11.52745],[27.81217,-11.50935],[27.82432,-11.49831],[27.83646,-11.49855],[27.8485,-11.50592],[27.87606,-11.50793],[27.88997,-11.49111],[27.9071,-11.48458],[27.9259,-11.49136],[27.93131,-11.50575],[27.93671,-11.50749],[27.94065,-11.518],[27.94505,-11.52084],[27.95855,-11.5149],[28.00921,-11.51647],[28.00517,-11.53633],[28.00826,-11.53926],[28.02059,-11.53741],[28.02777,-11.54625],[28.03684,-11.54492],[28.03939,-11.55592],[28.05478,-11.56712],[28.06038,-11.57852],[28.0778,-11.57473],[28.08788,-11.57684],[28.09594,-11.57162],[28.107,-11.57623],[28.11537,-11.57469],[28.13342,-11.56698],[28.13439,-11.5573],[28.15609,-11.5571],[28.17015,-11.54877],[28.17645,-11.54888],[28.18238,-11.55336],[28.18134,-11.55982],[28.1648,-11.57234],[28.15641,-11.57297],[28.15191,-11.58134],[28.16453,-11.58224],[28.16646,-11.58542],[28.16354,-11.59077],[28.15131,-11.59746],[28.14918,-11.60762],[28.14195,-11.60776],[28.14179,-11.61167],[28.14921,-11.6205],[28.14458,-11.63416],[28.13603,-11.63824],[28.13308,-11.63071],[28.12824,-11.63402],[28.12468,-11.63087],[28.11864,-11.6326],[28.11463,-11.63015],[28.11592,-11.6246],[28.12788,-11.61632],[28.12525,-11.61292],[28.11875,-11.61489],[28.11658,-11.59997],[28.10638,-11.60316],[28.10098,-11.60143],[28.08558,-11.61346],[28.08475,-11.61854],[28.09573,-11.61901],[28.09888,-11.62493],[28.08089,-11.65887],[28.08283,-11.66251],[28.09797,-11.66061],[28.10129,-11.66308],[28.10003,-11.67046],[28.08061,-11.67958],[28.07003,-11.69911],[28.06473,-11.70289],[28.06328,-11.71189],[28.04303,-11.72701],[28.03923,-11.73513],[28.02567,-11.7462],[28.0263,-11.75447],[28.04288,-11.74973],[28.08322,-11.75028],[28.11247,-11.75668],[28.13292,-11.75656],[28.16908,-11.77078],[28.18387,-11.77096],[28.19252,-11.76776],[28.19267,-11.75333],[28.2024,-11.74934],[28.31732,-11.74292],[28.32916,-11.75426],[28.35964,-11.81062],[28.37584,-11.85564],[28.41964,-11.93563],[28.42798,-11.96023],[28.436,-11.9649],[28.46988,-11.96628],[28.48471,-11.96135],[28.48296,-11.95632],[28.48833,-11.94517],[28.48829,-11.93228],[28.49274,-11.92184],[28.49054,-11.91751],[28.4764,-11.91183],[28.47412,-11.89301],[28.47722,-11.88489],[28.48849,-11.88765],[28.50966,-11.88353],[28.50563,-11.88108],[28.50085,-11.85426],[28.48488,-11.82883],[28.47825,-11.82483],[28.4708,-11.82521],[28.44505,-11.83402],[28.43627,-11.82753],[28.4338,-11.82137],[28.43801,-11.79989],[28.45049,-11.78261],[28.45045,-11.76973],[28.43249,-11.73835],[28.41502,-11.72455],[28.43179,-11.71628],[28.43531,-11.70608],[28.41904,-11.67674],[28.43362,-11.6601],[28.43188,-11.64404],[28.42561,-11.63493],[28.40461,-11.62412],[28.39884,-11.60515],[28.38534,-11.59576],[28.38386,-11.56121],[28.38695,-11.54326],[28.3931,-11.53256],[28.39026,-11.51974],[28.39816,-11.50715],[28.39525,-11.48284],[28.39772,-11.47541],[28.41171,-11.46409],[28.43305,-11.41441],[28.42579,-11.39133],[28.43051,-11.38295],[28.45396,-11.37832],[28.45866,-11.36925],[28.45468,-11.35737],[28.45886,-11.34601],[28.4496,-11.32734],[28.45533,-11.31181],[28.45254,-11.30105],[28.47291,-11.28361],[28.4754,-11.26929],[28.48972,-11.24116],[28.48406,-11.21666],[28.4863,-11.20166],[28.49898,-11.18437],[28.5011,-11.15327],[28.49853,-11.14182],[28.48075,-11.11712],[28.47848,-11.10888],[28.47971,-11.10081],[28.49356,-11.08441],[28.49839,-11.0597],[28.49666,-11.05142],[28.51185,-11.02537],[28.5101,-10.97641],[28.52357,-10.9637],[28.51605,-10.95838],[28.50139,-10.96095],[28.49751,-10.96471],[28.49636,-10.97601],[28.48941,-10.97776],[28.48658,-10.98656],[28.48027,-10.98577],[28.48079,-10.97748],[28.47686,-10.97871],[28.46892,-10.99935],[28.45149,-11.01191],[28.44849,-11.02416],[28.43842,-11.02138],[28.43341,-11.02677],[28.4271,-11.02575],[28.41635,-11.01332],[28.39974,-11.02057],[28.39313,-11.01656],[28.38667,-11.03027],[28.37819,-11.02584],[28.36352,-11.03672],[28.35018,-11.03377],[28.34566,-11.04007],[28.36937,-11.05718],[28.39615,-11.06733],[28.39972,-11.08419],[28.36433,-11.14462],[28.3136,-11.19446],[28.29062,-11.26093],[28.25368,-11.26614],[28.24255,-11.27501],[28.22619,-11.29269],[28.17704,-11.36814],[28.1656,-11.37181],[28.15385,-11.36186],[28.14635,-11.35317],[28.13692,-11.32404],[28.12615,-11.31213],[28.11935,-11.2716],[28.12167,-11.25048],[28.11448,-11.24502],[28.06417,-11.23705],[28.0217,-11.22315],[28.01548,-11.22646],[28.01188,-11.23461],[28.00904,-11.29562],[27.99161,-11.29848],[27.98566,-11.29216],[27.97398,-11.29077],[27.96449,-11.28267],[27.95421,-11.28125],[27.94181,-11.26676],[27.9233,-11.26205],[27.90833,-11.28327],[27.90169,-11.2896],[27.89587,-11.28994],[27.87645,-11.2742],[27.87115,-11.26533],[27.86411,-11.2627],[27.85882,-11.26648],[27.85298,-11.26567],[27.83046,-11.25826],[27.82191,-11.26187],[27.81215,-11.27608],[27.79283,-11.27736],[27.78296,-11.28536],[27.76899,-11.2863],[27.75355,-11.29579],[27.72531,-11.30619],[27.7154,-11.29993],[27.69972,-11.27146],[27.66357,-11.27073],[27.65388,-11.26331],[27.63195,-11.26209],[27.62597,-11.25414],[27.59693,-11.26005],[27.57911,-11.25546],[27.56482,-11.25086],[27.55054,-11.24153],[27.54103,-11.22741],[27.53086,-11.24551],[27.52245,-11.25012],[27.512,-11.25113],[27.48443,-11.24436],[27.45346,-11.25871],[27.42236,-11.28286],[27.39203,-11.28794],[27.3773,-11.29718],[27.33437,-11.34861],[27.31781,-11.37898],[27.30509,-11.39389],[27.30068,-11.41191],[27.28962,-11.42013],[27.2608,-11.42984],[27.25601,-11.43704],[27.24374,-11.45762],[27.23502,-11.48645],[27.20485,-11.51934],[27.206,-11.568],[27.222,-11.624],[27.226,-11.656],[27.228,-11.778],[27.232,-11.787],[27.246,-11.801],[27.271,-11.803],[27.291,-11.81],[27.318,-11.83],[27.331,-11.836],[27.351,-11.853],[27.369,-11.86],[27.384,-11.872],[27.397,-11.876],[27.407,-11.895],[27.435,-11.905],[27.45,-11.914],[27.463,-11.928],[27.468,-11.938],[27.472,-11.96],[27.464,-12.016],[27.467,-12.035],[27.474,-12.052],[27.497,-12.067],[27.507,-12.101],[27.508,-12.137],[27.515,-12.157],[27.526,-12.174],[27.565,-12.21],[27.576,-12.215],[27.602,-12.218],[27.613,-12.224],[27.619,-12.233],[27.631,-12.275],[27.647,-12.285],[27.656,-12.287],[27.673,-12.283],[27.67216,-12.26253],[27.70719,-12.23406],[27.70937,-12.22575],[27.72357,-12.20939],[27.71369,-12.19438],[27.70625,-12.17174],[27.69819,-12.16544],[27.6895,-12.15134],[27.68723,-12.12999],[27.71097,-12.11138],[27.7142,-12.08418],[27.72265,-12.06102],[27.74332,-12.06617],[27.76012,-12.05206],[27.75782,-12.04152],[27.74758,-12.03159],[27.75701,-12.02383],[27.75966,-12.0033],[27.78675,-11.98209],[27.65608,-11.98782],[27.62643,-11.98611],[27.53762,-11.95407],[27.46489,-11.89857],[27.43928,-11.87391],[27.40069,-11.82771],[27.38411,-11.75809],[27.38884,-11.69946],[27.39729,-11.66513],[27.41525,-11.63556],[27.44325,-11.60208],[27.51718,-11.55105]]]},"properties":{"nom":"Kipushi","province":"Haut-Katanga","pcode":"CD7102"}},{"type":"Feature","geometry":{"type":"Polygon","coordinates":[[[28.50966,-11.88353],[28.48849,-11.88765],[28.47722,-11.88489],[28.47412,-11.89301],[28.4764,-11.91183],[28.49054,-11.91751],[28.49274,-11.92184],[28.48829,-11.93228],[28.48833,-11.94517],[28.48296,-11.95632],[28.48471,-11.96135],[28.46988,-11.96628],[28.436,-11.9649],[28.42798,-11.96023],[28.41964,-11.93563],[28.37584,-11.85564],[28.35964,-11.81062],[28.32916,-11.75426],[28.31732,-11.74292],[28.2024,-11.74934],[28.19267,-11.75333],[28.19252,-11.76776],[28.18387,-11.77096],[28.16908,-11.77078],[28.13292,-11.75656],[28.11247,-11.75668],[28.08322,-11.75028],[28.04288,-11.74973],[28.0263,-11.75447],[28.01505,-11.76389],[28.01348,-11.79107],[27.9992,-11.80123],[27.99309,-11.82297],[27.98517,-11.83555],[27.99017,-11.85248],[27.98571,-11.86291],[27.98217,-11.8968],[27.9756,-11.90727],[27.94945,-11.93215],[27.93763,-11.93675],[27.91754,-11.95689],[27.86482,-11.96131],[27.80871,-11.97356],[27.78675,-11.98209],[27.75966,-12.0033],[27.75701,-12.02383],[27.74758,-12.03159],[27.75782,-12.04152],[27.76012,-12.05206],[27.74332,-12.06617],[27.72265,-12.06102],[27.7142,-12.08418],[27.71097,-12.11138],[27.68723,-12.12999],[27.6895,-12.15134],[27.69819,-12.16544],[27.70625,-12.17174],[27.71369,-12.19438],[27.72357,-12.20939],[27.70937,-12.22575],[27.70719,-12.23406],[27.67216,-12.26253],[27.673,-12.283],[27.695,-12.286],[27.71199,-12.281],[27.758,-12.289],[27.76499,-12.286],[27.77499,-12.274],[27.81699,-12.26],[27.81999,-12.254],[27.81399,-12.234],[27.81799,-12.23],[27.866,-12.244],[27.918,-12.24],[27.925,-12.248],[27.933,-12.277],[27.953,-12.314],[27.953,-12.326],[27.948,-12.34],[27.95,-12.35],[27.955,-12.354],[27.98899,-12.339],[28.013,-12.35],[28.06299,-12.35],[28.076,-12.353],[28.087,-12.359],[28.118,-12.43],[28.12899,-12.436],[28.13899,-12.429],[28.14599,-12.428],[28.14699,-12.418],[28.14399,-12.414],[28.14699,-12.407],[28.16499,-12.387],[28.17399,-12.383],[28.181,-12.383],[28.189,-12.401],[28.213,-12.406],[28.235,-12.423],[28.25899,-12.413],[28.265,-12.413],[28.281,-12.421],[28.315,-12.419],[28.338,-12.435],[28.404,-12.501],[28.442,-12.516],[28.449,-12.524],[28.45,-12.53],[28.443,-12.557],[28.445,-12.563],[28.49,-12.593],[28.516,-12.618],[28.523,-12.632],[28.514,-12.674],[28.5,-12.683],[28.477,-12.684],[28.456,-12.699],[28.454,-12.707],[28.465,-12.734],[28.48,-12.753],[28.529,-12.801],[28.539,-12.821],[28.544,-12.856],[28.567,-12.878],[28.573,-12.893],[28.57999,-12.893],[28.58799,-12.885],[28.59999,-12.851],[28.62599,-12.82],[28.63399,-12.817],[28.653,-12.819],[28.667,-12.827],[28.678,-12.842],[28.698,-12.851],[28.726,-12.877],[28.733,-12.886],[28.735,-12.902],[28.74,-12.913],[28.752,-12.925],[28.756,-12.939],[28.76499,-12.944],[28.77399,-12.94],[28.782,-12.941],[28.79,-12.946],[28.793,-12.954],[28.791,-12.964],[28.796,-12.973],[28.819,-12.996],[28.827,-13.011],[28.834,-13.027],[28.835,-13.057],[28.848,-13.072],[28.846,-13.081],[28.831,-13.084],[28.847,-13.106],[28.85,-13.124],[28.847,-13.145],[28.85699,-13.15699],[28.86299,-13.151],[28.87,-13.151],[28.874,-13.155],[28.875,-13.163],[28.88599,-13.163],[28.89699,-13.158],[28.904,-13.162],[28.942,-13.272],[28.95,-13.316],[28.968,-13.343],[28.969,-13.367],[28.976,-13.376],[28.98199,-13.376],[28.99299,-13.368],[28.999,-13.372],[28.999,-13.385],[28.991,-13.392],[28.999,-13.411],[29.004,-13.416],[29.01999,-13.418],[29.03899,-13.403],[29.07199,-13.388],[29.08699,-13.377],[29.10999,-13.369],[29.122,-13.37],[29.143,-13.381],[29.16,-13.401],[29.18299,-13.443],[29.19099,-13.44],[29.21099,-13.417],[29.23399,-13.407],[29.24799,-13.393],[29.29899,-13.375],[29.30999,-13.361],[29.31099,-13.34],[29.31599,-13.332],[29.336,-13.345],[29.34898,-13.348],[29.35498,-13.344],[29.35798,-13.333],[29.36498,-13.327],[29.37298,-13.325],[29.38499,-13.328],[29.40898,-13.32],[29.44198,-13.314],[29.47198,-13.283],[29.47598,-13.274],[29.49098,-13.271],[29.50298,-13.246],[29.52798,-13.228],[29.53698,-13.225],[29.55998,-13.228],[29.58098,-13.213],[29.589,-13.214],[29.62,-13.233],[29.64299,-13.24],[29.66998,-13.226],[29.678,-13.236],[29.674,-13.248],[29.681,-13.259],[29.681,-13.268],[29.66,-13.281],[29.654,-13.289],[29.654,-13.298],[29.663,-13.31],[29.663,-13.32],[29.652,-13.35],[29.646,-13.355],[29.609,-13.36],[29.605,-13.363],[29.605,-13.37],[29.614,-13.382],[29.608,-13.394],[29.611,-13.409],[29.646,-13.437],[29.65398,-13.438],[29.674,-13.429],[29.68,-13.431],[29.701,-13.451],[29.71199,-13.456],[29.73898,-13.45],[29.76498,-13.437],[29.785,-13.439],[29.80898,-13.45499],[29.80998,-12.161],[29.80698,-12.156],[29.784,-12.161],[29.762,-12.16],[29.739,-12.175],[29.723,-12.19],[29.667,-12.207],[29.63298,-12.207],[29.59598,-12.193],[29.575,-12.193],[29.54,-12.216],[29.513,-12.223],[29.485,-12.243],[29.468,-12.273],[29.456,-12.322],[29.456,-12.333],[29.481,-12.378],[29.496,-12.394],[29.5,-12.397],[29.528,-12.398],[29.537,-12.407],[29.536,-12.429],[29.527,-12.444],[29.499,-12.47],[29.47498,-12.471],[29.41298,-12.439],[29.37798,-12.417],[29.36598,-12.413],[29.355,-12.412],[29.333,-12.418],[29.31398,-12.417],[29.30198,-12.413],[29.29598,-12.409],[29.29598,-12.389],[29.26699,-12.364],[29.243,-12.374],[29.191,-12.371],[29.175,-12.374],[29.156,-12.385],[29.129,-12.395],[29.11999,-12.394],[29.10699,-12.379],[29.098,-12.382],[29.08092,-12.37832],[29.066,-12.389],[29.05899,-12.389],[29.04699,-12.385],[29.03599,-12.375],[29.02399,-12.349],[29.00499,-12.323],[28.99899,-12.287],[28.98399,-12.269],[28.94699,-12.212],[28.91321,-12.18085],[28.85599,-12.138],[28.84699,-12.128],[28.81925,-12.08051],[28.77799,-12.055],[28.76399,-12.017],[28.76399,-11.995],[28.75899,-11.99],[28.74899,-11.984],[28.731,-11.99],[28.71399,-11.99],[28.70113,-11.97748],[28.67599,-11.97],[28.65599,-11.957],[28.63999,-11.952],[28.62899,-11.94],[28.61499,-11.913],[28.599,-11.91],[28.57699,-11.911],[28.56399,-11.901],[28.54599,-11.9],[28.50966,-11.88353]]]},"properties":{"nom":"Sakania","province":"Haut-Katanga","pcode":"CD7104"}},{"type":"Feature","geometry":{"type":"Polygon","coordinates":[[[27.044,-11.603],[27.089,-11.606],[27.119,-11.595],[27.157,-11.6],[27.185,-11.583],[27.2,-11.568],[27.206,-11.568],[27.20485,-11.51934],[27.23502,-11.48645],[27.24374,-11.45762],[27.25601,-11.43704],[27.2608,-11.42984],[27.28962,-11.42013],[27.30068,-11.41191],[27.30509,-11.39389],[27.31781,-11.37898],[27.33437,-11.34861],[27.3773,-11.29718],[27.39203,-11.28794],[27.42236,-11.28286],[27.45346,-11.25871],[27.48443,-11.24436],[27.512,-11.25113],[27.52245,-11.25012],[27.53086,-11.24551],[27.54103,-11.22741],[27.49112,-11.14737],[27.4127,-11.00835],[27.39247,-10.99373],[27.33294,-10.97296],[27.30772,-10.92193],[27.30991,-10.91407],[27.30126,-10.87144],[27.29735,-10.8645],[27.29674,-10.84987],[27.27649,-10.85343],[27.25837,-10.84383],[27.21165,-10.80207],[27.21952,-10.75365],[27.21303,-10.72816],[27.14843,-10.62454],[27.13745,-10.61184],[27.13294,-10.59273],[27.11479,-10.5616],[27.10195,-10.54678],[27.07313,-10.56338],[27.0437,-10.55107],[27.03238,-10.55237],[27.02198,-10.55939],[26.98044,-10.55759],[26.96101,-10.56877],[26.95627,-10.57545],[26.94654,-10.60694],[26.93889,-10.60728],[26.92833,-10.60127],[26.92052,-10.56315],[26.91971,-10.54949],[26.92361,-10.53041],[26.9178,-10.5174],[26.89702,-10.50474],[26.8816,-10.48921],[26.82041,-10.4649],[26.73622,-10.46989],[26.718,-10.46485],[26.69935,-10.46776],[26.6549,-10.46099],[26.63156,-10.46966],[26.57563,-10.47026],[26.53617,-10.47943],[26.50828,-10.47407],[26.4956,-10.47478],[26.4538,-10.50151],[26.4751,-10.5118],[26.47545,-10.52054],[26.48742,-10.54475],[26.49746,-10.54806],[26.50974,-10.56169],[26.51601,-10.56115],[26.5203,-10.56822],[26.51572,-10.57334],[26.51962,-10.58639],[26.52786,-10.59364],[26.53995,-10.59301],[26.56633,-10.60046],[26.55675,-10.61348],[26.55486,-10.62799],[26.52185,-10.66111],[26.51018,-10.67438],[26.51047,-10.67829],[26.51663,-10.68625],[26.57531,-10.71013],[26.59972,-10.7275],[26.60509,-10.73338],[26.60619,-10.7404],[26.58571,-10.78326],[26.56847,-10.7969],[26.56164,-10.81186],[26.5603,-10.84131],[26.56151,-10.85762],[26.56657,-10.86893],[26.56593,-10.88162],[26.55638,-10.88708],[26.5496,-10.89842],[26.51412,-10.89353],[26.49795,-10.89765],[26.47408,-10.9104],[26.46695,-10.91223],[26.44044,-10.90924],[26.42636,-10.91817],[26.41891,-10.91804],[26.40813,-10.92945],[26.34878,-11.03168],[26.34418,-11.05752],[26.3559,-11.10279],[26.35335,-11.11638],[26.35602,-11.12997],[26.35524,-11.15307],[26.34944,-11.16124],[26.34884,-11.17076],[26.3604,-11.22871],[26.31042,-11.20891],[26.30906,-11.20484],[26.32024,-11.18352],[26.32184,-11.16992],[26.31645,-11.14774],[26.32297,-11.12054],[26.31471,-11.09973],[26.32782,-11.07568],[26.33086,-11.06118],[26.32417,-11.05252],[26.31081,-11.04851],[26.30323,-11.03917],[26.30002,-11.02564],[26.28685,-10.99845],[26.27257,-10.99311],[26.26457,-10.95181],[26.25849,-10.94936],[26.25524,-10.95146],[26.24143,-10.94452],[26.23972,-10.93879],[26.23434,-10.93679],[26.22979,-10.92696],[26.23302,-10.92462],[26.22239,-10.91302],[26.22694,-10.90468],[26.22591,-10.89734],[26.2194,-10.89811],[26.21502,-10.88367],[26.20828,-10.88399],[26.20241,-10.88015],[26.18059,-10.88434],[26.16661,-10.88313],[26.15053,-10.89422],[26.14931,-10.91325],[26.12345,-10.94807],[26.11678,-10.95414],[26.10632,-10.95542],[26.09666,-10.96496],[26.06518,-10.97938],[25.99524,-10.96399],[25.97313,-10.96294],[25.94915,-10.95632],[25.94727,-10.95187],[25.93147,-10.96218],[25.92479,-10.97192],[25.87704,-11.0161],[25.88243,-11.0188],[25.87884,-11.03011],[25.87956,-11.03948],[25.85419,-11.07474],[25.84939,-11.0972],[25.79353,-11.13261],[25.7905,-11.20367],[25.79586,-11.2168],[25.80945,-11.23074],[25.81481,-11.24201],[25.81539,-11.26089],[25.80298,-11.28346],[25.77059,-11.31139],[25.75658,-11.33855],[25.75859,-11.36729],[25.75595,-11.38089],[25.7633,-11.39139],[25.75804,-11.40019],[25.76017,-11.40315],[25.77114,-11.40395],[25.77787,-11.40158],[25.78096,-11.4066],[25.77997,-11.42157],[25.77378,-11.43061],[25.77769,-11.44574],[25.7748,-11.4582],[25.76813,-11.46609],[25.75413,-11.46556],[25.73491,-11.47819],[25.72866,-11.52311],[25.7123,-11.54077],[25.70553,-11.54038],[25.70212,-11.54893],[25.69497,-11.55545],[25.68818,-11.55368],[25.68967,-11.56149],[25.67599,-11.59016],[25.6824,-11.62045],[25.67436,-11.63227],[25.65655,-11.64695],[25.63862,-11.65036],[25.63051,-11.65528],[25.61178,-11.65019],[25.60761,-11.65299],[25.59989,-11.67308],[25.57812,-11.68849],[25.57243,-11.70212],[25.55993,-11.71214],[25.55169,-11.72718],[25.54476,-11.73346],[25.53683,-11.73446],[25.53175,-11.73935],[25.497,-11.726],[25.495,-11.744],[25.49,-11.757],[25.484,-11.762],[25.484,-11.772],[25.488,-11.779],[25.497,-11.785],[25.506,-11.786],[25.518,-11.779],[25.532,-11.777],[25.563,-11.76],[25.577,-11.762],[25.584,-11.755],[25.594,-11.736],[25.609,-11.734],[25.635,-11.738],[25.646,-11.729],[25.65,-11.729],[25.655,-11.733],[25.677,-11.782],[25.698,-11.791],[25.708,-11.807],[25.719,-11.816],[25.824,-11.828],[25.85,-11.815],[25.863,-11.802],[25.872,-11.798],[25.88,-11.8],[25.89,-11.813],[25.898,-11.847],[25.906,-11.861],[25.919,-11.875],[25.934,-11.88],[25.96,-11.878],[25.975,-11.886],[25.987,-11.898],[25.991,-11.91],[25.978,-11.933],[25.99,-11.941],[26.011,-11.939],[26.069,-11.943],[26.137,-11.94],[26.17,-11.935],[26.192,-11.939],[26.201,-11.929],[26.212,-11.928],[26.251,-11.943],[26.287,-11.948],[26.312,-11.963],[26.33,-11.966],[26.409,-11.92],[26.428,-11.915],[26.444,-11.915],[26.468,-11.92],[26.487,-11.929],[26.509,-11.95],[26.544,-11.966],[26.559,-11.979],[26.57,-11.982],[26.584,-11.98],[26.598,-11.971],[26.61,-11.978],[26.625,-11.98],[26.636,-11.986],[26.663,-11.986],[26.692,-11.992],[26.708,-12.009],[26.718,-12.009],[26.755,-11.974],[26.775,-11.963],[26.798,-11.967],[26.816,-11.986],[26.828,-11.993],[26.856,-11.981],[26.884,-11.985],[26.897,-11.975],[26.908,-11.955],[26.954,-11.919],[26.971,-11.88],[26.98,-11.877],[26.986,-11.862],[27.008,-11.847],[27.01,-11.839],[26.999,-11.817],[27.005,-11.799],[27.008,-11.767],[27.013,-11.753],[27.024,-11.743],[27.032,-11.723],[27.044,-11.715],[27.048,-11.708],[27.045,-11.68],[27.025,-11.652],[27.025,-11.617],[27.028,-11.611],[27.044,-11.603]],[[26.73259,-11.03486],[26.70901,-11.0313],[26.69774,-11.04066],[26.68909,-11.03826],[26.66495,-11.01192],[26.66358,-11.00482],[26.65153,-10.98658],[26.63073,-10.96642],[26.63474,-10.93768],[26.67182,-10.87974],[26.68676,-10.88851],[26.70306,-10.91321],[26.75237,-10.91436],[26.7603,-10.94365],[26.77943,-10.94987],[26.80381,-10.95147],[26.81583,-10.94482],[26.83015,-10.96232],[26.87954,-10.99685],[26.87957,-11.02257],[26.86995,-11.01765],[26.86202,-11.01708],[26.84698,-11.02329],[26.83362,-11.01774],[26.82734,-11.01829],[26.81315,-11.03391],[26.80131,-11.03662],[26.79167,-11.0455],[26.77445,-11.03149],[26.76057,-11.03722],[26.75492,-11.03362],[26.74149,-11.03842],[26.73259,-11.03486]]]},"properties":{"nom":"Kambove","province":"Haut-Katanga","pcode":"CD7105"}},{"type":"Feature","geometry":{"type":"Polygon","coordinates":[[[26.86995,-11.01765],[26.87957,-11.02257],[26.87954,-10.99685],[26.83015,-10.96232],[26.81583,-10.94482],[26.80381,-10.95147],[26.77943,-10.94987],[26.7603,-10.94365],[26.75237,-10.91436],[26.70306,-10.91321],[26.68676,-10.88851],[26.67182,-10.87974],[26.63474,-10.93768],[26.63073,-10.96642],[26.65153,-10.98658],[26.66358,-11.00482],[26.66495,-11.01192],[26.68909,-11.03826],[26.69774,-11.04066],[26.70901,-11.0313],[26.74149,-11.03842],[26.75073,-11.03368],[26.76382,-11.03694],[26.77445,-11.03149],[26.79167,-11.0455],[26.80131,-11.03662],[26.81315,-11.03391],[26.82734,-11.01829],[26.83362,-11.01774],[26.84698,-11.02329],[26.86202,-11.01708],[26.86995,-11.01765]]]},"properties":{"nom":"Likasi","province":"Haut-Katanga","pcode":"CD7106"}},{"type":"Feature","geometry":{"type":"Polygon","coordinates":[[[27.73395,-10.09147],[27.72946,-10.09791],[27.67934,-10.09748],[27.64403,-10.10396],[27.59782,-10.14955],[27.56151,-10.13181],[27.53379,-10.1127],[27.52757,-10.10199],[27.55401,-10.07341],[27.55397,-10.05307],[27.56421,-10.04154],[27.57253,-10.02466],[27.55625,-9.99329],[27.51162,-9.99121],[27.47913,-9.97326],[27.46887,-9.97704],[27.46411,-9.98281],[27.44813,-9.98703],[27.41185,-9.98479],[27.36868,-9.99641],[27.3374,-9.98899],[27.30782,-9.99648],[27.29256,-10.00507],[27.25636,-10.05028],[27.2287,-10.0636],[27.19434,-10.06524],[27.0932,-10.09149],[27.04836,-10.09817],[27.01088,-10.16692],[26.9807,-10.21086],[26.97995,-10.21785],[26.98838,-10.23372],[27.01497,-10.25971],[27.05646,-10.29043],[27.1056,-10.32081],[27.13048,-10.34998],[27.15948,-10.39503],[27.18798,-10.42963],[27.10932,-10.5172],[27.1032,-10.52771],[27.10195,-10.54678],[27.11479,-10.5616],[27.13294,-10.59273],[27.13745,-10.61184],[27.14843,-10.62454],[27.21303,-10.72816],[27.21952,-10.75365],[27.21165,-10.80207],[27.25837,-10.84383],[27.27649,-10.85343],[27.29674,-10.84987],[27.29735,-10.8645],[27.30126,-10.87144],[27.30991,-10.91407],[27.30772,-10.92193],[27.33294,-10.97296],[27.39247,-10.99373],[27.4127,-11.00835],[27.49112,-11.14737],[27.55054,-11.24153],[27.56482,-11.25086],[27.59693,-11.26005],[27.62597,-11.25414],[27.63195,-11.26209],[27.65388,-11.26331],[27.66357,-11.27073],[27.69972,-11.27146],[27.7154,-11.29993],[27.72531,-11.30619],[27.75355,-11.29579],[27.76899,-11.2863],[27.78296,-11.28536],[27.79283,-11.27736],[27.81215,-11.27608],[27.82191,-11.26187],[27.83046,-11.25826],[27.85298,-11.26567],[27.85882,-11.26648],[27.86411,-11.2627],[27.87115,-11.26533],[27.87645,-11.2742],[27.89587,-11.28994],[27.90169,-11.2896],[27.90833,-11.28327],[27.9233,-11.26205],[27.94181,-11.26676],[27.95421,-11.28125],[27.96449,-11.28267],[27.97398,-11.29077],[27.98566,-11.29216],[27.99161,-11.29848],[28.00904,-11.29562],[28.01188,-11.23461],[28.01548,-11.22646],[28.0217,-11.22315],[28.06417,-11.23705],[28.11448,-11.24502],[28.12167,-11.25048],[28.11935,-11.2716],[28.12615,-11.31213],[28.13692,-11.32404],[28.14635,-11.35317],[28.15385,-11.36186],[28.1656,-11.37181],[28.17704,-11.36814],[28.22619,-11.29269],[28.24255,-11.27501],[28.25368,-11.26614],[28.29062,-11.26093],[28.3136,-11.19446],[28.36433,-11.14462],[28.39972,-11.08419],[28.39615,-11.06733],[28.36937,-11.05718],[28.34566,-11.04007],[28.35018,-11.03377],[28.36352,-11.03672],[28.37819,-11.02584],[28.38667,-11.03027],[28.39313,-11.01656],[28.39974,-11.02057],[28.41635,-11.01332],[28.4271,-11.02575],[28.43341,-11.02677],[28.43842,-11.02138],[28.44849,-11.02416],[28.45149,-11.01191],[28.46892,-10.99935],[28.47686,-10.97871],[28.48079,-10.97748],[28.48027,-10.98577],[28.48658,-10.98656],[28.48941,-10.97776],[28.49636,-10.97601],[28.49751,-10.96471],[28.50139,-10.96095],[28.51605,-10.95838],[28.52357,-10.9637],[28.54067,-10.94724],[28.54522,-10.89953],[28.54344,-10.87104],[28.55753,-10.83417],[28.58126,-10.81251],[28.58302,-10.79729],[28.60147,-10.77918],[28.60892,-10.75786],[28.62002,-10.74144],[28.63016,-10.73387],[28.64324,-10.73017],[28.66121,-10.73065],[28.66207,-10.71901],[28.66753,-10.71089],[28.66774,-10.69454],[28.67297,-10.68664],[28.68868,-10.68019],[28.69678,-10.66259],[28.69327,-10.64654],[28.68709,-10.63766],[28.67676,-10.63139],[28.66587,-10.61912],[28.66502,-10.59453],[28.67297,-10.56749],[28.67123,-10.56062],[28.66432,-10.54991],[28.63656,-10.52871],[28.63408,-10.5184],[28.63944,-10.48957],[28.63615,-10.47214],[28.64301,-10.44973],[28.63853,-10.42301],[28.62165,-10.37576],[28.63602,-10.31324],[28.6304,-10.29605],[28.61129,-10.28307],[28.59799,-10.25699],[28.58005,-10.2384],[28.57715,-10.23062],[28.5822,-10.21192],[28.6073,-10.18302],[28.60873,-10.17058],[28.62176,-10.15705],[28.62177,-10.13812],[28.6393,-10.09064],[28.63999,-10.06619],[28.65375,-10.04259],[28.66001,-10.0096],[28.65939,-9.99134],[28.67875,-9.93703],[28.6873,-9.90107],[28.68118,-9.84437],[28.68284,-9.82739],[28.69704,-9.80616],[28.68937,-9.79319],[28.67484,-9.71098],[28.66474,-9.68921],[28.65731,-9.63379],[28.65803,-9.59101],[28.63134,-9.51421],[28.57871,-9.41432],[28.57013,-9.4215],[28.56964,-9.42741],[28.57544,-9.42938],[28.57473,-9.43316],[28.54003,-9.43288],[28.54271,-9.43776],[28.55366,-9.43819],[28.54452,-9.44908],[28.53899,-9.44941],[28.53615,-9.44219],[28.52761,-9.44427],[28.52443,-9.43644],[28.51995,-9.43721],[28.52197,-9.4429],[28.51562,-9.44471],[28.51524,-9.43617],[28.52383,-9.42747],[28.52621,-9.41293],[28.53295,-9.41072],[28.53345,-9.40679],[28.52757,-9.38813],[28.52196,-9.38904],[28.5199,-9.39285],[28.5196,-9.38238],[28.50967,-9.39061],[28.5041,-9.38843],[28.50216,-9.38232],[28.50489,-9.36536],[28.50265,-9.3627],[28.49925,-9.36428],[28.49889,-9.37838],[28.49084,-9.38444],[28.48999,-9.38855],[28.49023,-9.40266],[28.49477,-9.41059],[28.49326,-9.41888],[28.49853,-9.43208],[28.49556,-9.45394],[28.49762,-9.45684],[28.47794,-9.46447],[28.48628,-9.47134],[28.50537,-9.46217],[28.51572,-9.46429],[28.52559,-9.4583],[28.52965,-9.46302],[28.52383,-9.481],[28.53818,-9.49056],[28.53528,-9.50364],[28.5449,-9.50273],[28.55719,-9.49656],[28.55277,-9.49159],[28.56876,-9.4968],[28.56282,-9.50455],[28.56803,-9.51175],[28.56391,-9.51866],[28.5538,-9.50945],[28.54236,-9.50879],[28.55065,-9.50709],[28.56276,-9.51236],[28.54854,-9.50582],[28.53407,-9.50721],[28.52825,-9.51369],[28.55344,-9.51545],[28.55737,-9.51817],[28.55314,-9.53101],[28.55471,-9.53876],[28.55041,-9.54814],[28.55949,-9.5597],[28.54466,-9.57084],[28.5515,-9.5772],[28.5509,-9.58319],[28.52383,-9.59076],[28.52892,-9.58204],[28.53407,-9.57944],[28.53134,-9.57187],[28.5268,-9.56818],[28.51718,-9.56703],[28.51469,-9.55988],[28.50761,-9.55649],[28.51294,-9.5442],[28.51475,-9.54923],[28.51966,-9.5456],[28.5271,-9.54996],[28.53019,-9.54541],[28.53903,-9.54772],[28.54254,-9.54033],[28.53818,-9.53991],[28.54091,-9.53512],[28.53826,-9.52888],[28.49647,-9.52416],[28.49253,-9.52023],[28.45554,-9.5261],[28.4371,-9.52504],[28.42563,-9.58643],[28.41099,-9.63106],[28.39216,-9.62561],[28.37248,-9.62537],[28.33896,-9.64832],[28.28402,-9.66786],[28.27157,-9.66702],[28.26432,-9.66154],[28.26831,-9.63605],[28.17338,-9.64149],[28.12214,-9.63553],[28.11926,-9.63988],[28.1216,-9.64972],[28.14976,-9.68295],[28.14973,-9.69331],[28.14058,-9.69924],[28.13247,-9.6994],[28.107,-9.68909],[28.09016,-9.69265],[28.08673,-9.70742],[28.08681,-9.74101],[28.08337,-9.75462],[28.07252,-9.77299],[28.05912,-9.76383],[28.05313,-9.7536],[28.03293,-9.73305],[28.01237,-9.72036],[28.0008,-9.69782],[27.98357,-9.69378],[27.9608,-9.70165],[27.94725,-9.72108],[27.9305,-9.73502],[27.92385,-9.7359],[27.87881,-9.67029],[27.8573,-9.63241],[27.84977,-9.63243],[27.8437,-9.6365],[27.8397,-9.65475],[27.82581,-9.65652],[27.81745,-9.66755],[27.79982,-9.67975],[27.79233,-9.69164],[27.79155,-9.72783],[27.78062,-9.75391],[27.75892,-9.75812],[27.79517,-9.7979],[27.80676,-9.8225],[27.80784,-9.89034],[27.76221,-9.9936],[27.76016,-10.01949],[27.7413,-10.04766],[27.73395,-10.09147],[27.7376,-10.0893],[27.73395,-10.09147]]]},"properties":{"nom":"Kasenga","province":"Haut-Katanga","pcode":"CD7107"}},{"type":"Feature","geometry":{"type":"MultiPolygon","coordinates":[[[[27.73327,-10.09553],[27.7413,-10.04766],[27.76016,-10.01949],[27.76221,-9.9936],[27.80784,-9.89034],[27.80676,-9.8225],[27.79517,-9.7979],[27.75892,-9.75812],[27.7177,-9.66567],[27.70527,-9.65005],[27.72188,-9.60171],[27.72182,-9.56243],[27.72745,-9.5101],[27.75601,-9.46766],[27.75501,-9.44097],[27.74974,-9.43365],[27.74877,-9.42297],[27.75543,-9.4109],[27.7664,-9.40469],[27.7845,-9.38689],[27.78782,-9.37625],[27.78489,-9.3374],[27.80062,-9.32443],[27.80203,-9.31086],[27.78196,-9.30147],[27.76857,-9.28582],[27.76233,-9.26975],[27.73702,-9.26225],[27.71168,-9.23825],[27.69975,-9.23524],[27.68875,-9.22252],[27.67579,-9.18746],[27.64665,-9.17119],[27.63755,-9.15557],[27.65083,-9.1081],[27.6713,-9.0772],[27.69798,-9.05121],[27.75284,-9.02934],[27.78286,-9.00337],[27.79473,-8.97092],[27.79468,-8.94129],[27.79032,-8.90482],[27.77452,-8.87844],[27.75923,-8.86908],[27.74156,-8.86699],[27.6843,-8.87135],[27.65496,-8.86625],[27.62985,-8.85193],[27.61312,-8.83672],[27.61543,-8.79398],[27.63304,-8.76983],[27.64922,-8.73983],[27.66018,-8.73021],[27.68259,-8.71825],[27.67949,-8.68849],[27.65434,-8.65174],[27.64664,-8.63432],[27.64707,-8.60855],[27.66805,-8.5956],[27.68424,-8.57386],[27.70952,-8.56484],[27.72,-8.55326],[27.72809,-8.53728],[27.73524,-8.53248],[27.74669,-8.53258],[27.7882,-8.5198],[27.79244,-8.49163],[27.7972,-8.48535],[27.81533,-8.47772],[27.83151,-8.45208],[27.84797,-8.44147],[27.87576,-8.43498],[27.91487,-8.41747],[27.92094,-8.40978],[27.96972,-8.39163],[27.97075,-8.38518],[27.98335,-8.36886],[27.98593,-8.34745],[27.97725,-8.31639],[27.98577,-8.30382],[27.99081,-8.2787],[27.98555,-8.2687],[27.98367,-8.24324],[27.9881,-8.23398],[27.98587,-8.2286],[27.98104,-8.228],[27.97189,-8.24194],[27.97182,-8.25649],[27.96025,-8.27226],[27.90468,-8.2602],[27.8981,-8.24567],[27.89026,-8.24204],[27.88903,-8.24689],[27.87449,-8.25115],[27.85155,-8.24451],[27.83389,-8.24631],[27.83249,-8.23348],[27.83699,-8.22765],[27.84072,-8.18121],[27.82719,-8.18513],[27.81867,-8.19769],[27.80731,-8.20616],[27.80199,-8.21728],[27.78459,-8.2362],[27.77369,-8.26947],[27.75156,-8.28704],[27.74373,-8.2816],[27.76086,-8.24098],[27.75788,-8.23371],[27.74759,-8.23494],[27.73544,-8.24586],[27.72152,-8.2483],[27.73067,-8.23253],[27.75196,-8.20827],[27.79324,-8.17549],[27.81932,-8.16152],[27.83754,-8.14453],[27.82223,-8.15144],[27.79165,-8.15404],[27.73627,-8.16947],[27.69887,-8.19964],[27.69689,-8.17966],[27.70258,-8.15346],[27.69921,-8.14967],[27.68193,-8.15737],[27.6747,-8.14836],[27.68139,-8.13691],[27.68185,-8.13024],[27.67317,-8.11743],[27.64427,-8.09568],[27.64133,-8.07666],[27.63509,-8.07621],[27.60723,-8.08016],[27.59091,-8.08786],[27.55966,-8.08182],[27.53329,-8.10004],[27.51409,-8.10728],[27.50592,-8.10637],[27.50157,-8.09925],[27.48407,-8.10935],[27.47514,-8.12558],[27.46584,-8.13423],[27.42233,-8.14991],[27.38956,-8.17343],[27.36604,-8.18599],[27.34161,-8.18618],[27.33198,-8.17532],[27.32547,-8.17245],[27.31743,-8.1735],[27.30648,-8.16703],[27.29846,-8.16923],[27.28507,-8.18185],[27.27836,-8.17989],[27.26517,-8.19067],[27.26414,-8.19758],[27.25111,-8.20422],[27.22627,-8.20716],[27.21508,-8.22774],[27.19497,-8.2521],[27.17409,-8.27138],[27.16418,-8.28555],[27.16625,-8.29078],[27.15621,-8.30701],[27.05617,-8.43831],[27.01546,-8.48701],[27.00546,-8.51654],[27.00647,-8.53294],[27.01201,-8.53791],[27.05024,-8.54746],[27.07184,-8.54141],[27.08172,-8.54873],[27.08511,-8.5606],[27.05253,-8.58221],[27.03888,-8.60906],[26.9763,-8.6654],[26.96783,-8.6699],[26.95832,-8.68176],[26.95611,-8.70293],[26.942,-8.71555],[26.92315,-8.72112],[26.90656,-8.73837],[26.89465,-8.74453],[26.88625,-8.75407],[26.875,-8.75838],[26.84972,-8.78127],[26.84256,-8.78115],[26.83415,-8.77508],[26.83171,-8.76615],[26.82611,-8.76256],[26.8244,-8.74168],[26.83044,-8.72896],[26.82829,-8.72417],[26.83591,-8.70935],[26.83526,-8.69673],[26.83071,-8.68623],[26.82304,-8.68267],[26.81801,-8.67103],[26.81086,-8.67137],[26.79687,-8.66193],[26.79229,-8.66452],[26.78604,-8.66324],[26.7779,-8.65991],[26.7732,-8.65401],[26.75312,-8.66947],[26.7704,-8.68254],[26.76037,-8.69095],[26.75525,-8.68873],[26.75116,-8.67754],[26.73214,-8.67139],[26.72748,-8.68386],[26.71602,-8.69023],[26.71425,-8.69508],[26.72247,-8.71999],[26.72156,-8.73655],[26.71496,-8.74284],[26.71987,-8.74668],[26.71973,-8.75265],[26.7111,-8.76266],[26.71547,-8.77683],[26.71362,-8.79176],[26.7289,-8.80972],[26.73247,-8.83287],[26.73185,-8.83724],[26.70677,-8.85989],[26.69162,-8.86655],[26.68009,-8.89911],[26.6774,-8.95199],[26.6732,-8.96469],[26.6788,-8.98413],[26.67336,-9.00696],[26.66007,-9.0145],[26.64689,-9.03054],[26.63269,-9.03948],[26.62498,-9.04924],[26.62256,-9.05801],[26.61617,-9.06407],[26.61039,-9.06392],[26.60771,-9.0704],[26.58895,-9.06836],[26.57279,-9.08582],[26.56197,-9.08896],[26.54743,-9.10686],[26.54466,-9.12344],[26.52686,-9.14047],[26.52535,-9.14807],[26.50112,-9.15208],[26.49795,-9.15626],[26.49542,-9.17399],[26.48261,-9.18405],[26.4787,-9.20203],[26.47343,-9.20532],[26.46917,-9.21549],[26.46457,-9.21739],[26.47073,-9.22741],[26.47772,-9.23076],[26.46946,-9.23593],[26.48833,-9.24533],[26.49407,-9.25835],[26.50224,-9.26398],[26.5013,-9.27893],[26.49629,-9.28451],[26.49875,-9.29505],[26.49034,-9.32252],[26.48395,-9.32881],[26.48517,-9.33293],[26.47312,-9.36458],[26.46514,-9.37319],[26.46555,-9.38606],[26.47738,-9.40428],[26.48232,-9.42628],[26.47597,-9.43602],[26.47997,-9.44056],[26.46949,-9.45289],[26.46233,-9.45367],[26.44726,-9.48583],[26.43189,-9.49638],[26.42304,-9.50891],[26.40631,-9.52201],[26.38518,-9.55102],[26.33618,-9.59305],[26.32304,-9.6146],[26.32148,-9.61922],[26.3283,-9.62671],[26.33264,-9.64122],[26.35268,-9.64834],[26.35226,-9.65454],[26.33077,-9.67939],[26.33009,-9.69106],[26.33925,-9.70906],[26.34016,-9.71786],[26.28897,-9.76857],[26.28524,-9.79304],[26.2671,-9.82213],[26.2665,-9.84203],[26.26993,-9.86682],[26.27558,-9.87789],[26.28267,-9.88407],[26.29905,-9.88436],[26.30354,-9.8801],[26.31029,-9.86018],[26.31682,-9.8569],[26.3602,-9.85418],[26.36675,-9.86232],[26.37894,-9.86914],[26.40042,-9.87153],[26.42278,-9.89659],[26.4301,-9.8982],[26.44324,-9.89833],[26.47918,-9.89073],[26.51414,-9.90531],[26.54621,-9.90654],[26.55876,-9.91205],[26.58367,-9.91263],[26.59925,-9.9214],[26.61906,-9.9207],[26.64717,-9.91116],[26.77343,-9.91311],[26.77984,-9.91896],[26.78234,-9.93625],[26.78177,-9.97931],[26.77242,-9.98978],[26.74707,-10.00551],[26.7557,-10.00883],[26.76355,-10.00665],[26.77508,-10.01728],[26.78392,-10.0183],[26.79003,-10.02373],[26.81018,-10.02113],[26.82188,-10.01291],[26.83114,-10.01162],[26.83589,-10.0035],[26.8361,-9.98717],[26.85521,-9.97792],[26.86777,-9.9798],[26.87296,-9.98524],[26.88213,-9.97843],[26.88619,-9.98619],[26.88867,-9.98109],[26.88426,-9.96645],[26.88605,-9.96205],[26.89239,-9.96701],[26.90071,-9.96505],[26.90809,-9.97712],[26.90882,-9.96423],[26.9228,-9.96862],[26.93056,-9.97517],[26.93295,-9.96501],[26.93948,-9.96721],[26.94122,-9.95983],[26.94925,-9.95396],[26.95929,-9.95817],[26.96541,-9.94934],[26.97154,-9.95522],[26.9843,-9.95548],[26.9826,-9.95091],[26.98697,-9.94832],[26.99006,-9.93861],[27.00637,-9.94341],[27.0074,-9.93512],[27.01642,-9.91912],[27.02365,-9.92153],[27.02633,-9.91528],[27.03386,-9.92183],[27.04548,-9.91353],[27.06972,-9.91601],[27.07496,-9.92172],[27.06329,-9.94972],[27.06436,-9.96878],[27.07612,-9.98496],[27.08501,-9.99129],[27.09942,-10.03352],[27.07635,-10.06854],[27.04836,-10.09817],[27.0932,-10.09149],[27.19434,-10.06524],[27.2287,-10.0636],[27.25636,-10.05028],[27.29256,-10.00507],[27.30782,-9.99648],[27.3374,-9.98899],[27.36868,-9.99641],[27.41185,-9.98479],[27.44813,-9.98703],[27.46411,-9.98281],[27.46887,-9.97704],[27.47913,-9.97326],[27.51162,-9.99121],[27.55625,-9.99329],[27.57253,-10.02466],[27.56421,-10.04154],[27.55397,-10.05307],[27.55401,-10.07341],[27.52757,-10.10199],[27.53379,-10.1127],[27.56151,-10.13181],[27.59782,-10.14955],[27.64403,-10.10396],[27.67934,-10.09748],[27.71896,-10.09831],[27.73327,-10.09553]]]]},"properties":{"nom":"Mitwaba","province":"Haut-Katanga","pcode":"CD7108"}},{"type":"Feature","geometry":{"type":"Polygon","coordinates":[[[28.9334,-8.72483],[28.94591,-8.63595],[28.93471,-8.56046],[28.89984,-8.50536],[28.89749,-8.49084],[28.90963,-8.48325],[28.96402,-8.4744],[29.14401,-8.46176],[29.62549,-8.4048],[29.62838,-8.39549],[29.62255,-8.3804],[29.61095,-8.37113],[29.59068,-8.36769],[29.57503,-8.35959],[29.56284,-8.34509],[29.55643,-8.33174],[29.55113,-8.29455],[29.53894,-8.28004],[29.52841,-8.23763],[29.51912,-8.22835],[29.52017,-8.18706],[29.52646,-8.1539],[29.53166,-8.15273],[29.54331,-8.18061],[29.5601,-8.18173],[29.57919,-8.17413],[29.58322,-8.1683],[29.57271,-8.12995],[29.57494,-8.11924],[29.58302,-8.11054],[29.61901,-8.10298],[29.63901,-8.09238],[29.64558,-8.07912],[29.64991,-8.05904],[29.64857,-8.05172],[29.66685,-8.00971],[29.66859,-7.99575],[29.66298,-7.98178],[29.6659,-7.97075],[29.66068,-7.94668],[29.65673,-7.94097],[29.66268,-7.93588],[29.66222,-7.93253],[29.66018,-7.92904],[29.65237,-7.93081],[29.63583,-7.93985],[29.62604,-7.93465],[29.62396,-7.91197],[29.58259,-7.83513],[29.57307,-7.82301],[29.56684,-7.8203],[29.55543,-7.83689],[29.53659,-7.84412],[29.51787,-7.87108],[29.50375,-7.87546],[29.49375,-7.87082],[29.48576,-7.85877],[29.48362,-7.8128],[29.4742,-7.80729],[29.45371,-7.81445],[29.46351,-7.79335],[29.45794,-7.78649],[29.44874,-7.78815],[29.44317,-7.78015],[29.43771,-7.75447],[29.445,-7.74157],[29.43871,-7.72966],[29.42356,-7.73664],[29.41709,-7.73254],[29.35931,-7.75737],[29.33772,-7.75058],[29.32656,-7.74013],[29.31525,-7.73477],[29.2737,-7.72818],[29.263,-7.72923],[29.20669,-7.7819],[29.17135,-7.77078],[29.1609,-7.76033],[29.14796,-7.73976],[29.14266,-7.74025],[29.13305,-7.74971],[29.12292,-7.74908],[29.12249,-7.7562],[29.11095,-7.75098],[29.10892,-7.75765],[29.10456,-7.7602],[29.09833,-7.75862],[29.09493,-7.76805],[29.10577,-7.77144],[29.11296,-7.78036],[29.10911,-7.79162],[29.09833,-7.79995],[29.09584,-7.80685],[29.10257,-7.81553],[29.10995,-7.8171],[29.10928,-7.82147],[29.11389,-7.82213],[29.11323,-7.82833],[29.11694,-7.83153],[29.10845,-7.83662],[29.1064,-7.84122],[29.10711,-7.84489],[29.11125,-7.84326],[29.1131,-7.84624],[29.1092,-7.84764],[29.109,-7.85269],[29.1113,-7.85336],[29.11275,-7.86529],[29.10865,-7.86915],[29.08,-7.86965],[29.07017,-7.87302],[29.03968,-7.8923],[29.02448,-7.89365],[29.02042,-7.88973],[29.02776,-7.87255],[29.0169,-7.87025],[28.97378,-7.87282],[28.96205,-7.8698],[28.94434,-7.84962],[28.9094,-7.82337],[28.90328,-7.82254],[28.90256,-7.82861],[28.90819,-7.83534],[28.90403,-7.8469],[28.89684,-7.85175],[28.8959,-7.85779],[28.88992,-7.8598],[28.88742,-7.86593],[28.88938,-7.87155],[28.88358,-7.87578],[28.88162,-7.89322],[28.8739,-7.90655],[28.87535,-7.9139],[28.87258,-7.91826],[28.8784,-7.92142],[28.87016,-7.92568],[28.8667,-7.92428],[28.87003,-7.93076],[28.8616,-7.9325],[28.85895,-7.93756],[28.86238,-7.94164],[28.85939,-7.94303],[28.85403,-7.95836],[28.84263,-7.97032],[28.83005,-7.97646],[28.79055,-7.97801],[28.77911,-7.97571],[28.77099,-7.9702],[28.75843,-7.92659],[28.7474,-7.91557],[28.72077,-7.91389],[28.70494,-7.8999],[28.69091,-7.89301],[28.67876,-7.89566],[28.65645,-7.8926],[28.65845,-7.87796],[28.68242,-7.85579],[28.68731,-7.84559],[28.68555,-7.83541],[28.64871,-7.82079],[28.65096,-7.81045],[28.64462,-7.7904],[28.62281,-7.74797],[28.62304,-7.72439],[28.63282,-7.68473],[28.61273,-7.67334],[28.60991,-7.66118],[28.60342,-7.65295],[28.57101,-7.64039],[28.5481,-7.62268],[28.52225,-7.62715],[28.51974,-7.63175],[28.50614,-7.6286],[28.49329,-7.63692],[28.48064,-7.64043],[28.48045,-7.64754],[28.4706,-7.65815],[28.4757,-7.66479],[28.47364,-7.66778],[28.46697,-7.66827],[28.46103,-7.67932],[28.44151,-7.68805],[28.4131,-7.68748],[28.40702,-7.69416],[28.3972,-7.72208],[28.36801,-7.75488],[28.35581,-7.77552],[28.36059,-7.78644],[28.37812,-7.78824],[28.42517,-7.81063],[28.43199,-7.83822],[28.47088,-7.85971],[28.5038,-7.86695],[28.5261,-7.88178],[28.52998,-7.89148],[28.52627,-7.90665],[28.4798,-8.00919],[28.42941,-8.04805],[28.42612,-8.1008],[28.43085,-8.12322],[28.43804,-8.13655],[28.44037,-8.15351],[28.43244,-8.16746],[28.40817,-8.18325],[28.30307,-8.28033],[28.27221,-8.28401],[28.26376,-8.28099],[28.26208,-8.25372],[28.23187,-8.24891],[28.21976,-8.25438],[28.20332,-8.27439],[28.18587,-8.27878],[28.16127,-8.3167],[28.13165,-8.33688],[28.11532,-8.33811],[28.10805,-8.34176],[28.09768,-8.35934],[28.08379,-8.35572],[28.06632,-8.34362],[28.06267,-8.34787],[28.07286,-8.36421],[28.08931,-8.40392],[28.07046,-8.41196],[28.04313,-8.40652],[28.03009,-8.40011],[28.02082,-8.38582],[28.00584,-8.37486],[27.99564,-8.37207],[27.98458,-8.35908],[27.98335,-8.36886],[27.97075,-8.38518],[27.96972,-8.39163],[27.92094,-8.40978],[27.91487,-8.41747],[27.87576,-8.43498],[27.84797,-8.44147],[27.83151,-8.45208],[27.81533,-8.47772],[27.7972,-8.48535],[27.79244,-8.49163],[27.7882,-8.5198],[27.74669,-8.53258],[27.73524,-8.53248],[27.72809,-8.53728],[27.72,-8.55326],[27.70952,-8.56484],[27.68424,-8.57386],[27.66805,-8.5956],[27.64707,-8.60855],[27.64664,-8.63432],[27.65434,-8.65174],[27.67949,-8.68849],[27.68259,-8.71825],[27.66018,-8.73021],[27.64922,-8.73983],[27.63304,-8.76983],[27.61543,-8.79398],[27.61312,-8.83672],[27.62985,-8.85193],[27.65496,-8.86625],[27.6843,-8.87135],[27.74156,-8.86699],[27.75923,-8.86908],[27.77452,-8.87844],[27.79032,-8.90482],[27.79468,-8.94129],[27.79473,-8.97092],[27.78286,-9.00337],[27.75284,-9.02934],[27.69798,-9.05121],[27.6713,-9.0772],[27.65083,-9.1081],[27.63755,-9.15557],[27.64665,-9.17119],[27.67579,-9.18746],[27.68875,-9.22252],[27.69975,-9.23524],[27.71168,-9.23825],[27.73702,-9.26225],[27.76233,-9.26975],[27.76857,-9.28582],[27.78196,-9.30147],[27.80203,-9.31086],[27.80062,-9.32443],[27.78489,-9.3374],[27.78782,-9.37625],[27.7845,-9.38689],[27.7664,-9.40469],[27.75543,-9.4109],[27.74877,-9.42297],[27.74974,-9.43365],[27.75501,-9.44097],[27.75601,-9.46766],[27.72745,-9.5101],[27.72182,-9.56243],[27.72188,-9.60171],[27.70527,-9.65005],[27.7177,-9.66567],[27.75892,-9.75812],[27.78062,-9.75391],[27.79155,-9.72783],[27.79233,-9.69164],[27.79982,-9.67975],[27.81745,-9.66755],[27.82581,-9.65652],[27.8397,-9.65475],[27.8437,-9.6365],[27.84977,-9.63243],[27.8573,-9.63241],[27.87881,-9.67029],[27.92385,-9.7359],[27.9305,-9.73502],[27.94725,-9.72108],[27.9608,-9.70165],[27.98357,-9.69378],[28.0008,-9.69782],[28.01237,-9.72036],[28.03293,-9.73305],[28.05313,-9.7536],[28.05912,-9.76383],[28.07252,-9.77299],[28.08337,-9.75462],[28.08681,-9.74101],[28.08673,-9.70742],[28.09016,-9.69265],[28.107,-9.68909],[28.13247,-9.6994],[28.14058,-9.69924],[28.14973,-9.69331],[28.14976,-9.68295],[28.1216,-9.64972],[28.11926,-9.63988],[28.12214,-9.63553],[28.17338,-9.64149],[28.26831,-9.63605],[28.26432,-9.66154],[28.27157,-9.66702],[28.28402,-9.66786],[28.33896,-9.64832],[28.37248,-9.62537],[28.39216,-9.62561],[28.41099,-9.63106],[28.42563,-9.58643],[28.4371,-9.52504],[28.45554,-9.5261],[28.49253,-9.52023],[28.49647,-9.52416],[28.53826,-9.52888],[28.54091,-9.53512],[28.53818,-9.53991],[28.54254,-9.54033],[28.53903,-9.54772],[28.53019,-9.54541],[28.5271,-9.54996],[28.51966,-9.5456],[28.51475,-9.54923],[28.51294,-9.5442],[28.50761,-9.55649],[28.51469,-9.55988],[28.51718,-9.56703],[28.5268,-9.56818],[28.53134,-9.57187],[28.53407,-9.57944],[28.52892,-9.58204],[28.52383,-9.59076],[28.5509,-9.58319],[28.5515,-9.5772],[28.54466,-9.57084],[28.55949,-9.5597],[28.55041,-9.54814],[28.55471,-9.53876],[28.55314,-9.53101],[28.55737,-9.51817],[28.55344,-9.51545],[28.52825,-9.51369],[28.53407,-9.50721],[28.54854,-9.50582],[28.56276,-9.51236],[28.55065,-9.50709],[28.54236,-9.50879],[28.5538,-9.50945],[28.56391,-9.51866],[28.56803,-9.51175],[28.56282,-9.50455],[28.56876,-9.4968],[28.55277,-9.49159],[28.55719,-9.49656],[28.5449,-9.50273],[28.53528,-9.50364],[28.53818,-9.49056],[28.52383,-9.481],[28.52965,-9.46302],[28.52559,-9.4583],[28.51572,-9.46429],[28.50537,-9.46217],[28.48628,-9.47134],[28.47794,-9.46447],[28.49762,-9.45684],[28.49556,-9.45394],[28.49853,-9.43208],[28.49326,-9.41888],[28.49477,-9.41059],[28.49023,-9.40266],[28.48999,-9.38855],[28.49084,-9.38444],[28.49889,-9.37838],[28.49925,-9.36428],[28.50265,-9.3627],[28.50489,-9.36536],[28.50216,-9.38232],[28.5041,-9.38843],[28.50967,-9.39061],[28.5196,-9.38238],[28.5199,-9.39285],[28.52196,-9.38904],[28.52757,-9.38813],[28.53345,-9.40679],[28.53295,-9.41072],[28.52621,-9.41293],[28.52383,-9.42747],[28.51524,-9.43617],[28.51562,-9.44471],[28.52197,-9.4429],[28.51995,-9.43721],[28.52443,-9.43644],[28.52761,-9.44427],[28.53615,-9.44219],[28.53899,-9.44941],[28.54452,-9.44908],[28.55366,-9.43819],[28.54271,-9.43776],[28.54003,-9.43288],[28.57473,-9.43316],[28.57544,-9.42938],[28.56964,-9.42741],[28.57013,-9.4215],[28.57871,-9.41432],[28.57562,-9.4076],[28.55073,-9.38768],[28.48147,-9.24234],[28.49416,-9.22434],[28.65183,-9.08418],[28.78577,-8.94403],[28.82902,-8.87834],[28.87979,-8.81321],[28.9334,-8.72483]]]},"properties":{"nom":"Pweto","province":"Haut-Katanga","pcode":"CD7109"}},{"type":"Feature","geometry":{"type":"MultiPolygon","coordinates":[[[[25.03868,-10.08047],[25.06201,-10.06832],[25.07205,-10.04984],[25.01697,-10.03927],[25.00633,-10.04189],[24.98297,-10.03817],[24.98081,-10.02568],[24.98327,-10.01639],[25.02457,-10.0129],[25.05452,-9.99728],[25.08543,-9.97539],[25.10691,-9.98115],[25.12833,-9.97989],[25.14447,-9.95149],[25.16934,-9.92133],[25.33454,-9.85631],[25.40666,-9.82268],[25.4395,-9.81553],[25.48831,-9.82422],[25.52456,-9.80027],[25.53729,-9.79811],[25.54159,-9.79406],[25.54457,-9.77868],[25.53767,-9.7622],[25.54835,-9.74232],[25.53884,-9.74103],[25.52527,-9.72968],[25.5208,-9.72306],[25.51925,-9.70744],[25.52766,-9.70443],[25.54267,-9.70881],[25.54602,-9.69683],[25.54365,-9.69225],[25.53854,-9.69162],[25.53189,-9.69743],[25.52397,-9.69406],[25.52591,-9.68002],[25.52196,-9.65685],[25.50895,-9.65376],[25.50098,-9.64488],[25.48935,-9.6404],[25.48652,-9.63606],[25.48626,-9.63307],[25.49315,-9.62749],[25.49942,-9.6288],[25.51299,-9.642],[25.52131,-9.63984],[25.51532,-9.62037],[25.504,-9.60186],[25.50646,-9.59287],[25.49562,-9.58097],[25.49026,-9.55052],[25.49798,-9.53573],[25.50256,-9.50856],[25.49803,-9.49573],[25.50319,-9.48074],[25.51445,-9.47189],[25.51602,-9.46705],[25.50631,-9.44715],[25.5191,-9.43048],[25.51941,-9.41553],[25.52632,-9.41201],[25.53121,-9.41495],[25.53487,-9.41147],[25.53148,-9.39679],[25.52006,-9.3891],[25.52048,-9.38496],[25.53037,-9.37957],[25.53395,-9.36781],[25.55388,-9.34876],[25.5529,-9.34394],[25.54362,-9.34105],[25.54088,-9.33549],[25.5459,-9.31667],[25.55836,-9.31309],[25.55245,-9.30166],[25.55507,-9.28716],[25.55114,-9.28674],[25.54199,-9.29672],[25.53729,-9.29101],[25.56083,-9.24091],[25.57441,-9.23433],[25.57268,-9.22401],[25.57815,-9.2166],[25.57686,-9.2042],[25.57914,-9.20119],[25.59056,-9.20957],[25.59814,-9.22535],[25.60233,-9.22806],[25.6134,-9.22473],[25.62475,-9.22645],[25.63251,-9.2174],[25.62777,-9.20665],[25.63544,-9.20979],[25.63835,-9.2008],[25.64853,-9.20184],[25.65475,-9.19855],[25.65895,-9.1815],[25.658,-9.17875],[25.6464,-9.17589],[25.62092,-9.15158],[25.61911,-9.1339],[25.60648,-9.12071],[25.60497,-9.1097],[25.59543,-9.10776],[25.58678,-9.09449],[25.57516,-9.08956],[25.56699,-9.08183],[25.56879,-9.07768],[25.56432,-9.06991],[25.56585,-9.06209],[25.57405,-9.05097],[25.56853,-9.01036],[25.5613,-9.00377],[25.55132,-8.97815],[25.54645,-8.97728],[25.53732,-8.96543],[25.53953,-8.95598],[25.53479,-8.93278],[25.53438,-8.91088],[25.52296,-8.87918],[25.51875,-8.87776],[25.51699,-8.85184],[25.50191,-8.82887],[25.49567,-8.82847],[25.47936,-8.81417],[25.47883,-8.80843],[25.48226,-8.80426],[25.47849,-8.79787],[25.4922,-8.78372],[25.49528,-8.76898],[25.48713,-8.76263],[25.47961,-8.74962],[25.48163,-8.74386],[25.4783,-8.73447],[25.48183,-8.71859],[25.57189,-8.72121],[25.57722,-8.71231],[25.57857,-8.69785],[25.56764,-8.6856],[25.56263,-8.67459],[25.56014,-8.65562],[25.56392,-8.64401],[25.5996,-8.63491],[25.61564,-8.62395],[25.62075,-8.62688],[25.64357,-8.62411],[25.65191,-8.62723],[25.6565,-8.6242],[25.66277,-8.62803],[25.66958,-8.61808],[25.67578,-8.5939],[25.70683,-8.5435],[25.70483,-8.52974],[25.71644,-8.49493],[25.7139,-8.4534],[25.70299,-8.42688],[25.69681,-8.42348],[25.69518,-8.40928],[25.68974,-8.39694],[25.67668,-8.384],[25.67382,-8.35487],[25.67583,-8.34842],[25.68133,-8.34583],[25.72144,-8.34493],[25.7329,-8.33884],[25.73718,-8.32983],[25.7436,-8.32678],[25.77697,-8.32089],[25.78909,-8.31226],[25.81093,-8.30742],[25.85113,-8.27482],[25.85602,-8.25961],[25.85227,-8.2344],[25.84595,-8.24618],[25.84358,-8.2407],[25.84806,-8.22917],[25.84658,-8.22092],[25.84955,-8.21836],[25.85533,-8.22013],[25.85793,-8.2061],[25.86339,-8.2003],[25.86536,-8.19109],[25.86786,-8.18876],[25.87089,-8.19148],[25.87479,-8.19006],[25.87247,-8.16874],[25.87449,-8.16435],[25.88029,-8.16727],[25.88252,-8.16128],[25.87936,-8.14777],[25.85411,-8.13589],[25.85128,-8.13065],[25.84974,-8.11758],[25.85414,-8.09939],[25.86209,-8.08989],[25.86219,-8.07887],[25.87068,-8.07625],[25.8827,-8.07887],[25.89836,-8.0594],[25.90738,-8.06228],[25.91101,-8.05742],[25.91561,-8.05782],[25.91994,-8.05295],[25.91704,-8.0422],[25.92547,-8.03429],[25.93262,-8.03513],[25.93039,-8.02207],[25.93427,-8.01927],[25.92387,-8.01641],[25.91805,-8.01074],[25.9063,-8.01042],[25.88498,-7.99381],[25.88612,-7.98853],[25.87116,-7.9913],[25.86354,-7.98236],[25.84902,-7.97435],[25.8357,-7.95816],[25.82297,-7.95946],[25.82087,-7.94799],[25.81465,-7.948],[25.80726,-7.93561],[25.80517,-7.92299],[25.80723,-7.91771],[25.80261,-7.9083],[25.78786,-7.89868],[25.78487,-7.90351],[25.77701,-7.88217],[25.7671,-7.87966],[25.75467,-7.88633],[25.74315,-7.879],[25.73555,-7.8813],[25.72472,-7.87695],[25.70973,-7.86136],[25.70581,-7.86068],[25.70557,-7.85448],[25.69566,-7.84852],[25.69221,-7.84968],[25.68713,-7.84165],[25.67516,-7.84556],[25.65304,-7.8348],[25.63024,-7.83643],[25.60744,-7.82888],[25.59106,-7.8142],[25.5876,-7.80617],[25.57631,-7.80136],[25.56247,-7.78668],[25.55234,-7.7821],[25.54979,-7.77499],[25.54357,-7.77132],[25.54149,-7.76306],[25.52166,-7.74609],[25.51805,-7.73674],[25.49584,-7.71902],[25.4873,-7.7064],[25.47187,-7.70182],[25.46472,-7.69471],[25.45295,-7.66924],[25.42279,-7.67179],[25.41497,-7.67845],[25.40369,-7.67525],[25.39677,-7.66883],[25.38338,-7.63325],[25.38071,-7.61748],[25.3699,-7.62003],[25.36696,-7.62655],[25.35742,-7.63462],[25.32987,-7.64261],[25.31037,-7.63802],[25.30674,-7.64288],[25.2767,-7.64176],[25.25192,-7.62701],[25.24138,-7.6233],[25.23165,-7.62416],[25.22798,-7.63197],[25.21623,-7.63221],[25.21025,-7.63726],[25.20862,-7.63225],[25.17735,-7.65267],[25.17575,-7.66897],[25.17161,-7.67196],[25.16401,-7.6738],[25.14714,-7.66243],[25.14097,-7.6457],[25.13896,-7.62421],[25.12615,-7.60343],[25.11194,-7.56263],[25.11584,-7.53134],[25.12936,-7.50111],[25.13071,-7.48577],[25.11559,-7.47534],[25.08005,-7.46426],[25.06103,-7.45446],[25.05789,-7.44064],[25.06459,-7.41905],[25.06429,-7.3881],[25.06183,-7.38223],[25.04578,-7.36887],[25.04361,-7.36182],[25.04773,-7.35293],[25.05875,-7.34307],[25.0991,-7.32256],[25.11249,-7.30943],[25.11187,-7.27672],[25.1293,-7.24734],[25.12244,-7.2338],[25.10794,-7.23679],[25.08195,-7.25035],[25.04836,-7.26001],[25.00533,-7.26301],[24.99774,-7.266],[24.97104,-7.26142],[24.95953,-7.24855],[24.95423,-7.23592],[24.94226,-7.23432],[24.92776,-7.23455],[24.90637,-7.24742],[24.8852,-7.24329],[24.85252,-7.24766],[24.84493,-7.2534],[24.78695,-7.27385],[24.79041,-7.29475],[24.78834,-7.29957],[24.77386,-7.2963],[24.76715,-7.28576],[24.7754,-7.27005],[24.78671,-7.25871],[24.76663,-7.23242],[24.73522,-7.24517],[24.67587,-7.25795],[24.66234,-7.25634],[24.65958,-7.25047],[24.66036,-7.23867],[24.6513,-7.23289],[24.64519,-7.22176],[24.6187,-7.15427],[24.6108,-7.14464],[24.58764,-7.14037],[24.58166,-7.14243],[24.57568,-7.1553],[24.57637,-7.17138],[24.56947,-7.19113],[24.55383,-7.20376],[24.55107,-7.21318],[24.55866,-7.21686],[24.55452,-7.22398],[24.56096,-7.23018],[24.57109,-7.22651],[24.58375,-7.23386],[24.58651,-7.2396],[24.58191,-7.25086],[24.60055,-7.26488],[24.58859,-7.30208],[24.58905,-7.30806],[24.59411,-7.31311],[24.58951,-7.31931],[24.59089,-7.33562],[24.60839,-7.35285],[24.61277,-7.3726],[24.60541,-7.3912],[24.60909,-7.39649],[24.61001,-7.41302],[24.60863,-7.41693],[24.60357,-7.4183],[24.5962,-7.43392],[24.60265,-7.43553],[24.59644,-7.44448],[24.59483,-7.45321],[24.6022,-7.47319],[24.59898,-7.48215],[24.59276,-7.48307],[24.59437,-7.4895],[24.58839,-7.49547],[24.59691,-7.50948],[24.60842,-7.5166],[24.60359,-7.52211],[24.60313,-7.52808],[24.59093,-7.52762],[24.58587,-7.54208],[24.59185,-7.55264],[24.60497,-7.55793],[24.61372,-7.55747],[24.62017,-7.57102],[24.63812,-7.56367],[24.64319,-7.57011],[24.63929,-7.60753],[24.64528,-7.61764],[24.65126,-7.61948],[24.66347,-7.63142],[24.66117,-7.63739],[24.666,-7.64037],[24.66301,-7.64657],[24.66647,-7.65943],[24.66347,-7.66356],[24.66555,-7.67068],[24.66187,-7.67642],[24.66601,-7.67986],[24.66809,-7.69088],[24.66648,-7.70719],[24.66234,-7.71591],[24.65635,-7.71315],[24.64461,-7.72096],[24.64669,-7.743],[24.63334,-7.76618],[24.62758,-7.76894],[24.62252,-7.79166],[24.61262,-7.81163],[24.60549,-7.81737],[24.60825,-7.82587],[24.60549,-7.8316],[24.60065,-7.83505],[24.58637,-7.82793],[24.56795,-7.8355],[24.56427,-7.84376],[24.55575,-7.85065],[24.55157,-7.86375],[24.52904,-7.88691],[24.52881,-7.89609],[24.5206,-7.90506],[24.50992,-7.90903],[24.51291,-7.91405],[24.51182,-7.92124],[24.51671,-7.92655],[24.50763,-7.94084],[24.50141,-7.96494],[24.4922,-7.96953],[24.48943,-7.97527],[24.49358,-7.98582],[24.4869,-7.99753],[24.49206,-8.0],[24.48586,-8.01558],[24.48836,-8.04356],[24.48385,-8.05782],[24.46596,-8.06964],[24.45454,-8.08487],[24.45417,-8.09864],[24.45857,-8.10137],[24.46045,-8.10801],[24.46529,-8.10798],[24.4686,-8.11967],[24.46635,-8.12863],[24.46203,-8.13647],[24.4572,-8.13879],[24.44539,-8.16481],[24.41157,-8.20795],[24.41127,-8.23229],[24.399,-8.25991],[24.39524,-8.28496],[24.39854,-8.29665],[24.39218,-8.31138],[24.39111,-8.32425],[24.37562,-8.35327],[24.38284,-8.36402],[24.3803,-8.39962],[24.37349,-8.41734],[24.35655,-8.43674],[24.35342,-8.4526],[24.34612,-8.46573],[24.3448,-8.4763],[24.35044,-8.49372],[24.3434,-8.51076],[24.33332,-8.52299],[24.31971,-8.52632],[24.30419,-8.52063],[24.27695,-8.48913],[24.26752,-8.49462],[24.25152,-8.4909],[24.24088,-8.47389],[24.2347,-8.4534],[24.21713,-8.44185],[24.20835,-8.42024],[24.20248,-8.41956],[24.18976,-8.45],[24.18042,-8.46037],[24.1478,-8.46351],[24.07081,-8.54777],[24.06034,-8.54639],[24.05567,-8.53894],[24.05372,-8.57451],[24.04284,-8.5839],[24.03722,-8.60875],[24.0823,-8.63328],[24.09305,-8.65742],[24.09896,-8.6616],[24.09997,-8.67793],[24.09284,-8.68871],[24.03944,-8.73264],[24.00815,-8.76831],[23.99649,-8.77546],[23.97889,-8.77566],[23.97303,-8.77847],[23.98008,-8.80278],[23.99587,-8.81971],[24.01388,-8.83258],[24.07386,-8.88846],[24.08843,-8.89129],[24.10614,-8.9031],[24.11057,-8.91306],[24.09921,-8.92418],[24.09625,-8.93246],[24.0979,-8.93797],[24.10598,-8.93655],[24.14691,-8.9423],[24.19297,-8.95584],[24.21191,-8.95482],[24.22143,-8.96165],[24.22377,-8.96693],[24.24555,-8.97622],[24.25207,-8.98491],[24.25049,-8.99228],[24.25378,-9.00076],[24.25151,-9.00789],[24.26676,-9.04526],[24.28538,-9.06743],[24.31579,-9.08816],[24.32358,-9.11316],[24.3366,-9.12526],[24.38089,-9.14429],[24.39461,-9.1573],[24.4452,-9.18295],[24.45481,-9.20196],[24.47355,-9.20345],[24.48915,-9.21897],[24.48896,-9.23509],[24.49668,-9.24251],[24.51948,-9.25225],[24.54041,-9.25276],[24.55422,-9.2566],[24.56964,-9.26819],[24.57534,-9.27738],[24.57489,-9.28415],[24.57014,-9.29347],[24.55255,-9.29468],[24.53679,-9.30062],[24.46101,-9.29975],[24.41105,-9.30334],[24.39687,-9.28849],[24.38896,-9.28833],[24.37817,-9.28019],[24.32986,-9.27049],[24.30026,-9.27034],[24.29265,-9.27368],[24.26843,-9.27572],[24.26338,-9.28129],[24.25143,-9.28493],[24.23331,-9.31093],[24.2153,-9.32115],[24.19526,-9.30687],[24.18579,-9.30372],[24.15115,-9.33567],[24.14812,-9.33871],[24.148,-9.35298],[24.13602,-9.35917],[24.14467,-9.37406],[24.14336,-9.38969],[24.15175,-9.39953],[24.14609,-9.42254],[24.15778,-9.44224],[24.16273,-9.45899],[24.1566,-9.48109],[24.15292,-9.48479],[24.15141,-9.50456],[24.13103,-9.54696],[24.12123,-9.57597],[24.11789,-9.59966],[24.12961,-9.62626],[24.13202,-9.64303],[24.11872,-9.667],[24.11945,-9.67458],[24.11237,-9.69255],[24.11358,-9.70197],[24.10973,-9.71854],[24.08201,-9.73638],[24.04699,-9.77609],[24.02884,-9.80791],[24.01939,-9.81783],[24.01299,-9.83557],[24.02762,-9.84124],[24.01994,-9.87921],[24.0258,-9.89229],[24.03348,-9.89846],[24.05991,-9.89764],[24.10452,-9.91419],[24.10831,-9.92912],[24.1058,-9.93626],[24.08686,-9.95015],[24.08504,-9.95636],[24.08592,-9.99268],[24.09503,-10.00298],[24.11178,-10.01107],[24.13335,-10.01175],[24.13728,-10.00897],[24.16422,-10.01434],[24.18387,-10.00251],[24.20585,-10.00471],[24.21825,-9.9948],[24.22691,-9.99295],[24.26403,-10.00628],[24.28219,-10.03786],[24.29199,-10.04513],[24.29749,-10.0336],[24.29627,-10.02257],[24.30691,-10.01722],[24.32508,-9.99205],[24.33016,-9.9888],[24.35095,-9.98822],[24.35958,-9.98334],[24.3735,-10.01981],[24.37169,-10.02787],[24.37453,-10.03636],[24.38293,-10.0432],[24.38874,-10.05514],[24.38972,-10.07791],[24.40619,-10.09249],[24.41451,-10.10841],[24.41162,-10.07365],[24.41455,-10.06009],[24.44958,-10.01537],[24.45552,-9.99678],[24.46132,-9.9897],[24.46302,-9.98154],[24.46633,-9.98063],[24.4777,-9.99527],[24.49874,-10.00804],[24.54246,-10.04358],[24.55899,-10.06491],[24.57615,-10.09801],[24.5928,-10.09494],[24.60776,-10.07691],[24.62483,-10.06437],[24.69295,-10.05078],[24.70071,-10.0344],[24.69733,-10.01672],[24.70769,-10.00538],[24.712,-9.99271],[24.72531,-10.00479],[24.7217,-10.01769],[24.72269,-10.02642],[24.73021,-10.03855],[24.73743,-10.04264],[24.7518,-10.0599],[24.78043,-10.06533],[24.81452,-10.0827],[24.82292,-10.08085],[24.83021,-10.06814],[24.84361,-10.06045],[24.84607,-10.04986],[24.84387,-10.03608],[24.83545,-10.0281],[24.8352,-10.02272],[24.84285,-10.02413],[24.85549,-10.03875],[24.88818,-10.06332],[24.9011,-10.08253],[24.90394,-10.09568],[24.91643,-10.12132],[24.93029,-10.12992],[24.97683,-10.11939],[24.98068,-10.10832],[24.99611,-10.09509],[25.02639,-10.08127],[25.03868,-10.08047]]]]},"properties":{"nom":"Kamina","province":"Haut-Lomami","pcode":"CD7302"}},{"type":"Feature","geometry":{"type":"Polygon","coordinates":[[[23.97303,-8.77847],[23.97889,-8.77566],[23.99649,-8.77546],[24.00815,-8.76831],[24.03944,-8.73264],[24.09284,-8.68871],[24.09997,-8.67793],[24.09896,-8.6616],[24.09305,-8.65742],[24.0823,-8.63328],[24.03722,-8.60875],[24.04284,-8.5839],[24.05372,-8.57451],[24.05567,-8.53894],[24.06034,-8.54639],[24.07081,-8.54777],[24.1478,-8.46351],[24.18042,-8.46037],[24.18976,-8.45],[24.20248,-8.41956],[24.20835,-8.42024],[24.21713,-8.44185],[24.2347,-8.4534],[24.24088,-8.47389],[24.25152,-8.4909],[24.26752,-8.49462],[24.27695,-8.48913],[24.30419,-8.52063],[24.31971,-8.52632],[24.33332,-8.52299],[24.3434,-8.51076],[24.35044,-8.49372],[24.3448,-8.4763],[24.34612,-8.46573],[24.35342,-8.4526],[24.35655,-8.43674],[24.37349,-8.41734],[24.3803,-8.39962],[24.38284,-8.36402],[24.37562,-8.35327],[24.39111,-8.32425],[24.39218,-8.31138],[24.39854,-8.29665],[24.39524,-8.28496],[24.399,-8.25991],[24.41127,-8.23229],[24.41157,-8.20795],[24.44539,-8.16481],[24.4572,-8.13879],[24.46203,-8.13647],[24.46635,-8.12863],[24.4686,-8.11967],[24.46529,-8.10798],[24.46045,-8.10801],[24.45857,-8.10137],[24.45417,-8.09864],[24.45454,-8.08487],[24.46596,-8.06964],[24.48385,-8.05782],[24.48836,-8.04356],[24.48586,-8.01558],[24.49206,-8.0],[24.4869,-7.99753],[24.49358,-7.98582],[24.48943,-7.97527],[24.4922,-7.96953],[24.50141,-7.96494],[24.50763,-7.94084],[24.51671,-7.92655],[24.51182,-7.92124],[24.51291,-7.91405],[24.50992,-7.90903],[24.5206,-7.90506],[24.52881,-7.89609],[24.52904,-7.88691],[24.55157,-7.86375],[24.55575,-7.85065],[24.56427,-7.84376],[24.56795,-7.8355],[24.58637,-7.82793],[24.60065,-7.83505],[24.60549,-7.8316],[24.60825,-7.82587],[24.60549,-7.81737],[24.61262,-7.81163],[24.62252,-7.79166],[24.62758,-7.76894],[24.63334,-7.76618],[24.64669,-7.743],[24.64461,-7.72096],[24.65635,-7.71315],[24.66234,-7.71591],[24.66648,-7.70719],[24.66809,-7.69088],[24.66601,-7.67986],[24.66187,-7.67642],[24.66555,-7.67068],[24.66347,-7.66356],[24.66647,-7.65943],[24.66301,-7.64657],[24.666,-7.64037],[24.66117,-7.63739],[24.66347,-7.63142],[24.65126,-7.61948],[24.64528,-7.61764],[24.63929,-7.60753],[24.64319,-7.57011],[24.63812,-7.56367],[24.62017,-7.57102],[24.61372,-7.55747],[24.60497,-7.55793],[24.59185,-7.55264],[24.58587,-7.54208],[24.59093,-7.52762],[24.60313,-7.52808],[24.60359,-7.52211],[24.60842,-7.5166],[24.59691,-7.50948],[24.58839,-7.49547],[24.59437,-7.4895],[24.59276,-7.48307],[24.59898,-7.48215],[24.6022,-7.47319],[24.59483,-7.45321],[24.59644,-7.44448],[24.60265,-7.43553],[24.5962,-7.43392],[24.60357,-7.4183],[24.60863,-7.41693],[24.61001,-7.41302],[24.60909,-7.39649],[24.60541,-7.3912],[24.61277,-7.3726],[24.60839,-7.35285],[24.59089,-7.33562],[24.58951,-7.31931],[24.59411,-7.31311],[24.58905,-7.30806],[24.58859,-7.30208],[24.60055,-7.26488],[24.58191,-7.25086],[24.58651,-7.2396],[24.58375,-7.23386],[24.57109,-7.22651],[24.56096,-7.23018],[24.55452,-7.22398],[24.55866,-7.21686],[24.55107,-7.21318],[24.55383,-7.20376],[24.56947,-7.19113],[24.57637,-7.17138],[24.57568,-7.1553],[24.58166,-7.14243],[24.58764,-7.14037],[24.59339,-7.14335],[24.59914,-7.12681],[24.5973,-7.11671],[24.60282,-7.10499],[24.61133,-7.09718],[24.60949,-7.08661],[24.61455,-7.07972],[24.60856,-7.06708],[24.60948,-7.05996],[24.62765,-7.03331],[24.62903,-7.02343],[24.64789,-7.01149],[24.65295,-7.0046],[24.65433,-6.9938],[24.64398,-6.98024],[24.61949,-6.98327],[24.55378,-7.01288],[24.54711,-7.00909],[24.52933,-6.98757],[24.52413,-6.98763],[24.51622,-6.9959],[24.50463,-7.04425],[24.48304,-7.05411],[24.45197,-7.05395],[24.39743,-7.04631],[24.37964,-7.05807],[24.35273,-7.05528],[24.34514,-7.05873],[24.32237,-7.05021],[24.31639,-7.04217],[24.30971,-7.04078],[24.30672,-7.03228],[24.29729,-7.0332],[24.29223,-7.02837],[24.28694,-7.02952],[24.27958,-7.02492],[24.27383,-7.02514],[24.26647,-7.01733],[24.25382,-7.01663],[24.2499,-7.02053],[24.24162,-7.01777],[24.23587,-7.01961],[24.23104,-7.01501],[24.22552,-7.01707],[24.21793,-7.00994],[24.22828,-6.99823],[24.22576,-6.98513],[24.22806,-6.97411],[24.21703,-6.95043],[24.21059,-6.94468],[24.20116,-6.92584],[24.19104,-6.92238],[24.18736,-6.91089],[24.15079,-6.90121],[24.14711,-6.90305],[24.14619,-6.91638],[24.15814,-6.92879],[24.15745,-6.93224],[24.14871,-6.94257],[24.12525,-6.94393],[24.12179,-6.94669],[24.12662,-6.96094],[24.13996,-6.95934],[24.1418,-6.97267],[24.15237,-6.98462],[24.13143,-6.99954],[24.13051,-7.00345],[24.13672,-7.01172],[24.14753,-7.01702],[24.14108,-7.05056],[24.12658,-7.04825],[24.12174,-7.06731],[24.11326,-7.07203],[24.11346,-7.06501],[24.09713,-7.06132],[24.08079,-7.06958],[24.06653,-7.06796],[24.05571,-7.08909],[24.0504,-7.10976],[24.03153,-7.12215],[24.01439,-7.16355],[24.00274,-7.17473],[23.98387,-7.18459],[23.98647,-7.19588],[23.98248,-7.2009],[23.97926,-7.20204],[23.97328,-7.19813],[23.96107,-7.2103],[23.96543,-7.23672],[23.98566,-7.26224],[23.97991,-7.26499],[23.97299,-7.28956],[23.97704,-7.29585],[23.97114,-7.30196],[23.97436,-7.31138],[23.96515,-7.31688],[23.96169,-7.32653],[23.96974,-7.34583],[23.98792,-7.34929],[24.00057,-7.36515],[24.00931,-7.36447],[24.01,-7.36975],[24.00378,-7.37756],[23.99135,-7.378],[23.97869,-7.38488],[23.97175,-7.44528],[23.96184,-7.46249],[23.96385,-7.47186],[23.95538,-7.4928],[23.9487,-7.49762],[23.94685,-7.51254],[23.92981,-7.52424],[23.92727,-7.52951],[23.93509,-7.54835],[23.9344,-7.55317],[23.9215,-7.56602],[23.93001,-7.57154],[23.93092,-7.58394],[23.93644,-7.5952],[23.92584,-7.61723],[23.92767,-7.62665],[23.92306,-7.63697],[23.93133,-7.66798],[23.92188,-7.68083],[23.93293,-7.68543],[23.92809,-7.69139],[23.91978,-7.71779],[23.92231,-7.72812],[23.9529,-7.77958],[23.95198,-7.78601],[23.9598,-7.80025],[23.96117,-7.81287],[23.95126,-7.82618],[23.95494,-7.8333],[23.90246,-7.86276],[23.85774,-7.87357],[23.82415,-7.88667],[23.81907,-7.89514],[23.82234,-7.92519],[23.82133,-7.95383],[23.81184,-7.95756],[23.81374,-7.94819],[23.79662,-7.95523],[23.78655,-7.96643],[23.7658,-7.98116],[23.76945,-7.92606],[23.76037,-7.87795],[23.74817,-7.86133],[23.73885,-7.85856],[23.72211,-7.88009],[23.71922,-7.90866],[23.70701,-7.93295],[23.69857,-7.94289],[23.6943,-7.95573],[23.69241,-7.97612],[23.68539,-7.99419],[23.69108,-8.0],[23.67413,-8.02934],[23.66776,-8.0491],[23.68122,-8.07522],[23.68907,-8.08185],[23.69279,-8.08987],[23.69381,-8.1158],[23.7008,-8.13598],[23.68443,-8.19228],[23.68469,-8.20077],[23.70055,-8.2503],[23.70135,-8.27601],[23.68997,-8.31554],[23.6896,-8.33804],[23.67011,-8.42904],[23.66759,-8.43433],[23.65034,-8.44679],[23.64166,-8.46795],[23.64009,-8.48173],[23.65113,-8.53473],[23.65808,-8.54229],[23.67866,-8.55416],[23.68818,-8.56882],[23.67924,-8.58447],[23.67815,-8.60101],[23.6928,-8.62966],[23.69089,-8.67394],[23.69606,-8.70457],[23.729,-8.78128],[23.74841,-8.767],[23.77167,-8.77707],[23.80506,-8.77694],[23.85807,-8.78686],[23.87148,-8.78781],[23.89866,-8.77969],[23.9112,-8.79047],[23.92269,-8.77824],[23.9333,-8.77544],[23.93535,-8.77014],[23.94971,-8.77881],[23.97303,-8.77847]]]},"properties":{"nom":"Kaniama","province":"Haut-Lomami","pcode":"CD7303"}},{"type":"Feature","geometry":{"type":"Polygon","coordinates":[[[26.06037,-6.7595],[26.03704,-6.75081],[26.03223,-6.73898],[26.03431,-6.72348],[26.03166,-6.71294],[26.01052,-6.71136],[26.00616,-6.70206],[26.01711,-6.65352],[25.99971,-6.62428],[25.98365,-6.6064],[25.93445,-6.60187],[25.93735,-6.57798],[25.93032,-6.55478],[25.94791,-6.53698],[25.9491,-6.51684],[25.94366,-6.46593],[25.94578,-6.46093],[25.98462,-6.4632],[25.98107,-6.44424],[25.98786,-6.42376],[26.01036,-6.43628],[26.02415,-6.43355],[26.05124,-6.41758],[26.06353,-6.37702],[26.10507,-6.31967],[26.1165,-6.29548],[26.11265,-6.28575],[26.08511,-6.29667],[26.07216,-6.29606],[26.06038,-6.27109],[26.05518,-6.26638],[26.02799,-6.26261],[26.01994,-6.21038],[26.01646,-6.20444],[26.00568,-6.20554],[25.98592,-6.21953],[25.97714,-6.27318],[25.97112,-6.27561],[25.95984,-6.26494],[25.94897,-6.24754],[25.95221,-6.21859],[25.93931,-6.20551],[25.88298,-6.16837],[25.8657,-6.16264],[25.84708,-6.14891],[25.82912,-6.14404],[25.8034,-6.15143],[25.80295,-6.15672],[25.81399,-6.16406],[25.81148,-6.17671],[25.80345,-6.18339],[25.79726,-6.19466],[25.77774,-6.20412],[25.76097,-6.20689],[25.75271,-6.21265],[25.73984,-6.2152],[25.72193,-6.2274],[25.70929,-6.22765],[25.6992,-6.23801],[25.69115,-6.23802],[25.68474,-6.25688],[25.67097,-6.26563],[25.64316,-6.26934],[25.63604,-6.27532],[25.61306,-6.27718],[25.60593,-6.27328],[25.59836,-6.28042],[25.58732,-6.27928],[25.56136,-6.28643],[25.54207,-6.29864],[25.53679,-6.30646],[25.50372,-6.31179],[25.49594,-6.30915],[25.49286,-6.29902],[25.4868,-6.29431],[25.43991,-6.31797],[25.42784,-6.32031],[25.41533,-6.31928],[25.41206,-6.31702],[25.41515,-6.313],[25.41205,-6.31702],[25.38287,-6.29903],[25.29589,-6.32755],[25.29334,-6.33633],[25.30573,-6.39492],[25.30628,-6.41635],[25.28267,-6.43784],[25.27237,-6.44161],[25.27973,-6.45172],[25.28181,-6.46091],[25.28871,-6.46206],[25.29677,-6.47217],[25.30895,-6.47354],[25.31448,-6.48043],[25.31426,-6.48779],[25.32922,-6.50663],[25.36834,-6.54085],[25.37386,-6.5413],[25.38374,-6.53279],[25.3911,-6.53508],[25.3964,-6.54703],[25.40835,-6.54495],[25.41204,-6.5507],[25.41113,-6.56173],[25.4178,-6.56241],[25.42931,-6.5762],[25.44472,-6.57917],[25.44749,-6.58951],[25.45831,-6.59341],[25.46569,-6.61225],[25.46685,-6.62512],[25.46161,-6.66006],[25.4515,-6.67018],[25.44072,-6.6895],[25.44487,-6.70098],[25.43821,-6.70766],[25.44835,-6.72396],[25.43295,-6.73317],[25.4217,-6.74903],[25.37736,-6.78699],[25.34563,-6.79896],[25.33759,-6.80494],[25.31022,-6.80864],[25.29852,-6.80498],[25.30147,-6.79117],[25.30091,-6.76724],[25.28403,-6.75649],[25.26621,-6.73019],[25.25755,-6.72418],[25.24137,-6.72135],[25.22253,-6.70937],[25.1952,-6.68041],[25.18136,-6.67306],[25.17317,-6.67462],[25.13746,-6.69171],[25.10938,-6.68372],[25.09683,-6.6764],[25.06705,-6.67258],[25.05494,-6.66694],[25.04928,-6.65846],[25.0441,-6.65628],[25.03419,-6.65823],[25.02904,-6.66445],[25.02182,-6.68575],[25.01024,-6.69817],[24.94425,-6.69927],[24.92748,-6.71035],[24.93242,-6.74611],[24.9264,-6.75022],[24.89448,-6.75058],[24.87554,-6.75784],[24.84807,-6.78345],[24.8408,-6.79468],[24.84749,-6.82721],[24.8169,-6.84169],[24.79024,-6.8688],[24.78127,-6.89017],[24.74884,-6.88995],[24.73413,-6.90281],[24.73734,-6.90856],[24.72562,-6.91453],[24.72815,-6.91844],[24.72056,-6.9212],[24.72171,-6.92648],[24.71021,-6.92901],[24.70561,-6.93337],[24.70492,-6.94188],[24.69871,-6.94325],[24.69802,-6.94831],[24.69044,-6.95313],[24.66904,-6.9552],[24.65639,-6.95083],[24.65271,-6.95726],[24.64374,-6.96071],[24.64259,-6.97542],[24.65433,-6.9938],[24.65295,-7.0046],[24.64789,-7.01149],[24.62903,-7.02343],[24.62765,-7.03331],[24.60948,-7.05996],[24.60856,-7.06708],[24.61455,-7.07972],[24.60949,-7.08661],[24.61202,-7.09511],[24.60282,-7.10499],[24.5973,-7.11671],[24.59914,-7.12681],[24.59339,-7.14335],[24.6108,-7.14464],[24.6187,-7.15427],[24.64519,-7.22176],[24.6513,-7.23289],[24.66036,-7.23867],[24.65958,-7.25047],[24.66234,-7.25634],[24.67587,-7.25795],[24.73522,-7.24517],[24.76663,-7.23242],[24.78671,-7.25871],[24.7754,-7.27005],[24.76715,-7.28576],[24.77386,-7.2963],[24.78834,-7.29957],[24.79041,-7.29475],[24.78695,-7.27385],[24.84493,-7.2534],[24.85252,-7.24766],[24.8852,-7.24329],[24.90637,-7.24742],[24.92776,-7.23455],[24.94226,-7.23432],[24.95423,-7.23592],[24.95953,-7.24855],[24.97104,-7.26142],[24.99774,-7.266],[25.00533,-7.26301],[25.04836,-7.26001],[25.08195,-7.25035],[25.10794,-7.23679],[25.12244,-7.2338],[25.1293,-7.24734],[25.11187,-7.27672],[25.11249,-7.30943],[25.0991,-7.32256],[25.05875,-7.34307],[25.04773,-7.35293],[25.04361,-7.36182],[25.04578,-7.36887],[25.06183,-7.38223],[25.06429,-7.3881],[25.06459,-7.41905],[25.05789,-7.44064],[25.06103,-7.45446],[25.08005,-7.46426],[25.11559,-7.47534],[25.13071,-7.48577],[25.12936,-7.50111],[25.11584,-7.53134],[25.11194,-7.56263],[25.12615,-7.60343],[25.13896,-7.62421],[25.14439,-7.65745],[25.15412,-7.66883],[25.16401,-7.6738],[25.17161,-7.67196],[25.17575,-7.66897],[25.17735,-7.65267],[25.20862,-7.63225],[25.21025,-7.63726],[25.21623,-7.63221],[25.22798,-7.63197],[25.23165,-7.62416],[25.24138,-7.6233],[25.25192,-7.62701],[25.2767,-7.64176],[25.30674,-7.64288],[25.31037,-7.63802],[25.32987,-7.64261],[25.35742,-7.63462],[25.36696,-7.62655],[25.3699,-7.62003],[25.38071,-7.61748],[25.38338,-7.63325],[25.39677,-7.66883],[25.40369,-7.67525],[25.41497,-7.67845],[25.42279,-7.67179],[25.45295,-7.66924],[25.46472,-7.69471],[25.47187,-7.70182],[25.4873,-7.7064],[25.49584,-7.71902],[25.51805,-7.73674],[25.52166,-7.74609],[25.54149,-7.76306],[25.54357,-7.77132],[25.54979,-7.77499],[25.55234,-7.7821],[25.56247,-7.78668],[25.57631,-7.80136],[25.5876,-7.80617],[25.59106,-7.8142],[25.60744,-7.82888],[25.63024,-7.83643],[25.65304,-7.8348],[25.67516,-7.84556],[25.68713,-7.84165],[25.69221,-7.84968],[25.69566,-7.84852],[25.70557,-7.85448],[25.70581,-7.86068],[25.70973,-7.86136],[25.72472,-7.87695],[25.73555,-7.8813],[25.74315,-7.879],[25.75467,-7.88633],[25.7671,-7.87966],[25.77701,-7.88217],[25.78487,-7.90351],[25.78786,-7.89868],[25.80261,-7.9083],[25.80723,-7.91771],[25.80517,-7.92299],[25.80726,-7.93561],[25.81465,-7.948],[25.82087,-7.94799],[25.82297,-7.95946],[25.8357,-7.95816],[25.84902,-7.97435],[25.86354,-7.98236],[25.87116,-7.9913],[25.88612,-7.98853],[25.88498,-7.99381],[25.9063,-8.01042],[25.91805,-8.01074],[25.92387,-8.01641],[25.93957,-8.01921],[25.94504,-8.03337],[25.94988,-8.03378],[25.96106,-8.02561],[25.9657,-8.02854],[25.97023,-8.04065],[25.9811,-8.04442],[26.00763,-8.02895],[26.00771,-8.03538],[26.01164,-8.03717],[26.0252,-8.03425],[26.03124,-7.99314],[26.01877,-7.98099],[26.01233,-7.98031],[26.0054,-7.97412],[26.00423,-7.96196],[26.01339,-7.93486],[26.02028,-7.92406],[26.01425,-7.90181],[26.01606,-7.88505],[26.01006,-7.87749],[26.01209,-7.86004],[26.0077,-7.84742],[25.99985,-7.841],[25.99615,-7.83251],[26.02491,-7.81778],[26.03502,-7.80606],[26.02782,-7.77439],[26.0319,-7.74155],[26.02749,-7.72158],[26.03365,-7.69287],[26.03801,-7.68667],[26.03059,-7.6589],[26.03678,-7.64511],[26.03585,-7.64121],[26.02779,-7.64008],[26.02478,-7.62975],[26.04618,-7.6265],[26.04938,-7.61272],[26.06455,-7.60052],[26.06822,-7.5934],[26.07072,-7.57664],[26.07749,-7.56131],[26.07716,-7.54801],[26.08764,-7.50703],[26.09786,-7.48203],[26.10368,-7.44188],[26.13508,-7.41509],[26.17969,-7.39848],[26.20613,-7.38396],[26.23879,-7.3754],[26.30371,-7.37919],[26.31822,-7.38651],[26.34417,-7.36718],[26.35812,-7.33921],[26.3526,-7.3242],[26.36887,-7.295],[26.37848,-7.26994],[26.38284,-7.26695],[26.38099,-7.26236],[26.37685,-7.26191],[26.37795,-7.24307],[26.3823,-7.23272],[26.37999,-7.22699],[26.40721,-7.16054],[26.45715,-7.15205],[26.46919,-7.14426],[26.48148,-7.10292],[26.47752,-7.09045],[26.48566,-7.06182],[26.43384,-7.03872],[26.41911,-7.03692],[26.41338,-7.0452],[26.39986,-7.0518],[26.36299,-7.05032],[26.33875,-7.04367],[26.31498,-7.02121],[26.2984,-7.01303],[26.28702,-7.03662],[26.27886,-7.04321],[26.2698,-7.04391],[26.23479,-7.0308],[26.22386,-7.00378],[26.2132,-6.98652],[26.22065,-6.96837],[26.22039,-6.95136],[26.21681,-6.94292],[26.17629,-6.94419],[26.15031,-6.96196],[26.10156,-6.95996],[26.09432,-6.94744],[26.10924,-6.92996],[26.11387,-6.92154],[26.1134,-6.91566],[26.10863,-6.91055],[26.0525,-6.90005],[26.04079,-6.88854],[26.03815,-6.87927],[26.04501,-6.87098],[26.07559,-6.86305],[26.08159,-6.85432],[26.0798,-6.84254],[26.08667,-6.83593],[26.09484,-6.81936],[26.09488,-6.81084],[26.13478,-6.81384],[26.13357,-6.79526],[26.12046,-6.79137],[26.11287,-6.79322],[26.1009,-6.78842],[26.09078,-6.78959],[26.08544,-6.76373],[26.06037,-6.7595]]]},"properties":{"nom":"Kabongo","province":"Haut-Lomami","pcode":"CD7304"}},{"type":"Feature","geometry":{"type":"Polygon","coordinates":[[[27.66362,-7.83368],[27.63971,-7.8064],[27.63014,-7.78578],[27.62677,-7.73482],[27.63177,-7.70327],[27.6415,-7.69112],[27.67359,-7.67285],[27.66666,-7.66782],[27.6613,-7.65154],[27.6278,-7.61591],[27.62402,-7.59518],[27.61499,-7.58373],[27.59217,-7.57463],[27.58613,-7.56064],[27.59755,-7.53459],[27.59399,-7.52063],[27.57532,-7.50487],[27.55298,-7.49882],[27.52886,-7.48489],[27.51074,-7.48187],[27.49984,-7.48492],[27.50332,-7.51345],[27.49785,-7.51953],[27.46395,-7.52625],[27.44284,-7.53403],[27.44185,-7.51336],[27.44751,-7.489],[27.44517,-7.47867],[27.4394,-7.47249],[27.43319,-7.47366],[27.42906,-7.47758],[27.41985,-7.47876],[27.39714,-7.50065],[27.38886,-7.50182],[27.38106,-7.50874],[27.36841,-7.51268],[27.35627,-7.52902],[27.354,-7.5389],[27.31937,-7.53856],[27.30423,-7.54222],[27.28541,-7.54142],[27.27987,-7.53569],[27.27869,-7.5272],[27.26854,-7.52103],[27.26597,-7.51208],[27.25557,-7.4981],[27.23736,-7.49104],[27.23389,-7.486],[27.22768,-7.49556],[27.21903,-7.532],[27.22016,-7.54596],[27.22554,-7.55931],[27.21933,-7.59148],[27.22528,-7.6109],[27.21498,-7.61455],[27.13996,-7.62192],[27.08789,-7.63473],[27.05406,-7.62931],[26.99718,-7.63666],[26.96939,-7.63244],[26.95556,-7.62572],[26.95468,-7.63674],[26.94109,-7.63586],[26.92476,-7.64141],[26.88676,-7.63715],[26.84829,-7.62852],[26.80797,-7.62596],[26.81447,-7.59682],[26.82298,-7.58831],[26.82606,-7.57617],[26.8111,-7.57573],[26.80826,-7.55121],[26.79426,-7.5397],[26.77539,-7.53349],[26.76374,-7.53533],[26.7528,-7.54657],[26.73615,-7.55039],[26.69881,-7.5228],[26.69666,-7.52706],[26.70114,-7.53313],[26.69151,-7.54578],[26.68231,-7.54902],[26.67126,-7.54721],[26.66114,-7.55297],[26.6511,-7.53941],[26.65113,-7.51097],[26.63041,-7.50827],[26.62141,-7.50071],[26.61243,-7.50004],[26.58729,-7.4808],[26.57713,-7.46889],[26.53983,-7.463],[26.53059,-7.45039],[26.5273,-7.4226],[26.52106,-7.41481],[26.51046,-7.4084],[26.49572,-7.40728],[26.48401,-7.41627],[26.47921,-7.42982],[26.47553,-7.43351],[26.47139,-7.43283],[26.46081,-7.38421],[26.44971,-7.36691],[26.43463,-7.35782],[26.42191,-7.363],[26.42185,-7.37393],[26.43624,-7.39881],[26.43831,-7.40761],[26.43373,-7.41612],[26.4177,-7.41796],[26.39617,-7.37001],[26.37287,-7.37429],[26.35812,-7.33921],[26.34417,-7.36718],[26.31822,-7.38651],[26.30371,-7.37919],[26.23879,-7.3754],[26.19394,-7.38858],[26.17969,-7.39848],[26.13508,-7.41509],[26.10368,-7.44188],[26.09786,-7.48203],[26.08764,-7.50703],[26.07716,-7.54801],[26.07749,-7.56131],[26.07072,-7.57664],[26.06822,-7.5934],[26.06455,-7.60052],[26.04938,-7.61272],[26.04618,-7.6265],[26.02478,-7.62975],[26.02779,-7.64008],[26.03585,-7.64121],[26.03678,-7.64511],[26.03059,-7.6589],[26.03801,-7.68667],[26.03365,-7.69287],[26.02749,-7.72158],[26.0319,-7.74155],[26.02782,-7.77439],[26.03502,-7.80606],[26.02491,-7.81778],[25.99983,-7.83021],[25.99593,-7.83573],[26.0077,-7.84742],[26.01209,-7.86004],[26.01006,-7.87749],[26.01606,-7.88505],[26.01425,-7.90181],[26.02028,-7.92406],[26.01339,-7.93486],[26.00423,-7.96196],[26.0054,-7.97412],[26.01233,-7.98031],[26.01877,-7.98099],[26.03124,-7.99314],[26.0252,-8.03425],[26.04504,-8.05536],[26.05612,-8.05729],[26.07959,-8.07352],[26.08647,-8.08951],[26.09453,-8.08941],[26.10024,-8.08543],[26.112,-8.08644],[26.11551,-8.09121],[26.11193,-8.1172],[26.11885,-8.11803],[26.12055,-8.10676],[26.12515,-8.10647],[26.12796,-8.10965],[26.12747,-8.1255],[26.13366,-8.12313],[26.13809,-8.1272],[26.151,-8.12727],[26.14699,-8.1023],[26.1547,-8.11069],[26.16692,-8.11123],[26.17531,-8.10079],[26.18009,-8.1145],[26.17926,-8.1214],[26.1722,-8.12769],[26.17638,-8.13062],[26.19296,-8.13018],[26.20915,-8.13434],[26.23033,-8.13338],[26.24246,-8.1447],[26.24798,-8.14394],[26.24994,-8.15286],[26.26169,-8.15203],[26.26855,-8.14803],[26.28131,-8.15452],[26.2942,-8.1539],[26.28506,-8.14231],[26.28686,-8.1393],[26.29053,-8.13765],[26.30373,-8.14275],[26.276,-8.09202],[26.27717,-8.07964],[26.28839,-8.05507],[26.28568,-8.03437],[26.27773,-8.0256],[26.27794,-8.0168],[26.31943,-7.98874],[26.32857,-7.99417],[26.33234,-8.00924],[26.34537,-7.97882],[26.36651,-7.95881],[26.37686,-7.95488],[26.39066,-7.94361],[26.40586,-7.94381],[26.41301,-7.94709],[26.41618,-7.96398],[26.39248,-7.99314],[26.39316,-8.01049],[26.43766,-7.99839],[26.45184,-7.99974],[26.46892,-8.0068],[26.49831,-8.03331],[26.50974,-8.08229],[26.51895,-8.09462],[26.55267,-8.10057],[26.56523,-8.09259],[26.60638,-8.09918],[26.63263,-8.12213],[26.68461,-8.15186],[26.7079,-8.14508],[26.73308,-8.13115],[26.74482,-8.11824],[26.77647,-8.09667],[26.80291,-8.10082],[26.80437,-8.10818],[26.80035,-8.11696],[26.81281,-8.14731],[26.82214,-8.15543],[26.82317,-8.16276],[26.82687,-8.16363],[26.83254,-8.1578],[26.81307,-8.20523],[26.79532,-8.2165],[26.75733,-8.2067],[26.74689,-8.20798],[26.72332,-8.23542],[26.69791,-8.24727],[26.68207,-8.2694],[26.66718,-8.26995],[26.66095,-8.27522],[26.67101,-8.29886],[26.66522,-8.30458],[26.64328,-8.31384],[26.62224,-8.34724],[26.62954,-8.38003],[26.57306,-8.45355],[26.56234,-8.48664],[26.56983,-8.49411],[26.58832,-8.49638],[26.59912,-8.49301],[26.60893,-8.48529],[26.61815,-8.4847],[26.62313,-8.47866],[26.65435,-8.48349],[26.66648,-8.47712],[26.68424,-8.4764],[26.69086,-8.47171],[26.70169,-8.47087],[26.74043,-8.50107],[26.75903,-8.52537],[26.76337,-8.53771],[26.75358,-8.56197],[26.755,-8.57986],[26.7618,-8.58665],[26.75728,-8.59315],[26.75941,-8.59702],[26.77317,-8.60601],[26.77389,-8.62345],[26.77725,-8.6319],[26.77344,-8.63954],[26.76621,-8.63413],[26.75541,-8.63751],[26.756,-8.646],[26.74809,-8.65783],[26.74885,-8.66195],[26.75312,-8.66947],[26.7732,-8.65401],[26.7779,-8.65991],[26.78604,-8.66324],[26.79229,-8.66452],[26.79687,-8.66193],[26.81086,-8.67137],[26.81801,-8.67103],[26.82304,-8.68267],[26.83071,-8.68623],[26.83526,-8.69673],[26.83591,-8.70935],[26.82829,-8.72417],[26.83044,-8.72896],[26.8244,-8.74168],[26.82611,-8.76256],[26.83171,-8.76615],[26.83415,-8.77508],[26.84256,-8.78115],[26.84972,-8.78127],[26.875,-8.75838],[26.88625,-8.75407],[26.89465,-8.74453],[26.90656,-8.73837],[26.92315,-8.72112],[26.942,-8.71555],[26.95611,-8.70293],[26.95832,-8.68176],[26.96783,-8.6699],[26.9763,-8.6654],[27.03888,-8.60906],[27.05253,-8.58221],[27.08511,-8.5606],[27.08172,-8.54873],[27.07184,-8.54141],[27.05024,-8.54746],[27.01201,-8.53791],[27.00647,-8.53294],[27.00546,-8.51654],[27.01546,-8.48701],[27.05617,-8.43831],[27.15621,-8.30701],[27.16625,-8.29078],[27.16418,-8.28555],[27.17409,-8.27138],[27.19497,-8.2521],[27.21508,-8.22774],[27.22627,-8.20716],[27.25111,-8.20422],[27.26414,-8.19758],[27.26517,-8.19067],[27.27836,-8.17989],[27.28507,-8.18185],[27.29846,-8.16923],[27.30648,-8.16703],[27.31743,-8.1735],[27.32547,-8.17245],[27.33198,-8.17532],[27.34161,-8.18618],[27.36604,-8.18599],[27.38956,-8.17343],[27.42233,-8.14991],[27.46584,-8.13423],[27.47514,-8.12558],[27.48407,-8.10935],[27.50157,-8.09925],[27.50592,-8.10637],[27.51409,-8.10728],[27.53329,-8.10004],[27.55966,-8.08182],[27.59091,-8.08786],[27.60723,-8.08016],[27.64133,-8.07666],[27.64427,-8.09568],[27.67317,-8.11743],[27.68185,-8.13024],[27.68139,-8.13691],[27.6747,-8.14836],[27.68193,-8.15737],[27.69921,-8.14967],[27.70258,-8.15346],[27.69689,-8.17966],[27.69887,-8.19964],[27.73627,-8.16947],[27.79165,-8.15404],[27.82222,-8.15144],[27.83755,-8.14453],[27.85338,-8.12269],[27.84734,-8.12027],[27.80071,-8.13366],[27.77188,-8.13588],[27.76826,-8.13916],[27.74528,-8.1304],[27.72594,-8.14361],[27.71603,-8.15619],[27.70873,-8.1471],[27.7088,-8.13498],[27.73052,-8.11735],[27.73747,-8.10712],[27.74491,-8.08587],[27.77507,-8.06216],[27.78173,-8.06033],[27.82799,-7.98563],[27.83298,-7.96817],[27.84145,-7.95597],[27.84117,-7.94312],[27.8542,-7.92035],[27.84808,-7.88824],[27.80798,-7.88127],[27.80785,-7.8489],[27.78948,-7.84322],[27.77427,-7.86326],[27.73579,-7.87731],[27.724,-7.87848],[27.70407,-7.87487],[27.69201,-7.86578],[27.66362,-7.83368]]]},"properties":{"nom":"Malemba-Nkulu","province":"Haut-Lomami","pcode":"CD7305"}},{"type":"Feature","geometry":{"type":"Polygon","coordinates":[[[26.46528,-9.37779],[26.46514,-9.37319],[26.47312,-9.36458],[26.47737,-9.35395],[26.48517,-9.33293],[26.48395,-9.32881],[26.49034,-9.32252],[26.49875,-9.29505],[26.49629,-9.28451],[26.5013,-9.27893],[26.50224,-9.26398],[26.49407,-9.25835],[26.48833,-9.24533],[26.46946,-9.23593],[26.47772,-9.23076],[26.47073,-9.22741],[26.46457,-9.21739],[26.46917,-9.21549],[26.47343,-9.20532],[26.4787,-9.20203],[26.48261,-9.18405],[26.49542,-9.17399],[26.49795,-9.15626],[26.50112,-9.15208],[26.52535,-9.14807],[26.52686,-9.14047],[26.54466,-9.12344],[26.54743,-9.10686],[26.56197,-9.08896],[26.57279,-9.08582],[26.58895,-9.06836],[26.60771,-9.0704],[26.61039,-9.06392],[26.61617,-9.06407],[26.62256,-9.05801],[26.62498,-9.04924],[26.63269,-9.03948],[26.64689,-9.03054],[26.66007,-9.0145],[26.67336,-9.00696],[26.6788,-8.98413],[26.6732,-8.96469],[26.6774,-8.95199],[26.68009,-8.89911],[26.69162,-8.86655],[26.70677,-8.85989],[26.73185,-8.83724],[26.73247,-8.83287],[26.7289,-8.80972],[26.71362,-8.79176],[26.71547,-8.77683],[26.7111,-8.76266],[26.71973,-8.75265],[26.71987,-8.74668],[26.71496,-8.74284],[26.72156,-8.73655],[26.72247,-8.71999],[26.71425,-8.69508],[26.71921,-8.68719],[26.73065,-8.67991],[26.73214,-8.67139],[26.75116,-8.67754],[26.75736,-8.69077],[26.7704,-8.68254],[26.75312,-8.66947],[26.74809,-8.65783],[26.756,-8.646],[26.75541,-8.63751],[26.76621,-8.63413],[26.77344,-8.63954],[26.77725,-8.6319],[26.77389,-8.62345],[26.77317,-8.60601],[26.75941,-8.59702],[26.75728,-8.59315],[26.7618,-8.58665],[26.755,-8.57986],[26.75358,-8.56197],[26.76337,-8.53771],[26.75903,-8.52537],[26.74043,-8.50107],[26.72085,-8.48735],[26.71356,-8.47827],[26.70169,-8.47087],[26.69086,-8.47171],[26.68424,-8.4764],[26.66648,-8.47712],[26.65435,-8.48349],[26.62313,-8.47866],[26.61815,-8.4847],[26.60893,-8.48529],[26.59912,-8.49301],[26.58832,-8.49638],[26.56983,-8.49411],[26.56234,-8.48664],[26.57306,-8.45355],[26.62954,-8.38003],[26.62224,-8.34724],[26.64328,-8.31384],[26.66522,-8.30458],[26.67101,-8.29886],[26.66095,-8.27522],[26.66718,-8.26995],[26.68207,-8.2694],[26.69791,-8.24727],[26.72332,-8.23542],[26.74689,-8.20798],[26.75733,-8.2067],[26.79532,-8.2165],[26.80587,-8.21074],[26.81307,-8.20523],[26.83254,-8.1578],[26.82687,-8.16363],[26.82317,-8.16276],[26.82214,-8.15543],[26.81281,-8.14731],[26.80035,-8.11696],[26.80437,-8.10818],[26.80291,-8.10082],[26.79738,-8.09847],[26.77647,-8.09667],[26.74482,-8.11824],[26.73308,-8.13115],[26.7079,-8.14508],[26.68461,-8.15186],[26.63263,-8.12213],[26.60638,-8.09918],[26.56523,-8.09259],[26.55267,-8.10057],[26.51895,-8.09462],[26.50974,-8.08229],[26.49831,-8.03331],[26.46892,-8.0068],[26.45184,-7.99974],[26.43766,-7.99839],[26.39316,-8.01049],[26.39248,-7.99314],[26.41618,-7.96398],[26.41301,-7.94709],[26.40586,-7.94381],[26.39066,-7.94361],[26.37686,-7.95488],[26.36651,-7.95881],[26.34169,-7.98387],[26.33234,-8.00924],[26.32857,-7.99417],[26.31943,-7.98874],[26.27794,-8.0168],[26.27773,-8.0256],[26.28568,-8.03437],[26.28839,-8.05507],[26.27717,-8.07964],[26.276,-8.09202],[26.30373,-8.14275],[26.29053,-8.13765],[26.28686,-8.1393],[26.28506,-8.14231],[26.2942,-8.1539],[26.2903,-8.15555],[26.26855,-8.14803],[26.26169,-8.15203],[26.24994,-8.15286],[26.24798,-8.14394],[26.24246,-8.1447],[26.23033,-8.13338],[26.20915,-8.13434],[26.19296,-8.13018],[26.17638,-8.13062],[26.1722,-8.12769],[26.17926,-8.1214],[26.18009,-8.1145],[26.17531,-8.10079],[26.16692,-8.11123],[26.1547,-8.11069],[26.14699,-8.1023],[26.151,-8.12727],[26.13809,-8.1272],[26.13366,-8.12313],[26.12747,-8.1255],[26.12796,-8.10965],[26.12515,-8.10647],[26.12055,-8.10676],[26.11885,-8.11803],[26.11193,-8.1172],[26.11551,-8.09121],[26.112,-8.08644],[26.10024,-8.08543],[26.09453,-8.08941],[26.08647,-8.08951],[26.07959,-8.07352],[26.05612,-8.05729],[26.04504,-8.05536],[26.0252,-8.03425],[26.01164,-8.03717],[26.00771,-8.03538],[26.00763,-8.02895],[25.9811,-8.04442],[25.97023,-8.04065],[25.9657,-8.02854],[25.96106,-8.02561],[25.94988,-8.03378],[25.94504,-8.03337],[25.94355,-8.0249],[25.93633,-8.01833],[25.93039,-8.02207],[25.93262,-8.03513],[25.92547,-8.03429],[25.91704,-8.0422],[25.91994,-8.05295],[25.91561,-8.05782],[25.91101,-8.05742],[25.90738,-8.06228],[25.89836,-8.0594],[25.8827,-8.07887],[25.87068,-8.07625],[25.86219,-8.07887],[25.86209,-8.08989],[25.85414,-8.09939],[25.84974,-8.11758],[25.85128,-8.13065],[25.85411,-8.13589],[25.87936,-8.14777],[25.88252,-8.16128],[25.88029,-8.16727],[25.87449,-8.16435],[25.87247,-8.16874],[25.87479,-8.19006],[25.87089,-8.19148],[25.86786,-8.18876],[25.86536,-8.19109],[25.86339,-8.2003],[25.85793,-8.2061],[25.85533,-8.22013],[25.84955,-8.21836],[25.84658,-8.22092],[25.84806,-8.22917],[25.84358,-8.2407],[25.84595,-8.24618],[25.85227,-8.2344],[25.85602,-8.25961],[25.85113,-8.27482],[25.81093,-8.30742],[25.78909,-8.31226],[25.77697,-8.32089],[25.7436,-8.32678],[25.73718,-8.32983],[25.7329,-8.33884],[25.72144,-8.34493],[25.68133,-8.34583],[25.67583,-8.34842],[25.67382,-8.35487],[25.67668,-8.384],[25.68974,-8.39694],[25.69518,-8.40928],[25.69681,-8.42348],[25.70299,-8.42688],[25.7139,-8.4534],[25.71644,-8.49493],[25.70483,-8.52974],[25.70683,-8.5435],[25.67578,-8.5939],[25.66958,-8.61808],[25.66277,-8.62803],[25.6565,-8.6242],[25.65191,-8.62723],[25.64357,-8.62411],[25.62075,-8.62688],[25.61564,-8.62395],[25.5996,-8.63491],[25.56392,-8.64401],[25.56014,-8.65562],[25.56263,-8.67459],[25.56764,-8.6856],[25.57857,-8.69785],[25.57722,-8.71231],[25.57189,-8.72121],[25.48183,-8.71859],[25.4783,-8.73447],[25.48163,-8.74386],[25.47961,-8.74962],[25.48713,-8.76263],[25.49528,-8.76898],[25.4922,-8.78372],[25.47849,-8.79787],[25.48226,-8.80426],[25.47883,-8.80843],[25.47936,-8.81417],[25.49567,-8.82847],[25.50191,-8.82887],[25.51699,-8.85184],[25.51875,-8.87776],[25.52296,-8.87918],[25.53438,-8.91088],[25.53479,-8.93278],[25.53953,-8.95598],[25.53732,-8.96543],[25.54645,-8.97728],[25.55132,-8.97815],[25.5613,-9.00377],[25.56853,-9.01036],[25.57405,-9.05097],[25.56585,-9.06209],[25.56432,-9.06991],[25.56879,-9.07768],[25.56699,-9.08183],[25.57516,-9.08956],[25.58678,-9.09449],[25.59543,-9.10776],[25.60497,-9.1097],[25.60648,-9.12071],[25.61911,-9.1339],[25.62092,-9.15158],[25.6464,-9.17589],[25.658,-9.17875],[25.65895,-9.1815],[25.65475,-9.19855],[25.64853,-9.20184],[25.63835,-9.2008],[25.63544,-9.20979],[25.62777,-9.20665],[25.63251,-9.2174],[25.62475,-9.22645],[25.6134,-9.22473],[25.60233,-9.22806],[25.59814,-9.22535],[25.59056,-9.20957],[25.57914,-9.20119],[25.57686,-9.2042],[25.57815,-9.2166],[25.57268,-9.22401],[25.57441,-9.23433],[25.56083,-9.24091],[25.53729,-9.29101],[25.54199,-9.29672],[25.55114,-9.28674],[25.55507,-9.28716],[25.55245,-9.30166],[25.55836,-9.31309],[25.5459,-9.31667],[25.54088,-9.33549],[25.54362,-9.34105],[25.5529,-9.34394],[25.55388,-9.34876],[25.53395,-9.36781],[25.53037,-9.37957],[25.52048,-9.38496],[25.52006,-9.3891],[25.53148,-9.39679],[25.53487,-9.41147],[25.53121,-9.41495],[25.52632,-9.41201],[25.51941,-9.41553],[25.5191,-9.43048],[25.50631,-9.44715],[25.51602,-9.46705],[25.51445,-9.47189],[25.50319,-9.48074],[25.50164,-9.48719],[25.51161,-9.48847],[25.5104,-9.50549],[25.53035,-9.50896],[25.53772,-9.50521],[25.55909,-9.51097],[25.56811,-9.51018],[25.5786,-9.51651],[25.59018,-9.51708],[25.60016,-9.51299],[25.61915,-9.49696],[25.64075,-9.48972],[25.64514,-9.49297],[25.6547,-9.51905],[25.70014,-9.56688],[25.74308,-9.59809],[25.81776,-9.62888],[25.84502,-9.65752],[25.91479,-9.6991],[25.95915,-9.69995],[26.00782,-9.68449],[26.02286,-9.68249],[26.03352,-9.67659],[26.03549,-9.68214],[26.03133,-9.71347],[26.03261,-9.71966],[26.03769,-9.72258],[26.10405,-9.71131],[26.12304,-9.72073],[26.13402,-9.71678],[26.14575,-9.70729],[26.16482,-9.71017],[26.1885,-9.70032],[26.21258,-9.71233],[26.22011,-9.71068],[26.23243,-9.7006],[26.24976,-9.67923],[26.26034,-9.67335],[26.2687,-9.67462],[26.28004,-9.66974],[26.30827,-9.65139],[26.33264,-9.64122],[26.3283,-9.62671],[26.32148,-9.61922],[26.33618,-9.59305],[26.38518,-9.55102],[26.40631,-9.52201],[26.42304,-9.50891],[26.43189,-9.49638],[26.44726,-9.48583],[26.46233,-9.45367],[26.46949,-9.45289],[26.47997,-9.44056],[26.47597,-9.43602],[26.48232,-9.42628],[26.47738,-9.40428],[26.46555,-9.38606],[26.46528,-9.37779]]]},"properties":{"nom":"Bukama","province":"Haut-Lomami","pcode":"CD7306"}},{"type":"Feature","geometry":{"type":"Polygon","coordinates":[[[29.57798,-6.02313],[29.57798,-5.963],[29.59998,-5.856],[29.60698,-5.778],[29.59898,-5.664],[29.57598,-5.556],[29.52998,-5.415],[29.50098,-5.344],[29.49498,-5.337],[29.47598,-5.295],[29.43898,-5.203],[29.37208,-5.00791],[28.80197,-5.01034],[28.40697,-5.01969],[28.41113,-5.02132],[28.41208,-5.02752],[28.42015,-5.036],[28.42589,-5.03621],[28.42981,-5.0401],[28.43286,-5.05458],[28.45639,-5.07886],[28.45172,-5.09952],[28.38416,-5.15409],[28.3922,-5.17877],[28.40096,-5.18748],[28.41054,-5.1868],[28.45114,-5.20464],[28.54387,-5.20976],[28.56096,-5.22674],[28.56167,-5.26521],[28.52048,-5.31372],[28.53627,-5.31107],[28.57807,-5.31409],[28.59204,-5.30851],[28.5987,-5.30871],[28.6054,-5.31718],[28.61366,-5.31623],[28.60617,-5.33328],[28.60282,-5.35262],[28.56635,-5.37702],[28.55554,-5.38771],[28.54309,-5.4129],[28.50822,-5.43704],[28.48281,-5.47545],[28.46206,-5.49728],[28.45767,-5.52368],[28.46367,-5.54194],[28.49102,-5.56337],[28.49922,-5.58509],[28.49006,-5.61374],[28.49168,-5.62787],[28.50068,-5.63871],[28.52276,-5.65363],[28.54686,-5.70937],[28.60844,-5.80292],[28.60281,-5.80752],[28.57997,-5.80902],[28.56699,-5.80655],[28.53411,-5.7862],[28.51212,-5.78387],[28.4845,-5.78635],[28.46004,-5.77971],[28.44259,-5.78324],[28.42095,-5.7723],[28.40685,-5.7535],[28.3919,-5.75104],[28.38296,-5.75361],[28.37902,-5.74695],[28.3657,-5.74747],[28.35093,-5.73305],[28.32887,-5.75215],[28.3102,-5.75669],[28.30105,-5.75567],[28.26546,-5.72836],[28.25414,-5.71461],[28.23989,-5.71076],[28.21729,-5.692],[28.21125,-5.6773],[28.21162,-5.65821],[28.20033,-5.64883],[28.19567,-5.63505],[28.18992,-5.63231],[28.15922,-5.63587],[28.07585,-5.66551],[28.03929,-5.6657],[28.03237,-5.67155],[28.07179,-5.70728],[28.09591,-5.73505],[28.0752,-5.76157],[28.06488,-5.76645],[28.07319,-5.77723],[28.09137,-5.78336],[28.13017,-5.83081],[28.14015,-5.85239],[28.15145,-5.86361],[28.1257,-5.95244],[28.11197,-5.98249],[28.10863,-6.00292],[28.11145,-6.01209],[28.12665,-6.01916],[28.1315,-6.02535],[28.14504,-6.02693],[28.15682,-6.03582],[28.16349,-6.03625],[28.18128,-6.05733],[28.1944,-6.06119],[28.20455,-6.0708],[28.2126,-6.07261],[28.22762,-6.09186],[28.22835,-6.09921],[28.23884,-6.10942],[28.26068,-6.1192],[28.28368,-6.11024],[28.31414,-6.10951],[28.34598,-6.11948],[28.3943,-6.11994],[28.39825,-6.12556],[28.39266,-6.13441],[28.30692,-6.19897],[28.2931,-6.21493],[28.28583,-6.23271],[28.29438,-6.27382],[28.30812,-6.29025],[28.31022,-6.29841],[28.30992,-6.31845],[28.28719,-6.36836],[28.28682,-6.37774],[28.29233,-6.38655],[28.32274,-6.37953],[28.33264,-6.38408],[28.37657,-6.38803],[28.3865,-6.39718],[28.39001,-6.40958],[28.39715,-6.41391],[28.39906,-6.43352],[28.39526,-6.4505],[28.37934,-6.47792],[28.34905,-6.50253],[28.34302,-6.5118],[28.34102,-6.53734],[28.34638,-6.5579],[28.35831,-6.5629],[28.36378,-6.55803],[28.39343,-6.55252],[28.40431,-6.55494],[28.41334,-6.56284],[28.43387,-6.5689],[28.4526,-6.57009],[28.47734,-6.58162],[28.51056,-6.58949],[28.57177,-6.56143],[28.6866,-6.57468],[28.68715,-6.58563],[28.67613,-6.61058],[28.64745,-6.66292],[28.61654,-6.67634],[28.59648,-6.69704],[28.58185,-6.72138],[28.56986,-6.82112],[28.56833,-6.88495],[28.56401,-6.90198],[28.56393,-6.91657],[28.58116,-6.93617],[28.60072,-6.93838],[28.61082,-6.93351],[28.61284,-6.92454],[28.62462,-6.93252],[28.62959,-6.96694],[28.62106,-6.98033],[28.61913,-7.0016],[28.63891,-7.03804],[28.66036,-7.12971],[28.67004,-7.13266],[28.6783,-7.12756],[28.68934,-7.12705],[28.69871,-7.11391],[28.70811,-7.10743],[28.71776,-7.10624],[28.72234,-7.10254],[28.72856,-7.10366],[28.75221,-7.09458],[28.75705,-7.09594],[28.75846,-7.1019],[28.76493,-7.10647],[28.77622,-7.10917],[28.7808,-7.1057],[28.78612,-7.11188],[28.80127,-7.10491],[28.82362,-7.11077],[28.84382,-7.09994],[28.89921,-7.10106],[28.93302,-7.12117],[28.93754,-7.11502],[28.93681,-7.1086],[28.92866,-7.09141],[28.92952,-7.08038],[28.93888,-7.06723],[28.93542,-7.06495],[28.9354,-7.06059],[28.93857,-7.05115],[28.93933,-7.0222],[28.94785,-7.01511],[28.96551,-7.01356],[28.96704,-6.99931],[28.97389,-6.98962],[28.95332,-6.9725],[28.94867,-6.96333],[28.93931,-6.93489],[28.94249,-6.92683],[28.93671,-6.9218],[28.93479,-6.90779],[29.04931,-6.93432],[29.07174,-6.9531],[29.07778,-6.94946],[29.09097,-6.9244],[29.11682,-6.89373],[29.13089,-6.83423],[29.14869,-6.82395],[29.15754,-6.80161],[29.18225,-6.77942],[29.19067,-6.7642],[29.20598,-6.74712],[29.23257,-6.73272],[29.25751,-6.71052],[29.28716,-6.70783],[29.29587,-6.70341],[29.30911,-6.68519],[29.30857,-6.67255],[29.3113,-6.66702],[29.32683,-6.64854],[29.3222,-6.64397],[29.32652,-6.63705],[29.32349,-6.62949],[29.33886,-6.62251],[29.34708,-6.61304],[29.34566,-6.60638],[29.3518,-6.59439],[29.36446,-6.59754],[29.36368,-6.5826],[29.37301,-6.56531],[29.40145,-6.55366],[29.41242,-6.54256],[29.41464,-6.5306],[29.41717,-6.53104],[29.42081,-6.52344],[29.4261,-6.52386],[29.42911,-6.52799],[29.46,-6.527],[29.47756,-6.52218],[29.47967,-6.50794],[29.48925,-6.51044],[29.50899,-6.49455],[29.53081,-6.48499],[29.5687,-6.47121],[29.59435,-6.45819],[29.65214,-6.43944],[29.67134,-6.43773],[29.65498,-6.413],[29.62398,-6.338],[29.59498,-6.252],[29.57898,-6.147],[29.57798,-6.02313]]]},"properties":{"nom":"Kalemie","province":"Tanganyika","pcode":"CD7402"}},{"type":"Feature","geometry":{"type":"MultiPolygon","coordinates":[[[[29.82698,-6.643],[29.79198,-6.609],[29.74698,-6.554],[29.67134,-6.43773],[29.65214,-6.43944],[29.59435,-6.45819],[29.5687,-6.47121],[29.53081,-6.48499],[29.50899,-6.49455],[29.48925,-6.51044],[29.47967,-6.50794],[29.47756,-6.52218],[29.46,-6.527],[29.42911,-6.52799],[29.4261,-6.52386],[29.42081,-6.52344],[29.41717,-6.53104],[29.41464,-6.5306],[29.41242,-6.54256],[29.40145,-6.55366],[29.37301,-6.56531],[29.36368,-6.5826],[29.36446,-6.59754],[29.3518,-6.59439],[29.34566,-6.60638],[29.34708,-6.61304],[29.33886,-6.62251],[29.32349,-6.62949],[29.32652,-6.63705],[29.3222,-6.64397],[29.32683,-6.64854],[29.3113,-6.66702],[29.30857,-6.67255],[29.30911,-6.68519],[29.29587,-6.70341],[29.28716,-6.70783],[29.25751,-6.71052],[29.23257,-6.73272],[29.20598,-6.74712],[29.19067,-6.7642],[29.18225,-6.77942],[29.15754,-6.80161],[29.14869,-6.82395],[29.13089,-6.83423],[29.11682,-6.89373],[29.09097,-6.9244],[29.07778,-6.94946],[29.07174,-6.9531],[29.04931,-6.93432],[28.93479,-6.90779],[28.93671,-6.9218],[28.94249,-6.92683],[28.93931,-6.93489],[28.94867,-6.96333],[28.95332,-6.9725],[28.97389,-6.98962],[28.96704,-6.99931],[28.96551,-7.01356],[28.94785,-7.01511],[28.93933,-7.0222],[28.93857,-7.05115],[28.9354,-7.06059],[28.93542,-7.06495],[28.93888,-7.06723],[28.92952,-7.08038],[28.92866,-7.09141],[28.93681,-7.1086],[28.93754,-7.11502],[28.93302,-7.12117],[28.89921,-7.10106],[28.84382,-7.09994],[28.82362,-7.11077],[28.80127,-7.10491],[28.78612,-7.11188],[28.7808,-7.1057],[28.77622,-7.10917],[28.76493,-7.10647],[28.75846,-7.1019],[28.75705,-7.09594],[28.75221,-7.09458],[28.72856,-7.10366],[28.72234,-7.10254],[28.71776,-7.10624],[28.70811,-7.10743],[28.69871,-7.11391],[28.68934,-7.12705],[28.6783,-7.12756],[28.67004,-7.13266],[28.66036,-7.12971],[28.66078,-7.13585],[28.6831,-7.14676],[28.70304,-7.15038],[28.71388,-7.15887],[28.72294,-7.16068],[28.73507,-7.15399],[28.75078,-7.1564],[28.76465,-7.16428],[28.77665,-7.18188],[28.76936,-7.20454],[28.76105,-7.20113],[28.75595,-7.20265],[28.75092,-7.19843],[28.74724,-7.19936],[28.74452,-7.20765],[28.73486,-7.20815],[28.72362,-7.21464],[28.70428,-7.21336],[28.69896,-7.20787],[28.69069,-7.20997],[28.68745,-7.20677],[28.67294,-7.20455],[28.67613,-7.19856],[28.67405,-7.1965],[28.66648,-7.19998],[28.65566,-7.1998],[28.64689,-7.19502],[28.63908,-7.19781],[28.64224,-7.21485],[28.68077,-7.25064],[28.68674,-7.26582],[28.69215,-7.27128],[28.7163,-7.27975],[28.74401,-7.29855],[28.73777,-7.33682],[28.7287,-7.35106],[28.72456,-7.35062],[28.71448,-7.36031],[28.70414,-7.36358],[28.69263,-7.36294],[28.68386,-7.35748],[28.67974,-7.36232],[28.67582,-7.36165],[28.67446,-7.36579],[28.6687,-7.36467],[28.66276,-7.37273],[28.64572,-7.37029],[28.64657,-7.40244],[28.6512,-7.4077],[28.65178,-7.43043],[28.65803,-7.43752],[28.66809,-7.46802],[28.67897,-7.48626],[28.67945,-7.51176],[28.67035,-7.51723],[28.64856,-7.5209],[28.6353,-7.51242],[28.60747,-7.51548],[28.58808,-7.52279],[28.56876,-7.51735],[28.55606,-7.51797],[28.53787,-7.52771],[28.52044,-7.53202],[28.49733,-7.53261],[28.48346,-7.52534],[28.4677,-7.53325],[28.44903,-7.51689],[28.43633,-7.51812],[28.42238,-7.52663],[28.3967,-7.58129],[28.39544,-7.59222],[28.39901,-7.60314],[28.43345,-7.60795],[28.45927,-7.64555],[28.47151,-7.65562],[28.48045,-7.64754],[28.48064,-7.64043],[28.48569,-7.63719],[28.49329,-7.63692],[28.50614,-7.6286],[28.51974,-7.63175],[28.52225,-7.62715],[28.5481,-7.62268],[28.57101,-7.64039],[28.60342,-7.65295],[28.60991,-7.66118],[28.61273,-7.67334],[28.63282,-7.68473],[28.62304,-7.72439],[28.62281,-7.74797],[28.64462,-7.7904],[28.65096,-7.81045],[28.64871,-7.82079],[28.68555,-7.83541],[28.68731,-7.84559],[28.68242,-7.85579],[28.65845,-7.87796],[28.65645,-7.8926],[28.67876,-7.89566],[28.69091,-7.89301],[28.70494,-7.8999],[28.72077,-7.91389],[28.7474,-7.91557],[28.75843,-7.92659],[28.77099,-7.9702],[28.77911,-7.97571],[28.79055,-7.97801],[28.83005,-7.97646],[28.84263,-7.97032],[28.85403,-7.95836],[28.85939,-7.94303],[28.86238,-7.94164],[28.85895,-7.93756],[28.8616,-7.9325],[28.87003,-7.93076],[28.8667,-7.92428],[28.87016,-7.92568],[28.8784,-7.92142],[28.87258,-7.91826],[28.87535,-7.9139],[28.8739,-7.90655],[28.88162,-7.89322],[28.88358,-7.87578],[28.88938,-7.87155],[28.88742,-7.86593],[28.88992,-7.8598],[28.8959,-7.85779],[28.89684,-7.85175],[28.90403,-7.8469],[28.90819,-7.83534],[28.90256,-7.82861],[28.90328,-7.82254],[28.9094,-7.82337],[28.94434,-7.84962],[28.96205,-7.8698],[28.97378,-7.87282],[29.0169,-7.87025],[29.02776,-7.87255],[29.02042,-7.88973],[29.02448,-7.89365],[29.03968,-7.8923],[29.07017,-7.87302],[29.08,-7.86965],[29.10865,-7.86915],[29.11275,-7.86529],[29.1113,-7.85336],[29.109,-7.85269],[29.1092,-7.84764],[29.1131,-7.84624],[29.11125,-7.84326],[29.10711,-7.84489],[29.1064,-7.84122],[29.10845,-7.83662],[29.11694,-7.83153],[29.11323,-7.82833],[29.11389,-7.82213],[29.10928,-7.82147],[29.10995,-7.8171],[29.10257,-7.81553],[29.09584,-7.80685],[29.09833,-7.79995],[29.10911,-7.79162],[29.11296,-7.78036],[29.10577,-7.77144],[29.09493,-7.76805],[29.09673,-7.76024],[29.10892,-7.75765],[29.11095,-7.75098],[29.12249,-7.7562],[29.12292,-7.74908],[29.13305,-7.74971],[29.14266,-7.74025],[29.14796,-7.73976],[29.1609,-7.76033],[29.17135,-7.77078],[29.20669,-7.7819],[29.263,-7.72923],[29.2737,-7.72818],[29.31525,-7.73477],[29.32656,-7.74013],[29.33772,-7.75058],[29.35931,-7.75737],[29.41709,-7.73254],[29.42356,-7.73664],[29.43871,-7.72966],[29.445,-7.74157],[29.43771,-7.75447],[29.44317,-7.78015],[29.44874,-7.78815],[29.45794,-7.78649],[29.46351,-7.79335],[29.45371,-7.81445],[29.4742,-7.80729],[29.48362,-7.8128],[29.48576,-7.85877],[29.49375,-7.87082],[29.50375,-7.87546],[29.51787,-7.87108],[29.53659,-7.84412],[29.55543,-7.83689],[29.56684,-7.8203],[29.57307,-7.82301],[29.58259,-7.83513],[29.62396,-7.91197],[29.62604,-7.93465],[29.63583,-7.93985],[29.65237,-7.93081],[29.66018,-7.92904],[29.66222,-7.93253],[29.66268,-7.93588],[29.65673,-7.94097],[29.66068,-7.94668],[29.6659,-7.97075],[29.66298,-7.98178],[29.66859,-7.99575],[29.66685,-8.00971],[29.64857,-8.05172],[29.64991,-8.05904],[29.64558,-8.07912],[29.63901,-8.09238],[29.61901,-8.10298],[29.58302,-8.11054],[29.57494,-8.11924],[29.57271,-8.12995],[29.58322,-8.1683],[29.57919,-8.17413],[29.5601,-8.18173],[29.54331,-8.18061],[29.53166,-8.15273],[29.52646,-8.1539],[29.52017,-8.18706],[29.51912,-8.22835],[29.52841,-8.23763],[29.53894,-8.28004],[29.55113,-8.29455],[29.55643,-8.33174],[29.56284,-8.34509],[29.57503,-8.35959],[29.59068,-8.36769],[29.61095,-8.37113],[29.62255,-8.3804],[29.62838,-8.39549],[30.79314,-8.27155],[30.76747,-8.18709],[30.73745,-8.10527],[30.68521,-8.01799],[30.63778,-7.95727],[30.60596,-7.838],[30.57496,-7.751],[30.51396,-7.603],[30.42297,-7.418],[30.39897,-7.361],[30.37497,-7.292],[30.32562,-7.22339],[30.30618,-7.1824],[30.2762,-7.10261],[30.16164,-6.92101],[30.09497,-6.848],[29.98497,-6.764],[29.90597,-6.708],[29.82698,-6.643]]]]},"properties":{"nom":"Moba","province":"Tanganyika","pcode":"CD7404"}},{"type":"Feature","geometry":{"type":"MultiPolygon","coordinates":[[[[27.83754,-8.14453],[27.81932,-8.16152],[27.79324,-8.17549],[27.75196,-8.20827],[27.73067,-8.23253],[27.72152,-8.2483],[27.73544,-8.24586],[27.74759,-8.23494],[27.75788,-8.23371],[27.76086,-8.24098],[27.74373,-8.2816],[27.75156,-8.28704],[27.77369,-8.26947],[27.78459,-8.2362],[27.78998,-8.22853],[27.82719,-8.18513],[27.84072,-8.18121],[27.83699,-8.22765],[27.83249,-8.23348],[27.83389,-8.24631],[27.85155,-8.24451],[27.87449,-8.25115],[27.88903,-8.24689],[27.89026,-8.24204],[27.8981,-8.24567],[27.90468,-8.2602],[27.96025,-8.27226],[27.97182,-8.25649],[27.97189,-8.24194],[27.98104,-8.228],[27.98587,-8.2286],[27.9881,-8.23398],[27.98367,-8.24324],[27.98555,-8.2687],[27.99081,-8.2787],[27.98577,-8.30382],[27.97725,-8.31639],[27.98593,-8.34745],[27.98435,-8.36103],[27.99063,-8.3639],[27.99564,-8.37207],[28.00584,-8.37486],[28.02082,-8.38582],[28.03009,-8.40011],[28.0624,-8.41234],[28.07046,-8.41196],[28.08931,-8.40392],[28.07286,-8.36421],[28.06267,-8.34787],[28.06632,-8.34362],[28.08379,-8.35572],[28.09768,-8.35934],[28.10805,-8.34176],[28.11532,-8.33811],[28.13165,-8.33688],[28.16127,-8.3167],[28.18587,-8.27878],[28.20332,-8.27439],[28.21976,-8.25438],[28.23187,-8.24891],[28.26208,-8.25372],[28.26376,-8.28099],[28.27221,-8.28401],[28.30307,-8.28033],[28.40817,-8.18325],[28.43244,-8.16746],[28.44037,-8.15351],[28.43804,-8.13655],[28.43085,-8.12322],[28.42612,-8.1008],[28.42941,-8.04805],[28.4798,-8.00919],[28.52627,-7.90665],[28.52998,-7.89148],[28.5261,-7.88178],[28.5038,-7.86695],[28.47088,-7.85971],[28.43199,-7.83822],[28.42517,-7.81063],[28.37812,-7.78824],[28.36059,-7.78644],[28.35581,-7.77552],[28.36801,-7.75488],[28.3972,-7.72208],[28.40702,-7.69416],[28.4131,-7.68748],[28.44151,-7.68805],[28.46103,-7.67932],[28.46697,-7.66827],[28.47364,-7.66778],[28.4757,-7.66479],[28.47151,-7.65562],[28.45927,-7.64555],[28.43345,-7.60795],[28.39901,-7.60314],[28.39544,-7.59222],[28.3967,-7.58129],[28.42238,-7.52663],[28.43633,-7.51812],[28.44903,-7.51689],[28.4677,-7.53325],[28.48346,-7.52534],[28.49733,-7.53261],[28.52044,-7.53202],[28.53787,-7.52771],[28.55606,-7.51797],[28.56876,-7.51735],[28.58808,-7.52279],[28.60747,-7.51548],[28.6353,-7.51242],[28.64856,-7.5209],[28.67035,-7.51723],[28.67945,-7.51176],[28.67897,-7.48626],[28.66809,-7.46802],[28.65803,-7.43752],[28.65178,-7.43043],[28.6512,-7.4077],[28.64657,-7.40244],[28.64572,-7.37029],[28.66276,-7.37273],[28.6687,-7.36467],[28.67446,-7.36579],[28.67582,-7.36165],[28.67974,-7.36232],[28.68386,-7.35748],[28.69263,-7.36294],[28.70414,-7.36358],[28.71448,-7.36031],[28.72456,-7.35062],[28.7287,-7.35106],[28.73777,-7.33682],[28.74401,-7.29855],[28.7163,-7.27975],[28.69215,-7.27128],[28.68674,-7.26582],[28.68077,-7.25064],[28.64224,-7.21485],[28.63908,-7.19781],[28.64689,-7.19502],[28.65566,-7.1998],[28.66648,-7.19998],[28.67405,-7.1965],[28.67613,-7.19856],[28.67294,-7.20455],[28.68745,-7.20677],[28.69069,-7.20997],[28.69896,-7.20787],[28.70428,-7.21336],[28.72362,-7.21464],[28.73486,-7.20815],[28.74452,-7.20765],[28.74724,-7.19936],[28.75092,-7.19843],[28.75595,-7.20265],[28.76105,-7.20113],[28.76936,-7.20454],[28.77665,-7.18188],[28.76465,-7.16428],[28.75078,-7.1564],[28.73507,-7.15399],[28.72294,-7.16068],[28.71388,-7.15887],[28.70304,-7.15038],[28.6831,-7.14676],[28.66078,-7.13585],[28.63891,-7.03804],[28.61913,-7.0016],[28.62106,-6.98033],[28.62959,-6.96694],[28.62462,-6.93252],[28.61284,-6.92454],[28.61082,-6.93351],[28.60072,-6.93838],[28.58116,-6.93617],[28.56393,-6.91657],[28.56833,-6.88495],[28.56986,-6.82112],[28.58185,-6.72138],[28.59648,-6.69704],[28.61654,-6.67634],[28.64745,-6.66292],[28.67613,-6.61058],[28.68715,-6.58563],[28.6866,-6.57468],[28.57177,-6.56143],[28.51056,-6.58949],[28.47734,-6.58162],[28.4526,-6.57009],[28.43387,-6.5689],[28.41334,-6.56284],[28.40431,-6.55494],[28.39343,-6.55252],[28.36378,-6.55803],[28.35831,-6.5629],[28.35827,-6.57081],[28.36722,-6.59574],[28.37931,-6.59512],[28.38474,-6.59754],[28.38773,-6.60423],[28.38872,-6.64802],[28.34469,-6.68609],[28.31071,-6.70924],[28.30014,-6.70712],[28.27009,-6.66945],[28.25894,-6.66338],[28.23749,-6.65916],[28.22726,-6.61279],[28.21279,-6.61492],[28.19201,-6.62569],[28.16549,-6.63052],[28.13278,-6.61916],[28.11503,-6.60935],[28.06694,-6.60173],[28.05381,-6.59604],[28.03742,-6.58117],[28.01729,-6.55182],[28.0126,-6.53093],[28.0217,-6.50859],[27.99792,-6.50188],[27.94963,-6.54574],[27.93417,-6.55337],[27.91813,-6.55582],[27.88882,-6.55342],[27.84928,-6.5413],[27.83174,-6.54041],[27.80356,-6.55261],[27.76846,-6.55934],[27.70322,-6.54573],[27.66724,-6.54669],[27.64938,-6.55066],[27.63725,-6.55676],[27.62662,-6.56681],[27.59559,-6.60395],[27.56377,-6.6195],[27.54644,-6.62091],[27.54486,-6.63034],[27.53366,-6.64623],[27.5198,-6.6911],[27.52192,-6.6922],[27.51612,-6.69272],[27.50768,-6.70975],[27.4854,-6.69227],[27.37041,-6.65257],[27.33032,-6.6286],[27.25194,-6.64329],[27.21446,-6.6409],[27.19759,-6.62754],[27.1819,-6.62269],[27.10933,-6.62277],[27.03796,-6.62773],[27.01736,-6.63383],[26.9698,-6.63991],[26.97119,-6.56635],[26.98348,-6.52771],[26.98406,-6.49253],[26.98813,-6.46999],[26.9844,-6.45161],[26.9998,-6.4518],[26.99496,-6.4479],[26.98071,-6.44703],[26.974,-6.4344],[26.95515,-6.43514],[26.93329,-6.42991],[26.93032,-6.43222],[26.93262,-6.43589],[26.9308,-6.43958],[26.91792,-6.44007],[26.91334,-6.44468],[26.90574,-6.44148],[26.89656,-6.44472],[26.88989,-6.4429],[26.87337,-6.45352],[26.86439,-6.45193],[26.85589,-6.45448],[26.84116,-6.44739],[26.82783,-6.44858],[26.82554,-6.4518],[26.81656,-6.44769],[26.80186,-6.44979],[26.79131,-6.46039],[26.77889,-6.45766],[26.7619,-6.46414],[26.7548,-6.47611],[26.7472,-6.47038],[26.74214,-6.47063],[26.72057,-6.48562],[26.70934,-6.49898],[26.688,-6.51167],[26.68526,-6.51926],[26.65864,-6.53749],[26.65066,-6.56279],[26.63781,-6.57247],[26.64385,-6.5959],[26.63422,-6.6065],[26.6265,-6.62374],[26.61956,-6.62653],[26.61801,-6.64882],[26.60562,-6.65942],[26.57645,-6.67397],[26.57463,-6.67926],[26.56151,-6.67745],[26.56035,-6.6724],[26.52092,-6.63042],[26.52525,-6.61547],[26.51649,-6.60584],[26.50706,-6.60517],[26.50038,-6.59737],[26.47413,-6.58593],[26.44193,-6.58186],[26.37664,-6.58429],[26.35136,-6.58894],[26.30565,-6.61086],[26.26908,-6.60794],[26.25714,-6.61578],[26.24956,-6.61648],[26.22793,-6.61284],[26.23094,-6.61904],[26.22887,-6.62158],[26.22128,-6.62044],[26.20498,-6.63012],[26.1967,-6.63014],[26.19281,-6.64026],[26.18914,-6.64233],[26.18201,-6.64441],[26.15625,-6.63848],[26.12845,-6.64864],[26.11419,-6.64935],[26.07101,-6.67517],[26.04042,-6.67498],[26.01166,-6.68283],[26.00616,-6.70206],[26.01052,-6.71136],[26.03166,-6.71294],[26.03431,-6.72348],[26.03223,-6.73898],[26.03704,-6.75081],[26.06037,-6.7595],[26.08544,-6.76373],[26.09078,-6.78959],[26.1009,-6.78842],[26.11287,-6.79322],[26.12046,-6.79137],[26.13357,-6.79526],[26.13478,-6.81384],[26.09488,-6.81084],[26.09484,-6.81936],[26.08667,-6.83593],[26.0798,-6.84254],[26.08159,-6.85432],[26.07559,-6.86305],[26.04501,-6.87098],[26.03815,-6.87927],[26.04079,-6.88854],[26.0525,-6.90005],[26.10863,-6.91055],[26.1134,-6.91566],[26.11387,-6.92154],[26.10924,-6.92996],[26.09432,-6.94744],[26.10156,-6.95996],[26.15031,-6.96196],[26.17629,-6.94419],[26.21681,-6.94292],[26.22039,-6.95136],[26.22065,-6.96837],[26.2132,-6.98652],[26.22386,-7.00378],[26.23479,-7.0308],[26.2698,-7.04391],[26.27886,-7.04321],[26.28702,-7.03662],[26.2984,-7.01303],[26.31498,-7.02121],[26.33875,-7.04367],[26.36299,-7.05032],[26.39986,-7.0518],[26.41338,-7.0452],[26.41911,-7.03692],[26.43384,-7.03872],[26.48566,-7.06182],[26.47752,-7.09045],[26.48148,-7.10292],[26.46919,-7.14426],[26.45715,-7.15205],[26.40721,-7.16054],[26.37999,-7.22699],[26.3823,-7.23272],[26.37795,-7.24307],[26.37685,-7.26191],[26.38099,-7.26236],[26.38284,-7.26695],[26.37161,-7.28351],[26.36887,-7.295],[26.35238,-7.32719],[26.37287,-7.37429],[26.39617,-7.37001],[26.4177,-7.41796],[26.43373,-7.41612],[26.43831,-7.40761],[26.43624,-7.39881],[26.42185,-7.37393],[26.42191,-7.363],[26.43463,-7.35782],[26.44971,-7.36691],[26.46081,-7.38421],[26.47139,-7.43283],[26.47553,-7.43351],[26.47921,-7.42982],[26.48401,-7.41627],[26.49572,-7.40728],[26.51046,-7.4084],[26.52106,-7.41481],[26.5273,-7.4226],[26.53059,-7.45039],[26.53983,-7.463],[26.57713,-7.46889],[26.58729,-7.4808],[26.61243,-7.50004],[26.62141,-7.50071],[26.63041,-7.50827],[26.65113,-7.51097],[26.6511,-7.53941],[26.66114,-7.55297],[26.67126,-7.54721],[26.68231,-7.54902],[26.69151,-7.54578],[26.70114,-7.53313],[26.69666,-7.52706],[26.69881,-7.5228],[26.73615,-7.55039],[26.7528,-7.54657],[26.76374,-7.53533],[26.77539,-7.53349],[26.79426,-7.5397],[26.80826,-7.55121],[26.8111,-7.57573],[26.82606,-7.57617],[26.82298,-7.58831],[26.81447,-7.59682],[26.80797,-7.62596],[26.84829,-7.62852],[26.88676,-7.63715],[26.92476,-7.64141],[26.94109,-7.63586],[26.95468,-7.63674],[26.95556,-7.62572],[26.96939,-7.63244],[26.99718,-7.63666],[27.05406,-7.62931],[27.08789,-7.63473],[27.13996,-7.62192],[27.21498,-7.61455],[27.22528,-7.6109],[27.21933,-7.59148],[27.22554,-7.55931],[27.22016,-7.54596],[27.21903,-7.532],[27.22768,-7.49556],[27.23389,-7.486],[27.23736,-7.49104],[27.25557,-7.4981],[27.26597,-7.51208],[27.26854,-7.52103],[27.27869,-7.5272],[27.27987,-7.53569],[27.28541,-7.54142],[27.354,-7.5389],[27.35627,-7.52902],[27.36841,-7.51268],[27.38106,-7.50874],[27.38886,-7.50182],[27.39714,-7.50065],[27.41985,-7.47876],[27.4394,-7.47249],[27.44517,-7.47867],[27.44751,-7.489],[27.44185,-7.51336],[27.44284,-7.53403],[27.46395,-7.52625],[27.49785,-7.51953],[27.50332,-7.51345],[27.49984,-7.48492],[27.51074,-7.48187],[27.52886,-7.48489],[27.55298,-7.49882],[27.57532,-7.50487],[27.58617,-7.51275],[27.59759,-7.52669],[27.59755,-7.53459],[27.58613,-7.56064],[27.59217,-7.57463],[27.61499,-7.58373],[27.62402,-7.59518],[27.6278,-7.61591],[27.6613,-7.65154],[27.66666,-7.66782],[27.67359,-7.67285],[27.6415,-7.69112],[27.63177,-7.70327],[27.62677,-7.73482],[27.63014,-7.78578],[27.63971,-7.8064],[27.69201,-7.86578],[27.70407,-7.87487],[27.724,-7.87848],[27.73579,-7.87731],[27.77427,-7.86326],[27.78948,-7.84322],[27.80785,-7.8489],[27.80798,-7.88127],[27.84808,-7.88824],[27.85275,-7.90452],[27.8542,-7.92035],[27.84117,-7.94312],[27.84145,-7.95597],[27.83298,-7.96817],[27.82799,-7.98563],[27.78173,-8.06033],[27.77507,-8.06216],[27.74491,-8.08587],[27.73747,-8.10712],[27.73052,-8.11735],[27.7088,-8.13498],[27.70873,-8.1471],[27.71603,-8.15619],[27.72594,-8.14361],[27.74528,-8.1304],[27.76826,-8.13916],[27.77188,-8.13588],[27.80071,-8.13366],[27.84734,-8.12027],[27.85338,-8.12269],[27.83754,-8.14453]]]]},"properties":{"nom":"Manono","province":"Tanganyika","pcode":"CD7406"}},{"type":"Feature","geometry":{"type":"Polygon","coordinates":[[[27.06249,-5.76522],[27.04859,-5.75386],[27.02825,-5.74696],[26.98579,-5.71085],[26.97117,-5.70233],[26.95016,-5.70313],[26.94349,-5.69984],[26.94186,-5.69134],[26.93564,-5.68422],[26.92974,-5.68505],[26.93187,-5.67471],[26.92281,-5.67631],[26.92261,-5.66989],[26.91006,-5.65619],[26.90122,-5.69604],[26.90838,-5.72352],[26.90917,-5.73936],[26.89712,-5.78254],[26.8762,-5.78461],[26.84512,-5.8069],[26.81617,-5.8146],[26.80222,-5.79878],[26.80356,-5.78296],[26.80916,-5.77161],[26.81045,-5.75134],[26.79437,-5.71646],[26.79208,-5.71646],[26.78757,-5.72254],[26.77544,-5.77194],[26.76758,-5.79137],[26.71866,-5.81091],[26.68987,-5.8328],[26.65951,-5.85022],[26.61719,-5.85913],[26.57362,-5.85992],[26.55535,-5.86559],[26.51888,-5.8526],[26.51682,-5.83922],[26.51937,-5.82909],[26.52843,-5.81895],[26.53324,-5.80598],[26.5312,-5.78501],[26.49237,-5.78142],[26.4717,-5.78491],[26.45794,-5.79161],[26.43474,-5.79396],[26.40649,-5.79401],[26.39683,-5.79082],[26.36651,-5.79133],[26.3509,-5.79482],[26.32287,-5.79096],[26.29876,-5.7979],[26.27086,-5.79474],[26.23835,-5.79986],[26.22547,-5.79298],[26.21031,-5.79209],[26.20249,-5.7875],[26.18429,-5.76178],[26.18435,-5.77828],[26.18935,-5.79693],[26.20294,-5.81498],[26.20818,-5.83789],[26.20522,-5.8462],[26.18682,-5.85796],[26.17704,-5.87093],[26.17317,-5.89971],[26.17777,-5.93336],[26.18396,-5.93944],[26.19272,-5.93661],[26.19697,-5.94107],[26.20592,-5.95486],[26.21501,-5.97959],[26.20289,-5.9889],[26.18613,-5.99376],[26.18237,-5.99903],[26.18255,-6.01484],[26.21261,-6.03552],[26.22257,-6.03796],[26.25503,-6.03554],[26.23439,-6.06755],[26.20498,-6.06956],[26.18758,-6.08496],[26.19095,-6.1113],[26.21775,-6.14778],[26.21264,-6.16804],[26.19024,-6.21342],[26.14319,-6.24257],[26.10507,-6.31967],[26.06353,-6.37702],[26.05124,-6.41758],[26.02415,-6.43355],[26.01036,-6.43628],[25.98786,-6.42376],[25.98107,-6.44424],[25.98462,-6.4632],[25.94578,-6.46093],[25.94366,-6.46593],[25.9491,-6.51684],[25.94791,-6.53698],[25.93032,-6.55478],[25.93735,-6.57798],[25.93445,-6.60187],[25.98365,-6.6064],[25.99102,-6.61365],[26.01711,-6.65352],[26.01166,-6.68283],[26.04042,-6.67498],[26.07101,-6.67517],[26.11419,-6.64935],[26.12845,-6.64864],[26.15625,-6.63848],[26.18201,-6.64441],[26.18914,-6.64233],[26.19281,-6.64026],[26.1967,-6.63014],[26.20498,-6.63012],[26.22128,-6.62044],[26.22887,-6.62158],[26.23094,-6.61904],[26.22793,-6.61284],[26.24956,-6.61648],[26.25714,-6.61578],[26.26908,-6.60794],[26.30565,-6.61086],[26.31668,-6.60762],[26.344,-6.59079],[26.37664,-6.58429],[26.46056,-6.5832],[26.50038,-6.59737],[26.50706,-6.60517],[26.51649,-6.60584],[26.52525,-6.61547],[26.52092,-6.63042],[26.56035,-6.6724],[26.56151,-6.67745],[26.57463,-6.67926],[26.57645,-6.67397],[26.60562,-6.65942],[26.61801,-6.64882],[26.61956,-6.62653],[26.6265,-6.62374],[26.63422,-6.6065],[26.64385,-6.5959],[26.63781,-6.57247],[26.65066,-6.56279],[26.65864,-6.53749],[26.68526,-6.51926],[26.688,-6.51167],[26.70934,-6.49898],[26.72057,-6.48562],[26.74214,-6.47063],[26.7472,-6.47038],[26.7548,-6.47611],[26.7619,-6.46414],[26.77889,-6.45766],[26.79131,-6.46039],[26.80186,-6.44979],[26.81104,-6.4477],[26.82554,-6.4518],[26.82783,-6.44858],[26.84116,-6.44739],[26.85589,-6.45448],[26.86439,-6.45193],[26.87337,-6.45352],[26.88989,-6.4429],[26.89656,-6.44472],[26.90574,-6.44148],[26.91334,-6.44468],[26.91792,-6.44007],[26.9308,-6.43958],[26.93262,-6.43589],[26.93032,-6.43222],[26.93329,-6.42991],[26.94433,-6.43057],[26.95515,-6.43514],[26.974,-6.4344],[26.98071,-6.44703],[26.99496,-6.4479],[26.9998,-6.4518],[26.9844,-6.45161],[26.98813,-6.46999],[26.98406,-6.49253],[26.98348,-6.52771],[26.97119,-6.56635],[26.9698,-6.63991],[27.01736,-6.63383],[27.03796,-6.62773],[27.10933,-6.62277],[27.1819,-6.62269],[27.19759,-6.62754],[27.21446,-6.6409],[27.25194,-6.64329],[27.33032,-6.6286],[27.37041,-6.65257],[27.4854,-6.69227],[27.50768,-6.70975],[27.51612,-6.69272],[27.52192,-6.6922],[27.5198,-6.6911],[27.53366,-6.64623],[27.54486,-6.63034],[27.54644,-6.62091],[27.56377,-6.6195],[27.59559,-6.60395],[27.62662,-6.56681],[27.63725,-6.55676],[27.64938,-6.55066],[27.66724,-6.54669],[27.70322,-6.54573],[27.76846,-6.55934],[27.80356,-6.55261],[27.83174,-6.54041],[27.84928,-6.5413],[27.88882,-6.55342],[27.91813,-6.55582],[27.93417,-6.55337],[27.94963,-6.54574],[27.99792,-6.50188],[28.0217,-6.50859],[28.01818,-6.49091],[28.00405,-6.46706],[27.96991,-6.44053],[27.95381,-6.43944],[27.93745,-6.431],[27.92806,-6.4377],[27.91792,-6.43406],[27.88692,-6.4397],[27.87794,-6.43789],[27.8714,-6.41378],[27.85341,-6.40006],[27.8577,-6.3805],[27.85055,-6.37524],[27.84309,-6.34883],[27.84256,-6.33228],[27.83796,-6.33046],[27.83538,-6.31874],[27.82894,-6.31877],[27.82202,-6.31305],[27.79797,-6.27612],[27.79101,-6.25959],[27.79187,-6.24672],[27.77567,-6.21804],[27.77355,-6.20609],[27.76388,-6.20222],[27.74587,-6.18113],[27.73818,-6.15242],[27.73079,-6.14509],[27.705,-6.13047],[27.70083,-6.12266],[27.69094,-6.12017],[27.68862,-6.11443],[27.64263,-6.12014],[27.60165,-6.11283],[27.54384,-6.13672],[27.52604,-6.11847],[27.50835,-6.10915],[27.49533,-6.10711],[27.48646,-6.10022],[27.48002,-6.10468],[27.47259,-6.12251],[27.46343,-6.12412],[27.4583,-6.09959],[27.44769,-6.08835],[27.44259,-6.07573],[27.4383,-6.03458],[27.40405,-6.02963],[27.38292,-6.03338],[27.37071,-6.0233],[27.36082,-6.02241],[27.35368,-6.01738],[27.31855,-6.02415],[27.30404,-6.01523],[27.25191,-6.0216],[27.22846,-6.01914],[27.21211,-6.00816],[27.19763,-6.00636],[27.18427,-5.99582],[27.17162,-5.99126],[27.1743,-5.97811],[27.17118,-5.97243],[27.17303,-5.93514],[27.184,-5.89339],[27.18454,-5.87393],[27.16982,-5.8573],[27.14171,-5.84096],[27.1559,-5.82344],[27.15249,-5.81391],[27.14125,-5.80052],[27.11934,-5.78997],[27.09173,-5.78226],[27.06249,-5.76522]]]},"properties":{"nom":"Kabalo","province":"Tanganyika","pcode":"CD7407"}},{"type":"Feature","geometry":{"type":"Polygon","coordinates":[[[26.93432,-4.99995],[26.27048,-5.0],[26.26511,-5.01705],[26.25299,-5.03594],[26.20191,-5.08411],[26.19803,-5.0924],[26.19122,-5.12945],[26.19446,-5.14095],[26.19176,-5.1658],[26.19729,-5.17683],[26.198,-5.18764],[26.19117,-5.21365],[26.1763,-5.23852],[26.15475,-5.25098],[26.14581,-5.26019],[26.14147,-5.26917],[26.13375,-5.31174],[26.12666,-5.32487],[26.11635,-5.33316],[26.10869,-5.3488],[26.11857,-5.40389],[26.13287,-5.44012],[26.13694,-5.50477],[26.15054,-5.51943],[26.15165,-5.54089],[26.16127,-5.55396],[26.17371,-5.55453],[26.17568,-5.55853],[26.17213,-5.56853],[26.15686,-5.5829],[26.15103,-5.599],[26.14753,-5.60113],[26.12439,-5.59952],[26.11911,-5.608],[26.1177,-5.63432],[26.1036,-5.6598],[26.12655,-5.69194],[26.1236,-5.72486],[26.13102,-5.73319],[26.15371,-5.7478],[26.16037,-5.74756],[26.18429,-5.76178],[26.18426,-5.76742],[26.18429,-5.76178],[26.20249,-5.7875],[26.21031,-5.79209],[26.22547,-5.79298],[26.23835,-5.79986],[26.27086,-5.79474],[26.29876,-5.7979],[26.32287,-5.79096],[26.3509,-5.79482],[26.36651,-5.79133],[26.39683,-5.79082],[26.40649,-5.79401],[26.43474,-5.79396],[26.45794,-5.79161],[26.4717,-5.78491],[26.49237,-5.78142],[26.5312,-5.78501],[26.53324,-5.80598],[26.52843,-5.81895],[26.51937,-5.82909],[26.51682,-5.83922],[26.51888,-5.8526],[26.55535,-5.86559],[26.57362,-5.85992],[26.61719,-5.85913],[26.65951,-5.85022],[26.68987,-5.8328],[26.71866,-5.81091],[26.76758,-5.79137],[26.77544,-5.77194],[26.78757,-5.72254],[26.79208,-5.71646],[26.79437,-5.71646],[26.81045,-5.75134],[26.80916,-5.77161],[26.80356,-5.78296],[26.80222,-5.79878],[26.81617,-5.8146],[26.84512,-5.8069],[26.8762,-5.78461],[26.89712,-5.78254],[26.90917,-5.73936],[26.90838,-5.72352],[26.90122,-5.69604],[26.91006,-5.65619],[26.92261,-5.66989],[26.92281,-5.67631],[26.93187,-5.67471],[26.92974,-5.68505],[26.93564,-5.68422],[26.94186,-5.69134],[26.94349,-5.69984],[26.95016,-5.70313],[26.97117,-5.70233],[26.98579,-5.71085],[27.02825,-5.74696],[27.04859,-5.75386],[27.09991,-5.7245],[27.19392,-5.66089],[27.24326,-5.61995],[27.28064,-5.61252],[27.30616,-5.5895],[27.32654,-5.57877],[27.34351,-5.57823],[27.36696,-5.56969],[27.48668,-5.51081],[27.49973,-5.51104],[27.50673,-5.51544],[27.51248,-5.52922],[27.51771,-5.53017],[27.52462,-5.52218],[27.53679,-5.51941],[27.5516,-5.52054],[27.56338,-5.52588],[27.59579,-5.49059],[27.59562,-5.46624],[27.59989,-5.45522],[27.60856,-5.44939],[27.62883,-5.422],[27.65118,-5.38054],[27.6698,-5.36721],[27.65902,-5.31831],[27.66719,-5.30351],[27.68104,-5.2918],[27.7321,-5.26401],[27.71614,-5.2337],[27.71339,-5.23394],[27.70338,-5.21818],[27.70256,-5.20962],[27.71959,-5.186],[27.71507,-5.14628],[27.68692,-5.11841],[27.68469,-5.11121],[27.69369,-5.05891],[27.68395,-5.03501],[27.6719,-5.02239],[27.67356,-5.01003],[27.60211,-5.01657],[26.93432,-4.99995]]]},"properties":{"nom":"Kongolo","province":"Tanganyika","pcode":"CD7409"}},{"type":"Feature","geometry":{"type":"Polygon","coordinates":[[[28.40699,-5.01972],[27.67356,-5.01003],[27.6719,-5.02239],[27.68395,-5.03501],[27.69369,-5.05891],[27.68469,-5.11121],[27.68692,-5.11841],[27.71507,-5.14628],[27.71959,-5.186],[27.70256,-5.20962],[27.70338,-5.21818],[27.71339,-5.23394],[27.71614,-5.2337],[27.7321,-5.26401],[27.68104,-5.2918],[27.66719,-5.30351],[27.65902,-5.31831],[27.6698,-5.36721],[27.65118,-5.38054],[27.62883,-5.422],[27.60856,-5.44939],[27.59989,-5.45522],[27.59562,-5.46624],[27.59579,-5.49059],[27.5837,-5.50618],[27.56338,-5.52588],[27.5516,-5.52054],[27.53679,-5.51941],[27.52462,-5.52218],[27.51771,-5.53017],[27.51248,-5.52922],[27.50673,-5.51544],[27.49973,-5.51104],[27.48668,-5.51081],[27.36696,-5.56969],[27.34351,-5.57823],[27.32654,-5.57877],[27.30616,-5.5895],[27.28064,-5.61252],[27.24326,-5.61995],[27.19392,-5.66089],[27.09991,-5.7245],[27.04859,-5.75386],[27.09173,-5.78226],[27.11934,-5.78997],[27.14125,-5.80052],[27.15249,-5.81391],[27.1559,-5.82344],[27.14171,-5.84096],[27.16982,-5.8573],[27.18454,-5.87393],[27.184,-5.89339],[27.17303,-5.93514],[27.17118,-5.97243],[27.1743,-5.97811],[27.17162,-5.99126],[27.18427,-5.99582],[27.19763,-6.00636],[27.21211,-6.00816],[27.22846,-6.01914],[27.25191,-6.0216],[27.30404,-6.01523],[27.31855,-6.02415],[27.35368,-6.01738],[27.36082,-6.02241],[27.37071,-6.0233],[27.38292,-6.03338],[27.40405,-6.02963],[27.4383,-6.03458],[27.44259,-6.07573],[27.44769,-6.08835],[27.4583,-6.09959],[27.46343,-6.12412],[27.47259,-6.12251],[27.48002,-6.10468],[27.48646,-6.10022],[27.49533,-6.10711],[27.50835,-6.10915],[27.52604,-6.11847],[27.54384,-6.13672],[27.60165,-6.11283],[27.64263,-6.12014],[27.68862,-6.11443],[27.69094,-6.12017],[27.70083,-6.12266],[27.705,-6.13047],[27.73079,-6.14509],[27.73818,-6.15242],[27.74587,-6.18113],[27.76388,-6.20222],[27.77355,-6.20609],[27.77567,-6.21804],[27.79187,-6.24672],[27.79101,-6.25959],[27.79797,-6.27612],[27.82202,-6.31305],[27.82894,-6.31877],[27.83538,-6.31874],[27.83796,-6.33046],[27.84256,-6.33228],[27.84309,-6.34883],[27.85055,-6.37524],[27.8577,-6.3805],[27.85341,-6.40006],[27.8714,-6.41378],[27.87794,-6.43789],[27.88692,-6.4397],[27.91792,-6.43406],[27.92806,-6.4377],[27.93745,-6.431],[27.94852,-6.43785],[27.97613,-6.44372],[28.01029,-6.47531],[28.02237,-6.5033],[28.0126,-6.53093],[28.01384,-6.54229],[28.03742,-6.58117],[28.05381,-6.59604],[28.06694,-6.60173],[28.11503,-6.60935],[28.13278,-6.61916],[28.16549,-6.63052],[28.19201,-6.62569],[28.21279,-6.61492],[28.22726,-6.61279],[28.23749,-6.65916],[28.25894,-6.66338],[28.27009,-6.66945],[28.30014,-6.70712],[28.31071,-6.70924],[28.34469,-6.68609],[28.38872,-6.64802],[28.38773,-6.60423],[28.38474,-6.59754],[28.37931,-6.59512],[28.36722,-6.59574],[28.36123,-6.58358],[28.35831,-6.5629],[28.34638,-6.5579],[28.34102,-6.53734],[28.34302,-6.5118],[28.34905,-6.50253],[28.37934,-6.47792],[28.39526,-6.4505],[28.39906,-6.43352],[28.39715,-6.41391],[28.39001,-6.40958],[28.3865,-6.39718],[28.37657,-6.38803],[28.33264,-6.38408],[28.32274,-6.37953],[28.29233,-6.38655],[28.28682,-6.37774],[28.28719,-6.36836],[28.30992,-6.31845],[28.31022,-6.29841],[28.30812,-6.29025],[28.29438,-6.27382],[28.28583,-6.23271],[28.2931,-6.21493],[28.30692,-6.19897],[28.39266,-6.13441],[28.39825,-6.12556],[28.3943,-6.11994],[28.34598,-6.11948],[28.31414,-6.10951],[28.28368,-6.11024],[28.26068,-6.1192],[28.23884,-6.10942],[28.22835,-6.09921],[28.22762,-6.09186],[28.2126,-6.07261],[28.20455,-6.0708],[28.1944,-6.06119],[28.18128,-6.05733],[28.16349,-6.03625],[28.15682,-6.03582],[28.14504,-6.02693],[28.1315,-6.02535],[28.12665,-6.01916],[28.11145,-6.01209],[28.10863,-6.00292],[28.11197,-5.98249],[28.1257,-5.95244],[28.15145,-5.86361],[28.14015,-5.85239],[28.13017,-5.83081],[28.09137,-5.78336],[28.07319,-5.77723],[28.06488,-5.76645],[28.0752,-5.76157],[28.09591,-5.73505],[28.07179,-5.70728],[28.03237,-5.67155],[28.03929,-5.6657],[28.07585,-5.66551],[28.15922,-5.63587],[28.18992,-5.63231],[28.19567,-5.63505],[28.20033,-5.64883],[28.21162,-5.65821],[28.21125,-5.6773],[28.21729,-5.692],[28.23989,-5.71076],[28.25414,-5.71461],[28.26546,-5.72836],[28.30105,-5.75567],[28.3102,-5.75669],[28.32887,-5.75215],[28.35093,-5.73305],[28.3657,-5.74747],[28.37902,-5.74695],[28.38296,-5.75361],[28.3919,-5.75104],[28.40685,-5.7535],[28.42095,-5.7723],[28.44259,-5.78324],[28.46004,-5.77971],[28.4845,-5.78635],[28.51212,-5.78387],[28.53411,-5.7862],[28.56699,-5.80655],[28.57997,-5.80902],[28.60281,-5.80752],[28.60844,-5.80292],[28.54686,-5.70937],[28.52276,-5.65363],[28.50068,-5.63871],[28.49168,-5.62787],[28.49006,-5.61374],[28.49922,-5.58509],[28.49102,-5.56337],[28.46367,-5.54194],[28.45767,-5.52368],[28.46206,-5.49728],[28.48281,-5.47545],[28.50822,-5.43704],[28.54309,-5.4129],[28.55554,-5.38771],[28.56635,-5.37702],[28.60282,-5.35262],[28.60617,-5.33328],[28.61366,-5.31623],[28.6054,-5.31718],[28.5987,-5.30871],[28.59204,-5.30851],[28.57807,-5.31409],[28.53627,-5.31107],[28.52048,-5.31372],[28.56167,-5.26521],[28.56096,-5.22674],[28.54387,-5.20976],[28.45114,-5.20464],[28.41054,-5.1868],[28.40096,-5.18748],[28.3922,-5.17877],[28.38416,-5.15409],[28.45172,-5.09952],[28.45639,-5.07886],[28.43286,-5.05458],[28.42981,-5.0401],[28.42589,-5.03621],[28.42015,-5.036],[28.41208,-5.02752],[28.41113,-5.02132],[28.40699,-5.01972]]]},"properties":{"nom":"Nyunzu","province":"Tanganyika","pcode":"CD7410"}}]}