{"type":"FeatureCollection","features":[{"type":"Feature","geometry":{"type":"Polygon","coordinates":[[[30.90737,3.36155],[30.90265,3.36684],[30.90437,3.37223],[30.89744,3.37635],[30.90212,3.38103],[30.89981,3.38886],[30.88241,3.3959],[30.8792,3.38727],[30.87092,3.38292],[30.85773,3.39554],[30.84661,3.39455],[30.82766,3.37122],[30.80959,3.35838],[30.81201,3.35199],[30.80754,3.34884],[30.80628,3.32983],[30.82426,3.30875],[30.82165,3.29971],[30.81776,3.29293],[30.79253,3.30168],[30.79166,3.28874],[30.78238,3.2774],[30.76856,3.28801],[30.74753,3.28465],[30.74446,3.2966],[30.731,3.30512],[30.72146,3.30617],[30.70943,3.29679],[30.69029,3.30697],[30.68832,3.31657],[30.67751,3.32883],[30.66801,3.32944],[30.65292,3.34007],[30.64006,3.34134],[30.62093,3.33348],[30.58961,3.34218],[30.58292,3.32772],[30.57497,3.35036],[30.54674,3.35878],[30.54351,3.37028],[30.54891,3.37861],[30.54389,3.39138],[30.55582,3.38765],[30.55843,3.38079],[30.56359,3.38553],[30.58216,3.37506],[30.58607,3.37879],[30.58369,3.38674],[30.59352,3.39648],[30.59295,3.40478],[30.58592,3.408],[30.59007,3.41539],[30.58473,3.42364],[30.5865,3.43636],[30.58283,3.43533],[30.5802,3.44506],[30.56812,3.44773],[30.56719,3.45137],[30.57226,3.45181],[30.56348,3.45563],[30.5639,3.46063],[30.57047,3.4603],[30.57749,3.46804],[30.57372,3.47117],[30.58127,3.48792],[30.59364,3.48721],[30.59524,3.50983],[30.60268,3.51922],[30.60805,3.51875],[30.60709,3.52374],[30.61351,3.52401],[30.61328,3.53283],[30.62399,3.53595],[30.62453,3.5507],[30.63568,3.57677],[30.63395,3.58377],[30.64188,3.59277],[30.63828,3.61864],[30.65934,3.62538],[30.68288,3.64329],[30.72727,3.6233],[30.73558,3.64097],[30.75763,3.63626],[30.7546,3.6555],[30.76424,3.66551],[30.76089,3.67378],[30.76494,3.6775],[30.77044,3.67399],[30.77548,3.68344],[30.78269,3.66828],[30.7978,3.65544],[30.79651,3.63622],[30.80123,3.63231],[30.79555,3.62137],[30.79905,3.60331],[30.80658,3.59962],[30.80499,3.59335],[30.81397,3.58928],[30.82468,3.59242],[30.82487,3.58269],[30.85081,3.58244],[30.86331,3.56616],[30.86376,3.54751],[30.85137,3.52477],[30.84776,3.48749],[30.86935,3.47782],[30.8791,3.48212],[30.87849,3.48857],[30.89676,3.50286],[30.94192,3.50588],[30.9387,3.4952],[30.94306,3.47987],[30.93847,3.47089],[30.94395,3.46575],[30.93703,3.45985],[30.94029,3.42222],[30.93658,3.39896],[30.91839,3.38749],[30.91926,3.37487],[30.90737,3.36155]]]},"properties":{"nom":"Adi","province":"Ituri","antenne":"Aru"}},{"type":"Feature","geometry":{"type":"Polygon","coordinates":[[[30.37028,3.22355],[30.38118,3.22094],[30.39486,3.20548],[30.41449,3.19715],[30.42277,3.18771],[30.42013,3.17265],[30.42885,3.1676],[30.45967,3.16585],[30.47021,3.14831],[30.47765,3.1474],[30.48022,3.12859],[30.47293,3.12341],[30.48058,3.12039],[30.48004,3.10185],[30.48853,3.08371],[30.50036,3.08416],[30.50438,3.08935],[30.51671,3.08259],[30.51659,3.09111],[30.52164,3.08325],[30.52549,3.08679],[30.53648,3.08366],[30.53999,3.08789],[30.55827,3.08121],[30.57856,3.08099],[30.58134,3.07118],[30.59488,3.07874],[30.59248,3.09355],[30.5965,3.10224],[30.60882,3.09895],[30.60808,3.09487],[30.63341,3.09017],[30.63887,3.0785],[30.62356,3.07106],[30.62162,3.0638],[30.62813,3.0512],[30.6562,3.04411],[30.65667,3.03403],[30.66499,3.02129],[30.70316,3.01575],[30.70612,2.9952],[30.73068,3.00059],[30.74072,3.00737],[30.74852,3.00297],[30.73317,2.97205],[30.72028,2.96604],[30.69211,2.98547],[30.67733,2.98353],[30.67191,2.97719],[30.65877,2.97971],[30.62911,2.95254],[30.62151,2.92751],[30.617,2.92222],[30.61224,2.92634],[30.60616,2.91581],[30.60672,2.90545],[30.573,2.89882],[30.5574,2.93268],[30.54551,2.93058],[30.50843,2.94333],[30.49997,2.94047],[30.48987,2.94943],[30.48409,2.94542],[30.48698,2.92957],[30.47078,2.92099],[30.47224,2.92834],[30.46276,2.95396],[30.41733,2.95524],[30.39363,2.97158],[30.36834,2.94741],[30.36307,2.9588],[30.36203,2.98187],[30.37535,2.98413],[30.38795,3.00167],[30.35384,3.0234],[30.34859,3.03295],[30.31307,3.04449],[30.31067,3.05246],[30.32194,3.05422],[30.3203,3.06976],[30.32978,3.07748],[30.3337,3.0964],[30.34619,3.11972],[30.36386,3.12594],[30.3713,3.13397],[30.37294,3.15382],[30.38206,3.15631],[30.39009,3.18511],[30.38453,3.205],[30.36927,3.21034],[30.37028,3.22355]]]},"properties":{"nom":"Adja","province":"Ituri","antenne":"Aru"}},{"type":"Feature","geometry":{"type":"Polygon","coordinates":[[[31.18013,2.0844],[31.15825,2.05555],[31.12566,2.03614],[31.09499,2.0259],[31.08111,2.01184],[31.0277,1.97864],[31.02074,1.96698],[30.99469,1.95421],[30.9944,1.94203],[30.97631,1.93718],[30.96534,1.94037],[30.93527,1.92137],[30.92042,1.90281],[30.91731,1.90569],[30.91029,1.92843],[30.91177,1.94086],[30.92903,1.96937],[30.94866,1.98466],[30.94854,1.9813],[30.95583,1.98261],[30.95132,1.98654],[30.96244,1.99815],[30.95427,2.00353],[30.95563,2.01166],[30.97287,2.02362],[30.98135,2.0414],[30.97763,2.05893],[30.98468,2.06954],[30.98185,2.07377],[30.98527,2.08007],[30.99488,2.08314],[30.99406,2.0937],[31.00796,2.08747],[31.01615,2.0979],[31.02704,2.07231],[31.03575,2.07676],[31.05327,2.06663],[31.0589,2.07419],[31.08188,2.07675],[31.09739,2.09728],[31.11741,2.10183],[31.1231,2.10947],[31.13024,2.10274],[31.14441,2.10774],[31.16048,2.10384],[31.1667,2.08985],[31.18013,2.0844]]]},"properties":{"nom":"Angumu","province":"Ituri","antenne":"Aru"}},{"type":"Feature","geometry":{"type":"Polygon","coordinates":[[[30.90737,3.36155],[30.88748,3.34115],[30.89256,3.31457],[30.88748,3.31656],[30.87459,3.3055],[30.87521,3.29488],[30.86642,3.28603],[30.87067,3.28048],[30.84195,3.26974],[30.83825,3.26328],[30.83614,3.25107],[30.84106,3.23914],[30.82967,3.2271],[30.82665,3.21775],[30.82967,3.20422],[30.80965,3.16145],[30.80905,3.14237],[30.80209,3.13538],[30.79943,3.10414],[30.79351,3.09515],[30.79435,3.06911],[30.76799,3.05191],[30.77792,3.03657],[30.7788,3.02524],[30.77159,3.02356],[30.76436,3.01338],[30.76282,2.99838],[30.74072,3.00737],[30.73068,3.00059],[30.70594,2.99527],[30.70316,3.01575],[30.66499,3.02129],[30.65667,3.03403],[30.6562,3.04411],[30.62813,3.0512],[30.62172,3.06845],[30.6387,3.08089],[30.63341,3.09017],[30.60791,3.0954],[30.61007,3.113],[30.61773,3.11246],[30.62828,3.12122],[30.63488,3.13515],[30.64542,3.13969],[30.6564,3.13461],[30.65314,3.14668],[30.65952,3.15055],[30.65325,3.16349],[30.64142,3.16302],[30.6393,3.17266],[30.62413,3.18246],[30.62878,3.19267],[30.62116,3.20063],[30.63385,3.21671],[30.63072,3.22079],[30.63817,3.23511],[30.63637,3.24466],[30.65164,3.24695],[30.66058,3.23618],[30.66719,3.23528],[30.67123,3.22418],[30.68641,3.2241],[30.69356,3.2304],[30.69033,3.23679],[30.69463,3.24546],[30.67404,3.25314],[30.68018,3.27918],[30.69498,3.30521],[30.70943,3.29679],[30.72146,3.30617],[30.731,3.30512],[30.74446,3.2966],[30.74753,3.28465],[30.76856,3.28801],[30.78232,3.2774],[30.79166,3.28874],[30.79253,3.30168],[30.81788,3.29296],[30.82428,3.30869],[30.8063,3.32976],[30.80754,3.34884],[30.81201,3.35199],[30.80959,3.35838],[30.82766,3.37122],[30.84664,3.39456],[30.85773,3.39554],[30.87092,3.38292],[30.8792,3.38727],[30.88241,3.3959],[30.89981,3.38886],[30.90212,3.38103],[30.89744,3.37635],[30.90437,3.37223],[30.90265,3.36684],[30.90737,3.36155]]]},"properties":{"nom":"Ariwara","province":"Ituri","antenne":"Aru"}},{"type":"Feature","geometry":{"type":"Polygon","coordinates":[[[30.79687,2.66975],[30.78843,2.6733],[30.7823,2.68564],[30.77736,2.68307],[30.77388,2.70332],[30.74631,2.70632],[30.74851,2.71423],[30.73518,2.72241],[30.73156,2.72054],[30.7254,2.72876],[30.70589,2.72558],[30.68333,2.73553],[30.67029,2.7138],[30.66849,2.69047],[30.66375,2.68298],[30.64321,2.67713],[30.64384,2.65593],[30.62089,2.6355],[30.59083,2.64842],[30.56658,2.6333],[30.56851,2.64976],[30.55979,2.65446],[30.55931,2.65958],[30.55652,2.65652],[30.54828,2.6629],[30.55986,2.68517],[30.55729,2.68969],[30.5632,2.69436],[30.56376,2.72],[30.56898,2.72218],[30.57654,2.73839],[30.57541,2.74627],[30.58257,2.75548],[30.5771,2.76293],[30.58851,2.78493],[30.58198,2.79113],[30.59069,2.81325],[30.58571,2.8175],[30.60339,2.84712],[30.60258,2.85974],[30.60957,2.87451],[30.60667,2.87828],[30.6112,2.88068],[30.60616,2.91581],[30.61224,2.92634],[30.6183,2.92287],[30.62911,2.95254],[30.65877,2.97971],[30.67191,2.97719],[30.67733,2.98353],[30.69211,2.98547],[30.72028,2.96604],[30.733,2.97189],[30.74881,3.00224],[30.76282,2.99838],[30.76436,3.01338],[30.77159,3.02356],[30.7788,3.02524],[30.80218,3.00681],[30.81692,3.00823],[30.82258,3.0041],[30.82547,2.98868],[30.83826,2.97362],[30.858,2.96167],[30.85337,2.95068],[30.86059,2.93402],[30.85744,2.92829],[30.86683,2.92212],[30.8654,2.91457],[30.86928,2.90384],[30.87483,2.9018],[30.87431,2.89095],[30.88725,2.88053],[30.89008,2.86058],[30.88391,2.83788],[30.88415,2.81415],[30.86751,2.79409],[30.85921,2.7736],[30.84416,2.76498],[30.83731,2.76703],[30.83593,2.75675],[30.82275,2.74973],[30.82654,2.7292],[30.80822,2.70869],[30.81068,2.69482],[30.80518,2.67826],[30.79687,2.66975]]]},"properties":{"nom":"Aru","province":"Ituri","antenne":"Aru"}},{"type":"Feature","geometry":{"type":"Polygon","coordinates":[[[30.55088,2.6708],[30.54852,2.66224],[30.55652,2.65652],[30.55931,2.65958],[30.55979,2.65446],[30.56857,2.64964],[30.56658,2.6333],[30.59083,2.64842],[30.62043,2.63527],[30.64384,2.65593],[30.64321,2.67713],[30.66394,2.68319],[30.67032,2.71389],[30.68333,2.73553],[30.70589,2.72558],[30.7254,2.72876],[30.73156,2.72054],[30.73518,2.72241],[30.74851,2.71423],[30.74631,2.70632],[30.77388,2.70332],[30.77736,2.68307],[30.7823,2.68564],[30.78843,2.6733],[30.79687,2.66975],[30.79775,2.66039],[30.78663,2.64544],[30.79087,2.63491],[30.77962,2.61678],[30.77796,2.6037],[30.76,2.59639],[30.75009,2.58628],[30.7576,2.56491],[30.75633,2.53824],[30.76181,2.51007],[30.75854,2.49777],[30.74636,2.49132],[30.74424,2.45995],[30.74007,2.45419],[30.7485,2.44106],[30.75164,2.4197],[30.75519,2.42656],[30.77035,2.43093],[30.77793,2.4387],[30.79787,2.42695],[30.79177,2.41655],[30.79483,2.40014],[30.77746,2.38857],[30.76847,2.39168],[30.76271,2.38368],[30.77354,2.36307],[30.77947,2.36462],[30.7899,2.35635],[30.79507,2.36158],[30.80416,2.3606],[30.80876,2.35287],[30.80656,2.3454],[30.78255,2.33445],[30.7834,2.31386],[30.77576,2.30651],[30.75311,2.33139],[30.75019,2.33938],[30.75379,2.34673],[30.74295,2.38209],[30.72608,2.38701],[30.71489,2.39772],[30.69241,2.38544],[30.6845,2.39583],[30.68856,2.41159],[30.68249,2.42084],[30.6626,2.42658],[30.66154,2.44351],[30.65435,2.43811],[30.64263,2.44514],[30.63398,2.43123],[30.61235,2.44348],[30.60471,2.44291],[30.60151,2.45161],[30.6093,2.45989],[30.60536,2.46906],[30.61048,2.48134],[30.61696,2.47817],[30.61954,2.48193],[30.61329,2.48843],[30.59677,2.48785],[30.59588,2.50817],[30.57028,2.51841],[30.54558,2.48938],[30.5378,2.47498],[30.53794,2.46425],[30.52709,2.46636],[30.5166,2.45863],[30.51154,2.435],[30.4873,2.42698],[30.47302,2.42847],[30.46456,2.40188],[30.43558,2.39846],[30.42303,2.40313],[30.38734,2.3974],[30.38858,2.40983],[30.40248,2.43689],[30.39091,2.47609],[30.40698,2.49125],[30.41637,2.51499],[30.4294,2.513],[30.42104,2.52963],[30.42877,2.55743],[30.42278,2.56891],[30.43423,2.58592],[30.4455,2.58487],[30.44602,2.60355],[30.44324,2.60186],[30.435,2.6162],[30.44003,2.66446],[30.42538,2.68655],[30.42835,2.70859],[30.42331,2.72521],[30.41197,2.74019],[30.41145,2.75502],[30.38569,2.77512],[30.37666,2.78784],[30.39221,2.80691],[30.39151,2.82282],[30.37688,2.82625],[30.38041,2.83361],[30.37631,2.83885],[30.37207,2.83476],[30.36484,2.83764],[30.37088,2.84237],[30.37074,2.85075],[30.36293,2.85781],[30.3667,2.861],[30.35563,2.86725],[30.3536,2.86057],[30.3477,2.86037],[30.34239,2.87351],[30.32437,2.87485],[30.33066,2.88709],[30.36544,2.88966],[30.37296,2.87587],[30.39023,2.86466],[30.38772,2.85152],[30.39623,2.83492],[30.41251,2.82804],[30.42233,2.81689],[30.4267,2.82034],[30.43728,2.81418],[30.44962,2.79519],[30.46142,2.7921],[30.47193,2.7753],[30.48033,2.77139],[30.48262,2.76305],[30.49823,2.75524],[30.50448,2.74447],[30.50392,2.72526],[30.50851,2.71933],[30.5185,2.71973],[30.52759,2.70914],[30.52306,2.67512],[30.53082,2.67208],[30.53461,2.6766],[30.55088,2.6708]]]},"properties":{"nom":"Aungba","province":"Ituri","antenne":"Aru"}},{"type":"Feature","geometry":{"type":"Polygon","coordinates":[[[30.31067,3.05246],[30.31307,3.04449],[30.34859,3.03295],[30.35384,3.0234],[30.38795,3.00167],[30.37535,2.98413],[30.36203,2.98187],[30.36307,2.9588],[30.36841,2.94738],[30.39363,2.97158],[30.41733,2.95524],[30.46308,2.95382],[30.47224,2.92834],[30.47056,2.921],[30.48698,2.92957],[30.48409,2.94542],[30.48987,2.94943],[30.49997,2.94047],[30.50843,2.94333],[30.54551,2.93058],[30.5574,2.93268],[30.57289,2.89882],[30.60725,2.90432],[30.6112,2.88068],[30.60667,2.87828],[30.60957,2.87451],[30.60258,2.85974],[30.60082,2.83827],[30.58839,2.82712],[30.58571,2.8175],[30.59069,2.81325],[30.58198,2.79113],[30.58851,2.78493],[30.5771,2.76293],[30.58257,2.75548],[30.57541,2.74627],[30.57654,2.73839],[30.56898,2.72218],[30.56376,2.72],[30.5632,2.69436],[30.55729,2.68969],[30.55986,2.68517],[30.55124,2.67116],[30.53461,2.6766],[30.53082,2.67208],[30.52306,2.67512],[30.52759,2.70914],[30.5185,2.71973],[30.50851,2.71933],[30.50392,2.72526],[30.50448,2.74447],[30.49751,2.75621],[30.48262,2.76305],[30.48033,2.77139],[30.47193,2.7753],[30.46142,2.7921],[30.44962,2.79519],[30.43728,2.81418],[30.4267,2.82034],[30.42233,2.81689],[30.41251,2.82804],[30.39623,2.83492],[30.38772,2.85152],[30.39023,2.86466],[30.37296,2.87587],[30.36544,2.88966],[30.33066,2.88709],[30.32437,2.87485],[30.34239,2.87351],[30.3477,2.86037],[30.3536,2.86057],[30.35563,2.86725],[30.3667,2.861],[30.36293,2.85781],[30.37074,2.85075],[30.37088,2.84237],[30.36484,2.83764],[30.37207,2.83476],[30.37631,2.83885],[30.38041,2.83361],[30.37688,2.82625],[30.39151,2.82282],[30.39221,2.80691],[30.37666,2.78784],[30.38569,2.77512],[30.41145,2.75502],[30.41197,2.74019],[30.42331,2.72521],[30.42835,2.70859],[30.42538,2.68655],[30.44003,2.66446],[30.435,2.6162],[30.44324,2.60186],[30.44602,2.60355],[30.4455,2.58487],[30.43423,2.58592],[30.42278,2.56891],[30.42877,2.55743],[30.42104,2.52963],[30.4294,2.513],[30.41637,2.51499],[30.40698,2.49125],[30.39091,2.47609],[30.40246,2.4431],[30.39582,2.4175],[30.38858,2.40983],[30.38463,2.39438],[30.30936,2.38062],[30.30614,2.39578],[30.31454,2.42911],[30.28885,2.42208],[30.28605,2.42928],[30.19189,2.43511],[30.18582,2.41458],[30.17736,2.4074],[30.17449,2.37936],[30.16689,2.38131],[30.16408,2.38729],[30.15895,2.38088],[30.1505,2.38435],[30.14262,2.37723],[30.14257,2.41056],[30.12743,2.42669],[30.1444,2.51153],[30.18763,2.55584],[30.19409,2.57294],[30.18471,2.58432],[30.2074,2.5924],[30.21327,2.60452],[30.20863,2.66932],[30.1964,2.7006],[30.18531,2.70986],[30.17925,2.73714],[30.18283,2.75463],[30.19494,2.76252],[30.19604,2.77024],[30.18972,2.78262],[30.17786,2.78103],[30.16094,2.78924],[30.14862,2.8024],[30.15177,2.8127],[30.15976,2.81732],[30.18026,2.81996],[30.205,2.81628],[30.2137,2.82454],[30.2073,2.88121],[30.20565,2.87846],[30.19555,2.88576],[30.19416,2.86993],[30.16804,2.8754],[30.16499,2.87987],[30.16123,2.87502],[30.15504,2.87836],[30.14153,2.87244],[30.13551,2.88096],[30.13253,2.87885],[30.13017,2.89714],[30.14928,2.9128],[30.151,2.91765],[30.14262,2.93009],[30.14693,2.93185],[30.14685,2.93971],[30.15682,2.94548],[30.15999,2.95799],[30.16741,2.96419],[30.19214,2.9528],[30.19656,2.96372],[30.20068,2.96211],[30.19981,2.98317],[30.18999,2.98832],[30.19539,3.01423],[30.22137,3.02356],[30.22977,3.03911],[30.25223,3.03583],[30.25806,3.05476],[30.25406,3.07152],[30.26984,3.07773],[30.28139,3.07214],[30.28463,3.06118],[30.31067,3.05246]]]},"properties":{"nom":"Biringi","province":"Ituri","antenne":"Aru"}},{"type":"Feature","geometry":{"type":"Polygon","coordinates":[[[30.77576,2.30651],[30.76777,2.29513],[30.75928,2.29416],[30.74759,2.29809],[30.74587,2.31044],[30.73978,2.31258],[30.73323,2.31084],[30.72747,2.29742],[30.70779,2.30332],[30.68692,2.29339],[30.67142,2.296],[30.66112,2.31171],[30.62422,2.28369],[30.6287,2.27234],[30.62863,2.2484],[30.61031,2.23965],[30.6182,2.22653],[30.62457,2.22845],[30.63161,2.20605],[30.61611,2.20208],[30.61088,2.19207],[30.63672,2.18039],[30.64977,2.18362],[30.65062,2.18954],[30.67087,2.1875],[30.67867,2.17572],[30.68652,2.17483],[30.70395,2.19673],[30.70483,2.18752],[30.72267,2.17846],[30.7285,2.16696],[30.72127,2.14947],[30.70251,2.13918],[30.70091,2.13278],[30.69318,2.13948],[30.6676,2.13708],[30.65537,2.1282],[30.62577,2.12274],[30.61792,2.1526],[30.60908,2.15478],[30.59018,2.14119],[30.57025,2.17471],[30.55916,2.17844],[30.51775,2.1655],[30.50739,2.16045],[30.50367,2.15082],[30.48427,2.14586],[30.47088,2.15505],[30.44935,2.15597],[30.44617,2.19266],[30.40968,2.18092],[30.39793,2.18391],[30.39677,2.20225],[30.43009,2.2102],[30.4403,2.21882],[30.43969,2.23238],[30.43137,2.24034],[30.40021,2.25802],[30.37895,2.26434],[30.36471,2.25379],[30.3641,2.2462],[30.31401,2.28045],[30.31494,2.31622],[30.30222,2.31563],[30.29661,2.30885],[30.29127,2.31169],[30.28265,2.33193],[30.27282,2.32955],[30.26279,2.34013],[30.25401,2.37022],[30.24485,2.37696],[30.23922,2.37567],[30.22281,2.39298],[30.20299,2.39468],[30.19107,2.40614],[30.19017,2.41469],[30.18582,2.41458],[30.19189,2.43511],[30.28605,2.42928],[30.28885,2.42208],[30.31442,2.42916],[30.30614,2.39578],[30.30936,2.38062],[30.33645,2.38295],[30.42123,2.40293],[30.43558,2.39846],[30.46447,2.40182],[30.47302,2.42847],[30.4873,2.42698],[30.50987,2.4338],[30.52052,2.46333],[30.53064,2.46692],[30.53794,2.46425],[30.53805,2.47552],[30.56751,2.51903],[30.59588,2.50817],[30.59684,2.48781],[30.61329,2.48843],[30.61954,2.48193],[30.61696,2.47817],[30.61048,2.48134],[30.60536,2.46906],[30.6093,2.45989],[30.60151,2.45161],[30.60471,2.44291],[30.61235,2.44348],[30.63398,2.43123],[30.64263,2.44514],[30.65435,2.43811],[30.66154,2.44351],[30.6626,2.42658],[30.68249,2.42084],[30.68856,2.41159],[30.6845,2.39583],[30.69241,2.38544],[30.71489,2.39772],[30.72608,2.38701],[30.74295,2.38209],[30.75379,2.34673],[30.75019,2.33938],[30.75311,2.33139],[30.77576,2.30651]]]},"properties":{"nom":"Kambala","province":"Ituri","antenne":"Aru"}},{"type":"Feature","geometry":{"type":"Polygon","coordinates":[[[30.63698,3.61615],[30.64225,3.60614],[30.64188,3.59277],[30.63395,3.58377],[30.63568,3.57677],[30.62453,3.5507],[30.62399,3.53595],[30.61328,3.53283],[30.61351,3.52401],[30.60709,3.52374],[30.60805,3.51875],[30.60268,3.51922],[30.59524,3.50983],[30.59364,3.48721],[30.58127,3.48792],[30.57372,3.47117],[30.57749,3.46804],[30.57047,3.4603],[30.5639,3.46063],[30.56348,3.45563],[30.57226,3.45181],[30.56719,3.45137],[30.56812,3.44773],[30.5802,3.44506],[30.58283,3.43533],[30.5865,3.43636],[30.58473,3.42364],[30.59007,3.41539],[30.58592,3.408],[30.59295,3.40478],[30.59352,3.39648],[30.58369,3.38674],[30.58607,3.37879],[30.58216,3.37506],[30.56359,3.38553],[30.55843,3.38079],[30.55582,3.38765],[30.54389,3.39138],[30.54891,3.37849],[30.54339,3.36819],[30.54682,3.35872],[30.57742,3.34825],[30.58292,3.32772],[30.59025,3.34221],[30.62093,3.33348],[30.63992,3.34131],[30.65277,3.3401],[30.68062,3.32633],[30.69498,3.3051],[30.68018,3.27918],[30.67404,3.25314],[30.69463,3.24546],[30.69032,3.23669],[30.69362,3.23051],[30.68641,3.2241],[30.67123,3.22418],[30.66719,3.23528],[30.66058,3.23618],[30.65164,3.24695],[30.63665,3.24517],[30.63817,3.23511],[30.63072,3.22079],[30.63385,3.21671],[30.62116,3.20063],[30.62878,3.19267],[30.62413,3.18246],[30.6393,3.17266],[30.64142,3.16302],[30.65284,3.16369],[30.65628,3.15987],[30.65952,3.15055],[30.65314,3.14661],[30.65643,3.13465],[30.64542,3.13969],[30.63488,3.13515],[30.62828,3.12122],[30.61773,3.11246],[30.60965,3.11241],[30.6093,3.09885],[30.5963,3.1021],[30.59331,3.07639],[30.58134,3.07118],[30.57856,3.08099],[30.55827,3.08121],[30.53999,3.08789],[30.53648,3.08366],[30.52549,3.08679],[30.52164,3.08325],[30.51659,3.09111],[30.51671,3.08259],[30.50438,3.08935],[30.50036,3.08416],[30.48904,3.08345],[30.48004,3.10185],[30.48058,3.12039],[30.47293,3.12341],[30.48022,3.12859],[30.47768,3.14736],[30.47021,3.14831],[30.45967,3.16585],[30.42885,3.1676],[30.42013,3.17265],[30.42277,3.18771],[30.41449,3.19715],[30.39486,3.20548],[30.38118,3.22094],[30.37028,3.22355],[30.37972,3.2504],[30.36904,3.27367],[30.35575,3.27706],[30.35428,3.28138],[30.3634,3.28293],[30.35921,3.29347],[30.33699,3.30476],[30.34078,3.31347],[30.34739,3.31092],[30.37597,3.31603],[30.37785,3.32037],[30.38834,3.32237],[30.38963,3.33775],[30.37693,3.35218],[30.39229,3.3595],[30.396,3.37519],[30.38945,3.38296],[30.38215,3.38035],[30.38013,3.38819],[30.38921,3.39787],[30.40088,3.39243],[30.40632,3.39778],[30.42165,3.42118],[30.4211,3.4338],[30.43048,3.44792],[30.42265,3.46611],[30.41667,3.46938],[30.4023,3.47313],[30.38905,3.46865],[30.38366,3.47985],[30.39209,3.48547],[30.38908,3.49],[30.3934,3.49707],[30.38266,3.50338],[30.38741,3.51428],[30.38157,3.51727],[30.3805,3.525],[30.38527,3.52196],[30.39454,3.52605],[30.39722,3.53289],[30.41213,3.53041],[30.43111,3.53457],[30.4429,3.55168],[30.44885,3.55341],[30.44911,3.55993],[30.45569,3.55913],[30.46181,3.57566],[30.47651,3.58093],[30.47751,3.58881],[30.48419,3.58857],[30.48641,3.60572],[30.53612,3.61576],[30.54536,3.61124],[30.54656,3.61795],[30.56085,3.62139],[30.57775,3.62031],[30.58668,3.61051],[30.60388,3.61067],[30.61576,3.60552],[30.62835,3.60667],[30.63698,3.61615]]]},"properties":{"nom":"Laybo","province":"Ituri","antenne":"Aru"}},{"type":"Feature","geometry":{"type":"Polygon","coordinates":[[[31.0314,2.19949],[31.03585,2.1702],[31.02662,2.1615],[31.00972,2.16635],[31.00358,2.15973],[30.99608,2.16099],[30.99377,2.14902],[30.98536,2.14442],[30.98497,2.13353],[30.97884,2.13044],[30.97898,2.12557],[30.98963,2.12479],[30.99129,2.11604],[30.98687,2.11369],[30.99497,2.08339],[30.98545,2.08024],[30.98186,2.07383],[30.98468,2.06954],[30.97763,2.05893],[30.98135,2.0414],[30.97304,2.02383],[30.96011,2.01238],[30.95297,2.01175],[30.93031,2.0245],[30.92715,2.03587],[30.9302,2.04135],[30.92437,2.03697],[30.90911,2.05388],[30.91057,2.06954],[30.91645,2.07602],[30.91039,2.08651],[30.91053,2.11023],[30.91563,2.12556],[30.90989,2.12817],[30.9002,2.12001],[30.9,2.10703],[30.86241,2.10679],[30.85535,2.09716],[30.84404,2.10973],[30.82135,2.11432],[30.82378,2.11938],[30.80015,2.12763],[30.80221,2.1403],[30.79572,2.14855],[30.80278,2.15482],[30.80001,2.16208],[30.80848,2.16825],[30.80974,2.17867],[30.81772,2.16716],[30.83511,2.17317],[30.83764,2.16365],[30.85403,2.15538],[30.85383,2.14536],[30.86007,2.14065],[30.88482,2.13788],[30.887,2.14807],[30.86585,2.14868],[30.86335,2.15593],[30.85487,2.16068],[30.85932,2.16768],[30.87114,2.17125],[30.8663,2.18086],[30.87209,2.18905],[30.87258,2.20461],[30.86522,2.20936],[30.85883,2.20685],[30.85516,2.22026],[30.84449,2.2182],[30.84937,2.22324],[30.84731,2.23686],[30.85754,2.2403],[30.85686,2.25597],[30.8637,2.25718],[30.87179,2.28343],[30.89304,2.30114],[30.90004,2.28662],[30.90389,2.28663],[30.91368,2.30429],[30.92566,2.2864],[30.94374,2.28162],[30.94402,2.26816],[30.96126,2.25429],[30.97063,2.25233],[30.96761,2.24676],[30.97735,2.24272],[30.9784,2.22428],[30.98531,2.22084],[30.98839,2.22815],[30.9936,2.21118],[31.00953,2.19834],[31.01234,2.18877],[31.02612,2.20224],[31.0314,2.19949]]]},"properties":{"nom":"Logo","province":"Ituri","antenne":"Aru"}},{"type":"Feature","geometry":{"type":"Polygon","coordinates":[[[31.09913,2.27897],[31.08514,2.25575],[31.0725,2.25919],[31.06966,2.26606],[31.05884,2.27148],[31.04591,2.26723],[31.04325,2.2541],[31.03312,2.26361],[31.02873,2.25305],[31.03315,2.23544],[31.02917,2.21684],[31.03479,2.20564],[31.01247,2.18872],[31.00953,2.19834],[30.9936,2.21118],[30.98839,2.22815],[30.98531,2.22084],[30.9784,2.22428],[30.97735,2.24272],[30.96761,2.24676],[30.97063,2.25233],[30.96126,2.25429],[30.94402,2.26816],[30.94393,2.28143],[30.92559,2.28646],[30.91724,2.30341],[30.90563,2.29496],[30.90355,2.28651],[30.89777,2.28775],[30.89492,2.30147],[30.8852,2.29237],[30.86777,2.29544],[30.86489,2.31735],[30.85386,2.32046],[30.84833,2.33514],[30.8398,2.32746],[30.81598,2.32842],[30.80632,2.31924],[30.78564,2.32386],[30.78255,2.33445],[30.80662,2.34545],[30.80752,2.35764],[30.79779,2.36209],[30.78983,2.35636],[30.77947,2.36462],[30.77362,2.36302],[30.76271,2.38368],[30.76847,2.39168],[30.77746,2.38857],[30.79483,2.40014],[30.79177,2.41655],[30.79787,2.42695],[30.81978,2.42384],[30.83383,2.42698],[30.83248,2.41722],[30.8376,2.41485],[30.83789,2.40399],[30.84571,2.39728],[30.84786,2.38494],[30.87272,2.36898],[30.88121,2.34157],[30.91056,2.33149],[30.91284,2.3414],[30.93184,2.33487],[30.94177,2.34371],[30.94935,2.36207],[30.94219,2.36693],[30.94179,2.3744],[30.95446,2.40051],[30.96152,2.39474],[30.96592,2.40068],[30.99369,2.40299],[31.00201,2.39606],[31.01081,2.39682],[31.01271,2.38746],[31.02193,2.38228],[31.02727,2.38426],[31.0386,2.36897],[31.07431,2.34363],[31.06936,2.33331],[31.08547,2.30939],[31.07868,2.30179],[31.07008,2.30285],[31.09913,2.27897]]]},"properties":{"nom":"Mahagi","province":"Ituri","antenne":"Aru"}},{"type":"Feature","geometry":{"type":"Polygon","coordinates":[[[31.18013,2.0844],[31.1667,2.08985],[31.16048,2.10384],[31.14441,2.10774],[31.13024,2.10274],[31.1231,2.10947],[31.11741,2.10183],[31.09739,2.09728],[31.08188,2.07675],[31.0589,2.07419],[31.05327,2.06663],[31.03575,2.07676],[31.02704,2.07231],[31.01615,2.0979],[31.00788,2.08745],[30.99156,2.09485],[30.98686,2.11381],[30.99129,2.11604],[30.98963,2.12479],[30.97799,2.12745],[30.98497,2.13353],[30.98536,2.14442],[30.99371,2.14892],[30.99608,2.16099],[31.00358,2.15973],[31.00972,2.16635],[31.02672,2.16153],[31.03713,2.17381],[31.0314,2.18024],[31.03481,2.20589],[31.02917,2.21684],[31.03315,2.23544],[31.02874,2.25327],[31.03352,2.26399],[31.04325,2.2541],[31.04591,2.26723],[31.05884,2.27148],[31.06966,2.26606],[31.0725,2.25919],[31.08514,2.25575],[31.10089,2.27905],[31.13108,2.26215],[31.1413,2.28108],[31.16651,2.27566],[31.20363,2.29284],[31.20308,2.22086],[31.24934,2.19899],[31.27724,2.17808],[31.27244,2.16979],[31.277,2.16909],[31.26082,2.14589],[31.24063,2.14233],[31.24129,2.1172],[31.22646,2.10838],[31.21058,2.11053],[31.19627,2.10663],[31.1844,2.0974],[31.18013,2.0844]]]},"properties":{"nom":"Nyarambe","province":"Ituri","antenne":"Aru"}},{"type":"Feature","geometry":{"type":"Polygon","coordinates":[[[30.88444,2.2927],[30.87179,2.28343],[30.8637,2.25718],[30.85691,2.25608],[30.85759,2.24042],[30.84734,2.23691],[30.84937,2.22324],[30.84449,2.2182],[30.85516,2.22026],[30.85883,2.20685],[30.86522,2.20936],[30.87258,2.20461],[30.87209,2.18905],[30.8663,2.18086],[30.87114,2.17125],[30.85932,2.16768],[30.85487,2.16068],[30.86335,2.15593],[30.86585,2.14868],[30.887,2.14807],[30.88482,2.13788],[30.86007,2.14065],[30.85383,2.14536],[30.85403,2.15538],[30.83764,2.16365],[30.83511,2.17317],[30.81772,2.16716],[30.80974,2.17867],[30.80848,2.16825],[30.80001,2.16208],[30.80278,2.15482],[30.79572,2.14855],[30.80221,2.1403],[30.79967,2.12997],[30.78434,2.13811],[30.77229,2.13717],[30.76469,2.12519],[30.75661,2.12532],[30.74198,2.09547],[30.724,2.09234],[30.69746,2.11881],[30.67702,2.11803],[30.66772,2.12348],[30.66883,2.13708],[30.69318,2.13948],[30.70091,2.13278],[30.70251,2.13918],[30.72375,2.15314],[30.72848,2.16717],[30.72267,2.17846],[30.70483,2.18752],[30.70405,2.19665],[30.69775,2.19364],[30.69777,2.18693],[30.68652,2.17483],[30.67867,2.17572],[30.67087,2.1875],[30.65062,2.18954],[30.64977,2.18362],[30.63672,2.18039],[30.61085,2.19214],[30.61611,2.20208],[30.63161,2.20605],[30.62457,2.22845],[30.6182,2.22653],[30.61031,2.23965],[30.62863,2.2484],[30.6287,2.27234],[30.62422,2.28369],[30.66034,2.31144],[30.67142,2.296],[30.68708,2.29338],[30.70779,2.30332],[30.72747,2.29742],[30.73329,2.3109],[30.74299,2.31231],[30.74759,2.29809],[30.76312,2.29413],[30.7833,2.31366],[30.78564,2.32386],[30.80632,2.31924],[30.81598,2.32842],[30.8398,2.32746],[30.84833,2.33514],[30.85386,2.32046],[30.86489,2.31735],[30.86774,2.29546],[30.88444,2.2927]]]},"properties":{"nom":"Rimba","province":"Ituri","antenne":"Aru"}},{"type":"Feature","geometry":{"type":"Polygon","coordinates":[[[30.32338,1.9823],[30.31188,1.97448],[30.31417,1.96773],[30.30891,1.96288],[30.30374,1.96509],[30.30637,1.95852],[30.29711,1.94855],[30.30351,1.93262],[30.29476,1.92577],[30.29744,1.90398],[30.28826,1.90531],[30.28135,1.89861],[30.2722,1.89914],[30.26575,1.9043],[30.2673,1.90851],[30.25995,1.90937],[30.25998,1.91481],[30.25085,1.91711],[30.2422,1.9079],[30.24369,1.88929],[30.25908,1.87815],[30.25531,1.87614],[30.26014,1.86604],[30.2493,1.84109],[30.254,1.81962],[30.26001,1.81223],[30.2503,1.78501],[30.26039,1.76814],[30.25698,1.74959],[30.26572,1.74126],[30.264,1.72193],[30.26939,1.70927],[30.28015,1.70704],[30.28102,1.69776],[30.26251,1.69861],[30.26156,1.69068],[30.26704,1.68912],[30.26146,1.68413],[30.26698,1.68346],[30.25906,1.67534],[30.2231,1.70091],[30.21472,1.6923],[30.20057,1.70162],[30.19604,1.67671],[30.17683,1.67216],[30.17307,1.68045],[30.15319,1.68164],[30.14185,1.67193],[30.1361,1.65628],[30.12853,1.65306],[30.13105,1.67442],[30.12687,1.70192],[30.13244,1.70618],[30.12965,1.7197],[30.14171,1.72154],[30.15141,1.7169],[30.15848,1.73488],[30.17236,1.73566],[30.17634,1.73989],[30.17188,1.74819],[30.17505,1.75393],[30.16824,1.75945],[30.16964,1.77419],[30.16571,1.77902],[30.17002,1.78465],[30.15478,1.78999],[30.1587,1.80558],[30.17123,1.82118],[30.17312,1.81515],[30.1837,1.81628],[30.18767,1.83264],[30.17775,1.83607],[30.17005,1.84825],[30.18069,1.86026],[30.17368,1.86712],[30.15824,1.86752],[30.15424,1.87407],[30.16003,1.88621],[30.14938,1.89925],[30.14877,1.90846],[30.15903,1.92269],[30.16397,1.94569],[30.16231,1.99233],[30.17422,2.00529],[30.18358,1.99328],[30.19894,1.98718],[30.21016,2.01349],[30.241,2.04307],[30.24408,2.03203],[30.26059,2.01966],[30.27439,2.02981],[30.28461,2.02392],[30.32229,1.98849],[30.32338,1.9823]]]},"properties":{"nom":"Bambu","province":"Ituri","antenne":"Bunia"}},{"type":"Feature","geometry":{"type":"Polygon","coordinates":[[[30.22629,1.07726],[30.23295,1.07327],[30.22413,1.06041],[30.2298,1.05511],[30.22058,1.05409],[30.22637,1.05151],[30.22139,1.04419],[30.22838,1.04596],[30.23003,1.04004],[30.22592,1.03149],[30.2299,1.02649],[30.22635,1.02757],[30.22279,1.02072],[30.22872,1.01016],[30.22255,1.00414],[30.23426,1.00078],[30.22294,0.99568],[30.22898,0.99338],[30.22794,0.98554],[30.22116,0.9829],[30.21475,0.99039],[30.21701,0.98424],[30.20886,0.98199],[30.21777,0.97433],[30.20596,0.97283],[30.20195,0.97931],[30.2028,0.96488],[30.1927,0.97274],[30.1951,0.96399],[30.18424,0.96353],[30.19533,0.95568],[30.18486,0.95826],[30.1911,0.95303],[30.18936,0.94683],[30.18049,0.95397],[30.18558,0.94491],[30.17662,0.94421],[30.1745,0.92985],[30.16998,0.92639],[30.17386,0.92345],[30.16747,0.9203],[30.17536,0.91264],[30.17078,0.91333],[30.1703,0.90482],[30.16075,0.91082],[30.16504,0.90027],[30.16018,0.90373],[30.15437,0.89839],[30.15155,0.89309],[30.15545,0.88609],[30.14622,0.88942],[30.14529,0.88305],[30.1351,0.88268],[30.13493,0.89106],[30.12624,0.88589],[30.12734,0.89058],[30.11292,0.89558],[30.10949,0.89132],[30.10376,0.89391],[30.10471,0.88805],[30.09845,0.89065],[30.09701,0.88281],[30.08141,0.87847],[30.07326,0.88406],[30.06219,0.86976],[30.05933,0.87216],[30.05307,0.86664],[30.04888,0.87089],[30.04155,0.86327],[30.03519,0.86429],[30.03508,0.85893],[30.03076,0.8611],[30.02806,0.85532],[30.01455,0.85739],[30.01539,0.85142],[30.00802,0.85491],[30.00146,0.84427],[29.98984,0.84691],[29.99163,0.83833],[29.98125,0.83397],[29.97655,0.8365],[29.97291,0.83203],[29.97053,0.83724],[29.96942,0.83214],[29.96453,0.83309],[29.95591,0.82527],[29.95538,0.8116],[29.94835,0.81858],[29.94446,0.8143],[29.93918,0.81622],[29.94126,0.81031],[29.9352,0.81236],[29.92999,0.79989],[29.90566,0.80751],[29.90929,0.81592],[29.90042,0.82712],[29.89692,0.84557],[29.89018,0.84761],[29.87762,0.86714],[29.87914,0.89417],[29.87,0.89312],[29.86453,0.90344],[29.86802,0.9485],[29.86121,0.9542],[29.85148,0.93995],[29.83806,0.94141],[29.82164,0.93078],[29.80776,0.91054],[29.79464,0.90638],[29.75614,0.90796],[29.74351,0.89696],[29.74096,0.8749],[29.72833,0.87175],[29.71851,0.88575],[29.72054,0.89762],[29.7328,0.91354],[29.75677,0.93572],[29.7739,0.94251],[29.78397,0.95868],[29.80317,0.96963],[29.8071,0.9989],[29.82316,0.99819],[29.83529,1.01853],[29.846,1.02424],[29.85528,1.0403],[29.86019,1.0413],[29.86798,1.09232],[29.84611,1.10013],[29.83587,1.11204],[29.8326,1.12434],[29.85944,1.12343],[29.87685,1.1414],[29.87659,1.1479],[29.89718,1.15606],[29.89913,1.165],[29.90819,1.16515],[29.9389,1.13312],[29.95972,1.12531],[29.9677,1.11741],[29.97782,1.11643],[29.98962,1.05231],[29.98576,1.04346],[30.00174,1.03323],[30.00374,1.02651],[30.02538,1.02226],[30.04175,1.01305],[30.08518,1.00151],[30.11236,1.04524],[30.11316,1.05459],[30.12749,1.04543],[30.17873,1.06378],[30.19943,1.05379],[30.21931,1.07737],[30.22629,1.07726]]]},"properties":{"nom":"Boga","province":"Ituri","antenne":"Bunia"}},{"type":"Feature","geometry":{"type":"Polygon","coordinates":[[[30.28102,1.69776],[30.28124,1.68232],[30.27649,1.67481],[30.27999,1.66247],[30.29269,1.6663],[30.29953,1.66292],[30.30643,1.65077],[30.30247,1.64293],[30.31863,1.63925],[30.32787,1.62121],[30.31977,1.60512],[30.29009,1.57645],[30.29401,1.56758],[30.28835,1.55772],[30.2913,1.55472],[30.27339,1.5349],[30.27254,1.52084],[30.26568,1.52705],[30.25604,1.52703],[30.24406,1.54516],[30.21578,1.54028],[30.20688,1.54633],[30.2118,1.55007],[30.20858,1.5573],[30.21428,1.56492],[30.20228,1.57632],[30.20991,1.58806],[30.20756,1.59114],[30.21374,1.59534],[30.21324,1.60366],[30.21776,1.59732],[30.22726,1.59814],[30.22525,1.5932],[30.23532,1.60107],[30.2416,1.59976],[30.25219,1.62981],[30.26682,1.64525],[30.26044,1.65175],[30.26716,1.64975],[30.27459,1.65958],[30.25677,1.662],[30.26698,1.68346],[30.26156,1.68387],[30.26704,1.68912],[30.26085,1.69491],[30.26251,1.69861],[30.28102,1.69776]]]},"properties":{"nom":"Bunia","province":"Ituri","antenne":"Bunia"}},{"type":"Feature","geometry":{"type":"Polygon","coordinates":[[[30.46464,2.15283],[30.46149,2.14817],[30.45403,2.14871],[30.45111,2.13483],[30.42901,2.11239],[30.42482,2.09188],[30.41916,2.0891],[30.41767,2.078],[30.42276,2.07573],[30.41142,2.05874],[30.39468,2.04923],[30.38272,2.04823],[30.37755,2.05316],[30.36286,2.03343],[30.36508,2.02741],[30.36021,2.02479],[30.36462,2.02033],[30.35454,2.00772],[30.35402,1.98976],[30.35226,1.99289],[30.33939,1.99054],[30.33512,1.98318],[30.3235,1.98218],[30.32229,1.98849],[30.28461,2.02392],[30.27439,2.02981],[30.26059,2.01966],[30.24408,2.03203],[30.241,2.04307],[30.21016,2.01349],[30.19878,1.98708],[30.18358,1.99328],[30.17422,2.00529],[30.16249,1.98933],[30.15445,1.99188],[30.1309,2.02387],[30.12249,2.0104],[30.11687,2.02019],[30.0837,2.03148],[30.07618,2.04192],[30.08035,2.04743],[30.07787,2.05828],[30.07003,2.06778],[30.06195,2.06825],[30.05138,2.09244],[30.04072,2.09197],[30.02996,2.08142],[30.01545,2.07854],[30.01003,2.08684],[30.00019,2.08715],[29.99472,2.11114],[29.93856,2.09981],[29.92109,2.06783],[29.90718,2.06092],[29.90341,2.06518],[29.90684,2.07492],[29.90117,2.08487],[29.91062,2.09432],[29.90684,2.10872],[29.89483,2.10598],[29.88651,2.11249],[29.88954,2.11501],[29.87654,2.11539],[29.87704,2.14149],[29.87176,2.14707],[29.85824,2.14409],[29.85518,2.1516],[29.87266,2.17821],[29.88017,2.17987],[29.87573,2.17456],[29.8781,2.16944],[29.88422,2.18],[29.88914,2.17638],[29.92154,2.18045],[29.91651,2.1914],[29.9276,2.21065],[29.9216,2.21803],[29.93064,2.23344],[29.92725,2.23704],[29.93335,2.23854],[29.93062,2.24692],[29.94175,2.24876],[29.94297,2.25516],[29.94802,2.25353],[29.9471,2.26202],[29.95549,2.25477],[29.95757,2.25721],[29.96662,2.2386],[29.97079,2.24769],[29.97651,2.24085],[29.98674,2.24555],[29.98799,2.26573],[29.99711,2.26863],[29.99798,2.27482],[30.00022,2.2713],[30.02149,2.27748],[30.05682,2.37645],[30.06693,2.36085],[30.07535,2.35629],[30.08813,2.36466],[30.10135,2.36151],[30.11161,2.37112],[30.12469,2.36543],[30.13618,2.36778],[30.1505,2.38435],[30.15734,2.38026],[30.16408,2.38729],[30.17253,2.3782],[30.17736,2.4074],[30.18955,2.41495],[30.19107,2.40614],[30.20299,2.39468],[30.22281,2.39298],[30.23922,2.37567],[30.24485,2.37696],[30.25401,2.37022],[30.26279,2.34013],[30.27282,2.32955],[30.28265,2.33193],[30.2912,2.31175],[30.29661,2.30885],[30.30222,2.31563],[30.31494,2.31622],[30.31401,2.28045],[30.3641,2.2462],[30.36471,2.25379],[30.37895,2.26434],[30.40021,2.25802],[30.43137,2.24034],[30.43969,2.23238],[30.4403,2.21882],[30.43009,2.2102],[30.39677,2.20225],[30.39793,2.18391],[30.40968,2.18092],[30.44617,2.19266],[30.44935,2.15597],[30.46464,2.15283]]]},"properties":{"nom":"Damas","province":"Ituri","antenne":"Bunia"}},{"type":"Feature","geometry":{"type":"Polygon","coordinates":[[[30.59379,1.86317],[30.60097,1.84908],[30.59142,1.84015],[30.60713,1.82708],[30.61057,1.81169],[30.62154,1.81049],[30.62807,1.80319],[30.6208,1.79028],[30.62968,1.78096],[30.64252,1.7793],[30.6471,1.75938],[30.65553,1.75339],[30.65422,1.74292],[30.6748,1.73189],[30.65482,1.72622],[30.65685,1.71075],[30.63731,1.69569],[30.64831,1.68817],[30.66236,1.69696],[30.67583,1.68878],[30.6765,1.67662],[30.64667,1.65895],[30.62512,1.66364],[30.61234,1.65102],[30.59951,1.63002],[30.6097,1.60462],[30.59853,1.60278],[30.59368,1.61725],[30.58795,1.61973],[30.5595,1.60153],[30.55888,1.59591],[30.54276,1.59111],[30.48864,1.59367],[30.47602,1.61195],[30.47468,1.63518],[30.48127,1.64901],[30.4721,1.66053],[30.47374,1.66517],[30.46137,1.69001],[30.46024,1.70461],[30.4683,1.72973],[30.42794,1.72005],[30.41864,1.73994],[30.38958,1.77189],[30.40138,1.78244],[30.41518,1.77965],[30.4231,1.78656],[30.43175,1.78279],[30.48469,1.79231],[30.47933,1.8091],[30.48663,1.80941],[30.50095,1.82712],[30.50598,1.81701],[30.51621,1.82061],[30.52005,1.82817],[30.50733,1.83939],[30.50233,1.85652],[30.4852,1.86795],[30.48384,1.87377],[30.49189,1.88231],[30.49938,1.88047],[30.51532,1.90178],[30.51989,1.90146],[30.52441,1.89196],[30.52851,1.89615],[30.54858,1.89109],[30.55255,1.89536],[30.55768,1.88393],[30.5623,1.88209],[30.56595,1.88682],[30.5664,1.88045],[30.57921,1.88345],[30.58076,1.86716],[30.59379,1.86317]]]},"properties":{"nom":"Drodro","province":"Ituri","antenne":"Bunia"}},{"type":"Feature","geometry":{"type":"Polygon","coordinates":[[[30.59742,2.01314],[30.60512,2.00215],[30.61747,2.00255],[30.61183,1.98481],[30.6329,1.97153],[30.63623,1.97266],[30.63469,1.97977],[30.64538,1.98666],[30.65594,1.98551],[30.65796,1.98901],[30.67113,1.98233],[30.67929,1.98804],[30.67951,2.00054],[30.68526,2.00831],[30.72425,1.98811],[30.71351,1.95615],[30.72077,1.93505],[30.71506,1.91577],[30.68079,1.90221],[30.67407,1.88475],[30.63526,1.88765],[30.62459,1.89362],[30.61929,1.88078],[30.61191,1.88069],[30.59379,1.86317],[30.58076,1.86716],[30.57921,1.88345],[30.5664,1.88045],[30.56595,1.88682],[30.5623,1.88209],[30.55768,1.88393],[30.55255,1.89536],[30.54858,1.89109],[30.52851,1.89615],[30.52441,1.89196],[30.5172,1.90251],[30.49938,1.88047],[30.49189,1.88231],[30.48384,1.87377],[30.4852,1.86795],[30.50233,1.85652],[30.50733,1.83939],[30.52014,1.82795],[30.51621,1.82061],[30.5063,1.81696],[30.50095,1.82712],[30.48663,1.80941],[30.47933,1.8091],[30.48469,1.79231],[30.43175,1.78279],[30.4231,1.78656],[30.41518,1.77965],[30.40138,1.78244],[30.38888,1.77003],[30.38024,1.78141],[30.36583,1.7874],[30.36546,1.79539],[30.37807,1.79576],[30.38372,1.8147],[30.40855,1.83101],[30.41222,1.84889],[30.44276,1.87008],[30.44568,1.87904],[30.4417,1.8828],[30.44715,1.88527],[30.44449,1.89125],[30.45613,1.90117],[30.45195,1.90701],[30.4688,1.92458],[30.46236,1.92764],[30.50078,1.94179],[30.51023,1.95803],[30.52137,1.96205],[30.52325,1.98399],[30.55113,2.00243],[30.54735,2.02954],[30.55962,2.02619],[30.56187,2.03125],[30.59742,2.01314]]]},"properties":{"nom":"Fataki","province":"Ituri","antenne":"Bunia"}},{"type":"Feature","geometry":{"type":"MultiPolygon","coordinates":[[[[30.23862,1.41882],[30.28044,1.39522],[30.29324,1.39557],[30.29509,1.4],[30.32003,1.39018],[30.33822,1.39018],[30.34327,1.37777],[30.34837,1.37705],[30.36129,1.33143],[30.37935,1.31392],[30.35443,1.29484],[30.35424,1.28618],[30.36162,1.29078],[30.36128,1.282],[30.35483,1.27968],[30.3505,1.27083],[30.35767,1.27856],[30.35569,1.26947],[30.36165,1.2751],[30.3605,1.26843],[30.36676,1.26734],[30.36078,1.2573],[30.36437,1.26247],[30.36339,1.2571],[30.39009,1.26105],[30.39881,1.25673],[30.40161,1.261],[30.40679,1.25828],[30.41537,1.26207],[30.41739,1.26879],[30.42409,1.26186],[30.4282,1.27047],[30.43256,1.26643],[30.44067,1.2703],[30.44423,1.26606],[30.45001,1.27314],[30.46861,1.27053],[30.46731,1.26057],[30.45728,1.25165],[30.45448,1.25417],[30.44317,1.21115],[30.45313,1.2159],[30.44959,1.20961],[30.45284,1.21123],[30.4542,1.20378],[30.46218,1.22043],[30.47391,1.22597],[30.49468,1.20595],[30.48791,1.21072],[30.47236,1.21119],[30.45743,1.20033],[30.44304,1.20155],[30.42158,1.19038],[30.41125,1.19801],[30.40017,1.18897],[30.39027,1.18759],[30.38579,1.19301],[30.37717,1.19256],[30.3714,1.19956],[30.35996,1.20166],[30.34126,1.17622],[30.33623,1.15033],[30.3284,1.15046],[30.3229,1.15748],[30.31273,1.15124],[30.30766,1.16297],[30.31047,1.16681],[30.30121,1.16145],[30.29254,1.17336],[30.28404,1.16577],[30.27555,1.16638],[30.26824,1.16156],[30.27028,1.15397],[30.26379,1.14524],[30.24871,1.14256],[30.23732,1.13401],[30.23484,1.12501],[30.24374,1.10627],[30.23883,1.10231],[30.2395,1.09169],[30.203,1.06236],[30.19943,1.05379],[30.17873,1.06378],[30.12749,1.04543],[30.11316,1.05459],[30.11236,1.04524],[30.08518,1.00151],[30.00374,1.02651],[30.00174,1.03323],[29.98576,1.04346],[29.98962,1.05231],[29.97782,1.11643],[29.9677,1.11741],[29.95972,1.12531],[29.9389,1.13312],[29.90819,1.16515],[29.89686,1.16461],[29.9094,1.18516],[29.92002,1.18729],[29.92913,1.1971],[29.93888,1.21763],[29.93663,1.22964],[29.94955,1.23978],[29.95054,1.25617],[29.95636,1.2653],[29.94873,1.28874],[29.95369,1.29106],[29.96331,1.31431],[29.97861,1.32408],[30.00166,1.32222],[30.01222,1.32981],[30.03423,1.32936],[30.0391,1.33996],[30.03489,1.35365],[30.06526,1.33805],[30.07833,1.34703],[30.06906,1.35727],[30.07432,1.36168],[30.06499,1.37882],[30.06805,1.38449],[30.06458,1.39424],[30.07946,1.38602],[30.09139,1.39134],[30.08726,1.40685],[30.10227,1.41704],[30.1077,1.41593],[30.11594,1.4287],[30.15398,1.4614],[30.21514,1.42713],[30.23862,1.41882]]]]},"properties":{"nom":"Gety","province":"Ituri","antenne":"Bunia"}},{"type":"Feature","geometry":{"type":"Polygon","coordinates":[[[30.8214,1.8022],[30.80508,1.7839],[30.76262,1.76885],[30.74586,1.75195],[30.73032,1.71204],[30.67649,1.67658],[30.67583,1.68878],[30.66236,1.69696],[30.64831,1.68817],[30.63731,1.69569],[30.65685,1.71075],[30.65482,1.72622],[30.6748,1.73189],[30.65422,1.74292],[30.65553,1.75339],[30.6471,1.75938],[30.64252,1.7793],[30.62968,1.78096],[30.6208,1.79028],[30.62807,1.80319],[30.62154,1.81049],[30.61057,1.81169],[30.60713,1.82708],[30.59142,1.84015],[30.60097,1.84908],[30.59379,1.86317],[30.61191,1.88069],[30.61929,1.88078],[30.62464,1.89364],[30.63526,1.88765],[30.67407,1.88475],[30.68079,1.90221],[30.71506,1.91577],[30.72016,1.93309],[30.72879,1.92392],[30.74737,1.92277],[30.74656,1.90458],[30.73739,1.89258],[30.74075,1.88222],[30.72342,1.87806],[30.73496,1.85324],[30.75123,1.86457],[30.79097,1.84554],[30.79979,1.83754],[30.7991,1.80326],[30.8214,1.8022]]]},"properties":{"nom":"Jiba","province":"Ituri","antenne":"Bunia"}},{"type":"Feature","geometry":{"type":"Polygon","coordinates":[[[30.16147,1.93487],[30.15903,1.92269],[30.14874,1.90835],[30.15103,1.8952],[30.16003,1.88621],[30.15424,1.87407],[30.15824,1.86752],[30.17368,1.86712],[30.18069,1.86026],[30.17005,1.84825],[30.17775,1.83607],[30.18767,1.83335],[30.1837,1.81628],[30.17312,1.81515],[30.17123,1.82118],[30.1587,1.80558],[30.15478,1.78999],[30.17002,1.78465],[30.16571,1.77902],[30.16964,1.77419],[30.16824,1.75945],[30.17505,1.75393],[30.17188,1.74819],[30.17634,1.73989],[30.17236,1.73566],[30.15848,1.73488],[30.15141,1.7169],[30.14369,1.72127],[30.12976,1.71994],[30.13066,1.70291],[30.08089,1.63977],[30.05931,1.66051],[30.04111,1.66056],[30.0248,1.64276],[30.00579,1.63839],[30.00365,1.65368],[30.01447,1.66867],[30.01315,1.69944],[30.03621,1.72021],[29.98934,1.70857],[29.98669,1.71794],[29.99615,1.72393],[29.99559,1.74429],[30.00192,1.74812],[29.98894,1.75887],[29.98502,1.77251],[29.99272,1.77892],[29.99533,1.79133],[30.01186,1.79039],[30.01143,1.81255],[30.02215,1.81769],[30.01792,1.82656],[30.02569,1.82475],[30.02481,1.83276],[30.02809,1.82782],[30.03791,1.83241],[30.03885,1.84904],[30.04405,1.85613],[30.0746,1.85479],[30.08058,1.84357],[30.10126,1.85039],[30.10525,1.84799],[30.11201,1.85428],[30.11338,1.88315],[30.10765,1.90241],[30.09363,1.92472],[30.09657,1.93784],[30.10338,1.93612],[30.11176,1.92495],[30.13031,1.92638],[30.14249,1.93841],[30.15774,1.93903],[30.16147,1.93487]]]},"properties":{"nom":"Kilo","province":"Ituri","antenne":"Bunia"}},{"type":"Feature","geometry":{"type":"Polygon","coordinates":[[[29.72612,1.45122],[29.72484,1.43662],[29.73111,1.43763],[29.73771,1.43163],[29.74049,1.43816],[29.78438,1.46273],[29.79915,1.44305],[29.80974,1.45083],[29.8169,1.43633],[29.82503,1.43186],[29.8321,1.43452],[29.82802,1.42835],[29.83473,1.42748],[29.83052,1.42494],[29.83547,1.41655],[29.83901,1.41784],[29.84213,1.4114],[29.8546,1.41137],[29.85971,1.40325],[29.8864,1.3883],[29.88565,1.38302],[29.90964,1.37802],[29.9332,1.3409],[29.97104,1.31871],[29.96335,1.31438],[29.95369,1.29106],[29.94873,1.28874],[29.95636,1.2653],[29.95054,1.25617],[29.94955,1.23978],[29.93663,1.22964],[29.93888,1.21763],[29.92913,1.1971],[29.92002,1.18729],[29.90927,1.18503],[29.89863,1.17121],[29.89718,1.15606],[29.87659,1.1479],[29.87685,1.1414],[29.86285,1.13082],[29.86404,1.12667],[29.84064,1.12116],[29.8326,1.12434],[29.83587,1.11204],[29.84611,1.10013],[29.86798,1.09232],[29.86019,1.0413],[29.85528,1.0403],[29.846,1.02424],[29.83529,1.01853],[29.82316,0.99819],[29.8071,0.9989],[29.80638,0.97463],[29.80067,0.96678],[29.78397,0.95868],[29.7739,0.94251],[29.75677,0.93572],[29.72501,0.90431],[29.71831,0.88751],[29.72328,0.87448],[29.73252,0.87156],[29.72668,0.86549],[29.70442,0.86453],[29.69599,0.86833],[29.65894,0.90757],[29.64087,0.90105],[29.62735,0.88162],[29.62749,0.85632],[29.62319,0.85346],[29.58595,0.86188],[29.55978,0.87484],[29.52291,0.86117],[29.52164,0.8471],[29.52822,0.83753],[29.53467,0.78887],[29.50964,0.79021],[29.49457,0.80102],[29.48611,0.84202],[29.4754,0.85284],[29.45805,0.86022],[29.44134,0.83276],[29.43219,0.83429],[29.42806,0.82638],[29.42002,0.82661],[29.41622,0.81492],[29.40088,0.81002],[29.39874,0.8177],[29.39267,0.81645],[29.38039,0.82868],[29.37731,0.84248],[29.37079,0.84524],[29.3694,0.85809],[29.37296,0.86106],[29.37135,0.86692],[29.36644,0.86545],[29.37053,0.87534],[29.36138,0.87832],[29.35861,0.8865],[29.35213,0.88646],[29.35189,0.89294],[29.34885,0.88771],[29.34674,0.90139],[29.33573,0.90456],[29.33564,0.9111],[29.33272,0.90751],[29.32923,0.91212],[29.32121,0.91205],[29.3217,0.91652],[29.31522,0.91367],[29.31273,0.9192],[29.31758,0.93075],[29.31202,0.94117],[29.30128,0.93909],[29.30189,0.95643],[29.29429,0.96251],[29.31318,0.98159],[29.31499,0.99329],[29.33269,0.9897],[29.35608,0.99968],[29.35178,1.00909],[29.35878,1.01562],[29.35823,1.03539],[29.36301,1.04312],[29.37281,1.04588],[29.37067,1.11345],[29.39622,1.12945],[29.3942,1.1459],[29.41136,1.16637],[29.4019,1.16888],[29.4081,1.18103],[29.42104,1.18522],[29.42864,1.17669],[29.44051,1.18058],[29.44007,1.18879],[29.43333,1.19411],[29.43619,1.19724],[29.44336,1.194],[29.44592,1.1825],[29.45252,1.18122],[29.46122,1.18697],[29.46849,1.2022],[29.46697,1.21765],[29.47505,1.23032],[29.4806,1.27952],[29.51215,1.29649],[29.52954,1.31531],[29.53186,1.33647],[29.52845,1.34682],[29.55243,1.35368],[29.56008,1.36724],[29.57554,1.36406],[29.58458,1.36796],[29.58536,1.37775],[29.60502,1.3883],[29.61322,1.40536],[29.60442,1.43207],[29.6294,1.45878],[29.64552,1.46601],[29.65838,1.49155],[29.69757,1.50444],[29.6946,1.48179],[29.69951,1.4712],[29.72612,1.45122]]]},"properties":{"nom":"Komanda","province":"Ituri","antenne":"Bunia"}},{"type":"Feature","geometry":{"type":"Polygon","coordinates":[[[30.91029,1.92843],[30.91999,1.9028],[30.90904,1.90328],[30.87999,1.86921],[30.8717,1.86652],[30.82171,1.80238],[30.80097,1.80233],[30.79979,1.83754],[30.79097,1.84554],[30.75123,1.86457],[30.73512,1.85311],[30.72813,1.8653],[30.72342,1.87806],[30.74075,1.88222],[30.73741,1.89269],[30.74865,1.915],[30.74719,1.92301],[30.72879,1.92392],[30.72016,1.93309],[30.71351,1.95615],[30.72425,1.98811],[30.68526,2.00831],[30.67951,2.00054],[30.67929,1.98804],[30.67113,1.98233],[30.65796,1.98901],[30.65594,1.98551],[30.64538,1.98666],[30.63469,1.97977],[30.63623,1.97266],[30.6329,1.97153],[30.61183,1.98481],[30.61747,2.00255],[30.60512,2.00215],[30.59742,2.01314],[30.60084,2.01999],[30.65509,2.03712],[30.66509,2.05283],[30.67925,2.06385],[30.68812,2.06524],[30.69364,2.05426],[30.71708,2.05187],[30.73195,2.04187],[30.75426,2.03888],[30.75509,2.04665],[30.77879,2.04569],[30.78459,2.05326],[30.80435,2.03422],[30.81361,2.05389],[30.82199,2.03362],[30.80748,2.01515],[30.8095,1.9734],[30.82003,1.9611],[30.82884,1.96025],[30.83606,1.96646],[30.85376,1.9569],[30.86166,1.96761],[30.87465,1.96497],[30.87195,1.95444],[30.88362,1.948],[30.88421,1.94095],[30.91029,1.92843]]]},"properties":{"nom":"Linga","province":"Ituri","antenne":"Bunia"}},{"type":"Feature","geometry":{"type":"Polygon","coordinates":[[[30.48857,1.59378],[30.48376,1.58283],[30.44455,1.55874],[30.4281,1.53724],[30.41599,1.50592],[30.40386,1.49664],[30.37459,1.48593],[30.3613,1.46631],[30.36116,1.45556],[30.34122,1.44038],[30.34069,1.41382],[30.33257,1.40991],[30.3057,1.41118],[30.28249,1.42775],[30.28973,1.44509],[30.27749,1.45371],[30.27151,1.46978],[30.27826,1.47699],[30.27587,1.4908],[30.28353,1.49543],[30.27384,1.51301],[30.27144,1.53065],[30.29128,1.55465],[30.28835,1.55772],[30.29401,1.56758],[30.29009,1.57645],[30.32522,1.61189],[30.32532,1.63037],[30.31863,1.63925],[30.30247,1.64293],[30.3053,1.65506],[30.29269,1.6663],[30.32073,1.6798],[30.32363,1.69421],[30.34609,1.69591],[30.35027,1.68921],[30.35586,1.69519],[30.36521,1.69607],[30.36803,1.691],[30.37683,1.69458],[30.38099,1.69032],[30.39031,1.70341],[30.39327,1.7207],[30.41182,1.74625],[30.42794,1.72005],[30.4683,1.72973],[30.46024,1.70461],[30.46137,1.69001],[30.47374,1.66517],[30.4721,1.66053],[30.48127,1.64901],[30.47468,1.63518],[30.47602,1.61195],[30.48857,1.59378]]]},"properties":{"nom":"Lita","province":"Ituri","antenne":"Bunia"}},{"type":"Feature","geometry":{"type":"Polygon","coordinates":[[[29.98819,1.77477],[29.98449,1.76866],[29.98703,1.76213],[30.00192,1.74812],[29.99559,1.74429],[29.99615,1.72393],[29.98669,1.71794],[29.98864,1.71162],[29.9756,1.69449],[29.94157,1.65398],[29.92715,1.65171],[29.91842,1.64035],[29.9011,1.63722],[29.89182,1.62587],[29.83822,1.61376],[29.78197,1.56369],[29.76872,1.56463],[29.75468,1.51107],[29.74369,1.49983],[29.72655,1.45134],[29.69951,1.4712],[29.6946,1.48179],[29.69757,1.50444],[29.65838,1.49155],[29.64552,1.46601],[29.6294,1.45878],[29.60442,1.43207],[29.61322,1.40536],[29.60502,1.3883],[29.58536,1.37775],[29.58458,1.36796],[29.57554,1.36406],[29.56008,1.36724],[29.55243,1.35368],[29.52845,1.34682],[29.53186,1.33647],[29.52954,1.31531],[29.51215,1.29649],[29.4806,1.27952],[29.47505,1.23032],[29.46697,1.21765],[29.46849,1.2022],[29.46122,1.18697],[29.45252,1.18122],[29.44592,1.1825],[29.44336,1.194],[29.43619,1.19724],[29.43333,1.19411],[29.44007,1.18879],[29.44051,1.18058],[29.42864,1.17669],[29.42104,1.18522],[29.4081,1.18103],[29.4019,1.16888],[29.41136,1.16637],[29.3942,1.1459],[29.39622,1.12945],[29.37067,1.11345],[29.37281,1.04588],[29.36301,1.04312],[29.35827,1.03551],[29.35878,1.01562],[29.35179,1.00924],[29.35632,1.00158],[29.35357,0.99596],[29.33101,0.98958],[29.31499,0.99329],[29.31318,0.98159],[29.29694,0.96382],[29.28645,0.97362],[29.2736,0.96698],[29.24884,0.98732],[29.24845,1.00133],[29.237,1.01218],[29.23109,1.01162],[29.2282,1.02207],[29.21851,1.02567],[29.21206,1.04098],[29.19663,1.04771],[29.19123,1.05747],[29.17837,1.0599],[29.18157,1.06716],[29.1744,1.07536],[29.17138,1.06637],[29.15984,1.09148],[29.18442,1.10325],[29.20756,1.12654],[29.17107,1.16794],[29.13493,1.26894],[29.13592,1.28954],[29.11085,1.2976],[29.1113,1.30842],[29.12158,1.31532],[29.12702,1.32671],[29.09997,1.34795],[29.07969,1.35215],[29.07384,1.36642],[29.08234,1.38056],[29.06907,1.40938],[29.07123,1.42234],[29.06094,1.42776],[29.06829,1.43639],[29.09596,1.43656],[29.10985,1.43184],[29.12545,1.40847],[29.13022,1.40965],[29.13629,1.40041],[29.16113,1.41096],[29.16576,1.42695],[29.16306,1.43076],[29.17852,1.43042],[29.17957,1.4351],[29.18408,1.43464],[29.19776,1.46051],[29.19559,1.47023],[29.19025,1.46984],[29.19357,1.47632],[29.19966,1.47161],[29.2074,1.47762],[29.22435,1.47804],[29.2271,1.49066],[29.2191,1.4989],[29.24024,1.52497],[29.23638,1.53263],[29.24068,1.54304],[29.23762,1.54808],[29.23104,1.54727],[29.2345,1.55422],[29.22974,1.56323],[29.23401,1.56906],[29.22831,1.58216],[29.22314,1.5807],[29.22151,1.58935],[29.21212,1.59447],[29.21623,1.59776],[29.21583,1.61531],[29.22026,1.62148],[29.22657,1.62095],[29.22883,1.6262],[29.22191,1.63316],[29.23275,1.63751],[29.23683,1.64477],[29.2419,1.64259],[29.26167,1.65295],[29.26157,1.66004],[29.26891,1.66798],[29.27978,1.66198],[29.29915,1.67082],[29.30368,1.68188],[29.31308,1.68934],[29.30782,1.70759],[29.3034,1.70787],[29.30174,1.71644],[29.29068,1.72557],[29.30202,1.7358],[29.30202,1.7452],[29.31666,1.74748],[29.32181,1.74139],[29.42419,1.75129],[29.48941,1.83231],[29.56192,1.87349],[29.64197,1.88884],[29.7437,1.94898],[29.88682,1.83738],[29.94016,1.80333],[29.98804,1.78045],[29.98819,1.77477]]]},"properties":{"nom":"Lolwa","province":"Ituri","antenne":"Bunia"}},{"type":"Feature","geometry":{"type":"Polygon","coordinates":[[[29.22047,2.61593],[29.22502,2.58128],[29.23337,2.57696],[29.23553,2.56223],[29.24478,2.55282],[29.25934,2.54964],[29.25975,2.53808],[29.28628,2.50272],[29.29769,2.45872],[29.31538,2.44721],[29.32276,2.44852],[29.35456,2.40465],[29.43507,2.43551],[29.44013,2.34678],[29.42861,2.2123],[29.43825,2.16129],[29.4342,2.15251],[29.41459,2.13919],[29.41491,2.12778],[29.40203,2.11038],[29.40052,2.09923],[29.37977,2.07824],[29.38241,2.06133],[29.37326,2.05254],[29.37573,2.04612],[29.36044,2.02084],[29.33279,1.94765],[29.32497,1.94066],[29.3865,1.90947],[29.44004,1.8576],[29.48941,1.83231],[29.42419,1.75129],[29.32181,1.74139],[29.31666,1.74748],[29.30202,1.7452],[29.30202,1.7358],[29.29068,1.72557],[29.30174,1.71644],[29.3034,1.70787],[29.30782,1.70759],[29.31308,1.68934],[29.30368,1.68188],[29.29915,1.67082],[29.27978,1.66198],[29.26891,1.66798],[29.26157,1.66004],[29.26167,1.65295],[29.2419,1.64259],[29.23683,1.64477],[29.23275,1.63751],[29.22191,1.63316],[29.22883,1.6262],[29.22657,1.62095],[29.22026,1.62148],[29.21583,1.61531],[29.21623,1.59776],[29.21212,1.59447],[29.22151,1.58935],[29.22314,1.5807],[29.22831,1.58216],[29.23401,1.56906],[29.22974,1.56323],[29.2345,1.55422],[29.23104,1.54727],[29.23762,1.54808],[29.24068,1.54304],[29.23638,1.53263],[29.24024,1.52497],[29.2191,1.4989],[29.2271,1.49066],[29.22435,1.47804],[29.2074,1.47762],[29.19966,1.47161],[29.19357,1.47632],[29.19025,1.46984],[29.19862,1.4663],[29.19521,1.4537],[29.17852,1.43042],[29.16306,1.43076],[29.16576,1.42695],[29.16023,1.41004],[29.13481,1.40041],[29.10985,1.43184],[29.09596,1.43656],[29.06829,1.43639],[29.06096,1.42781],[29.07123,1.42234],[29.06907,1.40938],[29.08236,1.38044],[29.07638,1.37557],[29.0682,1.34606],[29.07151,1.30861],[29.1027,1.28279],[29.09071,1.26937],[29.09907,1.25564],[29.0919,1.24889],[29.08922,1.25096],[29.09386,1.24297],[29.08709,1.23402],[29.09984,1.22723],[29.10104,1.21426],[29.09428,1.20643],[29.07381,1.20632],[29.06948,1.19929],[29.06163,1.20352],[29.04988,1.20016],[29.04069,1.18331],[29.01552,1.17067],[29.00572,1.12734],[29.01154,1.13037],[29.02142,1.12724],[29.03559,1.11153],[29.0178,1.09444],[29.03446,1.09154],[29.036,1.08483],[29.0312,1.08501],[29.03652,1.07935],[29.04802,1.08416],[29.04562,1.08948],[29.05643,1.08019],[29.05202,1.06087],[29.01023,1.05425],[29.00941,0.99371],[29.03371,0.99315],[29.0344,0.91363],[29.05834,0.82945],[29.07005,0.81837],[29.06154,0.82125],[29.02923,0.85159],[28.99882,0.86496],[28.99132,0.87834],[28.98637,0.87788],[28.98619,0.87108],[28.97707,0.87877],[28.95389,0.87213],[28.9435,0.87568],[28.9332,0.9024],[28.92259,0.89937],[28.92071,0.8897],[28.91487,0.891],[28.90952,0.88561],[28.90024,0.89567],[28.89895,0.87994],[28.89077,0.89472],[28.89426,0.90256],[28.8831,0.89625],[28.88271,0.9211],[28.87235,0.91687],[28.8666,0.92423],[28.85626,0.9197],[28.85039,0.92814],[28.85079,0.93705],[28.81418,0.95702],[28.8172,1.02725],[28.83027,1.05716],[28.82908,1.09675],[28.83623,1.09675],[28.84096,1.11098],[28.82551,1.13131],[28.8267,1.14208],[28.84914,1.1781],[28.83807,1.1839],[28.81754,1.17831],[28.80946,1.18511],[28.78939,1.17979],[28.78931,1.16738],[28.77852,1.15722],[28.78419,1.1205],[28.77663,1.10368],[28.74796,1.07489],[28.74002,1.07573],[28.73525,1.06374],[28.71935,1.06339],[28.71422,1.05099],[28.69982,1.05488],[28.68471,1.04159],[28.68007,1.04265],[28.68078,1.02796],[28.67174,1.02416],[28.6667,1.01251],[28.65055,0.99811],[28.6277,1.00245],[28.62768,1.01398],[28.59913,1.03399],[28.57128,1.03429],[28.56566,1.04576],[28.55822,1.04865],[28.55619,1.06958],[28.54508,1.06761],[28.51616,1.07691],[28.50082,1.07335],[28.47744,1.08752],[28.46111,1.09144],[28.45777,1.11732],[28.44437,1.1228],[28.414,1.15253],[28.41752,1.16597],[28.39087,1.17341],[28.35272,1.22239],[28.31102,1.29767],[28.27145,1.41031],[28.24038,1.42303],[28.23753,1.43303],[28.24328,1.45034],[28.21092,1.4873],[28.171,1.5525],[28.21593,1.61917],[28.22583,1.65772],[28.21957,1.68358],[28.19071,1.73781],[28.19191,1.77641],[28.18813,1.78486],[28.19063,1.79598],[28.2404,1.83466],[28.28985,1.85613],[28.29856,1.87411],[28.3168,2.3173],[28.3139,2.33613],[28.34912,2.32116],[28.37887,2.29638],[28.39957,2.25163],[28.40999,2.25193],[28.58058,2.33397],[28.5879,2.32637],[28.60937,2.26907],[28.62812,2.26285],[28.63612,2.24144],[28.64669,2.24408],[28.67133,2.23222],[28.68075,2.23155],[28.6822,2.24127],[28.66776,2.28676],[28.67426,2.30301],[28.69592,2.3142],[28.7168,2.31796],[28.70935,2.3362],[28.73537,2.31985],[28.76033,2.31573],[28.77451,2.30233],[28.79926,2.30802],[28.85714,2.29016],[28.96878,2.27047],[28.99304,2.33417],[29.01043,2.31068],[29.03769,2.35553],[29.02584,2.38947],[29.03787,2.40195],[29.08,2.42341],[29.12143,2.4331],[29.16375,2.42429],[29.18138,2.46925],[29.18954,2.47781],[29.17872,2.48317],[29.16894,2.53817],[29.16365,2.54754],[29.16732,2.56994],[29.16202,2.58135],[29.16345,2.59835],[29.18436,2.61405],[29.20645,2.621],[29.22047,2.61593]]]},"properties":{"nom":"Mambasa","province":"Ituri","antenne":"Bunia"}},{"type":"Feature","geometry":{"type":"Polygon","coordinates":[[[29.29541,0.96372],[29.30189,0.95643],[29.30128,0.93909],[29.31202,0.94117],[29.31758,0.93075],[29.31273,0.9192],[29.31522,0.91367],[29.3217,0.91652],[29.32121,0.91205],[29.32923,0.91212],[29.33272,0.90751],[29.33564,0.9111],[29.33573,0.90456],[29.34674,0.90139],[29.34885,0.88771],[29.35189,0.89294],[29.35213,0.88646],[29.35861,0.8865],[29.36138,0.87832],[29.37053,0.87534],[29.36644,0.86545],[29.37135,0.86692],[29.37296,0.86106],[29.3694,0.85809],[29.37079,0.84524],[29.37716,0.8427],[29.3819,0.83217],[29.36973,0.82211],[29.36435,0.76381],[29.37009,0.747],[29.36123,0.72361],[29.34701,0.70979],[29.36286,0.6931],[29.37675,0.69704],[29.39428,0.67145],[29.41134,0.6658],[29.43191,0.65133],[29.46952,0.64872],[29.47313,0.62949],[29.4654,0.62931],[29.46227,0.62291],[29.44239,0.61731],[29.42051,0.61749],[29.4192,0.62156],[29.41295,0.61788],[29.4128,0.62251],[29.4037,0.61955],[29.40591,0.62592],[29.36989,0.61336],[29.36296,0.61983],[29.3545,0.61854],[29.34467,0.62914],[29.34124,0.62525],[29.3392,0.63035],[29.33259,0.62668],[29.32926,0.6391],[29.33995,0.65909],[29.33166,0.67652],[29.32736,0.67647],[29.33012,0.68359],[29.32541,0.68689],[29.30859,0.67964],[29.29626,0.66062],[29.30059,0.61143],[29.2905,0.58665],[29.28603,0.587],[29.25255,0.61444],[29.24263,0.61529],[29.23599,0.62225],[29.22279,0.61983],[29.22199,0.62876],[29.21366,0.63026],[29.19654,0.64709],[29.1911,0.64541],[29.18258,0.65668],[29.17686,0.65036],[29.17431,0.65901],[29.16327,0.66467],[29.16603,0.67998],[29.13036,0.66538],[29.12385,0.65709],[29.10712,0.65614],[29.09933,0.64117],[29.0743,0.63206],[29.07445,0.62341],[29.06652,0.61087],[29.04615,0.58952],[29.01701,0.58389],[29.00548,0.56342],[28.97181,0.5629],[28.93208,0.58205],[28.90092,0.58763],[28.80343,0.57652],[28.68987,0.57072],[28.67428,0.57155],[28.66037,0.58136],[28.65739,0.57242],[28.63165,0.54486],[28.61568,0.54693],[28.60495,0.53821],[28.59194,0.54028],[28.57802,0.52742],[28.55496,0.51962],[28.55885,0.52881],[28.55428,0.53249],[28.55474,0.54421],[28.52325,0.54491],[28.51663,0.54009],[28.51289,0.5439],[28.5054,0.53683],[28.49818,0.54838],[28.49408,0.54737],[28.50078,0.55818],[28.5007,0.56832],[28.50853,0.57661],[28.49509,0.57578],[28.48554,0.58233],[28.48246,0.59069],[28.47445,0.59193],[28.47629,0.60148],[28.47201,0.59965],[28.45114,0.61488],[28.44657,0.6246],[28.44198,0.62522],[28.44165,0.63455],[28.43214,0.63306],[28.4269,0.64051],[28.41306,0.63762],[28.41037,0.64923],[28.40546,0.64968],[28.40274,0.65631],[28.39387,0.65502],[28.38334,0.66034],[28.37952,0.66815],[28.36624,0.66504],[28.36428,0.68113],[28.36094,0.67864],[28.36218,0.68154],[28.34598,0.68999],[28.33965,0.6872],[28.33474,0.69643],[28.18286,0.68466],[28.16592,0.86355],[28.24254,0.99119],[28.34785,1.03451],[28.36938,1.01764],[28.40529,1.06098],[28.43164,1.10673],[28.43165,1.13553],[28.44437,1.1228],[28.45777,1.11732],[28.45944,1.09563],[28.46535,1.0878],[28.47732,1.08757],[28.50082,1.07335],[28.51616,1.07691],[28.54508,1.06761],[28.55619,1.06958],[28.55822,1.04865],[28.56566,1.04576],[28.57128,1.03429],[28.59913,1.03399],[28.62768,1.01398],[28.6277,1.00245],[28.64853,0.99782],[28.65997,1.00441],[28.67174,1.02416],[28.68078,1.02796],[28.68007,1.04265],[28.68471,1.04159],[28.69982,1.05488],[28.71422,1.05099],[28.71935,1.06339],[28.73525,1.06374],[28.74002,1.07573],[28.74684,1.07403],[28.76621,1.09011],[28.76677,1.09691],[28.77663,1.10368],[28.78402,1.11775],[28.77852,1.15722],[28.78931,1.16738],[28.78939,1.17979],[28.80946,1.18511],[28.81754,1.17831],[28.83807,1.1839],[28.84914,1.1781],[28.8267,1.14208],[28.82551,1.13131],[28.84096,1.11098],[28.83623,1.09675],[28.82908,1.09675],[28.83027,1.05716],[28.8172,1.02725],[28.81418,0.95702],[28.85079,0.93705],[28.85039,0.92814],[28.85626,0.9197],[28.8666,0.92423],[28.87235,0.91687],[28.88271,0.9211],[28.8831,0.89625],[28.89426,0.90256],[28.89077,0.89472],[28.89895,0.87994],[28.90024,0.89567],[28.90952,0.88561],[28.91487,0.891],[28.92071,0.8897],[28.92259,0.89937],[28.9332,0.9024],[28.9435,0.87568],[28.95389,0.87213],[28.97707,0.87877],[28.98619,0.87108],[28.98637,0.87788],[28.99132,0.87834],[28.99882,0.86496],[29.02923,0.85159],[29.06154,0.82125],[29.07005,0.81837],[29.05834,0.82945],[29.0344,0.91363],[29.03371,0.99315],[29.00941,0.99371],[29.01023,1.05425],[29.05202,1.06087],[29.05643,1.08019],[29.04562,1.08948],[29.04802,1.08416],[29.03652,1.07935],[29.0312,1.08501],[29.036,1.08483],[29.03446,1.09154],[29.0178,1.09444],[29.03559,1.11153],[29.02142,1.12724],[29.01154,1.13037],[29.00572,1.12734],[29.01552,1.17067],[29.04069,1.18331],[29.04988,1.20016],[29.06163,1.20352],[29.06948,1.19929],[29.07381,1.20632],[29.09428,1.20643],[29.10102,1.21416],[29.09984,1.22723],[29.08709,1.23402],[29.09386,1.24297],[29.08922,1.25096],[29.0919,1.24889],[29.09907,1.25564],[29.09071,1.26937],[29.1027,1.28279],[29.07151,1.30861],[29.0682,1.34606],[29.07384,1.36642],[29.07969,1.35215],[29.09997,1.34795],[29.12702,1.32671],[29.12158,1.31532],[29.1113,1.30842],[29.11085,1.2976],[29.13592,1.28954],[29.13493,1.26894],[29.17107,1.16794],[29.20756,1.12654],[29.18442,1.10325],[29.15984,1.09148],[29.17133,1.06645],[29.17453,1.07532],[29.18157,1.06716],[29.17837,1.0599],[29.19123,1.05747],[29.19663,1.04771],[29.21206,1.04098],[29.21851,1.02567],[29.2282,1.02207],[29.23109,1.01162],[29.23689,1.01224],[29.24735,1.00288],[29.24832,0.98838],[29.25535,0.98046],[29.27372,0.96693],[29.28672,0.97355],[29.29541,0.96372]]]},"properties":{"nom":"Mandima","province":"Ituri","antenne":"Bunia"}},{"type":"Feature","geometry":{"type":"Polygon","coordinates":[[[30.56187,2.03125],[30.55962,2.02619],[30.54735,2.02954],[30.55113,2.00243],[30.52325,1.98399],[30.52137,1.96205],[30.51023,1.95803],[30.50078,1.94179],[30.46236,1.92764],[30.4688,1.92458],[30.45195,1.90701],[30.45613,1.90117],[30.44449,1.89125],[30.44715,1.88527],[30.4417,1.8828],[30.44568,1.87904],[30.44276,1.87008],[30.41222,1.84889],[30.40855,1.83101],[30.38332,1.81425],[30.37785,1.79555],[30.35908,1.79532],[30.35692,1.78972],[30.32494,1.76971],[30.31651,1.78652],[30.32392,1.8156],[30.31618,1.83245],[30.31095,1.82802],[30.29624,1.83566],[30.28521,1.83401],[30.25408,1.81948],[30.2493,1.84109],[30.25711,1.85312],[30.25595,1.86171],[30.26014,1.86604],[30.25531,1.87614],[30.2592,1.87791],[30.24369,1.88929],[30.24234,1.90818],[30.25085,1.91711],[30.25998,1.91481],[30.25995,1.90937],[30.2673,1.90851],[30.26575,1.9043],[30.2722,1.89914],[30.28135,1.89861],[30.28826,1.90531],[30.29746,1.904],[30.29476,1.92577],[30.30351,1.93262],[30.29704,1.94817],[30.30637,1.95852],[30.30374,1.96509],[30.30891,1.96288],[30.31417,1.96773],[30.31188,1.97448],[30.32386,1.98314],[30.33512,1.98318],[30.33939,1.99054],[30.35226,1.99289],[30.35402,1.98976],[30.35454,2.00772],[30.36462,2.02033],[30.36021,2.02479],[30.36508,2.02741],[30.36286,2.03343],[30.37755,2.05316],[30.38272,2.04823],[30.39479,2.04926],[30.41142,2.05874],[30.41169,2.06417],[30.43636,2.0454],[30.50471,2.04178],[30.50702,2.04718],[30.48738,2.06163],[30.5049,2.0775],[30.52308,2.08605],[30.54593,2.03693],[30.54932,2.04485],[30.55567,2.04407],[30.56304,2.03926],[30.56187,2.03125]]]},"properties":{"nom":"Mangala","province":"Ituri","antenne":"Bunia"}},{"type":"Feature","geometry":{"type":"Polygon","coordinates":[[[29.90341,2.06518],[29.90718,2.06092],[29.92109,2.06783],[29.93887,2.09998],[29.99482,2.11111],[30.00019,2.08715],[30.01003,2.08684],[30.01545,2.07854],[30.02996,2.08142],[30.04072,2.09197],[30.05138,2.09244],[30.06195,2.06825],[30.07003,2.06778],[30.07787,2.05828],[30.08035,2.04743],[30.07618,2.04192],[30.0837,2.03148],[30.11687,2.02019],[30.12249,2.0104],[30.1309,2.02387],[30.14431,2.00109],[30.16249,1.98933],[30.16147,1.93487],[30.15774,1.93903],[30.14249,1.93841],[30.13031,1.92638],[30.11176,1.92495],[30.10256,1.93664],[30.09461,1.93559],[30.09363,1.92472],[30.10765,1.90241],[30.11338,1.88315],[30.10902,1.85018],[30.08058,1.84357],[30.0746,1.85479],[30.04405,1.85613],[30.03885,1.84904],[30.03791,1.83241],[30.02809,1.82782],[30.02481,1.83276],[30.02569,1.82475],[30.01792,1.82656],[30.02215,1.81769],[30.01143,1.81255],[30.01186,1.79039],[29.99533,1.79133],[29.98819,1.77477],[29.98804,1.78045],[29.94016,1.80333],[29.88682,1.83738],[29.7437,1.94898],[29.64197,1.88884],[29.56192,1.87349],[29.48993,1.831],[29.44004,1.8576],[29.3865,1.90947],[29.32648,1.93843],[29.35788,2.00581],[29.36897,2.04022],[29.37573,2.04612],[29.37326,2.05254],[29.38241,2.06133],[29.37977,2.07824],[29.40052,2.09923],[29.40203,2.11038],[29.41491,2.12778],[29.41459,2.13919],[29.4342,2.15251],[29.43825,2.16129],[29.42861,2.2123],[29.44013,2.34678],[29.4351,2.43565],[29.57278,2.48861],[29.62819,2.45064],[29.62954,2.4434],[29.65018,2.42539],[29.64753,2.39396],[29.63901,2.37323],[29.64762,2.33319],[29.64109,2.32439],[29.64233,2.31565],[29.66003,2.30337],[29.66761,2.28785],[29.64631,2.2716],[29.60767,2.28351],[29.62428,2.20949],[29.68422,2.20768],[29.74357,2.19026],[29.73683,2.17186],[29.74977,2.16817],[29.77273,2.15028],[29.77509,2.13313],[29.78535,2.1267],[29.79649,2.10314],[29.80445,2.10385],[29.81593,2.08885],[29.83303,2.0833],[29.83709,2.08591],[29.84526,2.07393],[29.85765,2.0728],[29.87375,2.08063],[29.87542,2.07415],[29.89719,2.05568],[29.90123,2.05619],[29.90341,2.06518]]]},"properties":{"nom":"Mongbwalu","province":"Ituri","antenne":"Bunia"}},{"type":"Feature","geometry":{"type":"Polygon","coordinates":[[[28.21957,1.68358],[28.22583,1.65772],[28.22213,1.63271],[28.171,1.5525],[28.21092,1.4873],[28.24328,1.45034],[28.23753,1.43303],[28.24038,1.42303],[28.27145,1.41031],[28.31102,1.29767],[28.35272,1.22239],[28.39087,1.17341],[28.41813,1.16509],[28.41365,1.15314],[28.43165,1.13553],[28.43164,1.10673],[28.40529,1.06098],[28.36938,1.01764],[28.34785,1.03451],[28.24254,0.99119],[28.16592,0.86355],[28.18286,0.68466],[28.1591,0.68522],[28.09598,0.67344],[28.07385,0.67894],[28.06952,0.67641],[28.06815,0.66423],[28.0451,0.6509],[28.04282,0.63964],[28.02753,0.63297],[27.93557,0.74899],[27.94148,0.76767],[27.93802,0.78685],[27.94668,0.82707],[27.9956,0.94261],[27.97432,0.94009],[27.9509,0.92144],[27.93882,0.92137],[27.92881,0.92264],[27.91989,0.93242],[27.90814,0.92514],[27.89294,0.93366],[27.88623,0.93182],[27.87808,0.94597],[27.92255,1.00455],[27.93575,1.03602],[27.93353,1.04227],[27.92592,1.04645],[27.90481,1.04346],[27.87563,1.05071],[27.85323,1.03894],[27.83459,1.05055],[27.82435,1.06323],[27.80218,1.06007],[27.78333,1.06513],[27.7731,1.05869],[27.75698,1.07339],[27.74083,1.06899],[27.73947,1.12123],[27.77065,1.14968],[27.75557,1.21061],[27.77823,1.22099],[27.78317,1.2284],[27.76829,1.24433],[27.76526,1.25612],[27.77799,1.29472],[27.75892,1.30405],[27.73912,1.29577],[27.72504,1.30964],[27.69036,1.32361],[27.67828,1.33429],[27.64467,1.32437],[27.61476,1.32299],[27.60889,1.32672],[27.59909,1.34882],[27.58979,1.34349],[27.5758,1.32211],[27.55395,1.32399],[27.55693,1.3431],[27.52419,1.36541],[27.5091,1.39061],[27.48735,1.40011],[27.47711,1.41862],[27.46832,1.46372],[27.45008,1.47639],[27.4403,1.50554],[27.41919,1.48973],[27.36631,1.49719],[27.36692,1.53652],[27.39092,1.59439],[27.42427,1.62874],[27.44667,1.6596],[27.49545,1.66856],[27.59722,1.70439],[27.55333,1.77336],[27.5558,1.79937],[27.56665,1.82804],[27.58505,1.84726],[27.63067,1.82047],[27.68225,1.80829],[27.69397,1.81553],[27.71654,1.84585],[27.73913,1.85754],[27.75002,1.85642],[27.76343,1.85246],[27.78158,1.83014],[27.78298,1.81378],[27.84006,1.77783],[27.88154,1.76708],[27.8858,1.77861],[27.90086,1.79416],[27.93823,1.72113],[27.94611,1.72621],[27.93994,1.73242],[27.9413,1.74853],[27.96267,1.75583],[27.98173,1.75572],[28.0211,1.74688],[28.1803,1.69005],[28.21957,1.68358]]]},"properties":{"nom":"Nia Nia","province":"Ituri","antenne":"Bunia"}},{"type":"Feature","geometry":{"type":"Polygon","coordinates":[[[30.36532,1.79475],[30.36583,1.7874],[30.38024,1.78141],[30.4119,1.7465],[30.39327,1.7207],[30.39004,1.70288],[30.38095,1.6903],[30.37683,1.69458],[30.36803,1.691],[30.36521,1.69607],[30.35586,1.69519],[30.35027,1.68921],[30.34609,1.69591],[30.32363,1.69421],[30.32338,1.68378],[30.31825,1.67774],[30.27999,1.66247],[30.27649,1.67481],[30.28124,1.68232],[30.28191,1.70447],[30.26939,1.70927],[30.26407,1.72175],[30.26572,1.74126],[30.25698,1.74959],[30.26039,1.76814],[30.2503,1.78501],[30.24965,1.79118],[30.25944,1.80558],[30.25546,1.82044],[30.28521,1.83401],[30.29624,1.83566],[30.31095,1.82802],[30.31618,1.83245],[30.32392,1.8156],[30.31651,1.78652],[30.32494,1.76971],[30.35692,1.78972],[30.35889,1.79522],[30.36532,1.79475]]]},"properties":{"nom":"Nizi","province":"Ituri","antenne":"Bunia"}},{"type":"Feature","geometry":{"type":"Polygon","coordinates":[[[30.15398,1.4614],[30.11594,1.4287],[30.1077,1.41593],[30.10227,1.41704],[30.08726,1.40685],[30.09139,1.39134],[30.07946,1.38602],[30.06458,1.39424],[30.06805,1.38449],[30.06499,1.37882],[30.07432,1.36168],[30.06906,1.35727],[30.07833,1.34703],[30.06526,1.33805],[30.03489,1.35365],[30.0391,1.33996],[30.03423,1.32936],[30.01222,1.32981],[30.00865,1.32371],[29.97861,1.32408],[29.97104,1.31871],[29.9332,1.3409],[29.90964,1.37802],[29.88565,1.38302],[29.8864,1.3883],[29.85971,1.40325],[29.8546,1.41137],[29.84213,1.4114],[29.83901,1.41784],[29.83547,1.41655],[29.83052,1.42494],[29.83473,1.42748],[29.82802,1.42835],[29.8321,1.43452],[29.82503,1.43186],[29.8169,1.43633],[29.80974,1.45083],[29.79915,1.44305],[29.78497,1.46283],[29.77202,1.45914],[29.76606,1.44919],[29.75241,1.44606],[29.73771,1.43163],[29.72396,1.4401],[29.74369,1.49983],[29.75468,1.51107],[29.76872,1.56463],[29.78197,1.56369],[29.83822,1.61376],[29.89182,1.62587],[29.90086,1.63693],[29.94438,1.62749],[29.97894,1.58554],[29.99608,1.57801],[30.00027,1.56413],[29.99635,1.5578],[30.00879,1.54695],[30.01996,1.54362],[30.02799,1.55253],[30.07236,1.53195],[30.08034,1.54],[30.09034,1.53899],[30.08959,1.52965],[30.09957,1.52439],[30.1006,1.51607],[30.12582,1.51688],[30.12451,1.51239],[30.13374,1.50648],[30.12715,1.50084],[30.13461,1.49017],[30.14311,1.48735],[30.14972,1.49499],[30.14827,1.4788],[30.15618,1.48348],[30.16263,1.47908],[30.15398,1.4614]]]},"properties":{"nom":"Nyankunde","province":"Ituri","antenne":"Bunia"}},{"type":"Feature","geometry":{"type":"Polygon","coordinates":[[[30.66883,2.13708],[30.66842,2.12004],[30.69746,2.11881],[30.7241,2.09232],[30.74198,2.09547],[30.75661,2.12532],[30.76469,2.12519],[30.77256,2.13725],[30.79532,2.13426],[30.79458,2.13007],[30.80186,2.12603],[30.80883,2.12714],[30.82385,2.11933],[30.82135,2.11432],[30.84419,2.10964],[30.85535,2.09716],[30.86241,2.10679],[30.9,2.10703],[30.9002,2.12001],[30.90989,2.12817],[30.91424,2.12648],[30.91039,2.08651],[30.91645,2.07602],[30.91057,2.06954],[30.90911,2.05388],[30.92437,2.03697],[30.9302,2.04135],[30.92715,2.03587],[30.93031,2.0245],[30.95563,2.01166],[30.95427,2.00353],[30.96244,1.99815],[30.95132,1.98654],[30.95583,1.98261],[30.94854,1.9813],[30.94866,1.98466],[30.92903,1.96937],[30.9085,1.92854],[30.88421,1.94095],[30.88362,1.948],[30.87195,1.95444],[30.87465,1.96497],[30.86166,1.96761],[30.85376,1.9569],[30.83606,1.96646],[30.82884,1.96025],[30.82003,1.9611],[30.8095,1.9734],[30.80748,2.01515],[30.82199,2.03362],[30.81361,2.05389],[30.80435,2.03422],[30.78459,2.05326],[30.77879,2.04569],[30.75509,2.04665],[30.75426,2.03888],[30.73195,2.04187],[30.71708,2.05187],[30.69364,2.05426],[30.68812,2.06524],[30.67925,2.06385],[30.66509,2.05283],[30.65509,2.03712],[30.60084,2.01999],[30.59727,2.01285],[30.56179,2.03131],[30.56304,2.03926],[30.5558,2.04402],[30.54932,2.04485],[30.54596,2.0369],[30.52308,2.08605],[30.5049,2.0775],[30.48738,2.06163],[30.50702,2.04718],[30.50471,2.04178],[30.43636,2.0454],[30.41317,2.06374],[30.42276,2.07573],[30.41767,2.078],[30.41916,2.0891],[30.42482,2.09188],[30.43061,2.11511],[30.44696,2.12886],[30.45403,2.14871],[30.46149,2.14817],[30.46849,2.15525],[30.48427,2.14586],[30.49196,2.15085],[30.49829,2.14833],[30.507,2.15361],[30.51047,2.16214],[30.55929,2.17843],[30.57025,2.17471],[30.59018,2.14119],[30.60908,2.15478],[30.61792,2.1526],[30.62567,2.12278],[30.65537,2.1282],[30.66883,2.13708]]]},"properties":{"nom":"Rethy","province":"Ituri","antenne":"Bunia"}},{"type":"Feature","geometry":{"type":"Polygon","coordinates":[[[30.12687,1.70192],[30.13105,1.67442],[30.12853,1.65306],[30.1361,1.65628],[30.14185,1.67193],[30.15319,1.68164],[30.17307,1.68045],[30.17683,1.67216],[30.19604,1.67671],[30.20057,1.70162],[30.21472,1.6923],[30.2231,1.70091],[30.23953,1.68634],[30.26348,1.67488],[30.25687,1.66179],[30.27441,1.66055],[30.26716,1.64975],[30.26044,1.65175],[30.26682,1.64525],[30.25219,1.62981],[30.24136,1.59939],[30.23532,1.60107],[30.22525,1.5932],[30.22726,1.59814],[30.21776,1.59732],[30.21297,1.60345],[30.21374,1.59534],[30.20756,1.59114],[30.20991,1.58806],[30.20228,1.57632],[30.21428,1.56492],[30.20858,1.5573],[30.2118,1.55007],[30.20688,1.54633],[30.21578,1.54028],[30.24406,1.54516],[30.25604,1.52703],[30.26568,1.52705],[30.27544,1.52045],[30.27384,1.51301],[30.28353,1.49543],[30.27587,1.4908],[30.27826,1.47699],[30.27151,1.46978],[30.27749,1.45371],[30.28974,1.44502],[30.28249,1.42775],[30.3057,1.41118],[30.32859,1.40999],[30.33822,1.39018],[30.32003,1.39018],[30.29509,1.4],[30.29324,1.39557],[30.28044,1.39522],[30.16588,1.45425],[30.15398,1.4614],[30.16255,1.47922],[30.15618,1.48348],[30.14827,1.4788],[30.14972,1.49499],[30.14311,1.48735],[30.13461,1.49017],[30.12715,1.50084],[30.13374,1.50648],[30.12451,1.51239],[30.12582,1.51688],[30.1006,1.51607],[30.09957,1.52439],[30.08959,1.52965],[30.09034,1.53899],[30.08034,1.54],[30.07236,1.53195],[30.02799,1.55253],[30.01996,1.54362],[30.00879,1.54695],[29.99635,1.5578],[30.00027,1.56413],[29.99608,1.57801],[29.97894,1.58554],[29.94438,1.62749],[29.90086,1.63693],[29.91842,1.64035],[29.92715,1.65171],[29.94157,1.65398],[29.98457,1.70924],[30.03014,1.72145],[30.03621,1.72015],[30.01312,1.69935],[30.01447,1.66867],[30.00365,1.65368],[30.00562,1.63853],[30.0248,1.64276],[30.04111,1.66056],[30.05931,1.66051],[30.08089,1.63977],[30.12687,1.70192]]]},"properties":{"nom":"Rwampara","province":"Ituri","antenne":"Bunia"}},{"type":"Feature","geometry":{"type":"MultiPolygon","coordinates":[[[[30.59853,1.60282],[30.6097,1.60462],[30.60824,1.59932],[30.58438,1.58243],[30.55523,1.56889],[30.53944,1.5542],[30.53316,1.53588],[30.50287,1.51309],[30.48899,1.46375],[30.48531,1.43291],[30.47818,1.41855],[30.46115,1.39862],[30.46118,1.40291],[30.44641,1.3991],[30.43258,1.36003],[30.39264,1.33331],[30.37935,1.31392],[30.36129,1.33143],[30.34837,1.37705],[30.34327,1.37777],[30.32859,1.40999],[30.34077,1.41391],[30.34122,1.44038],[30.36116,1.45556],[30.3613,1.46631],[30.37459,1.48593],[30.40386,1.49664],[30.41599,1.50592],[30.4281,1.53724],[30.44455,1.55874],[30.48376,1.58283],[30.48857,1.59378],[30.54276,1.59111],[30.55888,1.59591],[30.5595,1.60153],[30.58795,1.61973],[30.59368,1.61725],[30.59853,1.60282]]],[[[30.65232,1.65926],[30.62282,1.61182],[30.61209,1.60671],[30.59951,1.63002],[30.61226,1.65093],[30.62512,1.66364],[30.63759,1.65821],[30.65705,1.66487],[30.65232,1.65926]]]]},"properties":{"nom":"Tchomia","province":"Ituri","antenne":"Bunia"}},{"type":"Feature","geometry":{"type":"Polygon","coordinates":[[[29.3866,-0.42382],[29.38534,-0.4363],[29.38047,-0.44713],[29.3732,-0.45101],[29.36357,-0.47833],[29.34099,-0.47331],[29.31877,-0.48331],[29.31817,-0.49945],[29.33027,-0.51571],[29.34059,-0.51801],[29.32708,-0.52654],[29.31022,-0.52114],[29.30054,-0.52771],[29.28025,-0.53017],[29.27472,-0.5125],[29.26788,-0.50657],[29.25971,-0.50458],[29.25398,-0.51144],[29.25184,-0.50286],[29.23884,-0.50026],[29.22988,-0.50579],[29.23207,-0.49588],[29.22775,-0.49096],[29.21972,-0.49481],[29.21368,-0.48982],[29.20488,-0.50631],[29.1909,-0.50811],[29.18792,-0.52368],[29.19066,-0.5431],[29.19579,-0.54863],[29.17976,-0.54683],[29.17324,-0.53923],[29.16608,-0.54165],[29.16256,-0.5383],[29.16264,-0.50709],[29.15351,-0.49328],[29.12208,-0.49208],[29.10962,-0.46639],[29.102,-0.46463],[29.10152,-0.47674],[29.08366,-0.49227],[29.08577,-0.50039],[29.07511,-0.50932],[29.07781,-0.51747],[29.06395,-0.53922],[29.04907,-0.52627],[29.04973,-0.5189],[29.04447,-0.51325],[29.03162,-0.51641],[29.0236,-0.50971],[28.99291,-0.5072],[28.97184,-0.49206],[28.94811,-0.48322],[28.93694,-0.49448],[28.90058,-0.50926],[28.8854,-0.48775],[28.87415,-0.48991],[28.8636,-0.50058],[28.87721,-0.53815],[28.8697,-0.5597],[28.85737,-0.56864],[28.82014,-0.57305],[28.78895,-0.56897],[28.76637,-0.57607],[28.73499,-0.54429],[28.714,-0.53323],[28.70752,-0.55295],[28.68512,-0.55479],[28.67203,-0.56405],[28.66877,-0.57509],[28.65429,-0.58983],[28.64229,-0.61287],[28.63215,-0.62018],[28.63429,-0.62237],[28.61667,-0.62047],[28.60904,-0.63026],[28.59372,-0.6331],[28.59206,-0.61165],[28.60339,-0.5755],[28.60361,-0.55297],[28.61558,-0.51779],[28.61482,-0.50527],[28.6113,-0.50317],[28.60569,-0.50851],[28.58649,-0.50451],[28.58815,-0.50093],[28.58005,-0.49355],[28.57576,-0.49697],[28.56653,-0.48466],[28.56017,-0.48628],[28.55467,-0.48164],[28.55746,-0.47528],[28.54785,-0.47287],[28.54439,-0.4688],[28.54766,-0.46417],[28.53866,-0.45615],[28.52747,-0.45649],[28.5256,-0.45177],[28.51211,-0.45578],[28.50951,-0.4489],[28.49683,-0.4528],[28.49995,-0.44667],[28.49623,-0.44145],[28.48653,-0.449],[28.47495,-0.44994],[28.4698,-0.44494],[28.47067,-0.44851],[28.46097,-0.44994],[28.46101,-0.43498],[28.45278,-0.4237],[28.44845,-0.42483],[28.44503,-0.41803],[28.43793,-0.42137],[28.43098,-0.41822],[28.42834,-0.40446],[28.41842,-0.40416],[28.41895,-0.39397],[28.40301,-0.39946],[28.40154,-0.39127],[28.39256,-0.39306],[28.37335,-0.41025],[28.35399,-0.39961],[28.35426,-0.39559],[28.35054,-0.39754],[28.34975,-0.39303],[28.35441,-0.39134],[28.34302,-0.38912],[28.33877,-0.38345],[28.34065,-0.37146],[28.33569,-0.3645],[28.32784,-0.36722],[28.32211,-0.35632],[28.3177,-0.35599],[28.31352,-0.33287],[28.30533,-0.32684],[28.30033,-0.32964],[28.29015,-0.31322],[28.28597,-0.31766],[28.27438,-0.31408],[28.26498,-0.31886],[28.24014,-0.29222],[28.23036,-0.29508],[28.22067,-0.26944],[28.20122,-0.26852],[28.20357,-0.24939],[28.19483,-0.2507],[28.19052,-0.24008],[28.18345,-0.23694],[28.16723,-0.24474],[28.1622,-0.2347],[28.16669,-0.2325],[28.16786,-0.20261],[28.16021,-0.18585],[28.14545,-0.18925],[28.13502,-0.20066],[28.13727,-0.19156],[28.13285,-0.19039],[28.1298,-0.17798],[28.13522,-0.17275],[28.12729,-0.16682],[28.12965,-0.16245],[28.14205,-0.17107],[28.15032,-0.16355],[28.15752,-0.16652],[28.17017,-0.16055],[28.17138,-0.15015],[28.19935,-0.14092],[28.20724,-0.14733],[28.21743,-0.14255],[28.22063,-0.14945],[28.23284,-0.14577],[28.24453,-0.15178],[28.25656,-0.15134],[28.25625,-0.14606],[28.26302,-0.14105],[28.27515,-0.14279],[28.27433,-0.13683],[28.28665,-0.13419],[28.29339,-0.12194],[28.29964,-0.12277],[28.30933,-0.1135],[28.31755,-0.11466],[28.31492,-0.10258],[28.32445,-0.10473],[28.33694,-0.09894],[28.34088,-0.09067],[28.36143,-0.10043],[28.36504,-0.10953],[28.368,-0.09894],[28.3806,-0.09213],[28.39495,-0.09332],[28.39939,-0.08901],[28.41828,-0.09844],[28.41894,-0.0915],[28.4341,-0.09284],[28.45368,-0.07979],[28.4584,-0.08858],[28.46855,-0.08819],[28.46538,-0.09183],[28.47057,-0.09492],[28.46902,-0.10132],[28.47967,-0.1107],[28.47609,-0.11989],[28.46059,-0.12867],[28.4641,-0.13955],[28.48481,-0.15926],[28.48242,-0.17807],[28.49161,-0.17871],[28.4998,-0.19201],[28.50461,-0.18248],[28.51604,-0.17522],[28.53451,-0.17611],[28.53998,-0.18512],[28.54785,-0.18013],[28.5466,-0.17422],[28.55873,-0.17016],[28.56336,-0.17392],[28.5645,-0.16749],[28.56879,-0.16854],[28.56614,-0.16569],[28.57262,-0.16466],[28.57257,-0.15848],[28.583,-0.15609],[28.59465,-0.16329],[28.6154,-0.16086],[28.62534,-0.15491],[28.6322,-0.15973],[28.6291,-0.14643],[28.63311,-0.14591],[28.6453,-0.15143],[28.64635,-0.16477],[28.67365,-0.19217],[28.67762,-0.18608],[28.68507,-0.19482],[28.69387,-0.19217],[28.69387,-0.19583],[28.70543,-0.19586],[28.71172,-0.20322],[28.71801,-0.20148],[28.72127,-0.20805],[28.7258,-0.20477],[28.73114,-0.20788],[28.73303,-0.21717],[28.73828,-0.21628],[28.74613,-0.22575],[28.74812,-0.22282],[28.76306,-0.22801],[28.76179,-0.22126],[28.77058,-0.21377],[28.76852,-0.20923],[28.77695,-0.2125],[28.77944,-0.22037],[28.78604,-0.22075],[28.78329,-0.21533],[28.78723,-0.21352],[28.8074,-0.21966],[28.80763,-0.22736],[28.82216,-0.2241],[28.82309,-0.23235],[28.83036,-0.23642],[28.82574,-0.24748],[28.82735,-0.27638],[28.84518,-0.32968],[28.83453,-0.34912],[28.83805,-0.36848],[28.84282,-0.3636],[28.84176,-0.354],[28.84541,-0.35744],[28.84497,-0.35015],[28.8527,-0.35454],[28.85797,-0.3416],[28.90138,-0.35182],[28.93251,-0.36829],[28.96116,-0.36961],[28.96353,-0.34736],[28.99962,-0.30688],[29.0137,-0.30379],[29.03026,-0.31363],[29.05078,-0.31567],[29.04933,-0.28756],[29.07103,-0.27874],[29.08643,-0.28268],[29.10026,-0.27186],[29.09429,-0.24683],[29.10136,-0.24386],[29.11136,-0.25118],[29.11707,-0.24751],[29.12228,-0.25018],[29.1297,-0.2383],[29.15068,-0.23927],[29.17605,-0.21835],[29.18726,-0.23924],[29.1973,-0.24048],[29.20239,-0.24688],[29.21061,-0.24241],[29.22972,-0.26131],[29.23863,-0.25737],[29.25067,-0.26759],[29.24213,-0.27357],[29.23482,-0.27242],[29.23138,-0.28594],[29.23708,-0.28229],[29.25355,-0.28613],[29.2472,-0.30166],[29.25413,-0.30158],[29.2594,-0.31071],[29.26382,-0.33126],[29.25418,-0.35486],[29.27115,-0.36103],[29.28479,-0.34386],[29.29161,-0.3553],[29.30523,-0.36069],[29.30101,-0.35042],[29.31877,-0.34537],[29.32603,-0.35003],[29.32492,-0.36491],[29.31899,-0.36981],[29.32787,-0.37787],[29.32364,-0.39353],[29.33576,-0.39489],[29.33836,-0.40758],[29.34099,-0.40475],[29.35275,-0.40945],[29.35477,-0.41764],[29.36942,-0.42099],[29.37316,-0.42717],[29.3866,-0.42382]]]},"properties":{"nom":"Alimbongo","province":"Nord-Kivu","antenne":"Butembo"}},{"type":"Feature","geometry":{"type":"Polygon","coordinates":[[[29.72909,0.71833],[29.7344,0.7056],[29.72855,0.70277],[29.7337,0.69692],[29.72412,0.69294],[29.72878,0.68853],[29.7178,0.67511],[29.71935,0.66408],[29.7117,0.64395],[29.70228,0.64578],[29.70468,0.63177],[29.70063,0.63212],[29.6947,0.62161],[29.70069,0.61574],[29.6969,0.61399],[29.69774,0.59561],[29.68588,0.58978],[29.67952,0.59161],[29.68243,0.58703],[29.67872,0.58402],[29.68389,0.5811],[29.67278,0.56497],[29.67762,0.55715],[29.67069,0.55883],[29.66467,0.55148],[29.66418,0.54022],[29.65536,0.54462],[29.64649,0.53214],[29.6464,0.51208],[29.65918,0.50955],[29.65147,0.49075],[29.64801,0.48679],[29.61949,0.48551],[29.61519,0.47788],[29.58972,0.46757],[29.58784,0.44235],[29.58,0.42583],[29.56882,0.41613],[29.55889,0.42474],[29.55644,0.4093],[29.54801,0.40165],[29.5455,0.40781],[29.54185,0.40609],[29.52106,0.37792],[29.5083,0.37023],[29.50135,0.35404],[29.45382,0.36013],[29.44973,0.37448],[29.44203,0.37642],[29.438,0.38339],[29.43239,0.3826],[29.43312,0.39378],[29.42628,0.3972],[29.42752,0.40169],[29.40615,0.40696],[29.41574,0.4378],[29.4122,0.44607],[29.40687,0.44229],[29.39431,0.44469],[29.3799,0.47556],[29.37392,0.4714],[29.35797,0.47514],[29.35668,0.48086],[29.35073,0.48173],[29.34686,0.47745],[29.33961,0.48945],[29.32659,0.48583],[29.34096,0.50047],[29.355,0.50626],[29.3695,0.50596],[29.37867,0.51243],[29.37734,0.51855],[29.38587,0.5225],[29.38875,0.53121],[29.38167,0.53693],[29.38163,0.54534],[29.38768,0.54267],[29.39064,0.54731],[29.3797,0.56383],[29.36902,0.56685],[29.36003,0.5876],[29.34457,0.60045],[29.33412,0.62976],[29.33998,0.63019],[29.34115,0.62524],[29.34467,0.62914],[29.3545,0.61854],[29.36296,0.61983],[29.36764,0.61348],[29.38686,0.61647],[29.40009,0.62517],[29.40637,0.62565],[29.40529,0.61869],[29.42063,0.62129],[29.43194,0.59995],[29.43265,0.58266],[29.44456,0.57753],[29.44976,0.56118],[29.46176,0.54643],[29.4686,0.54974],[29.47267,0.54388],[29.48565,0.55092],[29.49381,0.57018],[29.50635,0.58469],[29.53311,0.57748],[29.54154,0.58069],[29.5445,0.58821],[29.57175,0.59752],[29.57698,0.60253],[29.57551,0.61315],[29.58602,0.61846],[29.59159,0.63099],[29.63742,0.64563],[29.64579,0.65214],[29.64858,0.6628],[29.65672,0.66602],[29.65858,0.67513],[29.67145,0.67762],[29.68035,0.69269],[29.69654,0.69968],[29.70846,0.71252],[29.72909,0.71833]]]},"properties":{"nom":"Beni","province":"Nord-Kivu","antenne":"Butembo"}},{"type":"Feature","geometry":{"type":"Polygon","coordinates":[[[29.17071,0.32522],[29.17819,0.31216],[29.16299,0.28911],[29.16627,0.28788],[29.14277,0.27591],[29.1474,0.26096],[29.16808,0.25153],[29.16738,0.24113],[29.17434,0.23745],[29.1769,0.22864],[29.1567,0.22381],[29.14883,0.21187],[29.16397,0.17878],[29.18404,0.17927],[29.21542,0.16591],[29.23007,0.1524],[29.2139,0.15177],[29.21113,0.14285],[29.20524,0.1413],[29.21151,0.13028],[29.22564,0.12396],[29.2218,0.11666],[29.21297,0.11662],[29.20415,0.10806],[29.18633,0.11289],[29.18653,0.12589],[29.17837,0.12695],[29.16986,0.11604],[29.16311,0.11899],[29.14096,0.10989],[29.13337,0.1198],[29.12253,0.11881],[29.11954,0.13399],[29.10043,0.13303],[29.08854,0.14055],[29.06276,0.13205],[29.05475,0.13517],[29.04684,0.1483],[29.04742,0.13954],[29.04156,0.13995],[29.02839,0.15465],[29.0225,0.15277],[29.02024,0.14387],[29.01395,0.14039],[29.01598,0.13431],[29.00857,0.13377],[28.99499,0.11219],[28.97298,0.12144],[28.96531,0.11812],[28.95992,0.12171],[28.95845,0.11825],[28.94571,0.12223],[28.9577,0.10065],[28.9291,0.09523],[28.9155,0.10181],[28.88091,0.09821],[28.85974,0.1123],[28.83619,0.10836],[28.82476,0.10001],[28.81618,0.1058],[28.81403,0.1262],[28.83582,0.12988],[28.84316,0.1432],[28.83453,0.14532],[28.82721,0.15639],[28.79708,0.16437],[28.75994,0.15334],[28.77071,0.18807],[28.77819,0.18713],[28.79103,0.2003],[28.77413,0.23075],[28.78921,0.23585],[28.8056,0.26375],[28.83939,0.29276],[28.84125,0.30292],[28.85424,0.31532],[28.8483,0.34158],[28.86656,0.34555],[28.86827,0.35938],[28.87738,0.363],[28.87974,0.37036],[28.89574,0.36102],[28.8952,0.35346],[28.90409,0.34576],[28.93862,0.34647],[28.94956,0.33407],[28.96748,0.33057],[28.9645,0.32215],[28.9731,0.31007],[29.00096,0.31299],[28.99646,0.31744],[28.99703,0.32813],[29.0041,0.33481],[28.99871,0.34328],[29.00344,0.34611],[29.00488,0.36139],[28.99733,0.38835],[28.99192,0.39127],[29.00332,0.39401],[29.00185,0.40349],[29.00704,0.41322],[28.99953,0.4245],[29.00669,0.43036],[29.01373,0.45111],[29.02763,0.4614],[29.02741,0.46812],[29.04631,0.47806],[29.05457,0.47147],[29.07432,0.47496],[29.08071,0.4616],[29.07336,0.45393],[29.07695,0.44243],[29.08604,0.44679],[29.10169,0.43862],[29.10055,0.43146],[29.08866,0.42277],[29.09195,0.39203],[29.0964,0.3933],[29.09821,0.38715],[29.0957,0.37845],[29.13654,0.37162],[29.14658,0.34832],[29.1507,0.35234],[29.15876,0.3506],[29.16135,0.34324],[29.17057,0.34876],[29.17152,0.34293],[29.16471,0.33591],[29.16608,0.3256],[29.17071,0.32522]]]},"properties":{"nom":"Biena","province":"Nord-Kivu","antenne":"Butembo"}},{"type":"Feature","geometry":{"type":"Polygon","coordinates":[[[29.30994,0.18161],[29.29354,0.16389],[29.29242,0.1212],[29.29687,0.11437],[29.29534,0.10184],[29.28996,0.0986],[29.29233,0.09372],[29.28412,0.09653],[29.28271,0.09325],[29.27317,0.11451],[29.26029,0.09509],[29.24668,0.09119],[29.24065,0.09952],[29.2316,0.09771],[29.23251,0.10701],[29.22308,0.11835],[29.2251,0.12689],[29.21155,0.13025],[29.20519,0.1411],[29.21113,0.14285],[29.2139,0.15177],[29.23011,0.15218],[29.22822,0.15731],[29.23423,0.1665],[29.23065,0.17025],[29.23682,0.18051],[29.23249,0.19036],[29.24302,0.19477],[29.2573,0.18352],[29.26523,0.19369],[29.28055,0.18013],[29.29168,0.18247],[29.29685,0.19502],[29.31116,0.19547],[29.30994,0.18161]]]},"properties":{"nom":"Butembo","province":"Nord-Kivu","antenne":"Butembo"}},{"type":"Feature","geometry":{"type":"Polygon","coordinates":[[[29.50118,0.354],[29.50334,0.3464],[29.51408,0.33968],[29.51073,0.33172],[29.51577,0.31581],[29.5442,0.32028],[29.5649,0.30001],[29.56627,0.29203],[29.55878,0.28715],[29.56279,0.27873],[29.56077,0.26091],[29.53539,0.25827],[29.51675,0.2416],[29.49296,0.23685],[29.47842,0.23898],[29.44536,0.25519],[29.42958,0.25318],[29.39837,0.2586],[29.40307,0.25259],[29.39401,0.24152],[29.39824,0.23717],[29.37804,0.2265],[29.36611,0.23307],[29.36008,0.2438],[29.3625,0.25086],[29.34165,0.25676],[29.33736,0.23675],[29.3191,0.23162],[29.31938,0.21161],[29.31234,0.20751],[29.30909,0.1949],[29.29685,0.19502],[29.29157,0.18238],[29.28055,0.18013],[29.26523,0.19369],[29.2573,0.18352],[29.24302,0.19477],[29.23249,0.19036],[29.23682,0.18051],[29.23065,0.17025],[29.23423,0.1665],[29.22932,0.15177],[29.21542,0.16591],[29.20253,0.17176],[29.18404,0.17927],[29.16397,0.17878],[29.15228,0.19767],[29.14883,0.21187],[29.1564,0.22352],[29.1769,0.22864],[29.17434,0.23745],[29.16738,0.24113],[29.16808,0.25153],[29.1474,0.26096],[29.14299,0.2779],[29.16627,0.28788],[29.16299,0.28911],[29.17819,0.31216],[29.17072,0.32657],[29.19557,0.33736],[29.20483,0.35104],[29.22753,0.3526],[29.23109,0.34501],[29.24596,0.35781],[29.25122,0.3846],[29.2454,0.38919],[29.24927,0.39181],[29.24433,0.40288],[29.24858,0.40504],[29.2484,0.41222],[29.22782,0.42337],[29.23004,0.43715],[29.22187,0.43811],[29.22378,0.44803],[29.2345,0.44775],[29.26025,0.46182],[29.28086,0.46286],[29.28432,0.46899],[29.28878,0.46763],[29.28985,0.47635],[29.29993,0.47687],[29.31021,0.48861],[29.32386,0.47829],[29.33342,0.49021],[29.34018,0.48921],[29.34686,0.47745],[29.35073,0.48173],[29.35668,0.48086],[29.35797,0.47514],[29.37392,0.4714],[29.3799,0.47556],[29.39431,0.44469],[29.40687,0.44229],[29.4122,0.44607],[29.41574,0.4378],[29.40615,0.40696],[29.42752,0.40169],[29.42628,0.3972],[29.43312,0.39378],[29.43239,0.3826],[29.438,0.38339],[29.44203,0.37642],[29.44973,0.37448],[29.45382,0.36013],[29.50118,0.354]]]},"properties":{"nom":"Kalunguta","province":"Nord-Kivu","antenne":"Butembo"}},{"type":"Feature","geometry":{"type":"Polygon","coordinates":[[[29.98721,0.83815],[29.97363,0.81435],[29.97223,0.7942],[29.96343,0.77793],[29.96784,0.75891],[29.97754,0.74447],[29.96883,0.71667],[29.97156,0.69309],[29.96276,0.68031],[29.95465,0.63809],[29.97282,0.59801],[29.96974,0.56559],[29.98193,0.55756],[29.97569,0.54353],[29.98075,0.53231],[29.9802,0.51664],[29.9207,0.44869],[29.90031,0.45881],[29.89193,0.45458],[29.88333,0.46864],[29.88367,0.45865],[29.87873,0.45254],[29.86304,0.45204],[29.84512,0.47519],[29.84113,0.47231],[29.82454,0.48115],[29.82499,0.4884],[29.81483,0.48884],[29.81374,0.49581],[29.79456,0.5055],[29.77371,0.5252],[29.74664,0.52366],[29.74427,0.53082],[29.73678,0.53449],[29.73934,0.54315],[29.73602,0.54898],[29.72226,0.54553],[29.71947,0.55347],[29.70407,0.55316],[29.70221,0.55827],[29.69514,0.55572],[29.69059,0.55952],[29.68713,0.55646],[29.68241,0.56556],[29.67686,0.56549],[29.67874,0.56905],[29.67408,0.56767],[29.68389,0.5811],[29.67872,0.58402],[29.68243,0.58703],[29.67952,0.59161],[29.68588,0.58978],[29.69774,0.59561],[29.6969,0.61399],[29.70069,0.61574],[29.6947,0.62161],[29.70063,0.63212],[29.70468,0.63177],[29.70243,0.646],[29.7117,0.64395],[29.71935,0.66408],[29.7178,0.67511],[29.72878,0.68853],[29.72412,0.69294],[29.73359,0.69651],[29.72855,0.70277],[29.7344,0.7056],[29.72894,0.71906],[29.734,0.72151],[29.73602,0.73223],[29.74803,0.73854],[29.75985,0.73366],[29.76933,0.74285],[29.77351,0.73569],[29.77691,0.7386],[29.78825,0.73521],[29.80368,0.74679],[29.81081,0.74654],[29.80136,0.76517],[29.80774,0.77011],[29.80812,0.77755],[29.81505,0.7738],[29.82278,0.77662],[29.82769,0.79003],[29.84669,0.80246],[29.86813,0.8004],[29.87199,0.80603],[29.88665,0.80373],[29.90051,0.81097],[29.90469,0.8061],[29.91379,0.80731],[29.9186,0.80151],[29.92999,0.79989],[29.9352,0.81236],[29.94126,0.81031],[29.93918,0.81622],[29.94446,0.8143],[29.94835,0.81858],[29.95538,0.8116],[29.95591,0.82527],[29.96453,0.83309],[29.96942,0.83214],[29.97053,0.83724],[29.9734,0.83197],[29.98721,0.83815]]]},"properties":{"nom":"Kamango","province":"Nord-Kivu","antenne":"Butembo"}},{"type":"Feature","geometry":{"type":"Polygon","coordinates":[[[29.34953,0.06574],[29.34586,0.059],[29.33617,0.05981],[29.32467,0.05377],[29.31841,0.06082],[29.30428,0.05878],[29.28492,0.07659],[29.28721,0.08724],[29.2833,0.09592],[29.29223,0.09364],[29.28996,0.0986],[29.29639,0.10709],[29.29242,0.1212],[29.29354,0.16389],[29.31425,0.18394],[29.33239,0.18345],[29.34501,0.13274],[29.35127,0.12617],[29.34928,0.12099],[29.36127,0.10655],[29.35162,0.10552],[29.34221,0.096],[29.34953,0.06574]]]},"properties":{"nom":"Katwa","province":"Nord-Kivu","antenne":"Butembo"}},{"type":"Feature","geometry":{"type":"Polygon","coordinates":[[[29.63294,0.19637],[29.64032,0.19659],[29.64268,0.18954],[29.64977,0.19368],[29.65696,0.18683],[29.64881,0.1768],[29.62994,0.17789],[29.62712,0.17453],[29.63811,0.14971],[29.63732,0.09769],[29.6502,0.07701],[29.64014,0.03805],[29.63162,0.02875],[29.63431,0.02378],[29.6304,0.01131],[29.6223,0.00819],[29.61869,-0.02715],[29.61928,-0.03143],[29.64601,-0.04121],[29.63424,-0.06327],[29.63643,-0.08093],[29.62873,-0.10581],[29.64371,-0.10735],[29.65271,-0.09912],[29.6581,-0.10309],[29.66059,-0.12544],[29.65168,-0.13457],[29.63296,-0.14089],[29.6015,-0.14423],[29.51292,-0.16829],[29.50187,-0.15061],[29.49571,-0.1517],[29.48898,-0.14468],[29.46528,-0.14363],[29.4389,-0.13308],[29.43754,-0.12594],[29.42988,-0.12428],[29.41134,-0.1005],[29.40255,-0.10778],[29.40562,-0.12702],[29.39341,-0.12551],[29.38354,-0.10686],[29.37308,-0.10318],[29.3673,-0.09302],[29.38864,-0.0496],[29.38434,-0.04094],[29.37085,-0.03855],[29.36589,-0.02412],[29.37509,-0.00826],[29.37193,0.01039],[29.37903,0.01931],[29.37484,0.02443],[29.37794,0.0328],[29.3712,0.03772],[29.37731,0.04698],[29.38269,0.04357],[29.39146,0.05438],[29.39073,0.07015],[29.39748,0.07219],[29.40893,0.09444],[29.407,0.11282],[29.43801,0.11921],[29.44419,0.11609],[29.46206,0.13016],[29.46788,0.14368],[29.4652,0.1474],[29.47723,0.15239],[29.49121,0.15136],[29.50182,0.16183],[29.50806,0.15969],[29.51315,0.16518],[29.52116,0.16233],[29.54394,0.17894],[29.56795,0.18704],[29.57645,0.18271],[29.59371,0.19313],[29.61888,0.19046],[29.63294,0.19637]]]},"properties":{"nom":"Kyondo","province":"Nord-Kivu","antenne":"Butembo"}},{"type":"Feature","geometry":{"type":"Polygon","coordinates":[[[28.75777,-0.04517],[28.76307,-0.0575],[28.76253,-0.07141],[28.77172,-0.0824],[28.77126,-0.08965],[28.77843,-0.09374],[28.77712,-0.09817],[28.78923,-0.10357],[28.80515,-0.08662],[28.83624,-0.08264],[28.84094,-0.07346],[28.84571,-0.07683],[28.85779,-0.07287],[28.85882,-0.06781],[28.86713,-0.08075],[28.88098,-0.0699],[28.89052,-0.07222],[28.89105,-0.06764],[28.89911,-0.07332],[28.90237,-0.07114],[28.90266,-0.07693],[28.91151,-0.07119],[28.92615,-0.08004],[28.94146,-0.07733],[28.94811,-0.08122],[28.94514,-0.08838],[28.95049,-0.09594],[28.96297,-0.10242],[28.96827,-0.09271],[28.97989,-0.09785],[28.97811,-0.10321],[28.99453,-0.10402],[29.01876,-0.09789],[29.02676,-0.08969],[29.03015,-0.09355],[29.03979,-0.09017],[29.0413,-0.07854],[29.05149,-0.06826],[29.06362,-0.07372],[29.06987,-0.09077],[29.0638,-0.09588],[29.08028,-0.1135],[29.10773,-0.10207],[29.13307,-0.10556],[29.14164,-0.09978],[29.14391,-0.10405],[29.15757,-0.10644],[29.16581,-0.09722],[29.16517,-0.081],[29.19227,-0.06624],[29.22517,-0.08822],[29.23385,-0.07912],[29.23744,-0.06588],[29.2543,-0.05041],[29.26185,-0.0764],[29.2702,-0.08704],[29.25815,-0.10173],[29.27481,-0.10534],[29.27612,-0.11346],[29.29521,-0.11294],[29.29457,-0.12212],[29.29965,-0.12319],[29.29417,-0.12965],[29.2995,-0.14032],[29.29785,-0.15209],[29.31661,-0.16836],[29.32072,-0.1824],[29.33653,-0.19626],[29.33904,-0.20739],[29.34695,-0.21525],[29.36872,-0.21961],[29.37357,-0.21176],[29.38419,-0.2098],[29.39605,-0.21777],[29.40325,-0.20635],[29.41374,-0.20744],[29.40818,-0.19622],[29.41457,-0.1911],[29.4133,-0.18122],[29.42113,-0.17937],[29.43771,-0.1956],[29.4755,-0.19893],[29.47621,-0.21096],[29.45141,-0.26335],[29.44724,-0.28158],[29.44997,-0.29078],[29.43669,-0.32175],[29.40802,-0.35825],[29.39187,-0.37019],[29.38328,-0.3986],[29.3866,-0.42382],[29.37627,-0.42754],[29.36942,-0.42099],[29.3563,-0.4189],[29.35275,-0.40945],[29.34497,-0.40528],[29.33836,-0.40758],[29.33576,-0.39489],[29.32364,-0.39353],[29.32787,-0.37787],[29.31899,-0.36981],[29.32492,-0.36491],[29.32603,-0.35003],[29.31877,-0.34537],[29.30101,-0.35042],[29.30523,-0.36069],[29.29161,-0.3553],[29.28479,-0.34386],[29.27115,-0.36103],[29.25418,-0.35486],[29.26382,-0.33126],[29.2594,-0.31071],[29.25413,-0.30158],[29.2472,-0.30166],[29.25355,-0.28613],[29.23708,-0.28229],[29.23138,-0.28594],[29.23482,-0.27242],[29.24213,-0.27357],[29.25067,-0.26759],[29.23863,-0.25737],[29.22972,-0.26131],[29.21061,-0.24241],[29.20239,-0.24688],[29.1973,-0.24048],[29.18726,-0.23924],[29.17605,-0.21835],[29.15068,-0.23927],[29.1297,-0.2383],[29.12228,-0.25018],[29.11707,-0.24751],[29.11136,-0.25118],[29.10136,-0.24386],[29.09429,-0.24683],[29.10026,-0.27186],[29.08643,-0.28268],[29.07103,-0.27874],[29.04933,-0.28756],[29.05078,-0.31567],[29.03026,-0.31363],[29.0137,-0.30379],[28.99962,-0.30688],[28.96353,-0.34736],[28.96116,-0.36961],[28.93251,-0.36829],[28.90138,-0.35182],[28.85797,-0.3416],[28.8527,-0.35454],[28.84497,-0.35015],[28.84541,-0.35744],[28.84176,-0.354],[28.84282,-0.3636],[28.83805,-0.36848],[28.83453,-0.34912],[28.84518,-0.32968],[28.82735,-0.27638],[28.82574,-0.24748],[28.83036,-0.23642],[28.82309,-0.23235],[28.82203,-0.22401],[28.80763,-0.22736],[28.8074,-0.21966],[28.78723,-0.21352],[28.78329,-0.21533],[28.78604,-0.22075],[28.77944,-0.22037],[28.77695,-0.2125],[28.76852,-0.20923],[28.77058,-0.21377],[28.76179,-0.22126],[28.76306,-0.22801],[28.74812,-0.22282],[28.74613,-0.22575],[28.73828,-0.21628],[28.73303,-0.21717],[28.73114,-0.20788],[28.7258,-0.20477],[28.72127,-0.20805],[28.71801,-0.20148],[28.71172,-0.20322],[28.70543,-0.19586],[28.69387,-0.19583],[28.69387,-0.19217],[28.68507,-0.19482],[28.67762,-0.18608],[28.67365,-0.19217],[28.64635,-0.16477],[28.6453,-0.15143],[28.63311,-0.14591],[28.6291,-0.14643],[28.6322,-0.15973],[28.62534,-0.15491],[28.6154,-0.16086],[28.59465,-0.16329],[28.583,-0.15609],[28.57257,-0.15848],[28.57262,-0.16466],[28.56614,-0.16569],[28.56879,-0.16854],[28.5645,-0.16749],[28.56336,-0.17392],[28.55873,-0.17016],[28.5466,-0.17422],[28.54785,-0.18013],[28.53998,-0.18512],[28.53451,-0.17611],[28.51604,-0.17522],[28.50461,-0.18248],[28.4998,-0.19201],[28.49161,-0.17871],[28.48242,-0.17807],[28.48481,-0.15926],[28.4641,-0.13955],[28.4603,-0.12963],[28.47609,-0.11989],[28.47967,-0.1107],[28.46902,-0.10132],[28.47057,-0.09492],[28.46538,-0.09183],[28.46855,-0.08819],[28.45528,-0.08595],[28.45368,-0.07979],[28.46096,-0.07475],[28.45715,-0.0639],[28.46502,-0.05436],[28.47987,-0.05169],[28.48639,-0.05524],[28.48912,-0.05095],[28.49518,-0.05251],[28.4951,-0.04558],[28.50211,-0.04572],[28.50253,-0.05034],[28.51794,-0.05056],[28.51611,-0.04596],[28.5288,-0.04641],[28.53224,-0.04045],[28.53922,-0.04001],[28.54066,-0.02952],[28.55913,-0.02496],[28.55915,-0.01992],[28.57498,-0.02239],[28.56977,-0.01686],[28.57209,-0.01369],[28.59536,-0.01594],[28.6009,-0.00519],[28.61675,-0.01255],[28.62552,-0.02309],[28.61974,-0.02465],[28.61921,-0.03842],[28.62497,-0.02771],[28.63906,-0.03026],[28.64167,-0.02346],[28.64645,-0.03445],[28.6557,-0.03287],[28.65572,-0.02907],[28.66144,-0.0314],[28.66026,-0.03981],[28.67328,-0.04414],[28.67333,-0.05406],[28.7031,-0.05698],[28.70257,-0.05275],[28.71057,-0.05077],[28.71753,-0.05647],[28.73303,-0.04464],[28.74671,-0.0489],[28.74745,-0.05407],[28.75777,-0.04517]]]},"properties":{"nom":"Lubero","province":"Nord-Kivu","antenne":"Butembo"}},{"type":"Feature","geometry":{"type":"Polygon","coordinates":[[[29.33312,0.62677],[29.34958,0.59328],[29.36003,0.5876],[29.36902,0.56685],[29.3797,0.56383],[29.39064,0.54731],[29.38768,0.54267],[29.38163,0.54534],[29.38739,0.52549],[29.3695,0.50596],[29.355,0.50626],[29.32831,0.49126],[29.32735,0.47973],[29.31651,0.4804],[29.31021,0.48861],[29.29993,0.47687],[29.28985,0.47635],[29.28878,0.46763],[29.28432,0.46899],[29.28086,0.46286],[29.26025,0.46182],[29.2345,0.44775],[29.22378,0.44803],[29.22187,0.43811],[29.23004,0.43715],[29.22782,0.42337],[29.24822,0.41268],[29.24858,0.40504],[29.24433,0.40288],[29.24927,0.39181],[29.2454,0.38919],[29.25122,0.38467],[29.24593,0.3577],[29.23109,0.34501],[29.22753,0.3526],[29.20491,0.35107],[29.19557,0.33736],[29.16608,0.3256],[29.16474,0.33694],[29.17152,0.34293],[29.17057,0.34876],[29.16135,0.34324],[29.15876,0.3506],[29.1507,0.35234],[29.14658,0.34832],[29.13654,0.37162],[29.0957,0.37845],[29.09821,0.38715],[29.0964,0.3933],[29.09195,0.39203],[29.08866,0.42277],[29.10055,0.43146],[29.10169,0.43862],[29.08604,0.44679],[29.07695,0.44243],[29.07336,0.45393],[29.08071,0.4616],[29.07603,0.47363],[29.05457,0.47147],[29.0487,0.47866],[29.02406,0.46718],[29.02401,0.48012],[29.01285,0.48546],[29.01989,0.49778],[29.01794,0.50806],[29.02427,0.52683],[29.03359,0.52932],[29.03162,0.53779],[29.04191,0.53986],[29.04835,0.55206],[29.04636,0.55694],[29.05508,0.5579],[29.04934,0.56256],[29.05397,0.56866],[29.05204,0.57494],[29.05756,0.57719],[29.05557,0.58177],[29.06358,0.59303],[29.05753,0.59805],[29.06663,0.607],[29.0743,0.63206],[29.09933,0.64117],[29.10712,0.65614],[29.12385,0.65709],[29.13036,0.66538],[29.14384,0.66779],[29.14596,0.67373],[29.16603,0.67998],[29.16327,0.66467],[29.17431,0.65901],[29.17686,0.65036],[29.18258,0.65668],[29.1911,0.64541],[29.19654,0.64709],[29.21366,0.63026],[29.22199,0.62876],[29.22279,0.61983],[29.23849,0.62148],[29.2905,0.58665],[29.30059,0.61143],[29.29626,0.66062],[29.30859,0.67964],[29.32541,0.68689],[29.33012,0.68359],[29.32736,0.67647],[29.33166,0.67652],[29.33995,0.65909],[29.32926,0.6391],[29.33312,0.62677]]]},"properties":{"nom":"Mabalako","province":"Nord-Kivu","antenne":"Butembo"}},{"type":"Feature","geometry":{"type":"Polygon","coordinates":[[[29.06652,0.61087],[29.05753,0.59805],[29.06346,0.59231],[29.04925,0.56316],[29.05508,0.5579],[29.04636,0.55694],[29.04835,0.55206],[29.04191,0.53986],[29.03162,0.53779],[29.03359,0.52932],[29.02427,0.52683],[29.01794,0.50806],[29.01989,0.49778],[29.01368,0.4919],[29.01376,0.48437],[29.02401,0.48012],[29.02776,0.46193],[29.01373,0.45111],[29.00669,0.43036],[28.99953,0.4245],[29.00704,0.41322],[29.00185,0.40349],[29.00289,0.3931],[28.99204,0.39274],[28.99733,0.38835],[29.00488,0.36139],[29.00344,0.34611],[28.99871,0.34328],[29.0041,0.33481],[28.99703,0.32813],[28.99646,0.31744],[29.00096,0.31299],[28.9731,0.31007],[28.9645,0.32215],[28.96748,0.33057],[28.94956,0.33407],[28.93862,0.34647],[28.90409,0.34576],[28.8952,0.35346],[28.89574,0.36102],[28.87974,0.37036],[28.87738,0.363],[28.86827,0.35938],[28.86656,0.34555],[28.8483,0.34158],[28.85424,0.31532],[28.84125,0.30292],[28.83939,0.29276],[28.8056,0.26375],[28.78921,0.23585],[28.77413,0.23075],[28.79103,0.2003],[28.77819,0.18713],[28.77071,0.18807],[28.75994,0.15334],[28.79718,0.16437],[28.82721,0.15639],[28.83453,0.14532],[28.84316,0.1432],[28.83582,0.12988],[28.81403,0.1262],[28.81618,0.1058],[28.79838,0.10396],[28.78487,0.08181],[28.78499,0.07663],[28.81439,0.05702],[28.80441,0.04051],[28.7975,0.00788],[28.7893,0.0033],[28.78815,-0.00735],[28.77993,-0.01566],[28.76737,-0.01402],[28.75599,-0.02043],[28.76297,-0.04475],[28.75218,-0.0471],[28.74745,-0.05407],[28.74671,-0.0489],[28.73303,-0.04464],[28.71753,-0.05647],[28.71057,-0.05077],[28.70257,-0.05275],[28.7031,-0.05698],[28.67333,-0.05406],[28.67328,-0.04414],[28.66026,-0.03981],[28.66144,-0.0314],[28.65572,-0.02907],[28.6557,-0.03287],[28.64645,-0.03445],[28.64167,-0.02346],[28.63906,-0.03026],[28.62497,-0.02771],[28.61921,-0.03842],[28.61974,-0.02465],[28.62552,-0.02309],[28.61675,-0.01255],[28.6009,-0.00519],[28.59536,-0.01594],[28.57209,-0.01369],[28.56977,-0.01686],[28.57498,-0.02239],[28.55915,-0.01992],[28.55913,-0.02496],[28.54066,-0.02952],[28.53922,-0.04001],[28.53224,-0.04045],[28.5288,-0.04641],[28.51611,-0.04596],[28.51794,-0.05056],[28.50253,-0.05034],[28.50211,-0.04572],[28.4951,-0.04558],[28.49518,-0.05251],[28.48912,-0.05095],[28.48639,-0.05524],[28.47987,-0.05169],[28.46502,-0.05436],[28.45715,-0.0639],[28.46043,-0.07569],[28.4341,-0.09284],[28.41894,-0.0915],[28.41828,-0.09844],[28.39939,-0.08901],[28.39495,-0.09332],[28.3806,-0.09213],[28.368,-0.09894],[28.36504,-0.10953],[28.36143,-0.10043],[28.34088,-0.09067],[28.33694,-0.09894],[28.32445,-0.10473],[28.31492,-0.10258],[28.31755,-0.11466],[28.30933,-0.1135],[28.29964,-0.12277],[28.29339,-0.12194],[28.28665,-0.13419],[28.27433,-0.13683],[28.27515,-0.14279],[28.26302,-0.14105],[28.25625,-0.14606],[28.25656,-0.15134],[28.24453,-0.15178],[28.23284,-0.14577],[28.22063,-0.14945],[28.21743,-0.14255],[28.20724,-0.14733],[28.19935,-0.14092],[28.17138,-0.15015],[28.1682,-0.16203],[28.15752,-0.16652],[28.14945,-0.16382],[28.14211,-0.17106],[28.12965,-0.16245],[28.12373,-0.15198],[28.1322,-0.12548],[28.12456,-0.09574],[28.12657,-0.05948],[28.11464,-0.01494],[28.12618,0.01668],[28.12131,0.01854],[28.12008,0.0264],[28.12713,0.03069],[28.12136,0.04429],[28.12939,0.06878],[28.12248,0.08644],[28.13126,0.10101],[28.12646,0.10914],[28.1575,0.12156],[28.15547,0.12973],[28.1654,0.13527],[28.16663,0.1431],[28.18035,0.14874],[28.18219,0.1563],[28.16456,0.1872],[28.14709,0.19146],[28.1535,0.19699],[28.15323,0.2148],[28.14338,0.23829],[28.13644,0.24321],[28.12666,0.23884],[28.1205,0.24119],[28.11585,0.25669],[28.10364,0.25607],[28.09645,0.27455],[28.08567,0.27816],[28.08879,0.28633],[28.07997,0.29495],[28.0781,0.30553],[28.06157,0.30765],[28.05653,0.32113],[28.06164,0.3325],[28.05802,0.34044],[28.0658,0.34987],[28.0579,0.35637],[28.05646,0.40202],[28.03269,0.40318],[28.03885,0.41851],[28.02586,0.42992],[28.03826,0.43798],[28.0435,0.43541],[28.04204,0.45205],[28.02697,0.45195],[28.01869,0.45935],[28.01069,0.4568],[28.01508,0.46753],[28.0139,0.48481],[27.99635,0.48136],[27.98931,0.49296],[27.97659,0.48779],[27.94676,0.48893],[27.93255,0.49682],[27.92256,0.49089],[27.90122,0.50599],[27.89438,0.48967],[27.88559,0.5008],[27.86904,0.4879],[27.85297,0.49389],[27.8338,0.49241],[27.81236,0.50588],[27.804,0.51993],[27.79075,0.5288],[27.85498,0.5574],[27.89297,0.56187],[27.92315,0.59876],[27.95479,0.62156],[27.96879,0.62115],[27.9774,0.61334],[27.993,0.61287],[28.00939,0.63323],[28.02753,0.63296],[28.04282,0.63964],[28.0451,0.6509],[28.06815,0.66423],[28.06952,0.67641],[28.07385,0.67894],[28.09598,0.67344],[28.1591,0.68522],[28.2485,0.68802],[28.31431,0.697],[28.33162,0.69767],[28.33965,0.6872],[28.34598,0.68999],[28.36218,0.68154],[28.36094,0.67864],[28.36428,0.68113],[28.36624,0.66504],[28.37952,0.66815],[28.38334,0.66034],[28.39387,0.65502],[28.40274,0.65631],[28.40546,0.64968],[28.41037,0.64923],[28.41306,0.63762],[28.4269,0.64051],[28.43214,0.63306],[28.44165,0.63455],[28.44198,0.62522],[28.44657,0.6246],[28.45114,0.61488],[28.47201,0.59965],[28.47629,0.60148],[28.47445,0.59193],[28.48246,0.59069],[28.48554,0.58233],[28.49509,0.57578],[28.5089,0.57618],[28.5007,0.56832],[28.50078,0.55818],[28.49408,0.54737],[28.49818,0.54838],[28.506,0.53657],[28.51289,0.5439],[28.51663,0.54009],[28.52325,0.54491],[28.55474,0.54421],[28.55428,0.53249],[28.55885,0.52881],[28.55496,0.51962],[28.57802,0.52742],[28.59194,0.54028],[28.60495,0.53821],[28.61568,0.54693],[28.63165,0.54486],[28.65739,0.57242],[28.66037,0.58136],[28.67428,0.57155],[28.68987,0.57072],[28.80343,0.57652],[28.90092,0.58763],[28.93208,0.58205],[28.97181,0.5629],[28.99141,0.56032],[29.00548,0.56342],[29.01701,0.58389],[29.04615,0.58952],[29.06652,0.61087]]]},"properties":{"nom":"Manguredjipa","province":"Nord-Kivu","antenne":"Butembo"}},{"type":"Feature","geometry":{"type":"Polygon","coordinates":[[[29.37195,0.0104],[29.37509,-0.00826],[29.36914,-0.0132],[29.36606,-0.02742],[29.37085,-0.03855],[29.38434,-0.04094],[29.38864,-0.04987],[29.37929,-0.07543],[29.37118,-0.08066],[29.36805,-0.09552],[29.37379,-0.10372],[29.38354,-0.10686],[29.39341,-0.12551],[29.40562,-0.12702],[29.40675,-0.1175],[29.40187,-0.11348],[29.40829,-0.09972],[29.42512,-0.11405],[29.42988,-0.12428],[29.43754,-0.12594],[29.4389,-0.13308],[29.46528,-0.14363],[29.48898,-0.14468],[29.49571,-0.1517],[29.50216,-0.15078],[29.51292,-0.16827],[29.49066,-0.1787],[29.47808,-0.20244],[29.45115,-0.19408],[29.43771,-0.1956],[29.42113,-0.17937],[29.4133,-0.18122],[29.41457,-0.1911],[29.40818,-0.19622],[29.41374,-0.20744],[29.40325,-0.20635],[29.39605,-0.21777],[29.38419,-0.2098],[29.37357,-0.21176],[29.36872,-0.21961],[29.34695,-0.21525],[29.33904,-0.20739],[29.33653,-0.19626],[29.32072,-0.1824],[29.31661,-0.16836],[29.29785,-0.15209],[29.2995,-0.14032],[29.29417,-0.12965],[29.29965,-0.12319],[29.29457,-0.12212],[29.29521,-0.11294],[29.27612,-0.11346],[29.27481,-0.10534],[29.25815,-0.10173],[29.27019,-0.087],[29.2516,-0.04907],[29.25992,-0.03867],[29.273,-0.03379],[29.27618,-0.02568],[29.2796,-0.02883],[29.30518,0.00957],[29.31334,0.0124],[29.31716,0.00618],[29.32658,0.00666],[29.32319,0.01228],[29.33505,0.03779],[29.34423,0.03037],[29.34198,0.0276],[29.35276,0.02902],[29.35324,0.01874],[29.37195,0.0104]]]},"properties":{"nom":"Masereka","province":"Nord-Kivu","antenne":"Butembo"}},{"type":"Feature","geometry":{"type":"Polygon","coordinates":[[[29.22308,0.11835],[29.23251,0.10701],[29.2316,0.09771],[29.24065,0.09952],[29.24668,0.09119],[29.2638,0.09702],[29.27317,0.11451],[29.28721,0.08724],[29.28492,0.07659],[29.30428,0.05878],[29.31841,0.06082],[29.32621,0.05386],[29.35361,0.06448],[29.37794,0.0328],[29.37484,0.02443],[29.37903,0.01931],[29.3714,0.01019],[29.363,0.01333],[29.35324,0.01874],[29.35276,0.02902],[29.34198,0.0276],[29.34423,0.03037],[29.33505,0.03779],[29.32319,0.01228],[29.32658,0.00666],[29.31716,0.00618],[29.31334,0.0124],[29.30518,0.00957],[29.2796,-0.02883],[29.27618,-0.02568],[29.273,-0.03379],[29.25992,-0.03867],[29.24683,-0.05933],[29.23744,-0.06588],[29.23385,-0.07912],[29.22517,-0.08822],[29.19227,-0.06624],[29.16517,-0.081],[29.16581,-0.09722],[29.15757,-0.10644],[29.14391,-0.10405],[29.14164,-0.09978],[29.13307,-0.10556],[29.10773,-0.10207],[29.08028,-0.1135],[29.06757,-0.1033],[29.06371,-0.09545],[29.06987,-0.09077],[29.06913,-0.0854],[29.05689,-0.06866],[29.04487,-0.07272],[29.03943,-0.09039],[29.03015,-0.09355],[29.02676,-0.08969],[29.01852,-0.09798],[28.98361,-0.105],[28.98167,-0.10117],[28.97811,-0.10321],[28.97989,-0.09785],[28.96827,-0.09271],[28.96393,-0.10247],[28.95049,-0.09594],[28.94514,-0.08838],[28.94811,-0.08122],[28.94146,-0.07733],[28.92615,-0.08004],[28.91151,-0.07119],[28.90266,-0.07693],[28.90237,-0.07114],[28.89911,-0.07332],[28.89085,-0.06764],[28.89052,-0.07222],[28.88098,-0.0699],[28.86658,-0.08071],[28.85836,-0.0678],[28.85738,-0.07307],[28.84529,-0.0769],[28.84094,-0.07346],[28.83624,-0.08264],[28.80515,-0.08662],[28.78923,-0.10357],[28.77712,-0.09817],[28.77843,-0.09374],[28.7726,-0.09173],[28.77172,-0.0824],[28.76253,-0.07141],[28.76307,-0.0575],[28.75777,-0.04517],[28.76393,-0.04279],[28.75599,-0.02043],[28.76737,-0.01402],[28.77993,-0.01566],[28.78815,-0.00735],[28.7893,0.0033],[28.7975,0.00788],[28.80441,0.04051],[28.81438,0.05697],[28.78436,0.07766],[28.79838,0.10396],[28.81618,0.1058],[28.82476,0.10001],[28.83619,0.10836],[28.85974,0.1123],[28.88091,0.09821],[28.9155,0.10181],[28.9291,0.09523],[28.9577,0.10065],[28.94571,0.12223],[28.95845,0.11825],[28.95992,0.12171],[28.96531,0.11812],[28.97298,0.12144],[28.99499,0.11219],[29.00857,0.13377],[29.01598,0.13431],[29.01395,0.14039],[29.02024,0.14387],[29.0225,0.15277],[29.02839,0.15465],[29.04156,0.13995],[29.04742,0.13954],[29.04684,0.1483],[29.05475,0.13517],[29.06276,0.13205],[29.08854,0.14055],[29.10043,0.13303],[29.11954,0.13399],[29.12253,0.11881],[29.13337,0.1198],[29.14096,0.10989],[29.16311,0.11899],[29.16986,0.11604],[29.1781,0.12694],[29.18653,0.12589],[29.18633,0.11289],[29.20158,0.10822],[29.22308,0.11835]]]},"properties":{"nom":"Musienene","province":"Nord-Kivu","antenne":"Butembo"}},{"type":"Feature","geometry":{"type":"Polygon","coordinates":[[[29.9207,0.44869],[29.87241,0.38806],[29.82417,0.17258],[29.8147,0.16288],[29.7894,0.1692],[29.77015,0.16409],[29.76805,0.14906],[29.74432,0.13091],[29.74342,0.12579],[29.73643,0.12497],[29.74008,0.12026],[29.73413,0.10408],[29.73544,0.08878],[29.7302,0.07935],[29.7171,0.07435],[29.72103,0.05865],[29.71627,0.03478],[29.72199,0.03001],[29.72128,0.02137],[29.72798,0.01702],[29.72346,0.01114],[29.72792,0.00708],[29.72593,-0.00288],[29.73254,-0.0113],[29.73358,-0.02258],[29.74094,-0.02261],[29.7448,-0.028],[29.72969,-0.04173],[29.73176,-0.08551],[29.70649,-0.08322],[29.68049,-0.11629],[29.6606,-0.12548],[29.6581,-0.10309],[29.65271,-0.09912],[29.64371,-0.10735],[29.62873,-0.10581],[29.63643,-0.08093],[29.63424,-0.06327],[29.64601,-0.04121],[29.61928,-0.03143],[29.61869,-0.02715],[29.6223,0.00819],[29.6304,0.01131],[29.63431,0.02378],[29.63162,0.02875],[29.64014,0.03805],[29.6502,0.07701],[29.63732,0.09769],[29.63811,0.14971],[29.62715,0.17499],[29.64881,0.1768],[29.65696,0.18683],[29.64977,0.19368],[29.64356,0.18947],[29.64032,0.19659],[29.63312,0.19423],[29.63393,0.20067],[29.62777,0.20459],[29.63341,0.21531],[29.6292,0.23039],[29.62125,0.2308],[29.61226,0.22133],[29.60918,0.22646],[29.61312,0.23301],[29.60754,0.24202],[29.59408,0.235],[29.59448,0.25248],[29.57937,0.24895],[29.56383,0.25455],[29.55871,0.28648],[29.56627,0.29203],[29.5649,0.30001],[29.5442,0.32028],[29.51546,0.31617],[29.51073,0.33172],[29.51408,0.33968],[29.50061,0.35055],[29.50779,0.36949],[29.52106,0.37792],[29.54185,0.40609],[29.5455,0.40781],[29.54801,0.40165],[29.55644,0.4093],[29.55932,0.42508],[29.56882,0.41613],[29.58,0.42583],[29.58784,0.44235],[29.58972,0.46757],[29.59562,0.4727],[29.61519,0.47788],[29.62104,0.48602],[29.64898,0.48762],[29.65921,0.50927],[29.6464,0.51208],[29.64649,0.53214],[29.65536,0.54462],[29.66418,0.54022],[29.66467,0.55148],[29.67069,0.55883],[29.67782,0.5575],[29.67278,0.56497],[29.67835,0.56907],[29.67686,0.56549],[29.68241,0.56556],[29.68713,0.55646],[29.69059,0.55952],[29.69514,0.55572],[29.70221,0.55827],[29.70407,0.55316],[29.71947,0.55347],[29.7224,0.54551],[29.73602,0.54898],[29.73934,0.54315],[29.73678,0.53449],[29.74739,0.52324],[29.77371,0.5252],[29.79456,0.5055],[29.81374,0.49581],[29.81483,0.48884],[29.82499,0.4884],[29.82454,0.48115],[29.84113,0.47231],[29.84512,0.47519],[29.86304,0.45204],[29.87873,0.45254],[29.88367,0.45865],[29.88333,0.46864],[29.89193,0.45458],[29.90031,0.45881],[29.9207,0.44869]]]},"properties":{"nom":"Mutwanga","province":"Nord-Kivu","antenne":"Butembo"}},{"type":"Feature","geometry":{"type":"Polygon","coordinates":[[[29.90669,0.80693],[29.89935,0.81099],[29.88869,0.80411],[29.87326,0.80636],[29.86813,0.8004],[29.84755,0.80259],[29.84338,0.79703],[29.83784,0.79776],[29.82705,0.78922],[29.82278,0.77662],[29.81505,0.7738],[29.80903,0.77817],[29.80774,0.77011],[29.8015,0.76621],[29.81154,0.74702],[29.80368,0.74679],[29.78825,0.73521],[29.77691,0.7386],[29.77351,0.73569],[29.76933,0.74285],[29.75985,0.73366],[29.74951,0.73851],[29.74303,0.73656],[29.74112,0.73163],[29.73479,0.73102],[29.73265,0.71983],[29.70846,0.71252],[29.69654,0.69968],[29.68,0.69239],[29.67145,0.67762],[29.65858,0.67513],[29.65672,0.66602],[29.64858,0.6628],[29.64579,0.65214],[29.63742,0.64563],[29.59159,0.63099],[29.58602,0.61846],[29.57551,0.61315],[29.57392,0.59896],[29.5445,0.58821],[29.54154,0.58069],[29.53311,0.57748],[29.50635,0.58469],[29.49381,0.57018],[29.48565,0.55092],[29.47267,0.54388],[29.4686,0.54974],[29.46176,0.54643],[29.44976,0.56118],[29.44456,0.57753],[29.43265,0.58266],[29.43194,0.59995],[29.42194,0.61875],[29.44667,0.61774],[29.47313,0.62949],[29.46952,0.64872],[29.43191,0.65133],[29.41134,0.6658],[29.39428,0.67145],[29.37675,0.69704],[29.36286,0.6931],[29.34701,0.70979],[29.36123,0.72361],[29.37009,0.747],[29.36435,0.76381],[29.36973,0.82211],[29.37751,0.82782],[29.38328,0.82767],[29.39267,0.81645],[29.39874,0.8177],[29.40088,0.81002],[29.40907,0.81119],[29.40888,0.81526],[29.41631,0.81501],[29.42033,0.82682],[29.42806,0.82638],[29.43219,0.83429],[29.44134,0.83276],[29.45805,0.86022],[29.4754,0.85284],[29.48611,0.84202],[29.49457,0.80102],[29.50964,0.79021],[29.53467,0.78887],[29.52822,0.83753],[29.52164,0.8471],[29.52291,0.86117],[29.55978,0.87484],[29.58595,0.86188],[29.62319,0.85346],[29.62749,0.85632],[29.62735,0.88162],[29.64087,0.90105],[29.65894,0.90757],[29.69599,0.86833],[29.70442,0.86453],[29.72668,0.86549],[29.74096,0.8749],[29.74351,0.89696],[29.75614,0.90796],[29.79464,0.90638],[29.80776,0.91054],[29.82164,0.93078],[29.83806,0.94141],[29.85148,0.93995],[29.86121,0.9542],[29.86802,0.9485],[29.86453,0.90344],[29.87,0.89312],[29.87914,0.89417],[29.88099,0.88091],[29.87631,0.87038],[29.89018,0.84761],[29.89692,0.84557],[29.90042,0.82712],[29.9085,0.81907],[29.90669,0.80693]]]},"properties":{"nom":"Oicha","province":"Nord-Kivu","antenne":"Butembo"}},{"type":"Feature","geometry":{"type":"Polygon","coordinates":[[[29.63294,0.19637],[29.61888,0.19046],[29.59371,0.19313],[29.57645,0.18271],[29.56795,0.18704],[29.54394,0.17894],[29.52116,0.16233],[29.51315,0.16518],[29.50806,0.15969],[29.50182,0.16183],[29.49121,0.15136],[29.47723,0.15239],[29.4652,0.1474],[29.46788,0.14368],[29.46206,0.13016],[29.44419,0.11609],[29.43801,0.11921],[29.40837,0.11418],[29.40893,0.09444],[29.39748,0.07219],[29.39073,0.07015],[29.39146,0.05438],[29.38269,0.04357],[29.37731,0.04698],[29.37487,0.0385],[29.34953,0.06574],[29.3483,0.08018],[29.34409,0.08342],[29.34381,0.10024],[29.36127,0.10655],[29.34928,0.12099],[29.35127,0.12617],[29.34501,0.13274],[29.33368,0.181],[29.31641,0.18454],[29.30994,0.18161],[29.30864,0.18578],[29.31352,0.19112],[29.30985,0.2027],[29.32058,0.21528],[29.31902,0.23149],[29.33736,0.23675],[29.34165,0.25676],[29.34615,0.25342],[29.3489,0.25732],[29.36253,0.25084],[29.36008,0.2438],[29.36611,0.23307],[29.37804,0.2265],[29.39824,0.23717],[29.39401,0.24152],[29.40307,0.25259],[29.39837,0.2586],[29.42958,0.25318],[29.44536,0.25519],[29.47842,0.23898],[29.49796,0.23696],[29.51675,0.2416],[29.52788,0.25522],[29.5629,0.26395],[29.56538,0.25308],[29.57937,0.24895],[29.59448,0.25248],[29.59441,0.2345],[29.60237,0.24258],[29.60754,0.24202],[29.61312,0.23301],[29.60918,0.22646],[29.61226,0.22133],[29.62125,0.2308],[29.6292,0.23039],[29.63341,0.21531],[29.62777,0.20459],[29.63393,0.20067],[29.63294,0.19637]]]},"properties":{"nom":"Vuhovi","province":"Nord-Kivu","antenne":"Butembo"}},{"type":"Feature","geometry":{"type":"Polygon","coordinates":[[[29.37216,-0.86888],[29.36871,-0.8727],[29.37381,-0.87683],[29.36673,-0.87831],[29.35647,-0.89048],[29.34278,-0.93134],[29.34637,-0.96033],[29.35509,-0.96845],[29.3579,-0.99135],[29.33229,-1.03428],[29.33906,-1.0389],[29.34459,-1.05443],[29.3417,-1.08266],[29.35294,-1.11396],[29.34551,-1.13204],[29.34848,-1.14167],[29.34206,-1.16606],[29.34337,-1.19081],[29.33635,-1.21103],[29.3261,-1.22337],[29.33538,-1.23319],[29.33361,-1.2367],[29.32289,-1.23212],[29.31356,-1.25261],[29.29128,-1.33855],[29.23731,-1.35552],[29.25468,-1.29208],[29.25737,-1.25309],[29.24493,-1.2469],[29.23211,-1.25402],[29.22349,-1.25009],[29.22001,-1.24473],[29.22262,-1.2391],[29.23611,-1.23716],[29.23601,-1.2269],[29.2304,-1.22062],[29.2195,-1.23233],[29.21402,-1.22901],[29.21336,-1.22093],[29.20403,-1.22864],[29.19183,-1.221],[29.18294,-1.2075],[29.17736,-1.20718],[29.17509,-1.21329],[29.16416,-1.21105],[29.16484,-1.1858],[29.17283,-1.18581],[29.17541,-1.17435],[29.17195,-1.1624],[29.15989,-1.14969],[29.16754,-1.13241],[29.17858,-1.12246],[29.17522,-1.11574],[29.18236,-1.11244],[29.18967,-1.07935],[29.19551,-1.0773],[29.19863,-1.06724],[29.19771,-1.05284],[29.18846,-1.04699],[29.19476,-1.03814],[29.18893,-1.03134],[29.19349,-1.02219],[29.19,-1.00571],[29.20468,-0.98601],[29.20649,-0.96059],[29.21658,-0.93746],[29.22504,-0.93063],[29.22715,-0.90903],[29.23687,-0.90138],[29.23721,-0.89804],[29.22623,-0.89461],[29.22614,-0.88979],[29.21876,-0.88867],[29.24634,-0.87201],[29.28663,-0.80285],[29.28672,-0.79201],[29.29353,-0.78902],[29.29823,-0.79408],[29.30056,-0.76912],[29.30699,-0.76595],[29.31413,-0.78629],[29.31245,-0.80099],[29.36281,-0.81999],[29.37038,-0.8548],[29.36805,-0.86724],[29.37216,-0.86888]]]},"properties":{"nom":"Bambo","province":"Nord-Kivu","antenne":"Goma"}},{"type":"Feature","geometry":{"type":"Polygon","coordinates":[[[29.58744,-1.07686],[29.5786,-1.07391],[29.56653,-1.05317],[29.55634,-1.05471],[29.55467,-1.04981],[29.54249,-1.05589],[29.50907,-1.04932],[29.49894,-1.05479],[29.49338,-1.04997],[29.47494,-1.05043],[29.47243,-1.04494],[29.45824,-1.04185],[29.43848,-1.04206],[29.42542,-1.0262],[29.41097,-1.02922],[29.40723,-1.01803],[29.3896,-1.02359],[29.37234,-1.01864],[29.36699,-1.00448],[29.35738,-0.99992],[29.35911,-0.98208],[29.35488,-0.96798],[29.34637,-0.96033],[29.34278,-0.93134],[29.35701,-0.88938],[29.37396,-0.87657],[29.36871,-0.8726],[29.37598,-0.86505],[29.37458,-0.85893],[29.38273,-0.84916],[29.38027,-0.84574],[29.38848,-0.84076],[29.38683,-0.8344],[29.39129,-0.83436],[29.39519,-0.82404],[29.40641,-0.82524],[29.40448,-0.82101],[29.41728,-0.81446],[29.41535,-0.7954],[29.4247,-0.79094],[29.41599,-0.78369],[29.42627,-0.76939],[29.41988,-0.76492],[29.42874,-0.7629],[29.42054,-0.75885],[29.42335,-0.74894],[29.41701,-0.7454],[29.42437,-0.74534],[29.42784,-0.72598],[29.43242,-0.72738],[29.43664,-0.71782],[29.44071,-0.72107],[29.44842,-0.71531],[29.45175,-0.70439],[29.44694,-0.69477],[29.45949,-0.6903],[29.45979,-0.69687],[29.47415,-0.70277],[29.4814,-0.72072],[29.49041,-0.72547],[29.50638,-0.69072],[29.49754,-0.67676],[29.50037,-0.65727],[29.48639,-0.64918],[29.49917,-0.64539],[29.52011,-0.62993],[29.51365,-0.62387],[29.51693,-0.62035],[29.54114,-0.62577],[29.562,-0.62217],[29.59815,-0.57739],[29.61399,-0.55034],[29.61747,-0.51836],[29.63582,-0.4976],[29.6383,-0.47889],[29.65377,-0.46529],[29.68573,-0.44952],[29.68775,-0.46349],[29.68148,-0.46898],[29.68418,-0.48019],[29.67781,-0.49039],[29.6827,-0.49675],[29.67267,-0.50666],[29.67426,-0.53802],[29.66952,-0.54191],[29.66329,-0.53691],[29.65771,-0.54018],[29.65396,-0.55381],[29.65881,-0.57256],[29.66769,-0.57571],[29.6502,-0.59786],[29.66312,-0.62556],[29.65172,-0.64159],[29.65151,-0.65784],[29.63624,-0.6773],[29.63532,-0.69507],[29.62612,-0.70765],[29.63254,-0.77183],[29.62719,-0.77852],[29.63146,-0.78765],[29.62731,-0.79477],[29.63343,-0.79747],[29.63114,-0.80477],[29.64102,-0.83],[29.62685,-0.86237],[29.6298,-0.88593],[29.63826,-0.90035],[29.58783,-0.90016],[29.58192,-0.90671],[29.58361,-0.92005],[29.5939,-0.9327],[29.58743,-0.94297],[29.59367,-0.97313],[29.60221,-0.98091],[29.59897,-0.98756],[29.59004,-0.98054],[29.58685,-0.98306],[29.58987,-0.99098],[29.58354,-1.01966],[29.5908,-1.05358],[29.58744,-1.07686]]]},"properties":{"nom":"Binza","province":"Nord-Kivu","antenne":"Goma"}},{"type":"Feature","geometry":{"type":"Polygon","coordinates":[[[29.17528,-1.11595],[29.17858,-1.12246],[29.15995,-1.14604],[29.17541,-1.17435],[29.17283,-1.18581],[29.16484,-1.1858],[29.16416,-1.21105],[29.17509,-1.21329],[29.17736,-1.20718],[29.18294,-1.2075],[29.19183,-1.221],[29.20403,-1.22864],[29.21336,-1.22093],[29.21402,-1.22901],[29.2195,-1.23233],[29.2304,-1.22062],[29.23601,-1.2269],[29.23611,-1.23716],[29.22262,-1.2391],[29.22001,-1.24473],[29.22349,-1.25009],[29.23211,-1.25402],[29.24493,-1.2469],[29.25737,-1.25309],[29.24646,-1.33019],[29.2212,-1.39557],[29.22534,-1.40859],[29.21048,-1.43512],[29.20356,-1.43501],[29.2005,-1.42546],[29.19217,-1.42141],[29.17195,-1.39643],[29.16571,-1.37332],[29.14804,-1.3605],[29.13457,-1.34314],[29.0778,-1.32777],[29.08673,-1.31838],[29.09831,-1.31534],[29.09123,-1.30469],[29.07075,-1.30108],[29.06679,-1.2633],[29.06131,-1.25523],[29.06672,-1.23888],[29.07389,-1.23705],[29.07885,-1.24117],[29.08984,-1.22207],[29.0722,-1.22068],[29.06414,-1.21116],[29.05079,-1.21603],[29.04356,-1.20192],[29.02799,-1.19783],[29.02251,-1.18493],[29.02968,-1.17507],[29.04024,-1.17514],[29.03661,-1.15978],[29.04309,-1.14766],[29.04762,-1.14924],[29.04295,-1.14213],[29.04743,-1.138],[29.04376,-1.13985],[29.04807,-1.13342],[29.04392,-1.13121],[29.04593,-1.12384],[29.04102,-1.12371],[29.04833,-1.11018],[29.03754,-1.10898],[29.04093,-1.09842],[29.02922,-1.10378],[29.0414,-1.07719],[29.04959,-1.07341],[29.06962,-1.07616],[29.08229,-1.06954],[29.08549,-1.07496],[29.11139,-1.07492],[29.11713,-1.08949],[29.10979,-1.10289],[29.11186,-1.10997],[29.1294,-1.12025],[29.12961,-1.12636],[29.14709,-1.1159],[29.16864,-1.12039],[29.17528,-1.11595]]]},"properties":{"nom":"Birambizo","province":"Nord-Kivu","antenne":"Goma"}},{"type":"Feature","geometry":{"type":"Polygon","coordinates":[[[29.24454,-1.68162],[29.24438,-1.69835],[29.23965,-1.70062],[29.23092,-1.69636],[29.2262,-1.68631],[29.22136,-1.68659],[29.22156,-1.68149],[29.16881,-1.66327],[29.15823,-1.63411],[29.14022,-1.64302],[29.13504,-1.6408],[29.13153,-1.6284],[29.1099,-1.62733],[29.10713,-1.59709],[29.1372,-1.60861],[29.16283,-1.62594],[29.22224,-1.67784],[29.24454,-1.68162]]]},"properties":{"nom":"Goma","province":"Nord-Kivu","antenne":"Goma"}},{"type":"Feature","geometry":{"type":"Polygon","coordinates":[[[28.2682,-1.47581],[28.29208,-1.48895],[28.29682,-1.49777],[28.30623,-1.5027],[28.36798,-1.51562],[28.37734,-1.52661],[28.40821,-1.51904],[28.42837,-1.52657],[28.44006,-1.52072],[28.45348,-1.52509],[28.47533,-1.54293],[28.47458,-1.55861],[28.529,-1.55183],[28.5201,-1.56799],[28.52501,-1.59388],[28.50376,-1.60479],[28.52889,-1.63482],[28.52687,-1.65074],[28.5414,-1.65679],[28.55069,-1.67689],[28.55897,-1.68419],[28.57059,-1.69147],[28.575,-1.68822],[28.59394,-1.69609],[28.59431,-1.70244],[28.60365,-1.69993],[28.61179,-1.7098],[28.60391,-1.71105],[28.60588,-1.72126],[28.62438,-1.72084],[28.63147,-1.72813],[28.64816,-1.72882],[28.64603,-1.73211],[28.65675,-1.7419],[28.65138,-1.7469],[28.65285,-1.75714],[28.66552,-1.77726],[28.66235,-1.78606],[28.67487,-1.78869],[28.67914,-1.83863],[28.67115,-1.84342],[28.66222,-1.86467],[28.60865,-1.86812],[28.58003,-1.87817],[28.5703,-1.89148],[28.53334,-1.88028],[28.48748,-1.89312],[28.48123,-1.88337],[28.45734,-1.87352],[28.45423,-1.86461],[28.44008,-1.86498],[28.44561,-1.85423],[28.43997,-1.83494],[28.4233,-1.83449],[28.41799,-1.84594],[28.4251,-1.86629],[28.42183,-1.86947],[28.42412,-1.89996],[28.36237,-1.92766],[28.35018,-1.94757],[28.37704,-1.96086],[28.38227,-1.97789],[28.37432,-1.99322],[28.35033,-1.994],[28.33839,-1.98913],[28.32712,-1.97616],[28.3157,-1.97869],[28.3042,-1.99051],[28.27997,-1.99317],[28.24004,-1.99055],[28.2019,-1.99383],[28.18673,-2.00149],[28.17175,-2.00188],[28.15514,-1.99333],[28.15025,-2.00267],[28.15312,-2.01005],[28.16909,-2.01235],[28.16826,-2.02078],[28.15915,-2.02583],[28.16464,-2.03423],[28.15999,-2.0357],[28.16258,-2.03855],[28.15727,-2.04659],[28.15109,-2.0409],[28.14395,-2.04353],[28.14142,-2.03837],[28.12676,-2.04332],[28.12961,-2.04701],[28.12321,-2.05793],[28.11533,-2.05624],[28.10895,-2.06201],[28.11606,-2.0692],[28.08415,-2.095],[28.08502,-2.10228],[28.07384,-2.11067],[28.07254,-2.12119],[28.06206,-2.12483],[28.05828,-2.13143],[28.03595,-2.14083],[28.00503,-2.14204],[27.94581,-2.12824],[27.92762,-2.13791],[27.91886,-2.13198],[27.91949,-2.12295],[27.90031,-2.08452],[27.88802,-2.08226],[27.88873,-2.04895],[27.88149,-2.03427],[27.86343,-2.01571],[27.83042,-2.00542],[27.82375,-1.98708],[27.81375,-1.98375],[27.79792,-1.96458],[27.79375,-1.95458],[27.79625,-1.91375],[27.80625,-1.87792],[27.80042,-1.87125],[27.80042,-1.86125],[27.78958,-1.85708],[27.76958,-1.81708],[27.7452,-1.80229],[27.74666,-1.78937],[27.73911,-1.79009],[27.72716,-1.77289],[27.72052,-1.76946],[27.69745,-1.77414],[27.68464,-1.77166],[27.68045,-1.75236],[27.67332,-1.74296],[27.67737,-1.72524],[27.66154,-1.69622],[27.65806,-1.69796],[27.64532,-1.68566],[27.62354,-1.68413],[27.6157,-1.67194],[27.58761,-1.65571],[27.57857,-1.64374],[27.57149,-1.64624],[27.56104,-1.63622],[27.54852,-1.63731],[27.5348,-1.61096],[27.54237,-1.59692],[27.53333,-1.57285],[27.49903,-1.53616],[27.50077,-1.53197],[27.49059,-1.52266],[27.49413,-1.51454],[27.47981,-1.50518],[27.47742,-1.47431],[27.47328,-1.46522],[27.46631,-1.46342],[27.46609,-1.45752],[27.5087,-1.45728],[27.54681,-1.44962],[27.60976,-1.42511],[27.64801,-1.42629],[27.7155,-1.45594],[27.73209,-1.4552],[27.73959,-1.47019],[27.75404,-1.47651],[27.76401,-1.5],[27.78398,-1.51705],[27.78796,-1.51223],[27.79585,-1.51402],[27.82173,-1.50488],[27.83068,-1.46978],[27.83493,-1.47191],[27.83297,-1.46707],[27.84588,-1.46158],[27.84296,-1.453],[27.8576,-1.44038],[27.86745,-1.44131],[27.87035,-1.4345],[27.87326,-1.43595],[27.88083,-1.42296],[27.87908,-1.41784],[27.89379,-1.42422],[27.90442,-1.41569],[27.91415,-1.43827],[27.91999,-1.4395],[27.9352,-1.43209],[27.93408,-1.42457],[27.93961,-1.42064],[27.96345,-1.43746],[27.97346,-1.45043],[27.97354,-1.45798],[27.98449,-1.46317],[27.9926,-1.48099],[27.99814,-1.48395],[27.99127,-1.50103],[28.00012,-1.51721],[28.01175,-1.51661],[28.02549,-1.52838],[28.03662,-1.52491],[28.04564,-1.52816],[28.05486,-1.52176],[28.07933,-1.53893],[28.08306,-1.5362],[28.08128,-1.53024],[28.08755,-1.52994],[28.09463,-1.5199],[28.09449,-1.5074],[28.10236,-1.50352],[28.11098,-1.52183],[28.13526,-1.52587],[28.14055,-1.53519],[28.17496,-1.55868],[28.19502,-1.56303],[28.2056,-1.55842],[28.21157,-1.53985],[28.22257,-1.53863],[28.22647,-1.53365],[28.2309,-1.53596],[28.2682,-1.47581]]]},"properties":{"nom":"Itebero","province":"Nord-Kivu","antenne":"Goma"}},{"type":"Feature","geometry":{"type":"Polygon","coordinates":[[[29.25767,-1.65654],[29.24337,-1.66834],[29.24455,-1.68162],[29.22245,-1.67796],[29.16283,-1.62594],[29.1372,-1.60861],[29.09963,-1.59332],[29.10237,-1.58439],[29.11908,-1.56675],[29.13849,-1.55953],[29.14601,-1.5674],[29.15256,-1.58929],[29.16033,-1.59299],[29.17335,-1.62324],[29.18833,-1.63331],[29.20068,-1.64972],[29.20998,-1.65194],[29.22807,-1.64203],[29.23912,-1.64983],[29.251,-1.64739],[29.25217,-1.6548],[29.25767,-1.65654]]]},"properties":{"nom":"Karisimbi","province":"Nord-Kivu","antenne":"Goma"}},{"type":"Feature","geometry":{"type":"Polygon","coordinates":[[[28.89691,-1.46183],[28.9086,-1.49474],[28.90562,-1.50822],[28.89651,-1.51946],[28.91166,-1.53171],[28.90168,-1.53327],[28.89296,-1.54145],[28.88335,-1.53578],[28.87026,-1.54315],[28.86409,-1.55054],[28.87581,-1.58409],[28.87265,-1.59494],[28.85986,-1.60867],[28.84844,-1.60927],[28.84333,-1.61558],[28.8307,-1.61868],[28.83326,-1.63579],[28.85146,-1.64526],[28.84074,-1.65682],[28.85162,-1.65845],[28.85363,-1.67963],[28.83309,-1.71373],[28.82728,-1.71509],[28.8044,-1.76036],[28.79701,-1.75435],[28.78519,-1.76423],[28.7724,-1.76413],[28.7616,-1.75801],[28.74371,-1.75625],[28.74093,-1.7649],[28.72925,-1.76285],[28.72494,-1.76679],[28.70317,-1.75763],[28.69079,-1.75912],[28.6839,-1.75342],[28.65915,-1.75062],[28.65904,-1.74436],[28.64596,-1.732],[28.64816,-1.72882],[28.63147,-1.72813],[28.62438,-1.72084],[28.60588,-1.72126],[28.60391,-1.71105],[28.61179,-1.7098],[28.60365,-1.69993],[28.59431,-1.70244],[28.59394,-1.69609],[28.575,-1.68822],[28.57032,-1.69137],[28.55096,-1.67724],[28.5414,-1.65679],[28.52687,-1.65074],[28.52889,-1.63482],[28.52612,-1.63007],[28.52435,-1.63362],[28.52299,-1.62343],[28.50376,-1.60479],[28.52469,-1.59428],[28.52618,-1.58541],[28.52106,-1.57999],[28.53186,-1.57368],[28.5703,-1.57378],[28.57311,-1.56167],[28.56631,-1.54413],[28.57367,-1.53267],[28.56798,-1.51834],[28.57339,-1.51659],[28.56384,-1.5014],[28.56788,-1.49763],[28.56634,-1.48042],[28.58659,-1.46191],[28.61892,-1.47044],[28.63403,-1.48359],[28.65778,-1.47471],[28.65769,-1.48964],[28.67764,-1.50464],[28.67846,-1.5349],[28.69794,-1.54354],[28.71262,-1.53966],[28.71717,-1.54385],[28.72125,-1.5434],[28.72492,-1.53002],[28.74137,-1.51939],[28.75094,-1.52553],[28.76101,-1.51244],[28.75601,-1.50669],[28.76288,-1.4985],[28.77241,-1.51578],[28.78598,-1.51738],[28.79122,-1.49656],[28.79217,-1.50892],[28.80271,-1.50608],[28.80749,-1.51196],[28.81873,-1.50512],[28.82536,-1.51029],[28.84221,-1.50873],[28.85092,-1.48754],[28.84406,-1.47813],[28.85855,-1.47004],[28.85949,-1.45714],[28.87567,-1.46307],[28.89006,-1.45443],[28.89691,-1.46183]]]},"properties":{"nom":"Katoyi","province":"Nord-Kivu","antenne":"Goma"}},{"type":"Feature","geometry":{"type":"Polygon","coordinates":[[[29.34059,-0.51801],[29.3456,-0.54233],[29.34334,-0.5563],[29.31721,-0.56017],[29.3049,-0.57771],[29.3048,-0.59222],[29.29044,-0.61953],[29.296,-0.64305],[29.30244,-0.64275],[29.29107,-0.65965],[29.30288,-0.66212],[29.30912,-0.65583],[29.31353,-0.66023],[29.308,-0.69036],[29.29157,-0.69847],[29.29131,-0.71197],[29.28444,-0.71622],[29.27726,-0.73559],[29.26616,-0.73895],[29.26166,-0.74542],[29.25403,-0.73768],[29.22615,-0.73331],[29.22145,-0.71979],[29.19115,-0.71305],[29.19308,-0.70448],[29.18538,-0.7007],[29.17457,-0.70134],[29.15087,-0.71434],[29.12987,-0.70646],[29.11839,-0.72544],[29.11781,-0.74333],[29.10815,-0.76126],[29.09316,-0.77065],[29.0905,-0.77852],[29.08572,-0.77648],[29.06452,-0.82644],[29.05584,-0.81599],[29.05491,-0.80461],[29.05105,-0.8053],[29.04575,-0.7715],[29.03677,-0.76366],[29.01744,-0.77205],[29.00817,-0.76705],[29.00662,-0.75264],[28.98126,-0.73339],[28.99116,-0.71578],[28.98298,-0.69652],[28.99084,-0.68337],[29.00039,-0.68763],[29.00058,-0.68235],[28.98956,-0.67185],[28.98768,-0.65447],[28.96765,-0.63392],[28.96738,-0.6082],[28.95306,-0.59875],[28.95291,-0.59123],[28.9365,-0.57245],[28.90199,-0.56121],[28.8697,-0.5597],[28.87718,-0.53623],[28.86329,-0.50782],[28.8636,-0.50058],[28.87415,-0.48991],[28.8854,-0.48775],[28.90058,-0.50926],[28.93694,-0.49448],[28.94811,-0.48322],[28.97184,-0.49206],[28.99291,-0.5072],[29.0236,-0.50971],[29.03162,-0.51641],[29.04447,-0.51325],[29.04973,-0.5189],[29.04907,-0.52627],[29.06405,-0.5392],[29.07781,-0.51747],[29.07511,-0.50932],[29.08577,-0.50039],[29.08366,-0.49227],[29.10152,-0.47674],[29.102,-0.46463],[29.10962,-0.46639],[29.12208,-0.49208],[29.15351,-0.49328],[29.16264,-0.50709],[29.16256,-0.5383],[29.16608,-0.54165],[29.17324,-0.53923],[29.17976,-0.54683],[29.19579,-0.54863],[29.19066,-0.5431],[29.18792,-0.52368],[29.1909,-0.50811],[29.20488,-0.50631],[29.21368,-0.48982],[29.21972,-0.49481],[29.22775,-0.49096],[29.23207,-0.49588],[29.22988,-0.50579],[29.23884,-0.50026],[29.25184,-0.50286],[29.25398,-0.51144],[29.25971,-0.50458],[29.26788,-0.50657],[29.27472,-0.5125],[29.28025,-0.53017],[29.30054,-0.52771],[29.31022,-0.52114],[29.32696,-0.52657],[29.34059,-0.51801]]]},"properties":{"nom":"Kayna","province":"Nord-Kivu","antenne":"Goma"}},{"type":"Feature","geometry":{"type":"Polygon","coordinates":[[[29.48639,-0.64918],[29.50037,-0.65727],[29.49754,-0.67676],[29.50638,-0.69072],[29.49635,-0.71737],[29.48619,-0.72597],[29.47415,-0.70277],[29.45979,-0.69687],[29.45949,-0.6903],[29.44694,-0.69477],[29.45175,-0.70439],[29.44842,-0.71531],[29.44071,-0.72107],[29.43664,-0.71782],[29.43242,-0.72738],[29.42784,-0.72598],[29.42437,-0.74534],[29.41701,-0.7454],[29.42335,-0.74894],[29.42054,-0.75885],[29.42874,-0.7629],[29.41988,-0.76492],[29.42627,-0.76939],[29.41599,-0.78369],[29.4247,-0.79094],[29.41535,-0.7954],[29.41728,-0.81446],[29.40448,-0.82101],[29.40641,-0.82524],[29.39206,-0.82631],[29.39135,-0.83428],[29.38668,-0.83477],[29.38848,-0.84076],[29.38033,-0.84566],[29.38224,-0.85038],[29.37458,-0.85893],[29.37409,-0.86836],[29.36805,-0.86724],[29.37038,-0.8548],[29.36281,-0.81999],[29.31245,-0.80099],[29.31413,-0.78629],[29.30699,-0.76595],[29.30056,-0.76912],[29.29823,-0.79408],[29.29353,-0.78902],[29.28672,-0.79201],[29.28663,-0.80285],[29.24634,-0.87201],[29.21876,-0.88867],[29.22614,-0.88979],[29.22623,-0.89461],[29.23721,-0.89804],[29.23687,-0.90138],[29.22715,-0.90903],[29.22504,-0.93063],[29.21658,-0.93746],[29.20649,-0.96059],[29.20468,-0.98601],[29.19,-1.00571],[29.19349,-1.02219],[29.18893,-1.03134],[29.19476,-1.03814],[29.18846,-1.04699],[29.19646,-1.05045],[29.19884,-1.06609],[29.19551,-1.0773],[29.18967,-1.07935],[29.18236,-1.11244],[29.16864,-1.12039],[29.14709,-1.1159],[29.12961,-1.12636],[29.1294,-1.12025],[29.11186,-1.10997],[29.10979,-1.10289],[29.11713,-1.08949],[29.11139,-1.07492],[29.08549,-1.07496],[29.08229,-1.06954],[29.06962,-1.07616],[29.04959,-1.07341],[29.0414,-1.07719],[29.03479,-1.0899],[29.02188,-1.09443],[29.01787,-1.08969],[29.02482,-1.08765],[29.01895,-1.08684],[29.02192,-1.08156],[29.01457,-1.08665],[29.01529,-1.07821],[29.01163,-1.08278],[29.00666,-1.07622],[29.01333,-1.0751],[29.00672,-1.07042],[29.01136,-1.06915],[29.00708,-1.06208],[29.01145,-1.0603],[29.00734,-1.05403],[28.99648,-1.05336],[29.00219,-1.04603],[28.99757,-1.046],[28.99641,-1.05119],[28.9907,-1.04707],[28.99155,-1.05378],[28.9875,-1.05126],[28.98509,-1.05696],[28.983,-1.05136],[28.97032,-1.04775],[28.97995,-1.01565],[28.97196,-0.9988],[28.98077,-0.9905],[28.98378,-0.97743],[28.97501,-0.96706],[28.99606,-0.95988],[29.00415,-0.95212],[28.99912,-0.9367],[29.00781,-0.93279],[28.98333,-0.91307],[28.97784,-0.90321],[28.98472,-0.89302],[28.98248,-0.8797],[29.00211,-0.86067],[29.0216,-0.86742],[29.04665,-0.86031],[29.04832,-0.84647],[29.05535,-0.83559],[29.06377,-0.83329],[29.08572,-0.77648],[29.0905,-0.77852],[29.09316,-0.77065],[29.10815,-0.76126],[29.11781,-0.74333],[29.11839,-0.72544],[29.12987,-0.70646],[29.15087,-0.71434],[29.17457,-0.70134],[29.1899,-0.70181],[29.19115,-0.71305],[29.21937,-0.71868],[29.22615,-0.73331],[29.23616,-0.73206],[29.23902,-0.73737],[29.25403,-0.73768],[29.26443,-0.74524],[29.26616,-0.73895],[29.27726,-0.73559],[29.28444,-0.71622],[29.29131,-0.71197],[29.29157,-0.69847],[29.308,-0.69036],[29.31341,-0.65921],[29.30912,-0.65583],[29.30288,-0.66212],[29.29107,-0.65965],[29.30244,-0.64283],[29.296,-0.64305],[29.28979,-0.62906],[29.29115,-0.61782],[29.30351,-0.59294],[29.31546,-0.59677],[29.32132,-0.58849],[29.33203,-0.58755],[29.33735,-0.58128],[29.37297,-0.61563],[29.37762,-0.63172],[29.37627,-0.66492],[29.39201,-0.69015],[29.39844,-0.68276],[29.39562,-0.67291],[29.40521,-0.66954],[29.41999,-0.65458],[29.41966,-0.64777],[29.40918,-0.63567],[29.42247,-0.63743],[29.42049,-0.62936],[29.43111,-0.63034],[29.42479,-0.61874],[29.43971,-0.61397],[29.44113,-0.60166],[29.4587,-0.60375],[29.45558,-0.60653],[29.45982,-0.61142],[29.48029,-0.62569],[29.48451,-0.63926],[29.48089,-0.63829],[29.48021,-0.6443],[29.48639,-0.64918]]]},"properties":{"nom":"Kibirizi","province":"Nord-Kivu","antenne":"Goma"}},{"type":"Feature","geometry":{"type":"Polygon","coordinates":[[[28.63243,-1.22608],[28.64786,-1.24833],[28.64926,-1.25754],[28.64746,-1.27165],[28.63442,-1.2809],[28.67723,-1.26899],[28.69188,-1.29192],[28.68885,-1.2955],[28.69242,-1.30193],[28.68396,-1.3051],[28.6827,-1.31784],[28.67743,-1.32301],[28.6597,-1.31917],[28.64545,-1.3277],[28.6517,-1.32835],[28.66466,-1.35321],[28.65547,-1.3538],[28.64568,-1.36298],[28.63368,-1.36036],[28.62307,-1.36839],[28.62087,-1.38598],[28.61334,-1.38911],[28.60698,-1.4004],[28.5982,-1.39916],[28.58159,-1.41108],[28.57511,-1.42597],[28.57917,-1.44719],[28.57684,-1.46364],[28.5683,-1.46745],[28.56126,-1.4622],[28.53342,-1.45972],[28.52199,-1.46668],[28.52014,-1.47284],[28.50768,-1.47436],[28.52514,-1.49588],[28.52056,-1.50743],[28.52996,-1.51525],[28.5281,-1.53088],[28.53357,-1.53685],[28.529,-1.55183],[28.48043,-1.56001],[28.4732,-1.55556],[28.47399,-1.54096],[28.44659,-1.52259],[28.44006,-1.52072],[28.42837,-1.52657],[28.40821,-1.51904],[28.37734,-1.52661],[28.36798,-1.51562],[28.30623,-1.5027],[28.25613,-1.46551],[28.25779,-1.45174],[28.24501,-1.44079],[28.24507,-1.422],[28.26313,-1.413],[28.25984,-1.37886],[28.27198,-1.34746],[28.2696,-1.31169],[28.27353,-1.30985],[28.27,-1.30363],[28.28072,-1.27435],[28.25863,-1.25605],[28.25432,-1.24583],[28.26422,-1.2401],[28.26853,-1.22285],[28.26622,-1.21222],[28.27397,-1.21004],[28.27791,-1.19361],[28.26963,-1.18735],[28.2702,-1.16756],[28.2454,-1.16693],[28.24231,-1.17192],[28.2238,-1.15535],[28.20324,-1.14731],[28.1932,-1.13824],[28.21589,-1.12132],[28.25075,-1.12672],[28.26719,-1.12226],[28.26559,-1.09378],[28.25567,-1.08131],[28.25608,-1.07112],[28.22979,-1.05998],[28.21624,-1.04096],[28.21402,-1.02762],[28.23703,-1.00659],[28.26288,-1.00437],[28.27498,-0.98966],[28.29282,-0.98886],[28.29713,-0.98466],[28.31275,-0.9872],[28.32144,-0.98135],[28.33735,-0.98125],[28.34802,-0.98749],[28.37161,-0.97696],[28.37733,-0.98196],[28.3821,-0.97678],[28.39892,-0.98138],[28.3993,-0.98516],[28.43105,-0.98404],[28.44722,-1.00417],[28.45988,-1.00707],[28.45348,-1.01471],[28.46653,-1.01987],[28.46016,-1.03363],[28.47016,-1.03899],[28.47253,-1.08856],[28.48069,-1.0946],[28.49546,-1.09507],[28.53572,-1.07762],[28.54751,-1.08359],[28.54766,-1.09305],[28.55602,-1.09609],[28.55687,-1.10614],[28.57441,-1.12533],[28.57847,-1.14203],[28.57413,-1.14698],[28.58118,-1.15934],[28.56282,-1.194],[28.56982,-1.19644],[28.57277,-1.20362],[28.59619,-1.20863],[28.61812,-1.22423],[28.63243,-1.22608]]]},"properties":{"nom":"Kibua","province":"Nord-Kivu","antenne":"Goma"}},{"type":"Feature","geometry":{"type":"Polygon","coordinates":[[[29.16754,-1.3758],[29.17195,-1.39643],[29.19217,-1.42141],[29.2005,-1.42546],[29.20356,-1.43501],[29.19748,-1.4509],[29.2013,-1.45636],[29.17794,-1.47585],[29.16258,-1.47994],[29.13493,-1.52529],[29.13576,-1.56316],[29.11908,-1.56675],[29.10237,-1.58439],[29.09897,-1.5927],[29.1095,-1.60325],[29.1099,-1.62733],[29.0912,-1.61866],[29.08617,-1.60022],[29.06729,-1.58604],[29.04922,-1.58272],[29.04629,-1.59073],[29.04052,-1.59209],[29.03243,-1.62104],[29.02216,-1.62084],[29.02356,-1.62701],[29.03316,-1.62842],[29.02973,-1.65126],[29.01739,-1.66869],[29.02059,-1.68008],[29.01533,-1.7001],[29.00836,-1.70162],[29.00566,-1.71308],[29.00189,-1.71346],[29.00876,-1.72256],[29.00611,-1.73484],[28.99399,-1.74161],[28.97963,-1.73869],[28.97457,-1.7438],[28.96496,-1.74133],[28.94339,-1.74605],[28.93484,-1.73864],[28.92526,-1.74002],[28.91895,-1.73573],[28.92372,-1.72876],[28.9215,-1.71988],[28.8895,-1.72184],[28.88628,-1.74448],[28.8541,-1.74023],[28.83199,-1.74985],[28.81455,-1.74258],[28.82728,-1.71509],[28.83309,-1.71373],[28.85392,-1.67787],[28.84976,-1.66877],[28.85162,-1.65845],[28.84074,-1.65682],[28.85146,-1.64526],[28.83326,-1.63579],[28.8307,-1.61868],[28.84333,-1.61558],[28.84844,-1.60927],[28.85986,-1.60867],[28.87265,-1.59494],[28.87581,-1.58409],[28.86409,-1.55054],[28.87026,-1.54315],[28.88335,-1.53578],[28.89296,-1.54145],[28.90168,-1.53327],[28.91166,-1.53171],[28.89651,-1.51946],[28.90562,-1.50822],[28.9086,-1.49474],[28.8969,-1.46185],[28.90166,-1.45497],[28.90053,-1.44282],[28.91652,-1.42092],[28.92466,-1.4308],[28.9331,-1.42125],[28.9899,-1.41439],[28.98805,-1.40912],[28.99824,-1.39795],[29.00089,-1.40452],[29.00892,-1.40363],[29.00961,-1.40706],[29.00472,-1.41753],[29.00838,-1.42672],[29.00538,-1.43968],[29.02019,-1.44642],[29.02348,-1.45399],[29.03967,-1.44613],[29.03841,-1.43486],[29.04379,-1.43076],[29.06401,-1.43184],[29.08873,-1.4107],[29.08924,-1.39273],[29.06206,-1.38465],[29.06525,-1.38125],[29.06911,-1.38414],[29.08475,-1.36772],[29.1073,-1.37299],[29.16754,-1.3758]]]},"properties":{"nom":"Kirotshe","province":"Nord-Kivu","antenne":"Goma"}},{"type":"Feature","geometry":{"type":"Polygon","coordinates":[[[28.80083,-1.13279],[28.80787,-1.15228],[28.80233,-1.17034],[28.80733,-1.17572],[28.80896,-1.19049],[28.78683,-1.20857],[28.78941,-1.22942],[28.78175,-1.238],[28.7915,-1.24681],[28.78772,-1.25092],[28.81146,-1.25104],[28.82262,-1.26334],[28.82847,-1.26153],[28.83891,-1.26772],[28.83659,-1.2823],[28.8496,-1.27862],[28.85896,-1.2814],[28.85904,-1.29325],[28.90902,-1.29443],[28.91028,-1.30597],[28.92389,-1.30203],[28.93422,-1.31037],[28.95785,-1.31565],[28.96953,-1.30728],[28.97419,-1.31317],[28.98647,-1.3124],[28.99881,-1.32793],[29.00074,-1.34532],[29.00857,-1.34566],[29.01361,-1.35715],[29.02445,-1.34795],[29.03745,-1.35538],[29.03229,-1.34572],[29.04618,-1.33666],[29.06098,-1.33515],[29.06194,-1.3511],[29.06687,-1.35751],[29.0614,-1.37086],[29.07191,-1.37412],[29.06206,-1.38465],[29.08924,-1.39273],[29.08873,-1.4107],[29.06401,-1.43184],[29.04379,-1.43076],[29.03841,-1.43486],[29.03967,-1.44613],[29.02348,-1.45399],[29.02019,-1.44642],[29.00538,-1.43968],[29.00838,-1.42672],[29.00472,-1.41753],[29.00961,-1.40706],[29.00892,-1.40363],[29.00089,-1.40452],[28.99824,-1.39795],[28.98805,-1.40912],[28.9899,-1.41439],[28.9331,-1.42125],[28.92466,-1.4308],[28.91652,-1.42092],[28.90053,-1.44282],[28.90166,-1.45497],[28.89703,-1.46183],[28.89006,-1.45443],[28.87567,-1.46307],[28.85949,-1.45714],[28.85855,-1.47004],[28.84406,-1.47813],[28.85092,-1.48754],[28.84221,-1.50873],[28.82536,-1.51029],[28.81873,-1.50512],[28.80749,-1.51196],[28.80271,-1.50608],[28.79217,-1.50892],[28.79122,-1.49656],[28.78598,-1.51738],[28.77241,-1.51578],[28.76288,-1.4985],[28.75601,-1.50669],[28.76101,-1.51244],[28.75094,-1.52553],[28.74137,-1.51939],[28.72492,-1.53002],[28.72125,-1.5434],[28.71717,-1.54385],[28.71262,-1.53966],[28.69794,-1.54354],[28.67846,-1.5349],[28.67764,-1.50464],[28.65769,-1.48964],[28.65778,-1.47471],[28.63403,-1.48359],[28.61892,-1.47044],[28.58659,-1.46191],[28.56634,-1.48042],[28.56788,-1.49763],[28.56384,-1.5014],[28.57339,-1.51659],[28.56798,-1.51834],[28.57367,-1.53267],[28.56631,-1.54413],[28.57311,-1.56167],[28.5703,-1.57378],[28.53434,-1.57315],[28.51982,-1.57944],[28.5206,-1.56591],[28.53357,-1.53685],[28.5281,-1.53088],[28.52996,-1.51525],[28.52056,-1.50743],[28.52514,-1.49588],[28.50768,-1.47436],[28.52014,-1.47284],[28.52199,-1.46668],[28.53342,-1.45972],[28.56126,-1.4622],[28.5683,-1.46745],[28.57684,-1.46364],[28.57917,-1.44719],[28.57511,-1.42597],[28.58159,-1.41108],[28.5982,-1.39916],[28.60698,-1.4004],[28.61334,-1.38911],[28.62087,-1.38598],[28.62307,-1.36839],[28.63368,-1.36036],[28.64568,-1.36298],[28.65547,-1.3538],[28.66466,-1.35321],[28.6517,-1.32835],[28.64545,-1.3277],[28.6597,-1.31917],[28.67743,-1.32301],[28.6827,-1.31784],[28.68396,-1.3051],[28.69242,-1.30193],[28.68885,-1.2955],[28.69188,-1.29192],[28.67723,-1.26899],[28.63442,-1.2809],[28.64746,-1.27165],[28.64926,-1.25754],[28.64786,-1.24833],[28.63243,-1.22608],[28.64252,-1.21474],[28.66139,-1.21676],[28.66841,-1.20595],[28.70627,-1.22181],[28.72042,-1.22147],[28.73537,-1.20935],[28.7416,-1.21071],[28.73445,-1.20347],[28.74155,-1.19455],[28.73635,-1.19282],[28.73454,-1.18525],[28.72512,-1.18586],[28.71793,-1.1747],[28.71099,-1.13519],[28.71821,-1.13387],[28.71782,-1.1407],[28.72747,-1.14661],[28.73671,-1.14084],[28.7352,-1.13704],[28.75145,-1.13543],[28.75303,-1.13146],[28.76307,-1.13939],[28.78701,-1.12726],[28.80083,-1.13279]]]},"properties":{"nom":"Masisi","province":"Nord-Kivu","antenne":"Goma"}},{"type":"Feature","geometry":{"type":"Polygon","coordinates":[[[28.98862,-0.87065],[28.98248,-0.8797],[28.98472,-0.89302],[28.97784,-0.90321],[29.00767,-0.93421],[28.99912,-0.9367],[29.00415,-0.95212],[28.99606,-0.95988],[28.97501,-0.96706],[28.98378,-0.97743],[28.98077,-0.9905],[28.97196,-0.9988],[28.97995,-1.01565],[28.97032,-1.04775],[28.983,-1.05136],[28.98509,-1.05696],[28.9875,-1.05126],[28.99155,-1.05378],[28.9907,-1.04707],[28.99641,-1.05119],[28.99757,-1.046],[29.00219,-1.04603],[28.99648,-1.05336],[29.00734,-1.05403],[29.01145,-1.0603],[29.00708,-1.06208],[29.01136,-1.06915],[29.00672,-1.07042],[29.01333,-1.0751],[29.00666,-1.07622],[29.01163,-1.08278],[29.01529,-1.07821],[29.01457,-1.08665],[29.02192,-1.08156],[29.01895,-1.08684],[29.02482,-1.08765],[29.01787,-1.08969],[29.02188,-1.09443],[29.03044,-1.08921],[29.03542,-1.0966],[29.0295,-1.1042],[29.04093,-1.09842],[29.03754,-1.10898],[29.04833,-1.11018],[29.04102,-1.12371],[29.04593,-1.12384],[29.04392,-1.13121],[29.04807,-1.13342],[29.04295,-1.14213],[29.04762,-1.14924],[29.04309,-1.14766],[29.03661,-1.15978],[29.04027,-1.17508],[29.02968,-1.17507],[29.02251,-1.18493],[29.02799,-1.19783],[29.04356,-1.20192],[29.05079,-1.21603],[29.06414,-1.21116],[29.0722,-1.22068],[29.08984,-1.22207],[29.07885,-1.24117],[29.07389,-1.23705],[29.06672,-1.23888],[29.06131,-1.25523],[29.06679,-1.2633],[29.07075,-1.30108],[29.09123,-1.30469],[29.09831,-1.31534],[29.08673,-1.31838],[29.0778,-1.32777],[29.13457,-1.34314],[29.16754,-1.3758],[29.1073,-1.37299],[29.08475,-1.36772],[29.06911,-1.38414],[29.06309,-1.38144],[29.07191,-1.37408],[29.0614,-1.37086],[29.06687,-1.35751],[29.06194,-1.3511],[29.06098,-1.33515],[29.04618,-1.33666],[29.03229,-1.34572],[29.03745,-1.35538],[29.02445,-1.34795],[29.01361,-1.35715],[29.00857,-1.34566],[29.00074,-1.34532],[28.99881,-1.32793],[28.98647,-1.3124],[28.97419,-1.31317],[28.96953,-1.30728],[28.95785,-1.31565],[28.93422,-1.31037],[28.92389,-1.30203],[28.91028,-1.30597],[28.90902,-1.29443],[28.85879,-1.29317],[28.85896,-1.2814],[28.8496,-1.27862],[28.83659,-1.2823],[28.83875,-1.26757],[28.82847,-1.26153],[28.82262,-1.26334],[28.81146,-1.25104],[28.78809,-1.25116],[28.7915,-1.24681],[28.78175,-1.238],[28.78941,-1.22942],[28.78693,-1.20834],[28.80896,-1.19049],[28.80733,-1.17572],[28.80233,-1.17034],[28.80828,-1.15528],[28.80197,-1.12969],[28.82763,-1.0908],[28.8631,-1.08171],[28.85903,-1.07553],[28.86905,-1.05647],[28.86182,-1.04788],[28.86581,-1.04171],[28.86882,-1.00175],[28.86063,-1.00679],[28.84807,-0.98545],[28.85113,-0.97862],[28.86066,-0.97956],[28.8577,-0.9739],[28.87211,-0.95747],[28.88595,-0.95558],[28.89552,-0.94282],[28.90176,-0.92971],[28.89626,-0.92866],[28.89944,-0.92337],[28.89439,-0.91466],[28.902,-0.88827],[28.9431,-0.87587],[28.9466,-0.86951],[28.95341,-0.87091],[28.95715,-0.87796],[28.96248,-0.87126],[28.98335,-0.87408],[28.98862,-0.87065]]]},"properties":{"nom":"Mweso","province":"Nord-Kivu","antenne":"Goma"}},{"type":"Feature","geometry":{"type":"Polygon","coordinates":[[[29.42718,-1.47257],[29.41654,-1.50701],[29.36134,-1.50803],[29.35425,-1.5359],[29.33668,-1.54755],[29.31035,-1.59972],[29.26832,-1.62941],[29.25767,-1.65654],[29.25217,-1.6548],[29.251,-1.64739],[29.23912,-1.64983],[29.22807,-1.64203],[29.20998,-1.65194],[29.20068,-1.64972],[29.18833,-1.63331],[29.17335,-1.62324],[29.15998,-1.59235],[29.15256,-1.58929],[29.14601,-1.5674],[29.13849,-1.55953],[29.13576,-1.56316],[29.13493,-1.52529],[29.13943,-1.51765],[29.16258,-1.47994],[29.17971,-1.47473],[29.20134,-1.45518],[29.23341,-1.48752],[29.25849,-1.50342],[29.25873,-1.49535],[29.26669,-1.48534],[29.29663,-1.46509],[29.32795,-1.4544],[29.33921,-1.45402],[29.3434,-1.46441],[29.37199,-1.47347],[29.37216,-1.48102],[29.38226,-1.47135],[29.4141,-1.47181],[29.42215,-1.46083],[29.42718,-1.47257]]]},"properties":{"nom":"Nyiragongo","province":"Nord-Kivu","antenne":"Goma"}},{"type":"Feature","geometry":{"type":"Polygon","coordinates":[[[28.8697,-0.5597],[28.90199,-0.56121],[28.9365,-0.57245],[28.95291,-0.59123],[28.95306,-0.59875],[28.96738,-0.6082],[28.96765,-0.63392],[28.98768,-0.65447],[28.98956,-0.67185],[29.00058,-0.68235],[29.00039,-0.68763],[28.99084,-0.68337],[28.98298,-0.69652],[28.99116,-0.71578],[28.98126,-0.73339],[29.00662,-0.75264],[29.00817,-0.76705],[29.01744,-0.77205],[29.03677,-0.76366],[29.04575,-0.7715],[29.05105,-0.8053],[29.05495,-0.80467],[29.06377,-0.83329],[29.05233,-0.83832],[29.04604,-0.86075],[29.0216,-0.86742],[29.00211,-0.86067],[28.98384,-0.87396],[28.96248,-0.87126],[28.95715,-0.87796],[28.95341,-0.87091],[28.9466,-0.86951],[28.9431,-0.87587],[28.902,-0.88827],[28.89439,-0.91466],[28.89944,-0.92337],[28.89626,-0.92866],[28.90176,-0.92971],[28.89552,-0.94282],[28.88595,-0.95558],[28.87211,-0.95747],[28.8577,-0.9739],[28.86066,-0.97956],[28.85113,-0.97862],[28.84807,-0.98545],[28.86063,-1.00679],[28.86882,-1.00175],[28.86581,-1.04171],[28.86182,-1.04788],[28.86905,-1.05647],[28.85903,-1.07553],[28.8631,-1.08171],[28.82763,-1.0908],[28.80083,-1.13279],[28.78701,-1.12726],[28.76307,-1.13939],[28.75303,-1.13146],[28.75145,-1.13543],[28.7352,-1.13704],[28.73671,-1.14084],[28.72747,-1.14661],[28.71782,-1.1407],[28.71821,-1.13387],[28.71099,-1.13519],[28.71795,-1.17475],[28.72512,-1.18586],[28.73454,-1.18525],[28.73635,-1.19282],[28.74157,-1.19462],[28.73445,-1.20347],[28.7416,-1.21071],[28.73537,-1.20935],[28.71908,-1.22188],[28.70176,-1.22132],[28.66841,-1.20595],[28.66139,-1.21676],[28.64328,-1.21452],[28.63243,-1.22608],[28.61898,-1.22445],[28.59619,-1.20863],[28.57086,-1.20251],[28.56982,-1.19644],[28.56282,-1.194],[28.58118,-1.15934],[28.57413,-1.14698],[28.57847,-1.14203],[28.57441,-1.12533],[28.55687,-1.10614],[28.55862,-1.09954],[28.54766,-1.09305],[28.54751,-1.08359],[28.53795,-1.07765],[28.49546,-1.09507],[28.47478,-1.09075],[28.46826,-1.05831],[28.47241,-1.04911],[28.46821,-1.0452],[28.47016,-1.03899],[28.46016,-1.03363],[28.46653,-1.01987],[28.45348,-1.01471],[28.45988,-1.00707],[28.44722,-1.00417],[28.43105,-0.98404],[28.3993,-0.98516],[28.39892,-0.98138],[28.3821,-0.97678],[28.37733,-0.98196],[28.37161,-0.97696],[28.34802,-0.98749],[28.33735,-0.98125],[28.32144,-0.98135],[28.31275,-0.9872],[28.29713,-0.98466],[28.29282,-0.98886],[28.27498,-0.98966],[28.26288,-1.00437],[28.23703,-1.00659],[28.21915,-1.02245],[28.20997,-1.01361],[28.20833,-0.99823],[28.18506,-0.97919],[28.1842,-0.97484],[28.19119,-0.97359],[28.18328,-0.96655],[28.18539,-0.96037],[28.1756,-0.95596],[28.16928,-0.95751],[28.14501,-0.94674],[28.12619,-0.94832],[28.11705,-0.94037],[28.11082,-0.9522],[28.10538,-0.94456],[28.09582,-0.94624],[28.0897,-0.94062],[28.07138,-0.93893],[28.06736,-0.9427],[28.05835,-0.93851],[28.05944,-0.93178],[28.03411,-0.93782],[28.03506,-0.94757],[28.02098,-0.94167],[28.0193,-0.93581],[28.00594,-0.93577],[28.0064,-0.9428],[27.97992,-0.93799],[27.95845,-0.91496],[27.95217,-0.9026],[27.95457,-0.89237],[27.94053,-0.85936],[27.93444,-0.84995],[27.92447,-0.85042],[27.91538,-0.82998],[27.89078,-0.8244],[27.88802,-0.81384],[27.87719,-0.80358],[27.86527,-0.80726],[27.83198,-0.78572],[27.80641,-0.78349],[27.80382,-0.77876],[27.80987,-0.7596],[27.82519,-0.74525],[27.82215,-0.74231],[27.83491,-0.73061],[27.84015,-0.73205],[27.82828,-0.72703],[27.83345,-0.70778],[27.82856,-0.6974],[27.83818,-0.68873],[27.83647,-0.66401],[27.84331,-0.66068],[27.84629,-0.64563],[27.85497,-0.64495],[27.85778,-0.63954],[27.85666,-0.62345],[27.84633,-0.61647],[27.84723,-0.59551],[27.92075,-0.57506],[27.93504,-0.52612],[27.94367,-0.52633],[27.95002,-0.51543],[27.96624,-0.50519],[27.97868,-0.50432],[27.99185,-0.49378],[27.99079,-0.47563],[27.98456,-0.46878],[27.98844,-0.45372],[27.9812,-0.45041],[27.98609,-0.43809],[27.98317,-0.43968],[27.97843,-0.42953],[27.97842,-0.41642],[27.97388,-0.41664],[27.96984,-0.40767],[27.97574,-0.37929],[27.96708,-0.37827],[27.96879,-0.3621],[27.95688,-0.35808],[27.96131,-0.35415],[27.95952,-0.34742],[27.96391,-0.34579],[27.96185,-0.33782],[27.99772,-0.31935],[28.00126,-0.30447],[28.00835,-0.30444],[28.01917,-0.28583],[28.03704,-0.28833],[28.03726,-0.28187],[28.04986,-0.27253],[28.058,-0.27389],[28.06407,-0.26075],[28.06179,-0.25547],[28.08739,-0.25226],[28.1011,-0.23906],[28.104,-0.245],[28.10574,-0.23132],[28.11515,-0.23097],[28.10964,-0.22272],[28.11504,-0.22095],[28.12648,-0.20189],[28.13372,-0.20187],[28.156,-0.18464],[28.16786,-0.20261],[28.16669,-0.2325],[28.1622,-0.2347],[28.16723,-0.24474],[28.18345,-0.23694],[28.19052,-0.24008],[28.19483,-0.2507],[28.20357,-0.24939],[28.20122,-0.26852],[28.22067,-0.26944],[28.23036,-0.29508],[28.24014,-0.29222],[28.26498,-0.31886],[28.27438,-0.31408],[28.28597,-0.31766],[28.29015,-0.31322],[28.30033,-0.32964],[28.30533,-0.32684],[28.31352,-0.33287],[28.3177,-0.35599],[28.32211,-0.35632],[28.32784,-0.36722],[28.33569,-0.3645],[28.34065,-0.37146],[28.33877,-0.38345],[28.34302,-0.38912],[28.35441,-0.39134],[28.34975,-0.39303],[28.35054,-0.39754],[28.35426,-0.39559],[28.35399,-0.39961],[28.37335,-0.41025],[28.39256,-0.39306],[28.40154,-0.39127],[28.40301,-0.39946],[28.41895,-0.39397],[28.41842,-0.40416],[28.42834,-0.40446],[28.43098,-0.41822],[28.43793,-0.42137],[28.44503,-0.41803],[28.44845,-0.42483],[28.45278,-0.4237],[28.46101,-0.43498],[28.46097,-0.44994],[28.47067,-0.44851],[28.4698,-0.44494],[28.47495,-0.44994],[28.48653,-0.449],[28.49623,-0.44145],[28.49995,-0.44667],[28.49683,-0.4528],[28.50951,-0.4489],[28.51211,-0.45578],[28.5256,-0.45177],[28.52747,-0.45649],[28.53866,-0.45615],[28.54766,-0.46417],[28.54439,-0.4688],[28.54785,-0.47287],[28.55746,-0.47528],[28.55467,-0.48164],[28.56017,-0.48628],[28.56653,-0.48466],[28.57576,-0.49697],[28.58005,-0.49355],[28.58815,-0.50093],[28.58649,-0.50451],[28.60569,-0.50851],[28.6113,-0.50317],[28.61482,-0.50527],[28.61558,-0.51779],[28.60361,-0.55297],[28.60339,-0.5755],[28.59206,-0.61165],[28.59361,-0.63307],[28.60904,-0.63026],[28.61667,-0.62047],[28.63429,-0.62237],[28.63215,-0.62018],[28.64229,-0.61287],[28.65429,-0.58983],[28.66877,-0.57509],[28.67203,-0.56405],[28.68512,-0.55479],[28.70752,-0.55295],[28.714,-0.53323],[28.73499,-0.54429],[28.76637,-0.57607],[28.78895,-0.56897],[28.82014,-0.57305],[28.83987,-0.56836],[28.84781,-0.57184],[28.8697,-0.5597]]]},"properties":{"nom":"Pinga","province":"Nord-Kivu","antenne":"Goma"}},{"type":"Feature","geometry":{"type":"Polygon","coordinates":[[[29.48247,-1.05073],[29.487,-1.06315],[29.47956,-1.07597],[29.46906,-1.07301],[29.45151,-1.08723],[29.47173,-1.09077],[29.49574,-1.10646],[29.47803,-1.12231],[29.47228,-1.15563],[29.47714,-1.17649],[29.49875,-1.18179],[29.49977,-1.1919],[29.47306,-1.18257],[29.46232,-1.19286],[29.45671,-1.19219],[29.46517,-1.19894],[29.4532,-1.20455],[29.4595,-1.21072],[29.4521,-1.2179],[29.45722,-1.22217],[29.45568,-1.22713],[29.44452,-1.22494],[29.43127,-1.23228],[29.41945,-1.24234],[29.41577,-1.25376],[29.39557,-1.26107],[29.39718,-1.2773],[29.40799,-1.28141],[29.41099,-1.29154],[29.41625,-1.29258],[29.41591,-1.30579],[29.40036,-1.31589],[29.38004,-1.34201],[29.36684,-1.34381],[29.36287,-1.33896],[29.35885,-1.34317],[29.38396,-1.36856],[29.3964,-1.37251],[29.40347,-1.39879],[29.41659,-1.40394],[29.43357,-1.42343],[29.43213,-1.4338],[29.43958,-1.44125],[29.44042,-1.45625],[29.42718,-1.47257],[29.42215,-1.46083],[29.4141,-1.47181],[29.38226,-1.47135],[29.37216,-1.48102],[29.37199,-1.47347],[29.3434,-1.46441],[29.33921,-1.45402],[29.32795,-1.4544],[29.29663,-1.46509],[29.26669,-1.48534],[29.25609,-1.50321],[29.25401,-1.4975],[29.23341,-1.48752],[29.19748,-1.4509],[29.20334,-1.43501],[29.21048,-1.43512],[29.22534,-1.40859],[29.2212,-1.39557],[29.23508,-1.35701],[29.29128,-1.33855],[29.31356,-1.25261],[29.32289,-1.23212],[29.33361,-1.2367],[29.33538,-1.23319],[29.3261,-1.22337],[29.33635,-1.21103],[29.34337,-1.19081],[29.34206,-1.16606],[29.34848,-1.14167],[29.34551,-1.13204],[29.35294,-1.11396],[29.3417,-1.08266],[29.34459,-1.05443],[29.33906,-1.0389],[29.33229,-1.03428],[29.33479,-1.02628],[29.35673,-0.99415],[29.37451,-1.01982],[29.37723,-1.01734],[29.3896,-1.02359],[29.40723,-1.01803],[29.41097,-1.02922],[29.42542,-1.0262],[29.43848,-1.04206],[29.45824,-1.04185],[29.48247,-1.05073]]]},"properties":{"nom":"Rutshuru","province":"Nord-Kivu","antenne":"Goma"}},{"type":"Feature","geometry":{"type":"Polygon","coordinates":[[[29.58744,-1.07686],[29.5769,-1.12995],[29.58658,-1.15592],[29.57965,-1.16581],[29.58155,-1.17829],[29.57425,-1.19094],[29.60848,-1.22175],[29.60443,-1.22459],[29.60808,-1.23247],[29.6057,-1.2447],[29.59633,-1.25248],[29.59508,-1.28069],[29.60796,-1.31777],[29.58985,-1.39316],[29.57802,-1.38768],[29.55926,-1.38813],[29.54235,-1.40445],[29.5264,-1.41103],[29.51579,-1.43203],[29.50865,-1.43034],[29.50395,-1.44048],[29.49655,-1.44248],[29.45033,-1.50616],[29.41654,-1.50701],[29.42589,-1.47406],[29.44042,-1.45625],[29.43958,-1.44125],[29.43213,-1.4338],[29.43357,-1.42343],[29.41659,-1.40394],[29.40347,-1.39879],[29.3964,-1.37251],[29.38396,-1.36856],[29.35885,-1.34317],[29.36287,-1.33896],[29.36684,-1.34381],[29.38004,-1.34201],[29.40036,-1.31589],[29.41591,-1.30579],[29.41625,-1.29258],[29.41099,-1.29154],[29.40799,-1.28141],[29.39718,-1.2773],[29.39557,-1.26107],[29.41577,-1.25376],[29.41945,-1.24234],[29.43127,-1.23228],[29.44452,-1.22494],[29.45568,-1.22713],[29.45722,-1.22217],[29.4521,-1.2179],[29.4595,-1.21072],[29.4532,-1.20455],[29.46517,-1.19894],[29.45671,-1.19219],[29.46232,-1.19286],[29.47306,-1.18257],[29.49977,-1.1919],[29.49875,-1.18179],[29.47714,-1.17649],[29.47228,-1.15563],[29.47803,-1.12231],[29.49574,-1.10646],[29.47173,-1.09077],[29.45151,-1.08723],[29.46906,-1.07301],[29.47956,-1.07597],[29.487,-1.06315],[29.48291,-1.0502],[29.49463,-1.05026],[29.49894,-1.05479],[29.50224,-1.0498],[29.51949,-1.0496],[29.52926,-1.05551],[29.54249,-1.05589],[29.55467,-1.04981],[29.55634,-1.05471],[29.56653,-1.05317],[29.5786,-1.07391],[29.58744,-1.07686]]]},"properties":{"nom":"Rwanguba","province":"Nord-Kivu","antenne":"Goma"}},{"type":"Feature","geometry":{"type":"Polygon","coordinates":[[[28.21822,-1.02181],[28.21359,-1.0355],[28.22456,-1.05443],[28.24337,-1.06806],[28.25608,-1.07112],[28.25567,-1.08131],[28.26559,-1.09378],[28.26719,-1.12226],[28.25075,-1.12672],[28.21589,-1.12132],[28.1932,-1.13824],[28.20324,-1.14731],[28.2238,-1.15535],[28.24231,-1.17192],[28.2454,-1.16693],[28.2702,-1.16756],[28.27263,-1.17961],[28.26926,-1.18604],[28.27811,-1.19655],[28.27397,-1.21004],[28.26622,-1.21222],[28.26853,-1.22285],[28.26422,-1.2401],[28.25396,-1.25],[28.28072,-1.27435],[28.27,-1.30363],[28.27353,-1.30985],[28.2696,-1.31169],[28.27198,-1.34746],[28.25984,-1.37886],[28.26313,-1.413],[28.24661,-1.41996],[28.24352,-1.43079],[28.24501,-1.44079],[28.25779,-1.45174],[28.25397,-1.46201],[28.2682,-1.47581],[28.2309,-1.53596],[28.22533,-1.53395],[28.20882,-1.54228],[28.20169,-1.56224],[28.17496,-1.55868],[28.14055,-1.53519],[28.13714,-1.52684],[28.11098,-1.52183],[28.10236,-1.50352],[28.09449,-1.5074],[28.09463,-1.5199],[28.08755,-1.52994],[28.08128,-1.53024],[28.08306,-1.5362],[28.07933,-1.53893],[28.05486,-1.52176],[28.04564,-1.52816],[28.03662,-1.52491],[28.02549,-1.52838],[28.01175,-1.51661],[28.00012,-1.51721],[27.99127,-1.50103],[27.99814,-1.48395],[27.9926,-1.48099],[27.98449,-1.46317],[27.97354,-1.45798],[27.97346,-1.45043],[27.96345,-1.43746],[27.93817,-1.42059],[27.9352,-1.43209],[27.92638,-1.43883],[27.91415,-1.43827],[27.90442,-1.41569],[27.89379,-1.42422],[27.87908,-1.41784],[27.88083,-1.42296],[27.87326,-1.43595],[27.87035,-1.4345],[27.86745,-1.44131],[27.8576,-1.44038],[27.84296,-1.453],[27.84588,-1.46158],[27.83297,-1.46707],[27.83493,-1.47191],[27.83068,-1.46978],[27.8299,-1.48479],[27.82084,-1.50566],[27.79585,-1.51402],[27.78796,-1.51223],[27.78398,-1.51705],[27.76401,-1.5],[27.75404,-1.47651],[27.73959,-1.47019],[27.73209,-1.4552],[27.7155,-1.45594],[27.64491,-1.42581],[27.60976,-1.42511],[27.54681,-1.44962],[27.47308,-1.4588],[27.46609,-1.45752],[27.45411,-1.42917],[27.44845,-1.43505],[27.43424,-1.42667],[27.42887,-1.44715],[27.40331,-1.45867],[27.39142,-1.45005],[27.35453,-1.3757],[27.34039,-1.36021],[27.32158,-1.35989],[27.29827,-1.34591],[27.26792,-1.33625],[27.25042,-1.31625],[27.25542,-1.29625],[27.27042,-1.30292],[27.28708,-1.29042],[27.29625,-1.273],[27.28674,-1.26447],[27.28434,-1.2505],[27.27542,-1.24792],[27.26769,-1.2382],[27.26585,-1.23117],[27.27054,-1.22598],[27.25496,-1.22513],[27.23965,-1.20486],[27.22821,-1.20193],[27.23608,-1.18452],[27.26325,-1.16933],[27.27025,-1.17209],[27.27558,-1.1896],[27.28015,-1.19055],[27.29893,-1.17604],[27.31126,-1.17876],[27.32645,-1.19485],[27.34332,-1.17934],[27.32527,-1.16546],[27.32526,-1.15458],[27.31441,-1.13706],[27.32915,-1.10977],[27.32366,-1.10611],[27.29214,-1.10603],[27.28757,-1.08692],[27.26884,-1.07489],[27.28013,-1.03739],[27.27913,-1.0289],[27.26895,-1.01905],[27.26939,-1.01132],[27.2807,-1.00713],[27.27398,-1.00126],[27.27496,-0.98863],[27.29583,-0.99125],[27.29514,-0.97155],[27.30291,-0.96375],[27.32073,-0.95997],[27.34405,-0.94624],[27.35165,-0.94822],[27.35679,-0.9629],[27.38161,-0.96059],[27.39204,-0.95581],[27.39732,-0.94362],[27.40418,-0.9514],[27.40985,-0.95019],[27.42991,-0.93081],[27.45709,-0.91557],[27.4997,-0.90044],[27.52687,-0.90058],[27.54815,-0.90993],[27.57507,-0.9034],[27.58926,-0.91369],[27.62995,-0.92389],[27.63844,-0.93443],[27.64617,-0.92705],[27.67952,-0.92992],[27.69796,-0.91538],[27.70632,-0.89306],[27.72021,-0.8994],[27.72893,-0.89636],[27.73195,-0.90378],[27.79708,-0.87947],[27.80062,-0.86149],[27.80786,-0.85594],[27.8056,-0.85014],[27.82135,-0.83748],[27.82019,-0.82697],[27.81047,-0.82058],[27.80953,-0.80496],[27.80296,-0.80238],[27.80981,-0.79953],[27.80607,-0.78333],[27.8308,-0.7852],[27.86527,-0.80726],[27.87719,-0.80358],[27.88802,-0.81384],[27.89078,-0.8244],[27.91538,-0.82998],[27.92447,-0.85042],[27.93444,-0.84995],[27.94053,-0.85936],[27.95457,-0.89237],[27.95217,-0.9026],[27.95845,-0.91496],[27.97992,-0.93799],[28.0064,-0.9428],[28.00594,-0.93577],[28.0193,-0.93581],[28.02098,-0.94167],[28.03506,-0.94757],[28.03411,-0.93782],[28.05944,-0.93178],[28.05835,-0.93851],[28.06736,-0.9427],[28.07138,-0.93893],[28.0897,-0.94062],[28.09582,-0.94624],[28.10538,-0.94456],[28.11082,-0.9522],[28.11705,-0.94037],[28.12619,-0.94832],[28.14501,-0.94674],[28.16928,-0.95751],[28.1756,-0.95596],[28.18539,-0.96037],[28.18328,-0.96655],[28.19119,-0.97359],[28.1842,-0.97484],[28.18506,-0.97919],[28.20833,-0.99823],[28.20997,-1.01361],[28.21822,-1.02181]]]},"properties":{"nom":"Walikale","province":"Nord-Kivu","antenne":"Goma"}},{"type":"Feature","geometry":{"type":"Polygon","coordinates":[[[28.87671,-2.45888],[28.858,-2.46967],[28.84439,-2.47061],[28.84548,-2.48337],[28.83627,-2.49474],[28.8391,-2.50338],[28.83092,-2.5216],[28.81713,-2.52228],[28.80373,-2.51584],[28.80644,-2.50852],[28.80024,-2.50123],[28.81718,-2.48767],[28.8119,-2.48314],[28.82111,-2.47606],[28.82244,-2.46822],[28.86684,-2.44032],[28.87671,-2.45888]]]},"properties":{"nom":"Bagira","province":"Sud-Kivu","antenne":"Bukavu"}},{"type":"Feature","geometry":{"type":"Polygon","coordinates":[[[28.77188,-1.76386],[28.78247,-1.78107],[28.77983,-1.78851],[28.78916,-1.79681],[28.78644,-1.80361],[28.7746,-1.80815],[28.77366,-1.81602],[28.78296,-1.81265],[28.78881,-1.82231],[28.77286,-1.82382],[28.78157,-1.85342],[28.76605,-1.8547],[28.76566,-1.86291],[28.76023,-1.86276],[28.76242,-1.88071],[28.77419,-1.88663],[28.78386,-1.9179],[28.78178,-1.92334],[28.78987,-1.93879],[28.79958,-1.94109],[28.80197,-1.96042],[28.7926,-1.97858],[28.79266,-2.00437],[28.77666,-2.01423],[28.75919,-2.01186],[28.75833,-2.02636],[28.75207,-2.02764],[28.74773,-2.0372],[28.75521,-2.04431],[28.76475,-2.04558],[28.76533,-2.05382],[28.77301,-2.05856],[28.77787,-2.08429],[28.79108,-2.09515],[28.79833,-2.13312],[28.78052,-2.15591],[28.77335,-2.1545],[28.76275,-2.16386],[28.74663,-2.15958],[28.73151,-2.16303],[28.71402,-2.19279],[28.71755,-2.20593],[28.70806,-2.221],[28.71061,-2.23142],[28.70035,-2.24119],[28.70457,-2.26768],[28.68852,-2.2974],[28.68145,-2.30183],[28.67457,-2.30174],[28.66165,-2.28801],[28.63139,-2.26965],[28.60777,-2.26468],[28.5972,-2.25654],[28.59508,-2.24874],[28.60297,-2.23207],[28.59046,-2.1959],[28.57658,-2.19742],[28.56093,-2.21448],[28.53846,-2.20966],[28.52017,-2.18272],[28.50125,-2.17966],[28.49942,-2.17255],[28.49279,-2.17055],[28.49138,-2.15632],[28.45622,-2.13956],[28.44598,-2.12903],[28.4338,-2.13466],[28.42182,-2.13327],[28.41683,-2.13986],[28.42594,-2.17758],[28.41608,-2.19221],[28.39595,-2.19837],[28.35995,-2.18827],[28.35912,-2.2335],[28.32049,-2.24238],[28.28917,-2.21077],[28.27228,-2.20205],[28.24928,-2.16236],[28.23427,-2.15096],[28.23382,-2.1418],[28.22649,-2.14055],[28.19686,-2.10898],[28.1808,-2.06216],[28.15915,-2.02583],[28.16826,-2.02078],[28.16909,-2.01235],[28.15312,-2.01005],[28.15304,-1.99436],[28.16435,-1.99525],[28.17175,-2.00188],[28.18673,-2.00149],[28.2019,-1.99383],[28.24004,-1.99055],[28.27997,-1.99317],[28.3042,-1.99051],[28.3157,-1.97869],[28.32712,-1.97616],[28.33839,-1.98913],[28.35033,-1.994],[28.37432,-1.99322],[28.38227,-1.97789],[28.37704,-1.96086],[28.35018,-1.94757],[28.36237,-1.92766],[28.42412,-1.89996],[28.42183,-1.86947],[28.4251,-1.86629],[28.41799,-1.84594],[28.4233,-1.83449],[28.43997,-1.83494],[28.44561,-1.85423],[28.44008,-1.86498],[28.45423,-1.86461],[28.45734,-1.87352],[28.48123,-1.88337],[28.48648,-1.89288],[28.53334,-1.88028],[28.57022,-1.89149],[28.58003,-1.87817],[28.60865,-1.86812],[28.66222,-1.86467],[28.67115,-1.84342],[28.6791,-1.8387],[28.67484,-1.78859],[28.6624,-1.78613],[28.66552,-1.77726],[28.65278,-1.75693],[28.65138,-1.7469],[28.65675,-1.7419],[28.65915,-1.75062],[28.6839,-1.75342],[28.69079,-1.75912],[28.70317,-1.75763],[28.71623,-1.76552],[28.74073,-1.76501],[28.74371,-1.75625],[28.77188,-1.76386]]]},"properties":{"nom":"Bunyakiri","province":"Sud-Kivu","antenne":"Bukavu"}},{"type":"Feature","geometry":{"type":"Polygon","coordinates":[[[28.882,-2.5533],[28.86032,-2.55082],[28.85777,-2.53915],[28.84497,-2.53559],[28.85133,-2.53183],[28.85493,-2.51691],[28.85331,-2.47828],[28.858,-2.46967],[28.87671,-2.45888],[28.89153,-2.47435],[28.89302,-2.49139],[28.88866,-2.5056],[28.87428,-2.50981],[28.86297,-2.52179],[28.86181,-2.52965],[28.882,-2.5533]]]},"properties":{"nom":"Ibanda","province":"Sud-Kivu","antenne":"Bukavu"}},{"type":"Feature","geometry":{"type":"Polygon","coordinates":[[[29.1788,-1.78875],[29.1421,-1.84426],[29.13166,-1.87743],[29.12671,-1.9249],[29.16805,-2.061],[29.1748,-2.11148],[29.17123,-2.1381],[29.10822,-2.26658],[29.09205,-2.2765],[29.00111,-2.29393],[28.98456,-2.3374],[28.97631,-2.30891],[28.98091,-2.29145],[28.9906,-2.28194],[28.9972,-2.25467],[28.97388,-2.24579],[28.9658,-2.22674],[28.95321,-2.21334],[28.94916,-2.20182],[28.95554,-2.1675],[28.94193,-2.13169],[28.94203,-2.12079],[28.95126,-2.10943],[28.9824,-2.09807],[29.01058,-2.05989],[29.01256,-2.0467],[28.9856,-2.0275],[28.97871,-2.00389],[28.98007,-1.99109],[28.96459,-1.97735],[28.98549,-1.94294],[29.01081,-1.93482],[29.01727,-1.91911],[29.03741,-1.89576],[29.03811,-1.88219],[29.0479,-1.87198],[29.05697,-1.85128],[29.08687,-1.82132],[29.135,-1.79613],[29.14786,-1.79597],[29.16788,-1.78744],[29.1788,-1.78875]]]},"properties":{"nom":"Idjwi","province":"Sud-Kivu","antenne":"Bukavu"}},{"type":"Feature","geometry":{"type":"Polygon","coordinates":[[[28.8684,-2.4216],[28.86684,-2.44032],[28.82244,-2.46822],[28.82111,-2.47606],[28.8119,-2.48314],[28.81718,-2.48767],[28.80041,-2.50085],[28.80644,-2.50852],[28.80373,-2.51584],[28.81716,-2.52229],[28.81738,-2.53063],[28.82395,-2.53316],[28.83206,-2.52768],[28.83628,-2.53198],[28.83267,-2.53401],[28.83608,-2.53594],[28.83167,-2.55236],[28.82341,-2.54629],[28.81031,-2.54852],[28.8017,-2.55751],[28.80039,-2.56621],[28.79096,-2.55767],[28.77222,-2.55195],[28.76813,-2.54469],[28.75512,-2.54971],[28.7488,-2.5467],[28.74139,-2.54209],[28.74098,-2.53332],[28.73163,-2.52648],[28.72469,-2.52944],[28.71476,-2.51539],[28.69469,-2.51392],[28.67448,-2.52088],[28.66605,-2.51558],[28.66325,-2.51943],[28.64431,-2.52036],[28.63794,-2.52844],[28.6189,-2.5213],[28.61475,-2.51319],[28.6273,-2.45907],[28.63649,-2.45594],[28.64599,-2.4433],[28.65708,-2.44334],[28.6713,-2.42159],[28.68109,-2.41828],[28.70609,-2.43036],[28.71293,-2.42886],[28.72154,-2.41815],[28.74864,-2.41152],[28.76551,-2.41872],[28.77974,-2.41763],[28.79679,-2.40733],[28.84428,-2.41321],[28.85772,-2.41828],[28.8563,-2.42173],[28.8684,-2.4216]]]},"properties":{"nom":"Kabare","province":"Sud-Kivu","antenne":"Bukavu"}},{"type":"Feature","geometry":{"type":"Polygon","coordinates":[[[28.858,-2.46967],[28.85215,-2.4864],[28.85404,-2.52092],[28.83542,-2.53947],[28.83449,-2.52827],[28.82384,-2.53316],[28.81549,-2.52805],[28.81668,-2.52277],[28.83143,-2.52115],[28.8391,-2.50338],[28.83619,-2.49495],[28.84548,-2.48337],[28.84439,-2.47061],[28.858,-2.46967]]]},"properties":{"nom":"Kadutu","province":"Sud-Kivu","antenne":"Bukavu"}},{"type":"Feature","geometry":{"type":"Polygon","coordinates":[[[29.00349,-1.93593],[28.98549,-1.94294],[28.96459,-1.97735],[28.98007,-1.99109],[28.97871,-2.00389],[28.9856,-2.0275],[29.01256,-2.0467],[29.01105,-2.05855],[28.98237,-2.09811],[28.95126,-2.10943],[28.94311,-2.11805],[28.94191,-2.13162],[28.95554,-2.1675],[28.95123,-2.18105],[28.91455,-2.15122],[28.90786,-2.13879],[28.87602,-2.13997],[28.86711,-2.15699],[28.8592,-2.15985],[28.85431,-2.17694],[28.83421,-2.16302],[28.80838,-2.16445],[28.79236,-2.15481],[28.78154,-2.15524],[28.79831,-2.13319],[28.79332,-2.10285],[28.79103,-2.09506],[28.77787,-2.08429],[28.7754,-2.06425],[28.76533,-2.05382],[28.76577,-2.04685],[28.75505,-2.04423],[28.74774,-2.03615],[28.75207,-2.02764],[28.75833,-2.02636],[28.75919,-2.01186],[28.77666,-2.01423],[28.79269,-2.00433],[28.79258,-1.97866],[28.79548,-1.96646],[28.80196,-1.96047],[28.79909,-1.94644],[28.80372,-1.93552],[28.81542,-1.93602],[28.83068,-1.94291],[28.83209,-1.94812],[28.84538,-1.94555],[28.85313,-1.95696],[28.85531,-1.95069],[28.87663,-1.93928],[28.88035,-1.92755],[28.88781,-1.92719],[28.90062,-1.90937],[28.91341,-1.90246],[28.92374,-1.88026],[28.93162,-1.8853],[28.95434,-1.87814],[28.95168,-1.88363],[28.95818,-1.89121],[28.96294,-1.89493],[28.97017,-1.8908],[28.97533,-1.89855],[28.96321,-1.90088],[28.96734,-1.91195],[29.00349,-1.93593]]]},"properties":{"nom":"Kalehe","province":"Sud-Kivu","antenne":"Bukavu"}},{"type":"Feature","geometry":{"type":"Polygon","coordinates":[[[27.44009,-3.29454],[27.44781,-3.3212],[27.45709,-3.33483],[27.49034,-3.36782],[27.51793,-3.3603],[27.62392,-3.36315],[27.69986,-3.34553],[27.74221,-3.34252],[27.74186,-3.36032],[27.73427,-3.37299],[27.7351,-3.40647],[27.72928,-3.4262],[27.72328,-3.43116],[27.74061,-3.45108],[27.77685,-3.47177],[27.78718,-3.48828],[27.81646,-3.45983],[27.84289,-3.48995],[27.84652,-3.49068],[27.84768,-3.48369],[27.85671,-3.49031],[27.85921,-3.48172],[27.8704,-3.48333],[27.86997,-3.47438],[27.88361,-3.47591],[27.88453,-3.46328],[27.89288,-3.47217],[27.90436,-3.46849],[27.89503,-3.46457],[27.90037,-3.46322],[27.89662,-3.45587],[27.90172,-3.45507],[27.90246,-3.44747],[27.914,-3.45752],[27.93322,-3.44146],[27.95135,-3.44486],[27.94957,-3.46804],[27.95455,-3.47845],[27.98563,-3.50927],[28.0029,-3.51534],[28.01249,-3.52877],[28.00494,-3.53303],[28.00919,-3.55397],[28.01752,-3.55494],[28.01553,-3.56279],[28.02307,-3.56188],[28.02375,-3.56928],[28.03513,-3.57229],[28.03836,-3.5814],[28.04102,-3.57889],[28.05002,-3.58487],[28.04476,-3.5946],[28.04742,-3.59807],[28.03564,-3.61104],[28.03779,-3.61406],[28.02714,-3.61548],[28.0251,-3.62077],[28.04454,-3.64154],[28.05849,-3.64542],[28.05845,-3.65814],[28.06549,-3.66241],[28.06469,-3.66872],[28.0748,-3.67763],[28.08203,-3.67658],[28.07913,-3.68513],[28.08521,-3.68951],[28.07463,-3.69951],[28.08691,-3.70781],[28.08396,-3.7167],[28.10485,-3.72676],[28.12434,-3.7282],[28.13223,-3.73622],[28.14766,-3.74147],[28.15604,-3.75375],[28.15115,-3.78],[28.1648,-3.78909],[28.16498,-3.79669],[28.17915,-3.80035],[28.18351,-3.81654],[28.20155,-3.82006],[28.20323,-3.82788],[28.14997,-3.82492],[28.07734,-3.82909],[28.07135,-3.83338],[28.06825,-3.85131],[28.04303,-3.86958],[28.01272,-3.87855],[27.98549,-3.91066],[27.96859,-3.91518],[27.94989,-3.93168],[27.90133,-3.94484],[27.86528,-3.97819],[27.84313,-3.9855],[27.82106,-4.01947],[27.79855,-4.00401],[27.76723,-4.004],[27.6364,-4.02193],[27.61846,-4.02042],[27.59733,-4.00992],[27.58057,-3.99493],[27.55241,-3.99175],[27.52591,-3.97018],[27.49656,-3.96007],[27.47903,-3.96138],[27.44511,-3.98722],[27.42261,-3.97372],[27.4244,-3.96854],[27.41685,-3.96472],[27.4143,-3.95644],[27.40024,-3.94979],[27.3953,-3.94099],[27.386,-3.93952],[27.38658,-3.93534],[27.36853,-3.93888],[27.36267,-3.93424],[27.34661,-3.93526],[27.33879,-3.93053],[27.33798,-3.92483],[27.32778,-3.92538],[27.31637,-3.91562],[27.29177,-3.92053],[27.28417,-3.9164],[27.27773,-3.91853],[27.28008,-3.9076],[27.26891,-3.90848],[27.26235,-3.899],[27.26069,-3.90308],[27.24966,-3.90447],[27.22846,-3.89554],[27.21382,-3.89986],[27.19746,-3.88838],[27.18869,-3.88931],[27.17719,-3.8571],[27.16965,-3.85777],[27.16635,-3.84846],[27.16236,-3.85018],[27.16352,-3.84462],[27.16718,-3.84564],[27.16521,-3.83729],[27.15972,-3.83762],[27.15252,-3.82122],[27.14123,-3.82028],[27.14317,-3.81167],[27.13534,-3.8078],[27.13048,-3.81113],[27.13204,-3.80495],[27.12856,-3.80517],[27.12151,-3.78628],[27.1123,-3.78445],[27.11678,-3.77542],[27.1065,-3.76693],[27.10898,-3.75875],[27.10258,-3.76041],[27.10205,-3.7525],[27.09666,-3.75336],[27.09599,-3.74056],[27.08562,-3.72824],[27.09263,-3.72296],[27.08732,-3.71229],[27.09168,-3.70769],[27.08976,-3.70114],[27.09879,-3.69977],[27.09959,-3.6883],[27.09476,-3.68982],[27.09262,-3.68522],[27.10004,-3.6786],[27.09577,-3.67311],[27.10023,-3.66317],[27.09663,-3.64606],[27.09937,-3.62249],[27.10424,-3.62318],[27.10287,-3.61655],[27.10921,-3.6135],[27.10687,-3.6061],[27.11098,-3.59454],[27.11624,-3.59211],[27.11692,-3.58138],[27.12408,-3.57974],[27.12288,-3.57328],[27.12717,-3.57294],[27.12158,-3.55772],[27.13476,-3.55865],[27.13527,-3.53914],[27.12306,-3.53972],[27.11984,-3.54663],[27.11678,-3.53971],[27.13222,-3.53024],[27.12901,-3.5277],[27.13402,-3.50115],[27.12966,-3.48394],[27.12018,-3.47138],[27.11906,-3.45719],[27.12978,-3.4431],[27.13259,-3.42872],[27.12862,-3.42366],[27.11545,-3.43056],[27.11329,-3.42158],[27.11923,-3.40699],[27.11338,-3.3858],[27.10658,-3.38539],[27.10152,-3.39297],[27.09223,-3.3831],[27.10502,-3.3637],[27.09461,-3.34116],[27.0991,-3.31805],[27.12039,-3.30234],[27.19295,-3.29579],[27.23859,-3.30079],[27.27486,-3.29398],[27.36227,-3.30426],[27.44009,-3.29454]]]},"properties":{"nom":"Kalole","province":"Sud-Kivu","antenne":"Bukavu"}},{"type":"Feature","geometry":{"type":"Polygon","coordinates":[[[28.70457,-2.26768],[28.69791,-2.30221],[28.70805,-2.33657],[28.69736,-2.3619],[28.69597,-2.39339],[28.68328,-2.39911],[28.68109,-2.41828],[28.67111,-2.42173],[28.65713,-2.4433],[28.64599,-2.4433],[28.63649,-2.45594],[28.62753,-2.45876],[28.62216,-2.46824],[28.6225,-2.48219],[28.59527,-2.46382],[28.58476,-2.467],[28.56798,-2.46046],[28.56391,-2.44994],[28.55099,-2.45069],[28.53751,-2.44228],[28.53493,-2.43483],[28.52278,-2.43023],[28.50422,-2.44773],[28.49212,-2.44612],[28.47037,-2.45181],[28.45045,-2.43761],[28.42615,-2.43251],[28.41324,-2.4478],[28.39814,-2.43136],[28.38636,-2.43001],[28.38122,-2.38861],[28.37393,-2.37789],[28.36605,-2.37562],[28.38843,-2.36803],[28.39297,-2.3716],[28.39395,-2.36056],[28.40897,-2.35098],[28.40881,-2.34564],[28.37516,-2.32318],[28.35957,-2.30525],[28.33682,-2.30304],[28.31526,-2.28127],[28.31471,-2.27114],[28.32049,-2.24238],[28.35916,-2.23344],[28.35889,-2.18933],[28.36782,-2.18761],[28.39861,-2.19854],[28.40374,-2.19335],[28.41602,-2.19225],[28.42594,-2.17758],[28.41683,-2.13986],[28.42182,-2.13327],[28.4338,-2.13466],[28.44598,-2.12903],[28.45622,-2.13956],[28.49138,-2.15632],[28.49279,-2.17055],[28.49942,-2.17255],[28.50125,-2.17966],[28.52017,-2.18272],[28.53846,-2.20966],[28.56093,-2.21448],[28.57658,-2.19742],[28.59046,-2.1959],[28.60298,-2.23215],[28.59492,-2.2538],[28.60771,-2.26465],[28.63972,-2.27456],[28.67468,-2.30181],[28.68852,-2.2974],[28.70457,-2.26768]]]},"properties":{"nom":"Kalonge","province":"Sud-Kivu","antenne":"Bukavu"}},{"type":"Feature","geometry":{"type":"Polygon","coordinates":[[[28.32228,-2.82907],[28.32312,-2.84528],[28.3538,-2.89716],[28.33392,-2.93088],[28.33541,-2.94558],[28.37424,-2.9516],[28.34617,-2.97278],[28.3227,-2.97237],[28.31608,-2.99723],[28.30734,-2.99625],[28.29928,-3.00584],[28.27703,-3.01436],[28.27856,-3.02153],[28.29243,-3.01548],[28.29645,-3.03789],[28.28618,-3.04628],[28.26815,-3.05002],[28.26445,-3.06138],[28.26046,-3.06193],[28.28252,-3.06572],[28.29159,-3.07636],[28.28887,-3.08533],[28.3022,-3.08722],[28.30881,-3.10887],[28.31242,-3.1083],[28.30459,-3.11304],[28.30823,-3.12117],[28.2996,-3.13408],[28.30026,-3.15104],[28.3141,-3.17564],[28.33796,-3.17368],[28.33419,-3.18673],[28.31875,-3.19932],[28.29113,-3.205],[28.27843,-3.22403],[28.27134,-3.2185],[28.26321,-3.22009],[28.26464,-3.2303],[28.2721,-3.23642],[28.2722,-3.25201],[28.26469,-3.25668],[28.23073,-3.24013],[28.21354,-3.22103],[28.20427,-3.19941],[28.17017,-3.19797],[28.16438,-3.18624],[28.15056,-3.18877],[28.15026,-3.18105],[28.14237,-3.17241],[28.09005,-3.17774],[28.00226,-3.19757],[27.92095,-3.09604],[27.93152,-3.08817],[27.94498,-3.06234],[27.96429,-3.04084],[27.95645,-3.02438],[27.95887,-2.9919],[27.96655,-2.99519],[27.97364,-2.98639],[27.98822,-2.9878],[27.99478,-2.97123],[28.01045,-2.95222],[28.0221,-2.95692],[28.04577,-2.95351],[28.0489,-2.93641],[28.06227,-2.91844],[28.06887,-2.91974],[28.07616,-2.91292],[28.09657,-2.91933],[28.12426,-2.91862],[28.12181,-2.8932],[28.1489,-2.90481],[28.16651,-2.89972],[28.17057,-2.90286],[28.20715,-2.87281],[28.20761,-2.85605],[28.22382,-2.83564],[28.24252,-2.83151],[28.27377,-2.8501],[28.32228,-2.82907]]]},"properties":{"nom":"Kamituga","province":"Sud-Kivu","antenne":"Bukavu"}},{"type":"Feature","geometry":{"type":"Polygon","coordinates":[[[28.38575,-2.41035],[28.38636,-2.43001],[28.39814,-2.43136],[28.41324,-2.4478],[28.42601,-2.4325],[28.45045,-2.43761],[28.46897,-2.45155],[28.49212,-2.44612],[28.50144,-2.44859],[28.52263,-2.43021],[28.53493,-2.43483],[28.53751,-2.44228],[28.55099,-2.45069],[28.56391,-2.44994],[28.56807,-2.4605],[28.58476,-2.467],[28.59535,-2.46385],[28.62292,-2.483],[28.61491,-2.50778],[28.61867,-2.52111],[28.63794,-2.52844],[28.64468,-2.52023],[28.66325,-2.51943],[28.66611,-2.51557],[28.67448,-2.52088],[28.6879,-2.51736],[28.70624,-2.54128],[28.69304,-2.5576],[28.70156,-2.55841],[28.70385,-2.56354],[28.70026,-2.56505],[28.70451,-2.56535],[28.69962,-2.57162],[28.69296,-2.57181],[28.67774,-2.59509],[28.67381,-2.59324],[28.67773,-2.60541],[28.67024,-2.61393],[28.66506,-2.61649],[28.65414,-2.60764],[28.64263,-2.6146],[28.63925,-2.63216],[28.64554,-2.63647],[28.64528,-2.65038],[28.63079,-2.66821],[28.62525,-2.66458],[28.6203,-2.67402],[28.61589,-2.66969],[28.61781,-2.66175],[28.61033,-2.65848],[28.60962,-2.66879],[28.60148,-2.66609],[28.58241,-2.68293],[28.57438,-2.67812],[28.56228,-2.68012],[28.55307,-2.69399],[28.54732,-2.69267],[28.53957,-2.70088],[28.5407,-2.70666],[28.53492,-2.71085],[28.52351,-2.70545],[28.52045,-2.71143],[28.50276,-2.71906],[28.50269,-2.73055],[28.51909,-2.73472],[28.5364,-2.75142],[28.53211,-2.76195],[28.51685,-2.77316],[28.50436,-2.76807],[28.49281,-2.78259],[28.49477,-2.7918],[28.48685,-2.79696],[28.48974,-2.80152],[28.47484,-2.79647],[28.4746,-2.80217],[28.46858,-2.79972],[28.4646,-2.80951],[28.45509,-2.80654],[28.45407,-2.81432],[28.4471,-2.81817],[28.44957,-2.80527],[28.43166,-2.80524],[28.43962,-2.79453],[28.4314,-2.79397],[28.41665,-2.78301],[28.40482,-2.78297],[28.40099,-2.79128],[28.38219,-2.79204],[28.37702,-2.79992],[28.37667,-2.81626],[28.36004,-2.83356],[28.34697,-2.83837],[28.34118,-2.82926],[28.31892,-2.82755],[28.32458,-2.82135],[28.32425,-2.7946],[28.33244,-2.78812],[28.32926,-2.78408],[28.33717,-2.76904],[28.34299,-2.7678],[28.33615,-2.7609],[28.33745,-2.75266],[28.36981,-2.74083],[28.3717,-2.7276],[28.36697,-2.71379],[28.38222,-2.70807],[28.37974,-2.7006],[28.3474,-2.68072],[28.34635,-2.6523],[28.33433,-2.64814],[28.32494,-2.65103],[28.31702,-2.64526],[28.31398,-2.63405],[28.32012,-2.6191],[28.31557,-2.60914],[28.32813,-2.59546],[28.32668,-2.58599],[28.3178,-2.58336],[28.31674,-2.5782],[28.32954,-2.55131],[28.32765,-2.53555],[28.29784,-2.53159],[28.30006,-2.52673],[28.28697,-2.5114],[28.30137,-2.50582],[28.30264,-2.4973],[28.31124,-2.49891],[28.31749,-2.48874],[28.3406,-2.48083],[28.33323,-2.4714],[28.33641,-2.46492],[28.32956,-2.46423],[28.32961,-2.4573],[28.32137,-2.44842],[28.32493,-2.44274],[28.3227,-2.43386],[28.34633,-2.41888],[28.34587,-2.41128],[28.35176,-2.40553],[28.38575,-2.41035]]]},"properties":{"nom":"Kaniola","province":"Sud-Kivu","antenne":"Bukavu"}},{"type":"Feature","geometry":{"type":"Polygon","coordinates":[[[28.95123,-2.18105],[28.94917,-2.20195],[28.95399,-2.21503],[28.9658,-2.22674],[28.97388,-2.24579],[28.99718,-2.25461],[28.9906,-2.28194],[28.98091,-2.29145],[28.97631,-2.30891],[28.98456,-2.3374],[28.9616,-2.35251],[28.9661,-2.36637],[28.96204,-2.37307],[28.94781,-2.37642],[28.90977,-2.37217],[28.89298,-2.38317],[28.87744,-2.4016],[28.85008,-2.37174],[28.8527,-2.36584],[28.84502,-2.35445],[28.86642,-2.34549],[28.85782,-2.33778],[28.86357,-2.33327],[28.85316,-2.33033],[28.86831,-2.31269],[28.86284,-2.29789],[28.87624,-2.28855],[28.86592,-2.27298],[28.85701,-2.27492],[28.84808,-2.26898],[28.85216,-2.25864],[28.84879,-2.24689],[28.84081,-2.24803],[28.83681,-2.25473],[28.82802,-2.24754],[28.8334,-2.23835],[28.83004,-2.22114],[28.8228,-2.21634],[28.81631,-2.22383],[28.81082,-2.21613],[28.80095,-2.21448],[28.76881,-2.19242],[28.76275,-2.16386],[28.77344,-2.15446],[28.79222,-2.15477],[28.80834,-2.16444],[28.8394,-2.16478],[28.85431,-2.17694],[28.8592,-2.15985],[28.86711,-2.15699],[28.87602,-2.13997],[28.90786,-2.13879],[28.91455,-2.15122],[28.95123,-2.18105]]]},"properties":{"nom":"Katana","province":"Sud-Kivu","antenne":"Bukavu"}},{"type":"Feature","geometry":{"type":"Polygon","coordinates":[[[28.91396,-2.73874],[28.88847,-2.76326],[28.88788,-2.7744],[28.90583,-2.78489],[28.90634,-2.79202],[28.89261,-2.79703],[28.89122,-2.80489],[28.89418,-2.80962],[28.9042,-2.81069],[28.91681,-2.82755],[28.89996,-2.82795],[28.89979,-2.84372],[28.88771,-2.846],[28.88388,-2.85108],[28.88674,-2.85597],[28.8762,-2.86952],[28.8836,-2.90049],[28.88174,-2.91334],[28.88609,-2.91419],[28.89115,-2.93472],[28.90163,-2.93583],[28.89718,-2.95328],[28.90125,-2.95707],[28.8955,-2.96274],[28.89803,-2.9708],[28.89349,-2.97539],[28.90068,-2.98367],[28.89283,-2.98847],[28.9058,-2.9963],[28.90003,-3.00566],[28.90632,-3.01022],[28.88171,-3.01582],[28.8679,-3.03373],[28.86366,-3.02051],[28.84614,-3.02544],[28.83498,-3.05074],[28.81992,-3.04361],[28.81898,-3.05192],[28.79468,-3.04643],[28.78992,-3.05464],[28.75891,-3.04777],[28.75504,-3.04387],[28.75731,-3.03613],[28.77087,-3.02936],[28.77197,-3.00769],[28.80439,-3.0001],[28.80966,-2.99447],[28.82792,-2.99696],[28.83217,-2.98946],[28.82712,-2.98811],[28.814,-2.96101],[28.8049,-2.95743],[28.80367,-2.94203],[28.79706,-2.93056],[28.79472,-2.92013],[28.80345,-2.91915],[28.80322,-2.89821],[28.81193,-2.88719],[28.80366,-2.86741],[28.79602,-2.86684],[28.79091,-2.84456],[28.78112,-2.8454],[28.78075,-2.84018],[28.77253,-2.83635],[28.77463,-2.82696],[28.78438,-2.81943],[28.77998,-2.80209],[28.76991,-2.79212],[28.77636,-2.78989],[28.76585,-2.78248],[28.77234,-2.76854],[28.79026,-2.74231],[28.80212,-2.74006],[28.81331,-2.72711],[28.82419,-2.72836],[28.81397,-2.71746],[28.82336,-2.71489],[28.82393,-2.70628],[28.83498,-2.7075],[28.83964,-2.71048],[28.83882,-2.71835],[28.84792,-2.71727],[28.85585,-2.72449],[28.87308,-2.72258],[28.87983,-2.70533],[28.88848,-2.706],[28.90454,-2.72241],[28.90972,-2.73935],[28.91396,-2.73874]]]},"properties":{"nom":"Kaziba","province":"Sud-Kivu","antenne":"Bukavu"}},{"type":"Feature","geometry":{"type":"Polygon","coordinates":[[[27.92095,-3.09604],[28.00226,-3.19757],[28.09005,-3.17774],[28.14237,-3.17241],[28.15026,-3.18105],[28.15056,-3.18877],[28.16438,-3.18624],[28.17017,-3.19797],[28.20427,-3.19941],[28.21354,-3.22103],[28.23073,-3.24013],[28.26556,-3.25561],[28.26344,-3.26364],[28.26798,-3.27202],[28.24843,-3.28027],[28.24929,-3.29466],[28.24068,-3.2915],[28.23818,-3.29938],[28.22552,-3.30239],[28.22911,-3.30685],[28.22213,-3.30821],[28.21565,-3.32168],[28.21981,-3.32911],[28.21132,-3.33508],[28.21973,-3.34507],[28.21603,-3.3534],[28.22109,-3.36108],[28.22801,-3.36215],[28.24343,-3.37679],[28.26753,-3.38018],[28.24694,-3.40301],[28.2279,-3.41466],[28.22538,-3.424],[28.21435,-3.43208],[28.20511,-3.44788],[28.20581,-3.45609],[28.18479,-3.46478],[28.18358,-3.47312],[28.17662,-3.47543],[28.17236,-3.4855],[28.22443,-3.53839],[28.2631,-3.54218],[28.26995,-3.53539],[28.27312,-3.54323],[28.36505,-3.55402],[28.4093,-3.63874],[28.42501,-3.74365],[28.44245,-3.76535],[28.45106,-3.79651],[28.4596,-3.80342],[28.45714,-3.80657],[28.44891,-3.80182],[28.44744,-3.8212],[28.46811,-3.82754],[28.46774,-3.84336],[28.4494,-3.83343],[28.43735,-3.8522],[28.39336,-3.8578],[28.36863,-3.85555],[28.35416,-3.84159],[28.34351,-3.84234],[28.31646,-3.8271],[28.30042,-3.83576],[28.28912,-3.82986],[28.27851,-3.8383],[28.27165,-3.82348],[28.26085,-3.82792],[28.25506,-3.82243],[28.24524,-3.82734],[28.23611,-3.82126],[28.22271,-3.83201],[28.20266,-3.83493],[28.20295,-3.82124],[28.19429,-3.82026],[28.19357,-3.81563],[28.18351,-3.81654],[28.17915,-3.80035],[28.16498,-3.79669],[28.1648,-3.78909],[28.15115,-3.78],[28.15604,-3.75375],[28.14912,-3.74287],[28.12434,-3.7282],[28.10485,-3.72676],[28.08396,-3.7167],[28.08691,-3.70781],[28.07463,-3.69951],[28.08521,-3.68951],[28.07913,-3.68513],[28.08203,-3.67658],[28.0748,-3.67763],[28.06469,-3.66872],[28.06549,-3.66241],[28.05845,-3.65814],[28.05849,-3.64542],[28.04454,-3.64154],[28.0251,-3.62077],[28.02714,-3.61548],[28.03779,-3.61406],[28.03564,-3.61104],[28.04742,-3.59807],[28.04476,-3.5946],[28.05002,-3.58487],[28.04102,-3.57889],[28.03836,-3.5814],[28.03513,-3.57229],[28.02375,-3.56928],[28.02307,-3.56188],[28.01553,-3.56279],[28.01752,-3.55494],[28.00919,-3.55397],[28.00494,-3.53303],[28.01249,-3.52877],[28.0029,-3.51534],[27.98563,-3.50927],[27.95455,-3.47845],[27.94957,-3.46804],[27.95135,-3.44486],[27.93322,-3.44146],[27.914,-3.45752],[27.90246,-3.44747],[27.90172,-3.45507],[27.89662,-3.45587],[27.90037,-3.46322],[27.89503,-3.46457],[27.90436,-3.46849],[27.89288,-3.47217],[27.88453,-3.46328],[27.88269,-3.47658],[27.86997,-3.47438],[27.86993,-3.48388],[27.85921,-3.48172],[27.85671,-3.49031],[27.84768,-3.48369],[27.8448,-3.49099],[27.81646,-3.45983],[27.78718,-3.48828],[27.77685,-3.47177],[27.74073,-3.45117],[27.72827,-3.43911],[27.72328,-3.43116],[27.72928,-3.4262],[27.7351,-3.40647],[27.73427,-3.37299],[27.74184,-3.36038],[27.74253,-3.34652],[27.74054,-3.33023],[27.72945,-3.32053],[27.7314,-3.3105],[27.76032,-3.30326],[27.77624,-3.29242],[27.80005,-3.22323],[27.81633,-3.19292],[27.81044,-3.17136],[27.81551,-3.13696],[27.82184,-3.12445],[27.84318,-3.10066],[27.85359,-3.10461],[27.8724,-3.09806],[27.92095,-3.09604]]]},"properties":{"nom":"Kitutu","province":"Sud-Kivu","antenne":"Bukavu"}},{"type":"Feature","geometry":{"type":"Polygon","coordinates":[[[27.85939,-2.01523],[27.86686,-2.01783],[27.88524,-2.04112],[27.88805,-2.08235],[27.90026,-2.08444],[27.91949,-2.12295],[27.91882,-2.13193],[27.92528,-2.13776],[27.94574,-2.12823],[28.00503,-2.14204],[28.03595,-2.14083],[28.05828,-2.13143],[28.05901,-2.14597],[28.04797,-2.15253],[28.02764,-2.15241],[28.0186,-2.16921],[28.00509,-2.17281],[27.96667,-2.21358],[27.93479,-2.23068],[27.91988,-2.24491],[27.90368,-2.2502],[27.87537,-2.27901],[27.86978,-2.29254],[27.8391,-2.30563],[27.82628,-2.32088],[27.80362,-2.33094],[27.79006,-2.33121],[27.77809,-2.34123],[27.76287,-2.36014],[27.76563,-2.36782],[27.75084,-2.38967],[27.74047,-2.40164],[27.72956,-2.40269],[27.7269,-2.40775],[27.71991,-2.4499],[27.71431,-2.45831],[27.70001,-2.5193],[27.66979,-2.51719],[27.62686,-2.5489],[27.6107,-2.5517],[27.60632,-2.56196],[27.589,-2.57268],[27.54327,-2.57459],[27.53452,-2.578],[27.53305,-2.58835],[27.47058,-2.57652],[27.42439,-2.58368],[27.39152,-2.59557],[27.35454,-2.59655],[27.26962,-2.57618],[27.26778,-2.57934],[27.26484,-2.57501],[27.24583,-2.57292],[27.24325,-2.56834],[27.24106,-2.57573],[27.22782,-2.57508],[27.22775,-2.57054],[27.2205,-2.5726],[27.22388,-2.57685],[27.21981,-2.57807],[27.21429,-2.56791],[27.20713,-2.56719],[27.20627,-2.56102],[27.18704,-2.56497],[27.17743,-2.5521],[27.18,-2.56445],[27.17451,-2.57508],[27.17743,-2.57971],[27.17108,-2.58572],[27.17503,-2.59909],[27.16919,-2.60972],[27.16318,-2.61401],[27.15099,-2.61332],[27.1328,-2.60166],[27.12524,-2.60183],[27.12353,-2.60887],[27.10516,-2.60784],[27.10104,-2.61847],[27.10997,-2.63064],[27.10464,-2.64492],[27.09428,-2.65804],[27.08056,-2.66317],[27.07375,-2.65414],[27.09229,-2.65482],[27.09555,-2.64642],[27.09623,-2.63647],[27.0849,-2.62344],[27.06482,-2.61573],[27.0619,-2.62481],[27.03083,-2.63767],[27.02242,-2.6207],[27.01538,-2.61847],[27.01263,-2.62481],[27.0056,-2.62464],[26.99615,-2.60526],[26.98483,-2.59669],[26.97607,-2.59772],[26.97504,-2.58983],[26.95238,-2.57989],[26.94637,-2.5804],[26.94654,-2.58399],[26.9577,-2.60852],[26.94417,-2.61548],[26.93882,-2.61546],[26.94145,-2.60447],[26.9355,-2.60144],[26.90553,-2.61725],[26.89708,-2.61532],[26.88693,-2.60416],[26.87719,-2.60802],[26.85954,-2.60161],[26.85488,-2.57981],[26.87104,-2.56316],[26.87055,-2.54254],[26.85527,-2.49331],[26.86309,-2.48609],[26.85289,-2.47308],[26.83457,-2.46618],[26.8202,-2.44655],[26.81821,-2.39578],[26.82411,-2.37833],[26.81542,-2.35406],[26.82407,-2.3435],[26.8208,-2.34012],[26.82359,-2.33528],[26.82944,-2.33936],[26.83578,-2.33529],[26.84456,-2.33871],[26.86138,-2.32281],[26.86187,-2.31302],[26.85118,-2.28851],[26.8683,-2.15857],[26.87317,-2.16144],[26.87831,-2.15659],[26.89396,-2.15561],[26.90629,-2.1612],[26.91417,-2.15891],[26.91931,-2.17102],[26.93758,-2.1821],[26.93256,-2.17296],[26.93975,-2.16279],[26.93553,-2.15446],[26.94512,-2.15103],[26.96305,-2.12922],[26.96798,-2.1324],[26.97155,-2.14878],[26.97956,-2.15473],[26.98417,-2.15246],[26.97437,-2.12776],[26.97687,-2.12389],[26.98856,-2.13187],[26.99833,-2.15047],[27.00397,-2.14992],[27.01,-2.13742],[27.01145,-2.14445],[27.01984,-2.1499],[27.02372,-2.16449],[27.03724,-2.16501],[27.04328,-2.17608],[27.05654,-2.17835],[27.06037,-2.20212],[27.06621,-2.21054],[27.07895,-2.20059],[27.11596,-2.21044],[27.11085,-2.22398],[27.12359,-2.23658],[27.12311,-2.22324],[27.14013,-2.21272],[27.15301,-2.21384],[27.1474,-2.23067],[27.15004,-2.23493],[27.15484,-2.22264],[27.16616,-2.22469],[27.17141,-2.21647],[27.17569,-2.21958],[27.17108,-2.23529],[27.17607,-2.2416],[27.18037,-2.23892],[27.18303,-2.22271],[27.19653,-2.2186],[27.19741,-2.22216],[27.18726,-2.22771],[27.18831,-2.23349],[27.19373,-2.23426],[27.20247,-2.22371],[27.20654,-2.24268],[27.21236,-2.23328],[27.22734,-2.23854],[27.22836,-2.2635],[27.23748,-2.27134],[27.24295,-2.24868],[27.26009,-2.22725],[27.26883,-2.22926],[27.27094,-2.23839],[27.28804,-2.24213],[27.30925,-2.21076],[27.34545,-2.20062],[27.35106,-2.18712],[27.36111,-2.18235],[27.37041,-2.16446],[27.38469,-2.16713],[27.45258,-2.13052],[27.45345,-2.12053],[27.44615,-2.10721],[27.45296,-2.08427],[27.46779,-2.05837],[27.47236,-2.03395],[27.43511,-2.02912],[27.39364,-2.01689],[27.37486,-1.99986],[27.38091,-1.99122],[27.73968,-2.00057],[27.78457,-2.02876],[27.81547,-2.03294],[27.83839,-2.03388],[27.85939,-2.01523]]]},"properties":{"nom":"Lulingu","province":"Sud-Kivu","antenne":"Bukavu"}},{"type":"Feature","geometry":{"type":"Polygon","coordinates":[[[29.1099,-1.62733],[29.13153,-1.6284],[29.13504,-1.6408],[29.14022,-1.64302],[29.15823,-1.63411],[29.16887,-1.66331],[29.22156,-1.68149],[29.23098,-1.69642],[29.24224,-1.70047],[29.1788,-1.78875],[29.16788,-1.78744],[29.14786,-1.79597],[29.135,-1.79613],[29.08698,-1.82123],[29.05697,-1.85128],[29.0479,-1.87198],[29.03811,-1.88219],[29.03741,-1.89576],[29.01727,-1.91911],[29.01081,-1.93482],[29.00349,-1.93593],[28.96734,-1.91195],[28.96321,-1.90088],[28.97533,-1.89855],[28.97017,-1.8908],[28.96294,-1.89493],[28.95818,-1.89121],[28.95168,-1.88363],[28.95434,-1.87814],[28.93162,-1.8853],[28.92374,-1.88026],[28.91341,-1.90246],[28.90062,-1.90937],[28.88781,-1.92719],[28.88035,-1.92755],[28.87663,-1.93928],[28.85531,-1.95069],[28.85313,-1.95696],[28.8454,-1.94556],[28.83209,-1.94812],[28.83068,-1.94291],[28.81542,-1.93602],[28.80418,-1.93531],[28.8029,-1.94016],[28.79611,-1.94132],[28.78874,-1.93765],[28.77422,-1.88669],[28.76247,-1.88086],[28.76017,-1.86355],[28.76566,-1.86291],[28.76605,-1.8547],[28.78155,-1.8535],[28.77336,-1.82307],[28.78881,-1.82231],[28.78296,-1.81265],[28.77366,-1.81602],[28.7746,-1.80815],[28.78644,-1.80361],[28.78916,-1.79681],[28.77983,-1.78851],[28.78247,-1.78107],[28.77188,-1.76386],[28.78519,-1.76423],[28.79701,-1.75435],[28.8044,-1.76036],[28.81455,-1.74258],[28.83199,-1.74985],[28.8541,-1.74023],[28.88628,-1.74448],[28.8895,-1.72184],[28.90427,-1.72018],[28.9215,-1.71988],[28.92372,-1.72876],[28.91895,-1.73573],[28.92526,-1.74002],[28.93484,-1.73864],[28.94339,-1.74605],[29.00162,-1.73813],[29.00876,-1.72256],[29.00189,-1.71346],[29.00566,-1.71308],[29.00836,-1.70162],[29.01533,-1.7001],[29.02059,-1.68008],[29.01736,-1.66878],[29.02975,-1.65117],[29.03316,-1.62842],[29.02356,-1.62701],[29.02213,-1.62093],[29.03243,-1.62104],[29.04052,-1.59209],[29.04629,-1.59073],[29.0493,-1.58265],[29.06729,-1.58604],[29.08617,-1.60022],[29.0912,-1.61866],[29.1099,-1.62733]]]},"properties":{"nom":"Minova","province":"Sud-Kivu","antenne":"Bukavu"}},{"type":"Feature","geometry":{"type":"Polygon","coordinates":[[[28.76275,-2.16386],[28.76881,-2.19242],[28.80095,-2.21448],[28.81082,-2.21613],[28.81631,-2.22383],[28.8228,-2.21634],[28.83004,-2.22114],[28.8334,-2.23835],[28.82802,-2.24754],[28.83681,-2.25473],[28.84081,-2.24803],[28.84879,-2.24689],[28.85216,-2.25864],[28.84808,-2.26898],[28.85701,-2.27492],[28.86592,-2.27298],[28.87626,-2.2886],[28.86284,-2.29789],[28.86831,-2.31269],[28.85316,-2.33033],[28.86357,-2.33327],[28.85782,-2.33778],[28.86642,-2.34549],[28.84502,-2.35439],[28.8527,-2.36584],[28.85008,-2.37174],[28.87744,-2.4016],[28.8684,-2.4216],[28.8563,-2.42173],[28.85772,-2.41828],[28.84428,-2.41321],[28.79679,-2.40733],[28.77974,-2.41763],[28.76551,-2.41872],[28.74864,-2.41152],[28.72154,-2.41815],[28.71293,-2.42886],[28.70609,-2.43036],[28.68134,-2.41896],[28.68316,-2.39929],[28.69672,-2.39108],[28.69735,-2.36197],[28.70805,-2.33657],[28.69795,-2.29493],[28.70488,-2.27786],[28.70033,-2.24126],[28.71065,-2.23129],[28.70806,-2.221],[28.71755,-2.20593],[28.71402,-2.19279],[28.73212,-2.16244],[28.74663,-2.15958],[28.76275,-2.16386]]]},"properties":{"nom":"Miti Murhesa","province":"Sud-Kivu","antenne":"Bukavu"}},{"type":"Feature","geometry":{"type":"Polygon","coordinates":[[[28.78725,-2.66125],[28.7941,-2.66402],[28.79928,-2.65605],[28.81965,-2.6714],[28.82064,-2.67705],[28.81351,-2.67794],[28.81338,-2.68366],[28.81973,-2.68791],[28.81516,-2.6934],[28.82061,-2.69631],[28.8252,-2.71129],[28.81397,-2.7175],[28.82419,-2.72836],[28.81331,-2.72711],[28.80212,-2.74006],[28.79023,-2.74234],[28.76542,-2.7827],[28.74963,-2.7777],[28.74184,-2.77905],[28.73924,-2.78701],[28.72947,-2.77779],[28.71838,-2.78249],[28.71189,-2.78009],[28.7064,-2.76843],[28.69867,-2.77223],[28.70411,-2.78347],[28.69772,-2.78146],[28.695,-2.78513],[28.68408,-2.78171],[28.685,-2.77743],[28.67911,-2.77468],[28.67829,-2.79584],[28.66341,-2.80144],[28.66438,-2.80916],[28.65449,-2.82876],[28.65656,-2.8353],[28.64676,-2.84513],[28.63823,-2.84375],[28.63467,-2.83987],[28.63779,-2.83582],[28.62871,-2.82781],[28.61624,-2.84097],[28.61667,-2.85178],[28.60716,-2.83761],[28.5804,-2.8604],[28.56889,-2.85699],[28.56863,-2.84746],[28.55397,-2.83216],[28.54436,-2.83485],[28.53801,-2.81928],[28.5341,-2.82365],[28.52881,-2.82075],[28.5214,-2.83751],[28.51323,-2.84153],[28.49613,-2.82579],[28.48744,-2.82427],[28.47687,-2.80915],[28.48037,-2.80277],[28.47478,-2.80264],[28.47484,-2.79647],[28.48977,-2.80149],[28.48685,-2.79696],[28.49477,-2.7918],[28.49281,-2.78259],[28.50456,-2.76787],[28.51685,-2.77316],[28.53211,-2.76195],[28.54599,-2.72021],[28.5596,-2.71851],[28.56183,-2.72651],[28.57196,-2.72991],[28.57137,-2.71817],[28.57916,-2.71511],[28.58321,-2.70264],[28.58859,-2.70388],[28.59209,-2.71824],[28.61343,-2.71766],[28.61381,-2.72923],[28.64001,-2.71946],[28.65674,-2.70006],[28.65354,-2.67652],[28.66342,-2.65172],[28.68053,-2.65918],[28.67715,-2.66066],[28.67643,-2.67915],[28.68225,-2.68243],[28.6761,-2.68842],[28.67972,-2.69401],[28.68887,-2.69327],[28.70726,-2.70434],[28.71411,-2.69599],[28.72211,-2.69512],[28.72823,-2.68573],[28.72771,-2.67414],[28.73502,-2.66615],[28.74446,-2.66759],[28.75033,-2.68344],[28.76344,-2.6852],[28.77347,-2.6615],[28.77639,-2.66488],[28.78725,-2.66125]]]},"properties":{"nom":"Mubumbano","province":"Sud-Kivu","antenne":"Bukavu"}},{"type":"Feature","geometry":{"type":"Polygon","coordinates":[[[28.16464,-2.03423],[28.1808,-2.06216],[28.19688,-2.10901],[28.22649,-2.14055],[28.23382,-2.1418],[28.23427,-2.15096],[28.24928,-2.16236],[28.27228,-2.20205],[28.31779,-2.23547],[28.3205,-2.24235],[28.3149,-2.25976],[28.31526,-2.28127],[28.33687,-2.30308],[28.35957,-2.30525],[28.37516,-2.32318],[28.40883,-2.34571],[28.40897,-2.35098],[28.39395,-2.36056],[28.39297,-2.3716],[28.38843,-2.36803],[28.36605,-2.37562],[28.37386,-2.37783],[28.38015,-2.38651],[28.38575,-2.41035],[28.35176,-2.40553],[28.34587,-2.41128],[28.34728,-2.41792],[28.32088,-2.43657],[28.32493,-2.44264],[28.32137,-2.44842],[28.32961,-2.4573],[28.32956,-2.46423],[28.33641,-2.46492],[28.33323,-2.4714],[28.34053,-2.48094],[28.31749,-2.48874],[28.31124,-2.49891],[28.30264,-2.4973],[28.30137,-2.50582],[28.28697,-2.5114],[28.30006,-2.52673],[28.29784,-2.53159],[28.32753,-2.53513],[28.32954,-2.55131],[28.31674,-2.5782],[28.3178,-2.58336],[28.32668,-2.58599],[28.32811,-2.59558],[28.3156,-2.60904],[28.32012,-2.6191],[28.31397,-2.63426],[28.32335,-2.65054],[28.33433,-2.64814],[28.3464,-2.65234],[28.3474,-2.68072],[28.37995,-2.70085],[28.38098,-2.71077],[28.36697,-2.71379],[28.37074,-2.73913],[28.36599,-2.74397],[28.35915,-2.74277],[28.35447,-2.74922],[28.33745,-2.75266],[28.33615,-2.7609],[28.34299,-2.7678],[28.33717,-2.76904],[28.32926,-2.78408],[28.33244,-2.78812],[28.32425,-2.7946],[28.32445,-2.82175],[28.29963,-2.84191],[28.2733,-2.85009],[28.24252,-2.83151],[28.22382,-2.83564],[28.20761,-2.85605],[28.20715,-2.87281],[28.17057,-2.90286],[28.16651,-2.89972],[28.1489,-2.90481],[28.12188,-2.89318],[28.12426,-2.91862],[28.09657,-2.91933],[28.07616,-2.91292],[28.06887,-2.91974],[28.06227,-2.91844],[28.0489,-2.93641],[28.04577,-2.95351],[28.0221,-2.95692],[28.01045,-2.95222],[27.99478,-2.97123],[27.98822,-2.9878],[27.97364,-2.98639],[27.96655,-2.99519],[27.95887,-2.9919],[27.95645,-3.02438],[27.96429,-3.04084],[27.94498,-3.06234],[27.94257,-3.07322],[27.92963,-3.0904],[27.92122,-3.09611],[27.8724,-3.09806],[27.85359,-3.10461],[27.84318,-3.10066],[27.81553,-3.13687],[27.81044,-3.17147],[27.81635,-3.19286],[27.80005,-3.22323],[27.77624,-3.29242],[27.76032,-3.30326],[27.73147,-3.31033],[27.72945,-3.32053],[27.74047,-3.3301],[27.74221,-3.34252],[27.69986,-3.34553],[27.62392,-3.36315],[27.53538,-3.35971],[27.50282,-3.36132],[27.48951,-3.36743],[27.44781,-3.3212],[27.43723,-3.28656],[27.43719,-3.26138],[27.42754,-3.23459],[27.42604,-3.20852],[27.41113,-3.16543],[27.42814,-3.14571],[27.4438,-3.15551],[27.4543,-3.15608],[27.48661,-3.13669],[27.50475,-3.13315],[27.52208,-3.13561],[27.57498,-3.16586],[27.60712,-3.16931],[27.60205,-2.95485],[27.6089,-2.93396],[27.60602,-2.91572],[27.60106,-2.9122],[27.59847,-2.85965],[27.62769,-2.85477],[27.63266,-2.82645],[27.59922,-2.80655],[27.61907,-2.78829],[27.62814,-2.79475],[27.63801,-2.7874],[27.65134,-2.7325],[27.69185,-2.71426],[27.69304,-2.7083],[27.69844,-2.70862],[27.70867,-2.69809],[27.72158,-2.69804],[27.73154,-2.68789],[27.69474,-2.65001],[27.68059,-2.64214],[27.67827,-2.64644],[27.66842,-2.62106],[27.65648,-2.6265],[27.65348,-2.63609],[27.6513,-2.6305],[27.64927,-2.63436],[27.62207,-2.63088],[27.61273,-2.62399],[27.60282,-2.62373],[27.58489,-2.60176],[27.58471,-2.59431],[27.53305,-2.58835],[27.53357,-2.57976],[27.55027,-2.57309],[27.58681,-2.57367],[27.60632,-2.56196],[27.6107,-2.5517],[27.62686,-2.5489],[27.66954,-2.5173],[27.70011,-2.51923],[27.71431,-2.45831],[27.71991,-2.4499],[27.7269,-2.40775],[27.72956,-2.40269],[27.74047,-2.40164],[27.75084,-2.38967],[27.76563,-2.36782],[27.76287,-2.36014],[27.77809,-2.34123],[27.79006,-2.33121],[27.80362,-2.33094],[27.82628,-2.32088],[27.8391,-2.30563],[27.86978,-2.29254],[27.87537,-2.27901],[27.90368,-2.2502],[27.91988,-2.24491],[27.93479,-2.23068],[27.96667,-2.21358],[28.00509,-2.17281],[28.0186,-2.16921],[28.02833,-2.15193],[28.05805,-2.14831],[28.0618,-2.12509],[28.07249,-2.12125],[28.07384,-2.11067],[28.08502,-2.10228],[28.08409,-2.09506],[28.11606,-2.0692],[28.10906,-2.06187],[28.11533,-2.05624],[28.12321,-2.05793],[28.12961,-2.04701],[28.12676,-2.04332],[28.13362,-2.03986],[28.14181,-2.03843],[28.14527,-2.04396],[28.15109,-2.0409],[28.15716,-2.04666],[28.16258,-2.03855],[28.15999,-2.0357],[28.16464,-2.03423]]]},"properties":{"nom":"Mulungu","province":"Sud-Kivu","antenne":"Bukavu"}},{"type":"Feature","geometry":{"type":"Polygon","coordinates":[[[28.76585,-2.78248],[28.77636,-2.78989],[28.76991,-2.79212],[28.77998,-2.80209],[28.78437,-2.81935],[28.7741,-2.82776],[28.77307,-2.83798],[28.78075,-2.84018],[28.78112,-2.8454],[28.79091,-2.84456],[28.79602,-2.86684],[28.80366,-2.86741],[28.81191,-2.88711],[28.80322,-2.89821],[28.80345,-2.91915],[28.79472,-2.92013],[28.80489,-2.9574],[28.814,-2.96101],[28.82712,-2.98811],[28.83217,-2.98946],[28.8278,-2.99699],[28.80966,-2.99447],[28.80439,-3.0001],[28.77383,-3.00827],[28.76259,-3.00344],[28.75034,-3.00668],[28.74667,-3.01415],[28.72078,-3.01524],[28.71252,-3.01948],[28.71046,-3.04084],[28.69565,-3.05252],[28.68159,-3.03726],[28.66777,-3.03344],[28.6689,-3.02561],[28.66135,-3.02381],[28.65819,-3.01369],[28.64853,-3.00899],[28.64962,-2.99703],[28.64472,-2.98806],[28.63684,-2.98337],[28.62986,-2.96626],[28.62148,-2.96516],[28.61705,-2.95823],[28.6213,-2.94697],[28.60102,-2.92515],[28.60813,-2.91846],[28.60247,-2.90851],[28.55718,-2.87416],[28.56053,-2.86578],[28.55724,-2.86102],[28.56371,-2.85705],[28.55819,-2.84974],[28.56465,-2.84477],[28.57106,-2.85225],[28.56889,-2.85699],[28.58055,-2.86036],[28.60749,-2.83763],[28.61621,-2.85199],[28.61624,-2.84097],[28.62871,-2.82781],[28.63776,-2.83576],[28.63467,-2.83987],[28.63833,-2.84381],[28.65294,-2.84133],[28.66341,-2.80144],[28.67881,-2.7946],[28.67911,-2.77468],[28.685,-2.77743],[28.68408,-2.78171],[28.695,-2.78513],[28.69772,-2.78146],[28.70411,-2.78347],[28.69867,-2.77223],[28.7064,-2.76843],[28.71189,-2.78009],[28.71838,-2.78249],[28.72947,-2.77779],[28.73924,-2.78701],[28.74184,-2.77905],[28.74963,-2.7777],[28.76585,-2.78248]]]},"properties":{"nom":"Mwana","province":"Sud-Kivu","antenne":"Bukavu"}},{"type":"Feature","geometry":{"type":"Polygon","coordinates":[[[28.4746,-2.80217],[28.48037,-2.80277],[28.47687,-2.80915],[28.48472,-2.82154],[28.49628,-2.82589],[28.51304,-2.84147],[28.5214,-2.83751],[28.52881,-2.82075],[28.5341,-2.82365],[28.53666,-2.81883],[28.54436,-2.83485],[28.55079,-2.83078],[28.56181,-2.83979],[28.55819,-2.84974],[28.56371,-2.85705],[28.55724,-2.86102],[28.56053,-2.86578],[28.55718,-2.87416],[28.60247,-2.90851],[28.60813,-2.91846],[28.60102,-2.92515],[28.6213,-2.94697],[28.61711,-2.95835],[28.62269,-2.96639],[28.62986,-2.96626],[28.63684,-2.98337],[28.64962,-2.99703],[28.64853,-3.00899],[28.65819,-3.01369],[28.66135,-3.02381],[28.6689,-3.02561],[28.66777,-3.03344],[28.67316,-3.03786],[28.68141,-3.03715],[28.69565,-3.05252],[28.71059,-3.04064],[28.7128,-3.01924],[28.72247,-3.01469],[28.74667,-3.01415],[28.75034,-3.00668],[28.76259,-3.00344],[28.77401,-3.00917],[28.76968,-3.03293],[28.75731,-3.03613],[28.75504,-3.04387],[28.76574,-3.0504],[28.79078,-3.05495],[28.79187,-3.07253],[28.77507,-3.0838],[28.78148,-3.10868],[28.78838,-3.11692],[28.7824,-3.14122],[28.78876,-3.16136],[28.80036,-3.17208],[28.79988,-3.18081],[28.78929,-3.19104],[28.79025,-3.19736],[28.81244,-3.20929],[28.81714,-3.22138],[28.80516,-3.2565],[28.80805,-3.27795],[28.8011,-3.27748],[28.78132,-3.28953],[28.77103,-3.28553],[28.75172,-3.2892],[28.74373,-3.26982],[28.70852,-3.25863],[28.69931,-3.23385],[28.69115,-3.23102],[28.69322,-3.22613],[28.68654,-3.21869],[28.68053,-3.22062],[28.66507,-3.24259],[28.65539,-3.24406],[28.64831,-3.26329],[28.62526,-3.29438],[28.60875,-3.29557],[28.59326,-3.28997],[28.59026,-3.29291],[28.5795,-3.32866],[28.55754,-3.35877],[28.48684,-3.33354],[28.46868,-3.31057],[28.41522,-3.32129],[28.40275,-3.31607],[28.3859,-3.33608],[28.37692,-3.33173],[28.3775,-3.35684],[28.36347,-3.36826],[28.35391,-3.38491],[28.34022,-3.39035],[28.33654,-3.40726],[28.28404,-3.37424],[28.27859,-3.38009],[28.24343,-3.37679],[28.21701,-3.35647],[28.21973,-3.34507],[28.21144,-3.33624],[28.21981,-3.32911],[28.21565,-3.32168],[28.22138,-3.30922],[28.22911,-3.30685],[28.22552,-3.30239],[28.23818,-3.29938],[28.24068,-3.2915],[28.24929,-3.29466],[28.24843,-3.28027],[28.26798,-3.27202],[28.2637,-3.2613],[28.2722,-3.25201],[28.2721,-3.23642],[28.26464,-3.2303],[28.26314,-3.22018],[28.27134,-3.2185],[28.27843,-3.22403],[28.29104,-3.20506],[28.30673,-3.20422],[28.31,-3.1981],[28.32326,-3.19669],[28.33808,-3.17647],[28.32881,-3.17283],[28.31403,-3.1756],[28.30029,-3.15112],[28.2996,-3.13408],[28.30823,-3.12117],[28.30459,-3.11304],[28.31242,-3.1083],[28.30881,-3.10887],[28.3022,-3.08722],[28.28887,-3.08533],[28.29159,-3.07636],[28.28252,-3.06572],[28.26046,-3.06193],[28.26445,-3.06138],[28.26815,-3.05002],[28.28618,-3.04628],[28.29645,-3.03789],[28.29243,-3.01548],[28.27856,-3.02153],[28.27703,-3.01436],[28.29928,-3.00584],[28.30734,-2.99625],[28.31608,-2.99723],[28.3227,-2.97237],[28.34617,-2.97278],[28.37424,-2.9516],[28.33541,-2.94558],[28.33392,-2.93088],[28.3538,-2.89716],[28.32312,-2.84528],[28.32228,-2.82907],[28.34118,-2.82926],[28.34697,-2.83837],[28.35972,-2.83379],[28.37667,-2.81626],[28.37702,-2.79992],[28.38219,-2.79204],[28.40099,-2.79128],[28.40382,-2.78355],[28.41005,-2.78181],[28.43962,-2.79453],[28.43166,-2.80524],[28.44957,-2.80527],[28.4471,-2.81817],[28.45407,-2.81432],[28.45509,-2.80654],[28.4646,-2.80951],[28.46858,-2.79972],[28.4746,-2.80217]]]},"properties":{"nom":"Mwenga","province":"Sud-Kivu","antenne":"Bukavu"}},{"type":"Feature","geometry":{"type":"Polygon","coordinates":[[[28.85122,-2.59335],[28.85436,-2.60441],[28.87523,-2.6221],[28.87104,-2.62625],[28.87482,-2.64204],[28.86719,-2.63953],[28.87475,-2.65566],[28.89318,-2.6552],[28.91033,-2.66537],[28.91812,-2.68088],[28.93766,-2.68224],[28.94349,-2.69337],[28.95937,-2.69405],[28.96714,-2.70385],[28.98273,-2.69405],[29.0042,-2.70487],[29.03504,-2.73439],[29.04071,-2.7446],[29.03845,-2.7609],[29.02665,-2.76071],[29.00446,-2.78066],[29.00476,-2.77507],[28.99359,-2.76364],[28.99379,-2.756],[28.97781,-2.75169],[28.97068,-2.75499],[28.96361,-2.74629],[28.9594,-2.75063],[28.95469,-2.74705],[28.94994,-2.74971],[28.93971,-2.74197],[28.91009,-2.73968],[28.90454,-2.72241],[28.88852,-2.70601],[28.87983,-2.70533],[28.87308,-2.72258],[28.85585,-2.72449],[28.84792,-2.71727],[28.83882,-2.71835],[28.83964,-2.71048],[28.83498,-2.7075],[28.82381,-2.70544],[28.81516,-2.6934],[28.81973,-2.68791],[28.81338,-2.68366],[28.81351,-2.67794],[28.82064,-2.67705],[28.8196,-2.67134],[28.79928,-2.65605],[28.7941,-2.66402],[28.78725,-2.66125],[28.7847,-2.63694],[28.789,-2.63846],[28.78685,-2.63393],[28.79918,-2.62715],[28.78526,-2.61677],[28.78268,-2.60447],[28.78752,-2.60178],[28.78248,-2.59861],[28.78524,-2.59156],[28.79245,-2.58952],[28.79859,-2.57389],[28.80743,-2.57114],[28.82521,-2.57343],[28.82734,-2.58238],[28.83186,-2.57992],[28.83549,-2.58777],[28.85122,-2.59335]]]},"properties":{"nom":"Nyangezi","province":"Sud-Kivu","antenne":"Bukavu"}},{"type":"Feature","geometry":{"type":"Polygon","coordinates":[[[28.85146,-2.52559],[28.85133,-2.53183],[28.84508,-2.53596],[28.85143,-2.53445],[28.85777,-2.53915],[28.85982,-2.5505],[28.882,-2.5533],[28.89325,-2.56093],[28.90597,-2.64512],[28.89612,-2.65281],[28.89562,-2.65835],[28.87452,-2.65543],[28.86719,-2.63953],[28.87482,-2.64204],[28.87104,-2.62625],[28.87479,-2.62115],[28.85436,-2.60441],[28.84359,-2.57407],[28.83264,-2.56808],[28.83818,-2.55619],[28.8367,-2.5518],[28.83167,-2.55236],[28.83345,-2.54249],[28.85146,-2.52559]]]},"properties":{"nom":"Nyantende","province":"Sud-Kivu","antenne":"Bukavu"}},{"type":"Feature","geometry":{"type":"Polygon","coordinates":[[[27.53305,-2.58835],[27.58465,-2.59428],[27.58489,-2.60176],[27.60282,-2.62373],[27.61273,-2.62399],[27.62906,-2.63287],[27.64927,-2.63436],[27.6513,-2.6305],[27.65348,-2.63609],[27.65648,-2.6265],[27.66842,-2.62106],[27.67827,-2.64644],[27.68059,-2.64214],[27.69474,-2.65001],[27.73153,-2.68774],[27.72158,-2.69804],[27.70867,-2.69809],[27.69844,-2.70862],[27.69304,-2.7083],[27.69185,-2.71426],[27.65134,-2.7325],[27.63801,-2.7874],[27.62814,-2.79475],[27.61907,-2.78829],[27.59922,-2.80655],[27.63266,-2.82645],[27.62769,-2.85477],[27.59847,-2.85965],[27.60106,-2.9122],[27.60602,-2.91572],[27.6089,-2.93396],[27.60205,-2.95485],[27.60715,-3.16926],[27.57498,-3.16586],[27.52208,-3.13561],[27.5049,-3.13316],[27.48661,-3.13669],[27.4543,-3.15608],[27.42449,-3.14735],[27.41112,-3.16556],[27.42606,-3.2086],[27.44009,-3.29454],[27.36227,-3.30426],[27.2746,-3.29397],[27.23859,-3.30079],[27.1932,-3.29578],[27.12043,-3.30236],[27.14203,-3.2653],[27.12795,-3.26093],[27.11053,-3.24562],[27.12748,-3.20845],[27.1212,-3.20147],[27.11857,-3.17863],[27.13169,-3.15436],[27.12976,-3.14482],[27.11172,-3.13646],[27.12277,-3.11551],[27.11724,-3.0845],[27.1199,-3.07673],[27.11372,-3.06897],[27.09539,-3.06574],[27.07293,-3.04107],[27.05955,-3.04298],[27.05401,-3.02888],[27.06059,-3.02102],[27.05802,-2.98838],[27.029,-2.96852],[27.02356,-2.95966],[27.02454,-2.94917],[27.01591,-2.96111],[27.00142,-2.95901],[26.99836,-2.94551],[26.9798,-2.92877],[26.95713,-2.83679],[26.94491,-2.82013],[26.91507,-2.80424],[26.9155,-2.79412],[26.93169,-2.77636],[26.93825,-2.74966],[26.94577,-2.73975],[26.94295,-2.71238],[26.9057,-2.69562],[26.90075,-2.6861],[26.91002,-2.67817],[26.90497,-2.66469],[26.88164,-2.64485],[26.86424,-2.60877],[26.85694,-2.60408],[26.86161,-2.60135],[26.87719,-2.60802],[26.88693,-2.60416],[26.89708,-2.61532],[26.90553,-2.61725],[26.9355,-2.60144],[26.94145,-2.60447],[26.93882,-2.61546],[26.94642,-2.61494],[26.9577,-2.60852],[26.94654,-2.58399],[26.94637,-2.5804],[26.95238,-2.57989],[26.97504,-2.58983],[26.97607,-2.59772],[26.98483,-2.59669],[26.99615,-2.60526],[27.0056,-2.62464],[27.01263,-2.62481],[27.01538,-2.61847],[27.02242,-2.6207],[27.03083,-2.63767],[27.0619,-2.62481],[27.06482,-2.61573],[27.0849,-2.62344],[27.09623,-2.63647],[27.09555,-2.64642],[27.09229,-2.65482],[27.07375,-2.65414],[27.0803,-2.66318],[27.09428,-2.65804],[27.10464,-2.64492],[27.10997,-2.63064],[27.10104,-2.61847],[27.10516,-2.60784],[27.12353,-2.60887],[27.12524,-2.60183],[27.1328,-2.60166],[27.15099,-2.61332],[27.16318,-2.61401],[27.16919,-2.60972],[27.17503,-2.59909],[27.17108,-2.58572],[27.17743,-2.57971],[27.17451,-2.57508],[27.18,-2.56445],[27.17743,-2.5521],[27.18704,-2.56497],[27.20627,-2.56102],[27.20713,-2.56719],[27.21429,-2.56791],[27.21981,-2.57807],[27.22388,-2.57685],[27.2205,-2.5726],[27.22775,-2.57054],[27.22782,-2.57508],[27.24106,-2.57573],[27.24325,-2.56834],[27.24583,-2.57292],[27.26484,-2.57501],[27.26778,-2.57934],[27.26962,-2.57618],[27.35454,-2.59655],[27.39152,-2.59557],[27.42439,-2.58368],[27.47058,-2.57652],[27.53305,-2.58835]]]},"properties":{"nom":"Shabunda","province":"Sud-Kivu","antenne":"Bukavu"}},{"type":"Feature","geometry":{"type":"Polygon","coordinates":[[[28.83167,-2.55236],[28.8367,-2.5518],[28.83818,-2.55619],[28.83265,-2.56812],[28.84141,-2.57081],[28.85116,-2.59563],[28.83543,-2.58772],[28.83186,-2.57992],[28.82734,-2.58238],[28.82521,-2.57343],[28.79859,-2.57389],[28.79243,-2.58955],[28.78494,-2.59207],[28.78248,-2.59876],[28.78752,-2.60183],[28.78244,-2.61002],[28.7992,-2.6279],[28.78834,-2.63235],[28.789,-2.63846],[28.7847,-2.63694],[28.78725,-2.66125],[28.77639,-2.66488],[28.77347,-2.6615],[28.76344,-2.6852],[28.75033,-2.68344],[28.74448,-2.66761],[28.73514,-2.6661],[28.72771,-2.67414],[28.72823,-2.68573],[28.72211,-2.69512],[28.70459,-2.70354],[28.68887,-2.69327],[28.67972,-2.69401],[28.6761,-2.68842],[28.68225,-2.68243],[28.67643,-2.67915],[28.67715,-2.66066],[28.68053,-2.65918],[28.66349,-2.6517],[28.65354,-2.67652],[28.65822,-2.6901],[28.65618,-2.70138],[28.63011,-2.7248],[28.61366,-2.72917],[28.61343,-2.71766],[28.59209,-2.71824],[28.58859,-2.70388],[28.58321,-2.70264],[28.57916,-2.71511],[28.57137,-2.71817],[28.57196,-2.72991],[28.56183,-2.72651],[28.5596,-2.71851],[28.54599,-2.72021],[28.53622,-2.75067],[28.51909,-2.73472],[28.50269,-2.73055],[28.50288,-2.71894],[28.52045,-2.71143],[28.52351,-2.70545],[28.53492,-2.71085],[28.5407,-2.70666],[28.53957,-2.70088],[28.54732,-2.69267],[28.55307,-2.69399],[28.56218,-2.68017],[28.57438,-2.67812],[28.58464,-2.68212],[28.60148,-2.66609],[28.60142,-2.66918],[28.61048,-2.66819],[28.60712,-2.66507],[28.61033,-2.65848],[28.61781,-2.66175],[28.61589,-2.66969],[28.6203,-2.67402],[28.62525,-2.66458],[28.63079,-2.66821],[28.64528,-2.65038],[28.64554,-2.63647],[28.63925,-2.63216],[28.64263,-2.6146],[28.65414,-2.60764],[28.66506,-2.61649],[28.67024,-2.61393],[28.67773,-2.60541],[28.67381,-2.59324],[28.67738,-2.5953],[28.68281,-2.58999],[28.69296,-2.57181],[28.70367,-2.56816],[28.7016,-2.55844],[28.69305,-2.55751],[28.7064,-2.54178],[28.68799,-2.51768],[28.69101,-2.51521],[28.71546,-2.51569],[28.72469,-2.52944],[28.73163,-2.52648],[28.74098,-2.53332],[28.74482,-2.54432],[28.75512,-2.54971],[28.76813,-2.54469],[28.77222,-2.55195],[28.79096,-2.55767],[28.79816,-2.56592],[28.81031,-2.54852],[28.82341,-2.54629],[28.83167,-2.55236]]]},"properties":{"nom":"Walungu","province":"Sud-Kivu","antenne":"Bukavu"}},{"type":"Feature","geometry":{"type":"Polygon","coordinates":[[[29.10352,-4.01054],[29.0942,-4.01727],[29.09511,-4.03026],[29.08979,-4.04395],[29.09328,-4.0853],[29.10182,-4.09608],[29.09902,-4.12903],[29.08949,-4.14581],[29.09735,-4.15281],[29.09494,-4.16173],[29.11314,-4.1982],[29.11085,-4.23115],[29.10103,-4.23767],[29.09585,-4.25281],[29.07441,-4.26433],[29.07412,-4.27477],[29.06707,-4.27059],[29.06141,-4.27676],[29.05899,-4.30374],[29.06447,-4.31154],[29.08288,-4.31857],[29.08787,-4.31218],[29.09406,-4.31395],[29.10292,-4.32984],[29.10773,-4.3266],[29.13305,-4.33588],[29.14737,-4.33598],[29.15047,-4.31509],[29.16256,-4.29017],[29.1619,-4.27778],[29.19255,-4.20177],[29.2117,-4.13512],[29.21354,-4.10506],[29.22815,-4.08209],[29.23014,-4.05981],[29.24194,-4.04946],[29.25423,-4.0825],[29.26203,-4.08924],[29.26476,-4.12841],[29.25926,-4.14882],[29.25887,-4.17775],[29.25226,-4.18728],[29.25089,-4.21031],[29.24475,-4.21745],[29.24153,-4.25865],[29.22305,-4.33662],[29.21962,-4.37311],[29.20869,-4.39357],[29.20523,-4.42497],[29.20652,-4.45312],[29.21472,-4.47342],[29.21613,-4.5109],[29.21203,-4.52366],[29.12936,-4.59082],[29.11743,-4.6215],[29.12013,-4.69569],[29.10476,-4.76034],[29.10431,-4.78862],[29.11086,-4.80701],[29.10867,-4.82633],[29.11259,-4.84569],[29.10697,-4.91401],[29.10943,-4.9468],[29.12194,-4.99615],[29.1145,-5.0008],[28.96283,-5.00927],[28.97045,-5.00617],[28.96854,-5.00142],[28.86059,-4.83575],[28.82512,-4.76466],[28.81411,-4.66706],[28.8912,-4.51191],[28.90067,-4.47356],[28.84848,-4.42307],[28.82793,-4.46161],[28.74826,-4.54672],[28.74802,-4.60083],[28.7421,-4.60744],[28.72176,-4.60994],[28.70762,-4.60334],[28.70168,-4.61736],[28.69225,-4.61714],[28.66988,-4.59236],[28.66796,-4.58114],[28.67227,-4.57595],[28.65997,-4.56331],[28.66746,-4.55586],[28.65992,-4.53102],[28.66092,-4.49865],[28.63575,-4.45622],[28.63857,-4.45311],[28.63477,-4.44248],[28.64692,-4.42029],[28.65805,-4.41256],[28.6554,-4.40595],[28.6613,-4.3988],[28.65307,-4.38616],[28.65448,-4.3455],[28.64545,-4.33952],[28.64597,-4.31796],[28.63074,-4.30917],[28.62303,-4.31305],[28.619,-4.30151],[28.6621,-4.21867],[28.6682,-4.21487],[28.67411,-4.22232],[28.67842,-4.20397],[28.68973,-4.19899],[28.68855,-4.1851],[28.69807,-4.1784],[28.69378,-4.16181],[28.70022,-4.16697],[28.71617,-4.15995],[28.73875,-4.13645],[28.74649,-4.13433],[28.7666,-4.14206],[28.77286,-4.15501],[28.78103,-4.15442],[28.78337,-4.14949],[28.79047,-4.15198],[28.80523,-4.12727],[28.80378,-4.11572],[28.8109,-4.11894],[28.84107,-4.0974],[28.83536,-4.08432],[28.83182,-4.04302],[28.81679,-4.03408],[28.81372,-4.02308],[28.82442,-4.00462],[28.83266,-4.00243],[28.83895,-3.99282],[28.85537,-3.98781],[28.86795,-3.9938],[28.88581,-3.98253],[28.91696,-3.99449],[28.91794,-3.97966],[28.91465,-3.97883],[28.92513,-3.97168],[28.92196,-3.96672],[28.9464,-3.95783],[28.97006,-3.95973],[28.97092,-3.96322],[28.99581,-3.96074],[29.00243,-3.96867],[29.00525,-3.96126],[29.01622,-3.96695],[29.03653,-3.96753],[29.04094,-3.96154],[29.04498,-3.96324],[29.04156,-3.96847],[29.09684,-3.99993],[29.10352,-4.01054]]]},"properties":{"nom":"Fizi","province":"Sud-Kivu","antenne":"Uvira"}},{"type":"Feature","geometry":{"type":"Polygon","coordinates":[[[29.04124,-3.32255],[29.04334,-3.33444],[29.05371,-3.33695],[29.06533,-3.34837],[29.05482,-3.35665],[29.05414,-3.36839],[29.06632,-3.38035],[29.07616,-3.3853],[29.07937,-3.38248],[29.08493,-3.38882],[29.07326,-3.39276],[29.05715,-3.38461],[29.05138,-3.39318],[29.04222,-3.38107],[29.02732,-3.38492],[29.03481,-3.39226],[29.03076,-3.41387],[29.04001,-3.43006],[29.04811,-3.4295],[29.05459,-3.43572],[29.03605,-3.4594],[29.03462,-3.47015],[29.03011,-3.47022],[29.02883,-3.494],[29.03422,-3.50751],[29.02429,-3.51026],[29.02525,-3.5313],[29.05988,-3.53423],[29.07015,-3.52191],[29.06774,-3.53062],[29.07174,-3.54364],[29.04611,-3.54821],[29.03335,-3.57187],[29.0369,-3.58431],[29.02698,-3.58493],[29.02432,-3.59032],[29.03055,-3.60676],[29.0188,-3.60474],[29.01315,-3.61973],[29.00756,-3.62642],[29.00264,-3.62354],[28.99892,-3.63287],[28.9876,-3.62813],[28.97182,-3.64096],[28.94682,-3.64212],[28.94116,-3.64766],[28.92428,-3.63751],[28.91919,-3.64096],[28.923,-3.64863],[28.90116,-3.64992],[28.87461,-3.61806],[28.86715,-3.61712],[28.86041,-3.60857],[28.82871,-3.59863],[28.83071,-3.56193],[28.83591,-3.5545],[28.81176,-3.5413],[28.78178,-3.54089],[28.78054,-3.5229],[28.76715,-3.50448],[28.78609,-3.48622],[28.78536,-3.48164],[28.79902,-3.47271],[28.79563,-3.45785],[28.80299,-3.44468],[28.81674,-3.43327],[28.82361,-3.43554],[28.84356,-3.42442],[28.82966,-3.38993],[28.83163,-3.3801],[28.82221,-3.37549],[28.81422,-3.35691],[28.82065,-3.34984],[28.83083,-3.34963],[28.83504,-3.34179],[28.84429,-3.34033],[28.83605,-3.30954],[28.84581,-3.30189],[28.84134,-3.30264],[28.82964,-3.28105],[28.81796,-3.28357],[28.80781,-3.27715],[28.80516,-3.2565],[28.81693,-3.22032],[28.81257,-3.20942],[28.79049,-3.19773],[28.78928,-3.19148],[28.79994,-3.18071],[28.80036,-3.17208],[28.78876,-3.16136],[28.7824,-3.14122],[28.78838,-3.11692],[28.78148,-3.10868],[28.77507,-3.08363],[28.7919,-3.07247],[28.78858,-3.06109],[28.79128,-3.04732],[28.81872,-3.05198],[28.81998,-3.04361],[28.83498,-3.05074],[28.84614,-3.02544],[28.86366,-3.02051],[28.8679,-3.03373],[28.88201,-3.01565],[28.90678,-3.00875],[28.91971,-3.01534],[28.9204,-3.0304],[28.89254,-3.0669],[28.8966,-3.0851],[28.94331,-3.13109],[28.94505,-3.12325],[28.95446,-3.12758],[28.95375,-3.1339],[28.94193,-3.14015],[28.94494,-3.17105],[28.94884,-3.17137],[28.95281,-3.18434],[28.96722,-3.18964],[28.97702,-3.20166],[29.00526,-3.21253],[29.00114,-3.22171],[29.00388,-3.23918],[29.01196,-3.27238],[29.01835,-3.27778],[29.0118,-3.30178],[29.02347,-3.30887],[29.0204,-3.31398],[29.03258,-3.31466],[29.04124,-3.32255]]]},"properties":{"nom":"Haut Plateau","province":"Sud-Kivu","antenne":"Uvira"}},{"type":"Feature","geometry":{"type":"Polygon","coordinates":[[[28.80781,-3.27715],[28.81796,-3.28357],[28.82964,-3.28105],[28.84134,-3.30264],[28.84581,-3.30189],[28.83605,-3.30954],[28.84429,-3.34033],[28.83504,-3.34179],[28.83083,-3.34963],[28.82065,-3.34984],[28.81422,-3.35691],[28.82221,-3.37549],[28.83163,-3.3801],[28.82966,-3.38993],[28.84085,-3.40976],[28.84353,-3.42469],[28.82361,-3.43554],[28.81674,-3.43327],[28.80299,-3.44468],[28.79563,-3.45785],[28.79902,-3.47271],[28.78536,-3.48164],[28.78609,-3.48622],[28.76713,-3.50437],[28.78054,-3.5229],[28.78178,-3.54089],[28.81176,-3.5413],[28.83591,-3.5545],[28.83071,-3.56193],[28.83317,-3.56924],[28.82787,-3.59721],[28.84751,-3.60597],[28.8314,-3.61213],[28.81179,-3.60249],[28.80004,-3.6095],[28.79223,-3.60521],[28.78286,-3.63877],[28.78373,-3.65191],[28.76638,-3.64814],[28.72438,-3.61561],[28.71892,-3.61831],[28.71842,-3.65546],[28.72826,-3.65693],[28.72919,-3.66641],[28.71986,-3.67738],[28.72059,-3.68238],[28.74533,-3.69186],[28.75166,-3.70392],[28.73591,-3.70552],[28.73628,-3.71527],[28.72833,-3.72668],[28.73449,-3.73124],[28.7509,-3.72454],[28.75947,-3.73634],[28.76472,-3.72742],[28.77875,-3.72942],[28.79683,-3.72374],[28.83389,-3.69659],[28.90093,-3.74468],[28.91011,-3.76026],[28.90215,-3.80186],[28.90262,-3.8107],[28.90661,-3.80634],[28.90971,-3.81108],[28.90925,-3.82117],[28.90281,-3.82324],[28.90003,-3.8168],[28.87477,-3.82391],[28.87491,-3.83615],[28.86577,-3.85253],[28.85919,-3.88162],[28.85244,-3.87565],[28.83993,-3.87712],[28.83117,-3.90597],[28.81122,-3.89804],[28.79136,-3.89676],[28.78876,-3.89412],[28.79753,-3.87488],[28.7864,-3.86116],[28.76972,-3.818],[28.7251,-3.81906],[28.70846,-3.82479],[28.7025,-3.79325],[28.71587,-3.77295],[28.71286,-3.77127],[28.71596,-3.76133],[28.69215,-3.75915],[28.69084,-3.77345],[28.67474,-3.78503],[28.66789,-3.80064],[28.68594,-3.80021],[28.68697,-3.80589],[28.67842,-3.81864],[28.67001,-3.82513],[28.65371,-3.82681],[28.65192,-3.84595],[28.63099,-3.84447],[28.61787,-3.86078],[28.59839,-3.87099],[28.58675,-3.88443],[28.54768,-3.86593],[28.53626,-3.88764],[28.53272,-3.87956],[28.52656,-3.87778],[28.5066,-3.89393],[28.49816,-3.88181],[28.49709,-3.87035],[28.51852,-3.86501],[28.50572,-3.85943],[28.50144,-3.85162],[28.49277,-3.85838],[28.49169,-3.87424],[28.48349,-3.87733],[28.49368,-3.88489],[28.48036,-3.88829],[28.47296,-3.88515],[28.47201,-3.89184],[28.48078,-3.90812],[28.4754,-3.92293],[28.46941,-3.92467],[28.46588,-3.93288],[28.46455,-3.92657],[28.45326,-3.92236],[28.45264,-3.91337],[28.40779,-3.90611],[28.39995,-3.89916],[28.41085,-3.88843],[28.41387,-3.87574],[28.4034,-3.86724],[28.39208,-3.87041],[28.38225,-3.86267],[28.37766,-3.86443],[28.37195,-3.85586],[28.39356,-3.8578],[28.4371,-3.85228],[28.4494,-3.83343],[28.46774,-3.84336],[28.46995,-3.83304],[28.45943,-3.82271],[28.45126,-3.82489],[28.44744,-3.8212],[28.44891,-3.80182],[28.45714,-3.80657],[28.45963,-3.80352],[28.45106,-3.79651],[28.44245,-3.76535],[28.42504,-3.74374],[28.40934,-3.63887],[28.3848,-3.59027],[28.36505,-3.55402],[28.27312,-3.54323],[28.26995,-3.53539],[28.2631,-3.54218],[28.22443,-3.53839],[28.17236,-3.4855],[28.17653,-3.47555],[28.18349,-3.47325],[28.18498,-3.46463],[28.20571,-3.45621],[28.20511,-3.44788],[28.21435,-3.43208],[28.22538,-3.424],[28.22784,-3.41472],[28.24708,-3.40289],[28.26705,-3.37932],[28.2791,-3.37996],[28.28404,-3.37424],[28.33696,-3.40715],[28.34022,-3.39035],[28.35391,-3.38491],[28.36347,-3.36826],[28.3775,-3.35684],[28.37692,-3.33173],[28.3859,-3.33608],[28.40275,-3.31607],[28.41522,-3.32129],[28.46868,-3.31057],[28.48684,-3.33354],[28.55754,-3.35877],[28.5795,-3.32866],[28.59026,-3.29291],[28.59326,-3.28997],[28.60875,-3.29557],[28.62526,-3.29438],[28.64831,-3.26329],[28.65539,-3.24406],[28.66507,-3.24259],[28.68053,-3.22062],[28.68654,-3.21869],[28.69322,-3.22613],[28.69115,-3.23102],[28.69931,-3.23385],[28.70852,-3.25863],[28.74373,-3.26982],[28.75172,-3.2892],[28.77103,-3.28553],[28.78132,-3.28953],[28.80781,-3.27715]]]},"properties":{"nom":"Itombwe","province":"Sud-Kivu","antenne":"Uvira"}},{"type":"Feature","geometry":{"type":"Polygon","coordinates":[[[28.37195,-3.85586],[28.37766,-3.86443],[28.38225,-3.86267],[28.39208,-3.87041],[28.40349,-3.86727],[28.41413,-3.87624],[28.40705,-3.89383],[28.39215,-3.90578],[28.393,-3.93271],[28.37918,-3.94091],[28.36236,-3.94027],[28.35967,-3.94809],[28.38138,-3.97778],[28.37616,-3.98923],[28.38067,-3.99199],[28.37971,-4.00602],[28.38575,-4.02154],[28.39466,-4.02356],[28.39509,-4.01855],[28.40935,-4.01411],[28.41815,-4.01896],[28.4116,-4.03817],[28.42232,-4.05118],[28.41027,-4.08713],[28.41747,-4.10294],[28.4163,-4.11933],[28.42913,-4.12671],[28.44811,-4.15695],[28.46566,-4.16551],[28.46051,-4.17154],[28.46416,-4.17894],[28.47587,-4.18517],[28.47539,-4.19235],[28.48785,-4.1971],[28.506,-4.19386],[28.51249,-4.2042],[28.50754,-4.21783],[28.52652,-4.22576],[28.53224,-4.23338],[28.55211,-4.22531],[28.57477,-4.22679],[28.59831,-4.21615],[28.6381,-4.22503],[28.65223,-4.23723],[28.619,-4.30151],[28.62303,-4.31305],[28.63074,-4.30917],[28.64597,-4.31796],[28.64545,-4.33952],[28.65448,-4.3455],[28.65307,-4.38616],[28.6613,-4.3988],[28.6554,-4.40595],[28.65805,-4.41256],[28.64687,-4.42036],[28.63471,-4.44334],[28.63726,-4.46403],[28.64362,-4.47458],[28.65225,-4.47882],[28.66087,-4.49846],[28.65992,-4.53102],[28.66746,-4.55586],[28.65998,-4.56339],[28.67222,-4.57579],[28.66794,-4.58137],[28.67379,-4.59713],[28.69266,-4.61728],[28.70168,-4.61736],[28.70805,-4.60324],[28.72106,-4.60991],[28.74263,-4.6071],[28.75073,-4.59634],[28.74533,-4.58039],[28.75036,-4.55837],[28.74828,-4.54669],[28.82793,-4.46161],[28.84848,-4.42307],[28.90067,-4.47356],[28.8912,-4.51191],[28.81409,-4.66752],[28.82531,-4.76586],[28.86059,-4.83575],[28.97045,-5.00617],[28.96283,-5.00679],[28.96937,-5.01445],[28.9654,-5.02554],[28.94914,-5.03334],[28.94388,-5.04129],[28.93657,-5.03936],[28.92446,-5.05079],[28.9116,-5.05484],[28.91024,-5.04951],[28.90297,-5.05401],[28.89937,-5.04858],[28.90037,-5.05527],[28.89482,-5.0549],[28.89405,-5.04944],[28.88154,-5.05174],[28.88288,-5.03856],[28.87666,-5.03188],[28.86386,-5.03051],[28.86898,-5.02296],[28.85975,-5.02073],[28.86256,-5.02752],[28.85728,-5.02919],[28.84398,-5.02353],[28.84372,-5.02767],[28.83629,-5.0187],[28.83215,-5.01974],[28.83343,-5.01472],[28.827,-5.01943],[28.81527,-5.0164],[28.81058,-5.0298],[28.79665,-4.9944],[28.79052,-4.99111],[28.78498,-4.99428],[28.77609,-4.98384],[28.77127,-4.97302],[28.77757,-4.96694],[28.75456,-4.96093],[28.74909,-4.94368],[28.75998,-4.93881],[28.75549,-4.9237],[28.76887,-4.91776],[28.76825,-4.91416],[28.75004,-4.90088],[28.73726,-4.85304],[28.71316,-4.8342],[28.71608,-4.81997],[28.70391,-4.81081],[28.69514,-4.81],[28.69761,-4.80352],[28.68991,-4.79949],[28.68466,-4.76851],[28.68903,-4.756],[28.67955,-4.75073],[28.68385,-4.73957],[28.67758,-4.7359],[28.67467,-4.72574],[28.6655,-4.72056],[28.6593,-4.70571],[28.64438,-4.7016],[28.64563,-4.69148],[28.60714,-4.67617],[28.59434,-4.63506],[28.57381,-4.62135],[28.53981,-4.58341],[28.52494,-4.55705],[28.52254,-4.52373],[28.5103,-4.5027],[28.51225,-4.47288],[28.49325,-4.45829],[28.49208,-4.45037],[28.47598,-4.43398],[28.46778,-4.41134],[28.45451,-4.39641],[28.43919,-4.39221],[28.42413,-4.37821],[28.39328,-4.36854],[28.38826,-4.348],[28.39107,-4.34232],[28.37788,-4.33096],[28.3676,-4.3321],[28.35942,-4.33953],[28.34914,-4.33915],[28.3421,-4.30279],[28.32363,-4.28242],[28.29184,-4.27233],[28.25739,-4.26928],[28.24893,-4.27318],[28.25141,-4.2634],[28.24718,-4.25506],[28.25483,-4.23314],[28.25004,-4.22],[28.25506,-4.20961],[28.25266,-4.19704],[28.22845,-4.18928],[28.22103,-4.1714],[28.2098,-4.15958],[28.21654,-4.15304],[28.20402,-4.14808],[28.1811,-4.15961],[28.18211,-4.16799],[28.1743,-4.18026],[28.17806,-4.18535],[28.16167,-4.21527],[28.13612,-4.22353],[28.12645,-4.21555],[28.11837,-4.22692],[28.10676,-4.21175],[28.09351,-4.2086],[28.08305,-4.19613],[28.07167,-4.19622],[28.07432,-4.18973],[28.06153,-4.18384],[28.04961,-4.18055],[28.03837,-4.19019],[28.03019,-4.18553],[28.01763,-4.19078],[28.02078,-4.1742],[28.01576,-4.17013],[28.02375,-4.16251],[28.0162,-4.14467],[28.02833,-4.13987],[28.03071,-4.13216],[28.02162,-4.13106],[28.01886,-4.13968],[28.01096,-4.13582],[28.00654,-4.1432],[27.99916,-4.14096],[27.99583,-4.14543],[27.96137,-4.12592],[27.94684,-4.13429],[27.93659,-4.12591],[27.91903,-4.12446],[27.91361,-4.12873],[27.91151,-4.12446],[27.89875,-4.12214],[27.89602,-4.12591],[27.89243,-4.11933],[27.86041,-4.11157],[27.85431,-4.10162],[27.83427,-4.08992],[27.83359,-4.07911],[27.82805,-4.07481],[27.83193,-4.06889],[27.82712,-4.04419],[27.83778,-4.02239],[27.82107,-4.01933],[27.84081,-3.98778],[27.86533,-3.97816],[27.90133,-3.94484],[27.94989,-3.93168],[27.96859,-3.91518],[27.98549,-3.91066],[28.01272,-3.87855],[28.04303,-3.86958],[28.06825,-3.85131],[28.07135,-3.83338],[28.0774,-3.82906],[28.15043,-3.82493],[28.20305,-3.82785],[28.20266,-3.83493],[28.20609,-3.83151],[28.21252,-3.83484],[28.23662,-3.82123],[28.24524,-3.82734],[28.25506,-3.82243],[28.26085,-3.82792],[28.27165,-3.82348],[28.27862,-3.8383],[28.28912,-3.82986],[28.30042,-3.83576],[28.31646,-3.8271],[28.34351,-3.84234],[28.35416,-3.84159],[28.37195,-3.85586]]]},"properties":{"nom":"Kimbi Lulenge","province":"Sud-Kivu","antenne":"Uvira"}},{"type":"Feature","geometry":{"type":"Polygon","coordinates":[[[29.00446,-2.78066],[29.00123,-2.79921],[29.00582,-2.81512],[29.02791,-2.82586],[29.05104,-2.82026],[29.06156,-2.84282],[29.06846,-2.84716],[29.06977,-2.86363],[29.0759,-2.8634],[29.08628,-2.87268],[29.09015,-2.87043],[29.09327,-2.87579],[29.08939,-2.89876],[29.09634,-2.91818],[29.12143,-2.92984],[29.11696,-2.93971],[29.10359,-2.94622],[29.09865,-2.93268],[29.0888,-2.93418],[29.09304,-2.92613],[29.0826,-2.93289],[29.07604,-2.9228],[29.06233,-2.9302],[29.06332,-2.95184],[29.05673,-2.96569],[29.07277,-2.97304],[29.07816,-2.98691],[29.06885,-3.00008],[29.07279,-3.0142],[29.05603,-3.02943],[29.04302,-3.02829],[29.03636,-3.03321],[29.02822,-3.04981],[29.03483,-3.08078],[29.03997,-3.08576],[29.02728,-3.10106],[29.02824,-3.112],[29.03951,-3.10068],[29.04029,-3.10714],[29.05773,-3.12355],[29.0505,-3.1273],[29.05173,-3.13208],[29.06268,-3.13915],[29.03675,-3.1518],[29.03371,-3.16288],[29.02893,-3.16484],[29.02522,-3.15839],[29.00997,-3.17201],[29.02005,-3.1982],[29.01288,-3.21006],[29.02905,-3.21669],[29.02951,-3.20155],[29.04513,-3.20226],[29.05204,-3.21923],[29.03704,-3.2393],[29.03681,-3.25985],[29.05449,-3.25343],[29.06419,-3.26578],[29.06429,-3.27011],[29.04446,-3.27483],[29.04249,-3.28107],[29.05423,-3.27652],[29.05162,-3.28567],[29.02975,-3.29718],[29.02967,-3.30514],[29.03629,-3.30716],[29.03494,-3.31339],[29.04418,-3.31678],[29.04124,-3.32255],[29.03258,-3.31466],[29.0204,-3.31398],[29.02347,-3.30887],[29.0118,-3.30178],[29.01835,-3.27778],[29.01196,-3.27238],[29.00388,-3.23918],[29.00114,-3.22171],[29.00526,-3.21253],[28.97702,-3.20166],[28.96722,-3.18964],[28.95281,-3.18434],[28.94884,-3.17137],[28.94494,-3.17105],[28.94193,-3.14015],[28.95375,-3.1339],[28.95446,-3.12758],[28.94505,-3.12325],[28.94331,-3.13109],[28.92804,-3.11985],[28.89956,-3.09118],[28.89439,-3.07922],[28.89274,-3.06638],[28.91272,-3.0433],[28.92159,-3.01861],[28.90003,-3.00566],[28.9058,-2.9963],[28.89283,-2.98847],[28.90068,-2.98367],[28.89349,-2.97539],[28.89803,-2.9708],[28.8955,-2.96274],[28.90125,-2.95707],[28.89718,-2.95328],[28.90163,-2.93583],[28.89115,-2.93472],[28.88609,-2.91419],[28.88154,-2.91275],[28.8836,-2.90049],[28.87621,-2.87822],[28.87631,-2.8689],[28.88678,-2.85586],[28.88388,-2.85108],[28.89035,-2.84408],[28.89979,-2.84372],[28.89883,-2.82923],[28.91681,-2.82755],[28.9042,-2.81069],[28.89418,-2.80962],[28.89122,-2.80489],[28.89261,-2.79703],[28.90634,-2.79202],[28.90583,-2.78489],[28.88788,-2.7744],[28.88847,-2.76326],[28.91477,-2.73784],[28.92205,-2.74269],[28.9248,-2.73937],[28.94577,-2.74372],[28.9484,-2.74946],[28.95469,-2.74705],[28.9594,-2.75063],[28.96361,-2.74629],[28.97313,-2.75562],[28.97781,-2.75169],[28.99379,-2.756],[28.99359,-2.76364],[29.00476,-2.77507],[29.00446,-2.78066]]]},"properties":{"nom":"Lemera","province":"Sud-Kivu","antenne":"Uvira"}},{"type":"Feature","geometry":{"type":"Polygon","coordinates":[[[28.82174,-3.90322],[28.82448,-3.91527],[28.82898,-3.91487],[28.82274,-3.9546],[28.83578,-3.96374],[28.83895,-3.99282],[28.83266,-4.00243],[28.82442,-4.00462],[28.81373,-4.02324],[28.81679,-4.03408],[28.83182,-4.04302],[28.83536,-4.08432],[28.84107,-4.0974],[28.8109,-4.11894],[28.80378,-4.11572],[28.80523,-4.12727],[28.79047,-4.15198],[28.78337,-4.14949],[28.78103,-4.15442],[28.77286,-4.15501],[28.7666,-4.14206],[28.74649,-4.13433],[28.73875,-4.13645],[28.71617,-4.15995],[28.70022,-4.16697],[28.69378,-4.16181],[28.69807,-4.1784],[28.68855,-4.1851],[28.68973,-4.19899],[28.67842,-4.20397],[28.67411,-4.22232],[28.6682,-4.21487],[28.66283,-4.21779],[28.65223,-4.23723],[28.6381,-4.22503],[28.59831,-4.21615],[28.57477,-4.22679],[28.55211,-4.22531],[28.5323,-4.2334],[28.52652,-4.22576],[28.50754,-4.21783],[28.51249,-4.2042],[28.506,-4.19386],[28.48785,-4.1971],[28.47539,-4.19235],[28.47587,-4.18517],[28.46416,-4.17894],[28.46051,-4.17154],[28.46566,-4.16551],[28.44811,-4.15695],[28.42913,-4.12671],[28.41533,-4.11766],[28.41748,-4.10301],[28.41029,-4.08687],[28.42232,-4.05118],[28.4116,-4.03817],[28.41815,-4.01896],[28.40935,-4.01411],[28.39509,-4.01855],[28.39466,-4.02356],[28.38575,-4.02154],[28.37971,-4.00602],[28.38067,-3.99199],[28.37616,-3.98923],[28.38138,-3.97778],[28.35967,-3.94809],[28.36236,-3.94027],[28.37918,-3.94091],[28.393,-3.93271],[28.39045,-3.91095],[28.39387,-3.90149],[28.39995,-3.89916],[28.40906,-3.90658],[28.45264,-3.91337],[28.45326,-3.92236],[28.46455,-3.92657],[28.46588,-3.93288],[28.46941,-3.92467],[28.4754,-3.92293],[28.48078,-3.90812],[28.47201,-3.89184],[28.47296,-3.88515],[28.48036,-3.88829],[28.49368,-3.88489],[28.48349,-3.87733],[28.49169,-3.87424],[28.49277,-3.85838],[28.50144,-3.85162],[28.50572,-3.85943],[28.51852,-3.86501],[28.49709,-3.87035],[28.49816,-3.88181],[28.5066,-3.89393],[28.52656,-3.87778],[28.53272,-3.87956],[28.53626,-3.88764],[28.54768,-3.86593],[28.58683,-3.88438],[28.59839,-3.87099],[28.61787,-3.86078],[28.63099,-3.84447],[28.65192,-3.84595],[28.65371,-3.82681],[28.67001,-3.82513],[28.67842,-3.81864],[28.68697,-3.80589],[28.68594,-3.80021],[28.66789,-3.80064],[28.67474,-3.78503],[28.69084,-3.77345],[28.69228,-3.75913],[28.71596,-3.76133],[28.71286,-3.77127],[28.71587,-3.77295],[28.7025,-3.79325],[28.70846,-3.82479],[28.7251,-3.81906],[28.76972,-3.818],[28.7864,-3.86116],[28.79753,-3.87488],[28.78875,-3.89437],[28.82174,-3.90322]]]},"properties":{"nom":"Minembwe","province":"Sud-Kivu","antenne":"Uvira"}},{"type":"Feature","geometry":{"type":"Polygon","coordinates":[[[29.15515,-3.54798],[29.15264,-3.56559],[29.14627,-3.57228],[29.14412,-3.587],[29.14786,-3.59387],[29.1438,-3.59893],[29.15112,-3.61231],[29.14744,-3.61638],[29.15316,-3.63244],[29.15063,-3.65687],[29.15742,-3.66959],[29.14934,-3.68198],[29.13216,-3.69197],[29.13415,-3.70065],[29.12266,-3.70827],[29.12638,-3.72685],[29.11258,-3.73779],[29.10747,-3.76998],[29.09916,-3.78053],[29.10299,-3.7912],[29.12655,-3.80722],[29.1303,-3.81987],[29.11992,-3.84627],[29.10668,-3.85355],[29.09809,-3.86911],[29.11225,-3.89253],[29.10222,-3.90367],[29.09918,-3.91642],[29.11083,-3.95031],[29.10579,-4.0083],[29.10239,-4.01018],[29.09684,-3.99993],[29.04156,-3.96847],[29.04498,-3.96324],[29.04094,-3.96154],[29.03653,-3.96753],[29.01622,-3.96695],[29.00525,-3.96126],[29.00243,-3.96867],[28.99581,-3.96074],[28.97092,-3.96322],[28.97006,-3.95973],[28.9464,-3.95783],[28.92196,-3.96672],[28.92513,-3.97168],[28.91465,-3.97883],[28.91794,-3.97966],[28.91696,-3.99449],[28.88581,-3.98253],[28.86795,-3.9938],[28.85537,-3.98781],[28.83895,-3.99282],[28.83578,-3.96374],[28.82274,-3.9546],[28.82898,-3.91487],[28.82448,-3.91527],[28.82162,-3.90349],[28.83117,-3.90597],[28.83993,-3.87712],[28.85244,-3.87565],[28.85915,-3.88168],[28.86577,-3.85253],[28.87491,-3.83615],[28.87477,-3.82391],[28.90003,-3.8168],[28.90281,-3.82324],[28.90925,-3.82117],[28.90971,-3.81108],[28.90661,-3.80634],[28.90262,-3.8107],[28.90215,-3.80186],[28.91003,-3.75988],[28.90001,-3.74364],[28.83389,-3.69659],[28.79683,-3.72374],[28.77875,-3.72942],[28.76472,-3.72742],[28.7611,-3.73585],[28.7509,-3.72454],[28.73035,-3.7299],[28.73591,-3.70552],[28.75166,-3.70392],[28.74533,-3.69186],[28.72059,-3.68238],[28.71986,-3.67738],[28.72919,-3.66641],[28.72826,-3.65693],[28.71842,-3.65546],[28.7186,-3.61865],[28.72438,-3.61561],[28.76638,-3.64814],[28.78373,-3.65191],[28.78286,-3.63877],[28.79223,-3.60521],[28.80004,-3.6095],[28.81179,-3.60249],[28.8314,-3.61213],[28.84827,-3.60591],[28.87461,-3.61806],[28.90116,-3.64992],[28.923,-3.64863],[28.91919,-3.64096],[28.92428,-3.63751],[28.94125,-3.64765],[28.94682,-3.64212],[28.97182,-3.64096],[28.9876,-3.62813],[28.99866,-3.63301],[29.00264,-3.62354],[29.00756,-3.62642],[29.01311,-3.61979],[29.0188,-3.60474],[29.03055,-3.60676],[29.02432,-3.59032],[29.02698,-3.58493],[29.0369,-3.58431],[29.03335,-3.57187],[29.04638,-3.54799],[29.06931,-3.54211],[29.08439,-3.55735],[29.09224,-3.54324],[29.1151,-3.53596],[29.12403,-3.53805],[29.13164,-3.55014],[29.1443,-3.55213],[29.15515,-3.54798]]]},"properties":{"nom":"Nundu","province":"Sud-Kivu","antenne":"Uvira"}},{"type":"Feature","geometry":{"type":"Polygon","coordinates":[[[29.12143,-2.92984],[29.1295,-2.93036],[29.14256,-2.9463],[29.15443,-2.94632],[29.16836,-2.95927],[29.16968,-2.97103],[29.16645,-2.97162],[29.1722,-2.98366],[29.16852,-2.99672],[29.1779,-2.99188],[29.18579,-3.00097],[29.18552,-3.0087],[29.194,-3.00858],[29.20382,-3.02267],[29.22602,-3.01945],[29.22928,-3.02573],[29.23691,-3.02504],[29.23233,-3.03288],[29.24143,-3.03602],[29.24001,-3.04091],[29.25409,-3.05186],[29.24942,-3.06305],[29.258,-3.06702],[29.2547,-3.0839],[29.26028,-3.08625],[29.25253,-3.09047],[29.25398,-3.0954],[29.24705,-3.09629],[29.25928,-3.10169],[29.25052,-3.10586],[29.26095,-3.11506],[29.25333,-3.12513],[29.2473,-3.12334],[29.25019,-3.12997],[29.24424,-3.12835],[29.24382,-3.13588],[29.23725,-3.13369],[29.23678,-3.13777],[29.23053,-3.13851],[29.22878,-3.1494],[29.23426,-3.15424],[29.22812,-3.16028],[29.23303,-3.16844],[29.22452,-3.17983],[29.23163,-3.18406],[29.22462,-3.18816],[29.22259,-3.19854],[29.22926,-3.2008],[29.2278,-3.20503],[29.23458,-3.21286],[29.22604,-3.23015],[29.2325,-3.25872],[29.24099,-3.26913],[29.23914,-3.27798],[29.22816,-3.28449],[29.22699,-3.2918],[29.21248,-3.29622],[29.21211,-3.31132],[29.21978,-3.32996],[29.21231,-3.33928],[29.1957,-3.33326],[29.19009,-3.33934],[29.17857,-3.33911],[29.18705,-3.30757],[29.18236,-3.30916],[29.17958,-3.28956],[29.17185,-3.28446],[29.15572,-3.28344],[29.14699,-3.28754],[29.14506,-3.29674],[29.13111,-3.29978],[29.13428,-3.29158],[29.1311,-3.2893],[29.12415,-3.29453],[29.11644,-3.28951],[29.09142,-3.28964],[29.08397,-3.30103],[29.08343,-3.31627],[29.07698,-3.31208],[29.06722,-3.31831],[29.063,-3.31431],[29.05189,-3.31955],[29.03549,-3.31391],[29.03629,-3.30716],[29.02967,-3.30514],[29.02975,-3.29718],[29.05208,-3.28495],[29.05423,-3.27652],[29.04249,-3.28107],[29.04446,-3.27483],[29.06484,-3.2691],[29.05449,-3.25343],[29.03752,-3.26067],[29.0342,-3.25311],[29.04148,-3.22958],[29.05171,-3.22284],[29.04691,-3.20343],[29.02951,-3.20155],[29.0301,-3.21579],[29.0264,-3.21726],[29.01283,-3.20998],[29.02005,-3.1982],[29.01024,-3.17129],[29.02522,-3.15839],[29.02893,-3.16484],[29.03371,-3.16288],[29.03675,-3.1518],[29.06268,-3.13915],[29.05173,-3.13208],[29.0505,-3.1273],[29.05773,-3.12355],[29.04029,-3.10714],[29.03951,-3.10068],[29.02824,-3.112],[29.02728,-3.10106],[29.03997,-3.08576],[29.03483,-3.08078],[29.02822,-3.04981],[29.03636,-3.03321],[29.04302,-3.02829],[29.05603,-3.02943],[29.07279,-3.0142],[29.06885,-3.00008],[29.07816,-2.98691],[29.07277,-2.97304],[29.05673,-2.96569],[29.06332,-2.95184],[29.06233,-2.9302],[29.07604,-2.9228],[29.0826,-2.93289],[29.09304,-2.92613],[29.0888,-2.93418],[29.09865,-2.93268],[29.10359,-2.94622],[29.11696,-2.93971],[29.12143,-2.92984]]]},"properties":{"nom":"Ruzizi","province":"Sud-Kivu","antenne":"Uvira"}},{"type":"Feature","geometry":{"type":"Polygon","coordinates":[[[29.21231,-3.33928],[29.21209,-3.35475],[29.17903,-3.34765],[29.16268,-3.35225],[29.15389,-3.36119],[29.15052,-3.37911],[29.14273,-3.39105],[29.14375,-3.416],[29.1302,-3.43186],[29.13104,-3.45345],[29.14357,-3.48053],[29.1386,-3.4963],[29.15003,-3.51436],[29.15003,-3.53972],[29.15503,-3.54857],[29.13164,-3.55014],[29.12403,-3.53805],[29.1151,-3.53596],[29.09224,-3.54324],[29.08549,-3.55711],[29.08096,-3.55764],[29.06774,-3.53062],[29.07015,-3.52191],[29.05988,-3.53423],[29.02525,-3.5313],[29.02429,-3.51026],[29.03422,-3.50751],[29.02883,-3.494],[29.03011,-3.47022],[29.03462,-3.47015],[29.03605,-3.4594],[29.05459,-3.43572],[29.04811,-3.4295],[29.04001,-3.43006],[29.03076,-3.41387],[29.03481,-3.39226],[29.02732,-3.38492],[29.04222,-3.38107],[29.05138,-3.39318],[29.05715,-3.38461],[29.07326,-3.39276],[29.08493,-3.38882],[29.07937,-3.38248],[29.07616,-3.3853],[29.06632,-3.38035],[29.05414,-3.36839],[29.05482,-3.35665],[29.06533,-3.34837],[29.05371,-3.33695],[29.04334,-3.33444],[29.04205,-3.31855],[29.05811,-3.3195],[29.063,-3.31431],[29.06667,-3.31843],[29.07698,-3.31208],[29.08343,-3.31627],[29.08397,-3.30103],[29.09142,-3.28964],[29.11644,-3.28951],[29.12415,-3.29453],[29.1311,-3.2893],[29.13428,-3.29158],[29.13111,-3.29978],[29.14506,-3.29674],[29.14925,-3.28598],[29.17012,-3.28414],[29.17789,-3.28623],[29.18233,-3.30911],[29.18705,-3.30757],[29.17861,-3.33917],[29.19009,-3.33934],[29.1957,-3.33326],[29.21231,-3.33928]]]},"properties":{"nom":"Uvira","province":"Sud-Kivu","antenne":"Uvira"}},{"type":"Feature","geometry":{"type":"Polygon","coordinates":[[[26.98172,-6.43543],[26.99117,-6.4603],[26.98904,-6.51131],[26.971,-6.60697],[26.96372,-6.62578],[26.9824,-6.62747],[26.99304,-6.6201],[27.01936,-6.62209],[27.03048,-6.61709],[27.10779,-6.61315],[27.11369,-6.62064],[27.13005,-6.62778],[27.15054,-6.60954],[27.16863,-6.61082],[27.18501,-6.6184],[27.20578,-6.60975],[27.25409,-6.61467],[27.27143,-6.60867],[27.28541,-6.61502],[27.30062,-6.60735],[27.31434,-6.61214],[27.32646,-6.60835],[27.35233,-6.63537],[27.35862,-6.65026],[27.35589,-6.66744],[27.36303,-6.67481],[27.37583,-6.67078],[27.39957,-6.68446],[27.41981,-6.68706],[27.44195,-6.67833],[27.45951,-6.68179],[27.47289,-6.67023],[27.48802,-6.66475],[27.52333,-6.69271],[27.52226,-6.69829],[27.50769,-6.70514],[27.47909,-6.73397],[27.4777,-6.7501],[27.48842,-6.78804],[27.4854,-6.79459],[27.4645,-6.81123],[27.43593,-6.81769],[27.41992,-6.82881],[27.42224,-6.86238],[27.41834,-6.87117],[27.42184,-6.88016],[27.41464,-6.8947],[27.42276,-6.92557],[27.4367,-6.93708],[27.43907,-6.94726],[27.42813,-6.94974],[27.37732,-6.9341],[27.31729,-6.90143],[27.28607,-6.89088],[27.25656,-6.89078],[27.2334,-6.87992],[27.16173,-6.87539],[27.0931,-6.8522],[27.02148,-6.81253],[27.00707,-6.81692],[27.02112,-6.83659],[27.01382,-6.93729],[27.02753,-6.95283],[27.03487,-6.97767],[27.05295,-7.00248],[27.05083,-7.01219],[27.0605,-7.03565],[27.05865,-7.05409],[27.07965,-7.08181],[27.07567,-7.08535],[27.06161,-7.08387],[27.05535,-7.08955],[27.0657,-7.10563],[27.0581,-7.14946],[27.0367,-7.14795],[27.01845,-7.16735],[26.98527,-7.1588],[26.9791,-7.17017],[26.95126,-7.19232],[26.94588,-7.23968],[26.93245,-7.27508],[26.91403,-7.29125],[26.86838,-7.3099],[26.87129,-7.32424],[26.8918,-7.35415],[26.88932,-7.37865],[26.87227,-7.42314],[26.82118,-7.47681],[26.82686,-7.51301],[26.80614,-7.53174],[26.79659,-7.52885],[26.79292,-7.52035],[26.78322,-7.52068],[26.77936,-7.51117],[26.76778,-7.51344],[26.76278,-7.50522],[26.75086,-7.50177],[26.74169,-7.51052],[26.71785,-7.51559],[26.70391,-7.51417],[26.69373,-7.50395],[26.67969,-7.49972],[26.65291,-7.50895],[26.62938,-7.50413],[26.62621,-7.49893],[26.61266,-7.49664],[26.59372,-7.4803],[26.55925,-7.47717],[26.49555,-7.43257],[26.44438,-7.4064],[26.35896,-7.38519],[26.36787,-7.3721],[26.34992,-7.35448],[26.35963,-7.33719],[26.35362,-7.32317],[26.36965,-7.29235],[26.37252,-7.27571],[26.38403,-7.26158],[26.37937,-7.25783],[26.37812,-7.23764],[26.38249,-7.2351],[26.38187,-7.22128],[26.40132,-7.19253],[26.39508,-7.18073],[26.39844,-7.17072],[26.39195,-7.16606],[26.40111,-7.15776],[26.3995,-7.13246],[26.40781,-7.13101],[26.41665,-7.11893],[26.40315,-7.10356],[26.40215,-7.08481],[26.41775,-7.06975],[26.42223,-7.05186],[26.41618,-7.04956],[26.41636,-7.03629],[26.42172,-7.0338],[26.42166,-7.01741],[26.41255,-7.01607],[26.37426,-7.04123],[26.34196,-7.02926],[26.31283,-7.04511],[26.28262,-7.02832],[26.27482,-7.00424],[26.27809,-6.98996],[26.24392,-6.98973],[26.23248,-6.99379],[26.22616,-6.98959],[26.21751,-6.99418],[26.20908,-6.99007],[26.21557,-6.95613],[26.19728,-6.95789],[26.19391,-6.93886],[26.19954,-6.92443],[26.19719,-6.90873],[26.20339,-6.89909],[26.20347,-6.88297],[26.21169,-6.8684],[26.2077,-6.86423],[26.18882,-6.86298],[26.17703,-6.86635],[26.15375,-6.84463],[26.12439,-6.84036],[26.10722,-6.82527],[26.10005,-6.80735],[26.10278,-6.8023],[26.12123,-6.80439],[26.13309,-6.79797],[26.12658,-6.7924],[26.12427,-6.77023],[26.13237,-6.7344],[26.14096,-6.72392],[26.1364,-6.71921],[26.13908,-6.71086],[26.13446,-6.69129],[26.14029,-6.68044],[26.13755,-6.66296],[26.12768,-6.65273],[26.11568,-6.65653],[26.11856,-6.63031],[26.13263,-6.62386],[26.15655,-6.62448],[26.1646,-6.61498],[26.16079,-6.60985],[26.16357,-6.60622],[26.18024,-6.60965],[26.20581,-6.59647],[26.21508,-6.58539],[26.23575,-6.59192],[26.2538,-6.58886],[26.26589,-6.5965],[26.27987,-6.61693],[26.28829,-6.61954],[26.30686,-6.61489],[26.32352,-6.6055],[26.32856,-6.59739],[26.34795,-6.59906],[26.36104,-6.59046],[26.40994,-6.59208],[26.42885,-6.58095],[26.43692,-6.58537],[26.47595,-6.58297],[26.49105,-6.59568],[26.51385,-6.60062],[26.52289,-6.61782],[26.51554,-6.62828],[26.51659,-6.6349],[26.54118,-6.64379],[26.54563,-6.66255],[26.55968,-6.68136],[26.57192,-6.68501],[26.57332,-6.67991],[26.58736,-6.67749],[26.59215,-6.67053],[26.61476,-6.66277],[26.6213,-6.65348],[26.61789,-6.63354],[26.63284,-6.61652],[26.639,-6.6191],[26.63899,-6.60792],[26.64688,-6.59505],[26.6439,-6.58182],[26.65217,-6.58137],[26.65164,-6.56965],[26.65705,-6.56613],[26.6552,-6.55889],[26.66118,-6.55575],[26.65827,-6.55293],[26.66311,-6.54511],[26.67098,-6.54461],[26.68937,-6.53105],[26.68954,-6.52515],[26.69761,-6.51885],[26.71366,-6.51496],[26.71926,-6.50919],[26.71667,-6.5041],[26.72407,-6.50412],[26.74152,-6.48678],[26.75087,-6.48516],[26.7495,-6.48904],[26.75603,-6.49138],[26.76244,-6.48623],[26.76477,-6.47473],[26.77385,-6.47557],[26.7811,-6.47053],[26.79229,-6.47349],[26.80796,-6.45747],[26.82241,-6.45674],[26.8266,-6.46067],[26.83036,-6.45575],[26.85351,-6.4548],[26.85563,-6.46111],[26.86737,-6.45802],[26.87339,-6.46119],[26.89367,-6.44726],[26.92209,-6.44602],[26.92125,-6.4421],[26.93285,-6.44117],[26.94497,-6.42902],[26.95527,-6.42889],[26.96498,-6.43586],[26.97725,-6.42537],[26.98172,-6.43543]]]},"properties":{"nom":"Ankoro","province":"Tanganyika","antenne":"Kabalo"}},{"type":"Feature","geometry":{"type":"Polygon","coordinates":[[[26.93798,-5.66994],[26.94564,-5.67052],[26.94507,-5.6962],[26.95761,-5.71356],[26.96988,-5.71615],[26.99916,-5.71052],[27.01628,-5.76002],[27.06713,-5.81423],[27.07715,-5.84156],[27.08612,-5.83858],[27.09003,-5.82669],[27.10358,-5.82353],[27.10376,-5.85166],[27.11039,-5.85812],[27.10948,-5.84407],[27.11734,-5.83011],[27.13505,-5.84457],[27.1405,-5.83451],[27.14791,-5.84054],[27.14184,-5.85473],[27.15596,-5.85566],[27.15192,-5.86321],[27.15626,-5.88811],[27.17402,-5.91978],[27.17138,-5.93352],[27.17825,-5.94372],[27.1884,-5.94666],[27.1826,-5.95363],[27.18189,-5.97323],[27.17374,-5.99099],[27.19042,-5.99579],[27.20275,-6.00685],[27.20187,-6.01029],[27.19174,-6.00753],[27.19484,-6.01891],[27.22378,-6.03497],[27.25747,-6.0297],[27.29514,-6.01549],[27.32837,-6.02085],[27.37451,-6.01997],[27.38209,-6.02138],[27.39184,-6.03177],[27.40666,-6.02687],[27.42989,-6.02755],[27.44255,-6.03326],[27.4462,-6.0674],[27.45921,-6.09344],[27.48477,-6.06431],[27.50957,-6.08319],[27.52658,-6.08664],[27.54012,-6.08382],[27.54582,-6.09653],[27.55919,-6.10014],[27.57446,-6.09585],[27.57975,-6.08644],[27.59083,-6.08082],[27.63879,-6.06298],[27.65824,-6.08526],[27.67375,-6.08824],[27.67819,-6.10564],[27.73548,-6.1471],[27.74133,-6.15732],[27.73795,-6.16525],[27.74192,-6.17296],[27.75709,-6.18639],[27.79276,-6.24012],[27.79123,-6.26713],[27.81133,-6.28842],[27.81715,-6.30718],[27.83521,-6.31701],[27.83905,-6.33147],[27.84562,-6.33233],[27.84657,-6.36149],[27.85167,-6.37274],[27.859,-6.37627],[27.85306,-6.38915],[27.85549,-6.4018],[27.86363,-6.40264],[27.87061,-6.4101],[27.87947,-6.40222],[27.88864,-6.41326],[27.90424,-6.41755],[27.90934,-6.42863],[27.91287,-6.42675],[27.93066,-6.43721],[27.93449,-6.42959],[27.96492,-6.43927],[27.975,-6.45823],[27.98436,-6.45667],[27.99373,-6.46154],[28.00275,-6.47897],[28.00198,-6.49125],[27.99433,-6.49177],[27.96215,-6.51201],[27.95825,-6.52123],[27.96067,-6.53648],[27.95047,-6.54361],[27.89398,-6.54034],[27.87,-6.54694],[27.85984,-6.53584],[27.85193,-6.50962],[27.82911,-6.52699],[27.82866,-6.53541],[27.80661,-6.54628],[27.79675,-6.54294],[27.78437,-6.54557],[27.77978,-6.55493],[27.76,-6.55208],[27.73599,-6.53569],[27.72341,-6.53531],[27.71219,-6.52075],[27.70576,-6.5265],[27.69437,-6.52388],[27.69072,-6.53363],[27.68514,-6.53526],[27.67039,-6.53071],[27.64683,-6.53456],[27.64551,-6.54359],[27.63427,-6.55426],[27.61092,-6.54709],[27.6066,-6.56732],[27.59942,-6.56906],[27.59221,-6.57997],[27.57914,-6.58173],[27.56726,-6.59553],[27.58,-6.59649],[27.58373,-6.60203],[27.57033,-6.61972],[27.53673,-6.64434],[27.52838,-6.65996],[27.53026,-6.66924],[27.52333,-6.69271],[27.48802,-6.66475],[27.47289,-6.67023],[27.45929,-6.68186],[27.44195,-6.67833],[27.41535,-6.68708],[27.39933,-6.68437],[27.37634,-6.67091],[27.35855,-6.67224],[27.35858,-6.65002],[27.35268,-6.63605],[27.32646,-6.60835],[27.31434,-6.61214],[27.30062,-6.60735],[27.28541,-6.61502],[27.27143,-6.60867],[27.25409,-6.61467],[27.20578,-6.60975],[27.18501,-6.6184],[27.16863,-6.61082],[27.15054,-6.60954],[27.13005,-6.62778],[27.11369,-6.62064],[27.10779,-6.61315],[27.03048,-6.61709],[27.01936,-6.62209],[26.99304,-6.6201],[26.9824,-6.62747],[26.96372,-6.62578],[26.971,-6.60697],[26.99017,-6.49819],[26.99095,-6.45877],[26.97576,-6.42528],[26.96512,-6.43583],[26.94932,-6.42814],[26.93713,-6.4328],[26.93285,-6.44117],[26.92143,-6.44197],[26.92209,-6.44602],[26.89345,-6.44733],[26.88273,-6.45162],[26.87853,-6.4605],[26.85583,-6.46117],[26.85351,-6.4548],[26.83036,-6.45575],[26.8266,-6.46067],[26.82241,-6.45674],[26.80783,-6.4575],[26.79229,-6.47349],[26.7811,-6.47053],[26.77385,-6.47557],[26.76477,-6.47473],[26.76244,-6.48623],[26.75603,-6.49138],[26.7495,-6.48904],[26.75087,-6.48516],[26.74152,-6.48678],[26.72407,-6.50412],[26.71667,-6.5041],[26.71926,-6.50919],[26.71366,-6.51496],[26.69761,-6.51885],[26.68954,-6.52515],[26.68937,-6.53105],[26.67098,-6.54461],[26.66311,-6.54511],[26.65827,-6.55293],[26.66118,-6.55575],[26.6552,-6.55889],[26.65705,-6.56613],[26.65164,-6.56965],[26.65217,-6.58137],[26.6439,-6.58182],[26.64688,-6.59505],[26.63899,-6.60792],[26.639,-6.6191],[26.63284,-6.61652],[26.61789,-6.63354],[26.6213,-6.65348],[26.61476,-6.66277],[26.59215,-6.67053],[26.58736,-6.67749],[26.57332,-6.67991],[26.57192,-6.68501],[26.55968,-6.68136],[26.54563,-6.66255],[26.54118,-6.64379],[26.51659,-6.6349],[26.51554,-6.62828],[26.52289,-6.61782],[26.51375,-6.60054],[26.49105,-6.59568],[26.47617,-6.58299],[26.43692,-6.58537],[26.42901,-6.58095],[26.40994,-6.59208],[26.36922,-6.58918],[26.34795,-6.59906],[26.3288,-6.59731],[26.32352,-6.6055],[26.30686,-6.61489],[26.28829,-6.61954],[26.27987,-6.61693],[26.26589,-6.5965],[26.2538,-6.58886],[26.23575,-6.59192],[26.21508,-6.58539],[26.20581,-6.59647],[26.18024,-6.60965],[26.16357,-6.60622],[26.16079,-6.60985],[26.1646,-6.61498],[26.15655,-6.62448],[26.13288,-6.62383],[26.11959,-6.62931],[26.11494,-6.65811],[26.09327,-6.66018],[26.08892,-6.66951],[26.07148,-6.68095],[26.01923,-6.68823],[26.00867,-6.66632],[25.9964,-6.65976],[25.99808,-6.65467],[26.01056,-6.65679],[26.01294,-6.6527],[25.99435,-6.6357],[25.98715,-6.62254],[25.98202,-6.62396],[25.99151,-6.60084],[25.97017,-6.59792],[25.97385,-6.5916],[25.96805,-6.57916],[25.97561,-6.56931],[25.9769,-6.55095],[25.95945,-6.53514],[25.96551,-6.51092],[25.9578,-6.50281],[25.97293,-6.4785],[25.96723,-6.47719],[25.95767,-6.45701],[25.967,-6.45949],[26.01034,-6.43019],[26.0283,-6.44158],[26.04109,-6.44311],[26.08416,-6.4231],[26.10444,-6.43274],[26.10919,-6.42649],[26.09914,-6.41351],[26.09897,-6.38401],[26.05976,-6.35873],[26.06595,-6.3487],[26.09041,-6.34496],[26.09096,-6.32614],[26.08195,-6.30561],[26.0966,-6.29929],[26.09826,-6.28168],[26.11257,-6.27213],[26.14068,-6.23377],[26.14972,-6.2345],[26.17047,-6.24994],[26.18479,-6.25182],[26.21617,-6.23629],[26.24368,-6.24154],[26.23285,-6.20253],[26.21485,-6.18869],[26.21482,-6.15241],[26.19475,-6.15839],[26.18286,-6.13879],[26.16982,-6.12816],[26.15243,-6.12448],[26.15918,-6.09208],[26.16636,-6.09012],[26.15871,-6.08546],[26.15573,-6.07539],[26.15171,-6.07732],[26.14046,-6.06903],[26.13914,-6.06001],[26.14841,-6.06077],[26.13756,-6.05533],[26.1391,-6.0476],[26.12515,-6.04186],[26.1201,-6.0321],[26.12204,-6.02529],[26.13623,-6.0217],[26.13766,-6.0081],[26.13358,-6.00268],[26.14355,-6.00222],[26.14713,-5.99751],[26.147,-5.98422],[26.14403,-5.97676],[26.13924,-5.97631],[26.15984,-5.96038],[26.1426,-5.95843],[26.12912,-5.94405],[26.12307,-5.94177],[26.12265,-5.9455],[26.11458,-5.93728],[26.12449,-5.92709],[26.12869,-5.91597],[26.12565,-5.91256],[26.12938,-5.91253],[26.12582,-5.90878],[26.13026,-5.90819],[26.1209,-5.90308],[26.10601,-5.90791],[26.10249,-5.88739],[26.10718,-5.88162],[26.10056,-5.87124],[26.10432,-5.87269],[26.10199,-5.86972],[26.10756,-5.86344],[26.10413,-5.85889],[26.11274,-5.84304],[26.14043,-5.84149],[26.16139,-5.86235],[26.16143,-5.87179],[26.17488,-5.87802],[26.18777,-5.85387],[26.201,-5.84513],[26.17985,-5.83274],[26.19628,-5.79745],[26.20315,-5.79045],[26.21765,-5.79065],[26.21883,-5.78493],[26.2249,-5.78638],[26.23794,-5.77867],[26.26029,-5.78798],[26.30263,-5.79382],[26.32975,-5.78764],[26.35502,-5.79882],[26.37762,-5.78984],[26.39534,-5.79679],[26.40309,-5.79245],[26.416,-5.79715],[26.42778,-5.79244],[26.44136,-5.79891],[26.5018,-5.78271],[26.52446,-5.78825],[26.55838,-5.78552],[26.57025,-5.77758],[26.61732,-5.76366],[26.65676,-5.77561],[26.6743,-5.77118],[26.68436,-5.77524],[26.68968,-5.7704],[26.72259,-5.77623],[26.74123,-5.77241],[26.77143,-5.78084],[26.78373,-5.77074],[26.81954,-5.80078],[26.84597,-5.81029],[26.85172,-5.80782],[26.86615,-5.8192],[26.87136,-5.81504],[26.88213,-5.81598],[26.90026,-5.83435],[26.9129,-5.73107],[26.90711,-5.69219],[26.9175,-5.64512],[26.92649,-5.66309],[26.93798,-5.66994]]]},"properties":{"nom":"Kabalo","province":"Tanganyika","antenne":"Kabalo"}},{"type":"Feature","geometry":{"type":"Polygon","coordinates":[[[28.73447,-5.8631],[28.74889,-5.87515],[28.81902,-5.87318],[28.85918,-5.88711],[28.86602,-5.88137],[28.88474,-5.8828],[28.95617,-5.90363],[28.9675,-5.89682],[29.00101,-5.9092],[29.01977,-5.90639],[29.02992,-5.90958],[29.04486,-5.90357],[29.0713,-5.92245],[29.08356,-5.91092],[29.12533,-5.8986],[29.13757,-5.90265],[29.1585,-5.9199],[29.17232,-5.92097],[29.18123,-5.90884],[29.19804,-5.91783],[29.19823,-5.93741],[29.20678,-5.94509],[29.19683,-5.96489],[29.1972,-6.00168],[29.2106,-6.066],[29.24243,-6.10543],[29.2752,-6.11498],[29.28682,-6.12518],[29.29312,-6.13799],[29.2944,-6.16608],[29.30558,-6.18176],[29.33223,-6.19733],[29.33876,-6.2068],[29.34391,-6.2669],[29.37635,-6.32124],[29.37437,-6.35218],[29.38035,-6.35114],[29.41342,-6.40938],[29.41992,-6.46178],[29.43488,-6.5015],[29.4653,-6.51832],[29.47434,-6.51906],[29.47988,-6.50454],[29.49006,-6.5095],[29.49246,-6.51575],[29.48567,-6.53944],[29.49295,-6.54502],[29.49866,-6.56648],[29.48557,-6.60449],[29.45709,-6.60893],[29.44382,-6.6062],[29.41949,-6.61404],[29.41054,-6.62396],[29.41781,-6.6384],[29.4112,-6.64252],[29.39782,-6.64082],[29.39168,-6.6461],[29.38269,-6.66274],[29.38496,-6.69191],[29.37417,-6.71797],[29.37456,-6.73603],[29.38037,-6.74148],[29.37212,-6.74979],[29.368,-6.74978],[29.35639,-6.73113],[29.34356,-6.72699],[29.33391,-6.73183],[29.32869,-6.72946],[29.32371,-6.7237],[29.32434,-6.70595],[29.31778,-6.69986],[29.27975,-6.69553],[29.27569,-6.69874],[29.27929,-6.71165],[29.26352,-6.7144],[29.23905,-6.73783],[29.20666,-6.75402],[29.18546,-6.78747],[29.15675,-6.8042],[29.14872,-6.82364],[29.13661,-6.83085],[29.12607,-6.82788],[29.11951,-6.81213],[29.10835,-6.80893],[29.10559,-6.80274],[29.09364,-6.79929],[29.08016,-6.78778],[29.0376,-6.78629],[29.01221,-6.77449],[28.98091,-6.7752],[28.97137,-6.77944],[28.96485,-6.77514],[28.95668,-6.78781],[28.90322,-6.7911],[28.84619,-6.85134],[28.84495,-6.83732],[28.8529,-6.80525],[28.84643,-6.76632],[28.84874,-6.73866],[28.83472,-6.73209],[28.79179,-6.757],[28.73343,-6.73734],[28.73895,-6.7231],[28.75054,-6.7114],[28.74548,-6.70504],[28.7461,-6.67855],[28.73263,-6.66815],[28.73211,-6.64816],[28.72262,-6.64019],[28.72358,-6.61388],[28.71466,-6.6196],[28.68497,-6.61949],[28.67034,-6.61265],[28.66341,-6.59107],[28.64547,-6.58706],[28.62482,-6.57482],[28.61109,-6.57776],[28.58698,-6.56994],[28.56761,-6.54525],[28.54665,-6.53885],[28.51748,-6.55192],[28.48265,-6.5441],[28.45197,-6.54435],[28.43718,-6.59438],[28.4271,-6.5957],[28.40014,-6.58671],[28.39386,-6.57657],[28.39708,-6.56419],[28.41175,-6.54594],[28.4083,-6.53426],[28.42338,-6.51481],[28.42633,-6.48154],[28.41246,-6.45688],[28.40199,-6.42154],[28.40364,-6.40797],[28.39531,-6.39634],[28.38134,-6.39359],[28.37949,-6.38684],[28.36934,-6.38119],[28.36315,-6.36437],[28.35832,-6.36323],[28.37173,-6.34516],[28.34692,-6.33933],[28.33894,-6.32336],[28.34808,-6.30392],[28.35764,-6.30331],[28.36058,-6.29734],[28.3701,-6.2975],[28.38051,-6.29068],[28.39152,-6.29412],[28.39954,-6.28317],[28.40469,-6.25791],[28.39772,-6.25562],[28.39617,-6.24804],[28.40296,-6.24291],[28.3927,-6.23383],[28.3918,-6.21843],[28.39734,-6.20697],[28.39403,-6.19621],[28.39854,-6.18765],[28.40983,-6.18405],[28.42437,-6.16948],[28.42366,-6.12568],[28.41217,-6.11734],[28.4016,-6.12018],[28.38714,-6.12654],[28.36723,-6.14658],[28.34589,-6.13345],[28.34015,-6.11082],[28.32169,-6.1034],[28.29452,-6.10559],[28.27644,-6.08883],[28.25585,-6.07852],[28.22924,-6.08606],[28.22212,-6.08352],[28.19625,-6.05268],[28.18027,-6.04946],[28.16692,-6.03477],[28.15375,-6.02725],[28.13687,-6.02512],[28.13311,-6.01799],[28.12454,-6.01833],[28.10463,-6.00485],[28.10641,-5.99902],[28.09303,-5.98487],[28.09555,-5.97097],[28.08344,-5.96785],[28.09863,-5.96001],[28.09396,-5.9491],[28.10456,-5.94286],[28.15902,-5.93369],[28.16689,-5.90676],[28.19457,-5.90222],[28.20806,-5.87711],[28.23206,-5.86593],[28.2652,-5.90235],[28.29717,-5.90928],[28.32454,-5.90359],[28.33503,-5.91375],[28.38234,-5.91676],[28.39452,-5.9234],[28.4171,-5.95034],[28.42934,-5.94764],[28.44019,-5.95452],[28.46927,-5.92789],[28.48172,-5.92437],[28.49286,-5.91343],[28.51505,-5.91057],[28.52685,-5.91642],[28.53498,-5.91413],[28.54465,-5.9214],[28.56946,-5.91314],[28.58306,-5.9211],[28.59121,-5.91383],[28.61068,-5.91191],[28.63001,-5.89246],[28.65288,-5.88801],[28.66151,-5.87847],[28.6871,-5.87838],[28.73447,-5.8631]]]},"properties":{"nom":"Kalemie","province":"Tanganyika","antenne":"Kalemie"}},{"type":"Feature","geometry":{"type":"Polygon","coordinates":[[[29.48391,-6.60536],[29.48097,-6.62203],[29.48575,-6.63063],[29.48431,-6.64327],[29.49444,-6.65479],[29.49537,-6.68827],[29.50294,-6.71018],[29.534,-6.73076],[29.5339,-6.74742],[29.54121,-6.75089],[29.5501,-6.77445],[29.56607,-6.78001],[29.56965,-6.78825],[29.58869,-6.79756],[29.61098,-6.81715],[29.63367,-6.82211],[29.64342,-6.83224],[29.65608,-6.87216],[29.66383,-6.88178],[29.66841,-6.90867],[29.71198,-6.94318],[29.7165,-6.95092],[29.71024,-6.95654],[29.72119,-6.97857],[29.70193,-6.98448],[29.68775,-6.9832],[29.67756,-6.99721],[29.68389,-7.00642],[29.6988,-7.00481],[29.70273,-7.02631],[29.71687,-7.02854],[29.7167,-7.03436],[29.69364,-7.04044],[29.68973,-7.06151],[29.70022,-7.08732],[29.68746,-7.10193],[29.69176,-7.12692],[29.70117,-7.12786],[29.69777,-7.13453],[29.70471,-7.14396],[29.71549,-7.18038],[29.70449,-7.18909],[29.71326,-7.19088],[29.70987,-7.20962],[29.71401,-7.21569],[29.71294,-7.23053],[29.73503,-7.2498],[29.73542,-7.27409],[29.72754,-7.29128],[29.70488,-7.31053],[29.69633,-7.32957],[29.702,-7.36362],[29.69935,-7.37421],[29.68374,-7.37555],[29.65787,-7.35995],[29.62852,-7.37186],[29.62545,-7.3899],[29.61096,-7.39427],[29.6149,-7.43979],[29.59718,-7.45681],[29.6045,-7.4545],[29.61983,-7.48581],[29.62663,-7.49054],[29.63461,-7.52111],[29.62875,-7.53567],[29.59895,-7.55047],[29.59701,-7.55922],[29.58759,-7.56121],[29.57882,-7.57703],[29.5602,-7.59239],[29.57235,-7.59654],[29.57959,-7.61042],[29.59173,-7.61648],[29.59152,-7.62293],[29.61424,-7.63893],[29.61081,-7.64378],[29.61707,-7.64877],[29.61388,-7.68173],[29.60725,-7.68533],[29.6085,-7.69717],[29.60209,-7.70059],[29.59929,-7.71068],[29.61114,-7.71537],[29.60742,-7.73053],[29.61484,-7.73612],[29.60436,-7.76473],[29.60868,-7.77263],[29.61878,-7.77407],[29.6229,-7.7908],[29.63519,-7.8032],[29.61842,-7.82354],[29.60509,-7.83092],[29.59603,-7.82104],[29.56777,-7.82048],[29.56808,-7.80933],[29.56258,-7.80705],[29.53051,-7.80291],[29.50906,-7.78523],[29.50751,-7.77724],[29.48673,-7.78958],[29.47697,-7.77436],[29.45865,-7.77079],[29.44652,-7.77412],[29.44197,-7.76817],[29.42178,-7.77078],[29.4283,-7.74979],[29.41209,-7.74197],[29.35931,-7.75737],[29.33772,-7.75058],[29.31525,-7.73478],[29.26503,-7.72731],[29.24638,-7.73965],[29.22316,-7.77699],[29.20689,-7.7972],[29.19761,-7.80113],[29.1874,-7.81733],[29.16665,-7.82585],[29.14908,-7.84438],[29.14217,-7.84037],[29.13276,-7.84299],[29.11522,-7.86836],[29.07929,-7.86701],[29.05157,-7.88725],[29.00388,-7.88084],[28.96109,-7.90226],[28.9526,-7.90118],[28.95061,-7.89308],[28.95802,-7.86387],[28.94434,-7.84962],[28.9033,-7.82255],[28.90819,-7.83534],[28.8959,-7.85779],[28.88993,-7.8598],[28.88938,-7.87155],[28.88359,-7.87578],[28.88162,-7.89322],[28.8739,-7.90654],[28.87258,-7.91826],[28.87733,-7.92166],[28.86594,-7.92433],[28.86938,-7.93027],[28.86505,-7.9339],[28.86476,-7.92912],[28.84377,-7.91646],[28.82185,-7.91053],[28.79296,-7.92846],[28.7495,-7.92191],[28.74503,-7.92552],[28.73834,-7.91953],[28.71066,-7.91968],[28.68468,-7.91234],[28.67555,-7.92033],[28.67186,-7.91474],[28.65255,-7.91353],[28.64375,-7.90621],[28.64372,-7.89941],[28.6665,-7.8917],[28.67299,-7.89525],[28.70462,-7.85561],[28.71021,-7.84559],[28.70343,-7.84157],[28.70555,-7.83112],[28.72718,-7.78711],[28.72137,-7.76483],[28.69425,-7.74104],[28.68551,-7.69418],[28.67857,-7.67953],[28.65988,-7.67282],[28.65279,-7.6579],[28.63787,-7.65081],[28.63081,-7.63982],[28.61608,-7.6358],[28.6035,-7.61512],[28.58776,-7.62917],[28.55919,-7.63749],[28.53288,-7.62925],[28.50832,-7.61492],[28.48796,-7.61177],[28.48513,-7.63127],[28.4914,-7.64594],[28.47911,-7.66109],[28.4586,-7.63729],[28.43816,-7.62376],[28.40333,-7.57925],[28.40652,-7.56627],[28.44106,-7.52564],[28.45942,-7.52625],[28.47825,-7.53481],[28.49712,-7.53334],[28.54922,-7.51755],[28.56776,-7.51795],[28.65624,-7.49573],[28.64992,-7.48684],[28.65083,-7.47802],[28.6649,-7.45882],[28.65187,-7.43013],[28.65104,-7.40775],[28.61864,-7.3871],[28.61462,-7.37921],[28.63504,-7.36508],[28.64082,-7.34705],[28.63035,-7.34773],[28.62125,-7.33831],[28.62793,-7.3314],[28.62416,-7.31313],[28.63575,-7.30642],[28.64165,-7.28307],[28.6404,-7.25273],[28.64412,-7.24079],[28.60937,-7.22806],[28.614,-7.21298],[28.64559,-7.17373],[28.64635,-7.16195],[28.63855,-7.14273],[28.66558,-7.1246],[28.65693,-7.08326],[28.63439,-7.05943],[28.66544,-7.02761],[28.63107,-6.98515],[28.64209,-6.94636],[28.63327,-6.93281],[28.63782,-6.9271],[28.6333,-6.91091],[28.65308,-6.87908],[28.66976,-6.8737],[28.68048,-6.84526],[28.66062,-6.83308],[28.66182,-6.8201],[28.67716,-6.81804],[28.71821,-6.79801],[28.72261,-6.77989],[28.7078,-6.75457],[28.73162,-6.74362],[28.73343,-6.73734],[28.79435,-6.75694],[28.83729,-6.73182],[28.84903,-6.74007],[28.84643,-6.76632],[28.8529,-6.80525],[28.84495,-6.83732],[28.84619,-6.85134],[28.90322,-6.7911],[28.95668,-6.78781],[28.96485,-6.77514],[28.97137,-6.77944],[28.98091,-6.7752],[29.01221,-6.77449],[29.0376,-6.78629],[29.08016,-6.78778],[29.09364,-6.79929],[29.10559,-6.80274],[29.10835,-6.80893],[29.11951,-6.81213],[29.12607,-6.82788],[29.13643,-6.8309],[29.14872,-6.82364],[29.15675,-6.8042],[29.18528,-6.78766],[29.20666,-6.75402],[29.23905,-6.73783],[29.26352,-6.7144],[29.27929,-6.71165],[29.27569,-6.69894],[29.27872,-6.6958],[29.31778,-6.69986],[29.32434,-6.70595],[29.32371,-6.7237],[29.32869,-6.72946],[29.33391,-6.73183],[29.34356,-6.72699],[29.35639,-6.73113],[29.368,-6.74978],[29.37212,-6.74979],[29.38037,-6.74148],[29.37456,-6.73603],[29.37417,-6.71797],[29.38496,-6.69191],[29.38269,-6.66274],[29.39168,-6.6461],[29.39782,-6.64082],[29.4112,-6.64252],[29.41781,-6.6384],[29.41054,-6.62396],[29.41949,-6.61404],[29.44382,-6.6062],[29.45709,-6.60893],[29.48391,-6.60536]]]},"properties":{"nom":"Kansimba","province":"Tanganyika","antenne":"Kalemie"}},{"type":"Feature","geometry":{"type":"Polygon","coordinates":[[[28.00197,-6.49134],[28.00207,-6.49563],[28.01238,-6.49842],[28.01187,-6.50798],[27.99313,-6.51837],[28.00252,-6.52286],[28.00911,-6.55009],[28.0197,-6.5526],[28.01737,-6.5739],[28.02623,-6.58148],[28.03093,-6.57817],[28.03629,-6.58473],[28.04474,-6.58474],[28.04581,-6.59443],[28.05622,-6.58477],[28.06175,-6.5942],[28.07056,-6.58836],[28.08854,-6.58696],[28.1155,-6.61356],[28.13058,-6.60308],[28.13846,-6.61256],[28.14379,-6.60645],[28.15723,-6.61284],[28.1709,-6.60952],[28.18944,-6.61328],[28.19212,-6.60809],[28.2024,-6.60895],[28.20298,-6.60475],[28.22854,-6.60392],[28.23757,-6.59008],[28.26649,-6.5897],[28.27781,-6.58502],[28.29207,-6.59076],[28.3136,-6.59053],[28.33917,-6.5825],[28.34684,-6.58525],[28.35539,-6.57836],[28.374,-6.57488],[28.38776,-6.57431],[28.40066,-6.58715],[28.4326,-6.59632],[28.4378,-6.59334],[28.45197,-6.54435],[28.48265,-6.5441],[28.51696,-6.55195],[28.54596,-6.53892],[28.55338,-6.54036],[28.56781,-6.54541],[28.58675,-6.56983],[28.61109,-6.57776],[28.62482,-6.57482],[28.64547,-6.58706],[28.66353,-6.59114],[28.67034,-6.61265],[28.68497,-6.61949],[28.71466,-6.6196],[28.72358,-6.61388],[28.72262,-6.64019],[28.73211,-6.64816],[28.73263,-6.66815],[28.7461,-6.67855],[28.74548,-6.70504],[28.75055,-6.71164],[28.73883,-6.72331],[28.73219,-6.74315],[28.70786,-6.75437],[28.72261,-6.77989],[28.71821,-6.79801],[28.67716,-6.81804],[28.66182,-6.8201],[28.66062,-6.83308],[28.6804,-6.84553],[28.66976,-6.8737],[28.65308,-6.87908],[28.6331,-6.91162],[28.63782,-6.9271],[28.63327,-6.93281],[28.64209,-6.94636],[28.63114,-6.98567],[28.66547,-7.02788],[28.63443,-7.05992],[28.65693,-7.08326],[28.66559,-7.12443],[28.63855,-7.14273],[28.64635,-7.16195],[28.64553,-7.17391],[28.61053,-7.22118],[28.6094,-7.22857],[28.64413,-7.24093],[28.6404,-7.25273],[28.64165,-7.28307],[28.63575,-7.30642],[28.62416,-7.31313],[28.62793,-7.3314],[28.62125,-7.33831],[28.63035,-7.34773],[28.64082,-7.34705],[28.63504,-7.36508],[28.61462,-7.37921],[28.61864,-7.3871],[28.65104,-7.40775],[28.65187,-7.43013],[28.6649,-7.45882],[28.65083,-7.47802],[28.64992,-7.48684],[28.65624,-7.49573],[28.56776,-7.51795],[28.54922,-7.51755],[28.49712,-7.53334],[28.47825,-7.53481],[28.45942,-7.52625],[28.44106,-7.52564],[28.40387,-7.57177],[28.40526,-7.58524],[28.43831,-7.62392],[28.4586,-7.63729],[28.47915,-7.66152],[28.46724,-7.66977],[28.46179,-7.68053],[28.45765,-7.67955],[28.45416,-7.69352],[28.44561,-7.70131],[28.44589,-7.71274],[28.43664,-7.71948],[28.43342,-7.73452],[28.42422,-7.7389],[28.42593,-7.74433],[28.40755,-7.75869],[28.39987,-7.75904],[28.39723,-7.76862],[28.37741,-7.77304],[28.3722,-7.79545],[28.38937,-7.80506],[28.39825,-7.80226],[28.40116,-7.83439],[28.40671,-7.8375],[28.41157,-7.85647],[28.42302,-7.85396],[28.43797,-7.87236],[28.46929,-7.88036],[28.48705,-7.87342],[28.51009,-7.87501],[28.51313,-7.8951],[28.54571,-7.91409],[28.54651,-7.95293],[28.53223,-7.9684],[28.51201,-7.97019],[28.47869,-8.0136],[28.44371,-8.04076],[28.42765,-8.08702],[28.436,-8.12244],[28.45006,-8.14204],[28.45053,-8.16374],[28.37967,-8.21035],[28.35752,-8.24159],[28.34952,-8.24515],[28.32916,-8.24691],[28.30853,-8.2371],[28.2774,-8.23325],[28.27224,-8.22675],[28.25077,-8.21993],[28.24346,-8.22956],[28.24387,-8.24075],[28.23776,-8.25256],[28.20374,-8.3021],[28.18375,-8.31788],[28.1628,-8.36103],[28.13751,-8.37662],[28.12891,-8.36629],[28.1201,-8.36866],[28.10812,-8.36],[28.08932,-8.37049],[28.07645,-8.37184],[28.07298,-8.37825],[28.06652,-8.37559],[28.06064,-8.38353],[28.04669,-8.37806],[28.03602,-8.38899],[28.02651,-8.39053],[27.9847,-8.35581],[27.98551,-8.33138],[27.97853,-8.31859],[27.99258,-8.28856],[27.98908,-8.27996],[27.9929,-8.27296],[27.98642,-8.26503],[27.98608,-8.25047],[27.9504,-8.24291],[27.91638,-8.21959],[27.89674,-8.17991],[27.87064,-8.16357],[27.86483,-8.15511],[27.83108,-8.17054],[27.80796,-8.1708],[27.79233,-8.16132],[27.78674,-8.16318],[27.77954,-8.15335],[27.7754,-8.12351],[27.7889,-8.11372],[27.79083,-8.10169],[27.78211,-8.08802],[27.7852,-8.07137],[27.8038,-8.0528],[27.79191,-8.03996],[27.82599,-7.98801],[27.83397,-7.96924],[27.8322,-7.96265],[27.85342,-7.92231],[27.85263,-7.89829],[27.85654,-7.89701],[27.84697,-7.8888],[27.84993,-7.88286],[27.8407,-7.86328],[27.84377,-7.85406],[27.83547,-7.85059],[27.84042,-7.83196],[27.83444,-7.83126],[27.82149,-7.84988],[27.79498,-7.8567],[27.78557,-7.86683],[27.77377,-7.87116],[27.77104,-7.87917],[27.74968,-7.89859],[27.73711,-7.90087],[27.73273,-7.8919],[27.71837,-7.88924],[27.70861,-7.87314],[27.70607,-7.85634],[27.70073,-7.85322],[27.70779,-7.84532],[27.69997,-7.8322],[27.70107,-7.81657],[27.68878,-7.81166],[27.6754,-7.79565],[27.65027,-7.78021],[27.6346,-7.78754],[27.61712,-7.76895],[27.62372,-7.73786],[27.61669,-7.73053],[27.61398,-7.71295],[27.6066,-7.70608],[27.62794,-7.68881],[27.6275,-7.6653],[27.64095,-7.66171],[27.64467,-7.65421],[27.63524,-7.64646],[27.63793,-7.63852],[27.62528,-7.59451],[27.61504,-7.58361],[27.59344,-7.57309],[27.57844,-7.55175],[27.60221,-7.53891],[27.63525,-7.49898],[27.60307,-7.42797],[27.59636,-7.39437],[27.58892,-7.38011],[27.61284,-7.36529],[27.63628,-7.33849],[27.61424,-7.31885],[27.58623,-7.26528],[27.60612,-7.25364],[27.63386,-7.222],[27.64753,-7.21914],[27.66661,-7.20697],[27.67382,-7.18837],[27.69786,-7.17683],[27.70571,-7.16507],[27.70456,-7.14832],[27.71755,-7.13286],[27.72304,-7.14024],[27.74842,-7.14386],[27.77655,-7.15536],[27.78264,-7.15433],[27.78096,-7.13207],[27.79559,-7.12307],[27.79818,-7.08793],[27.78157,-7.08182],[27.7563,-7.06068],[27.70753,-6.95369],[27.71596,-6.87146],[27.76579,-6.7974],[27.76104,-6.79051],[27.74623,-6.7876],[27.72452,-6.77238],[27.7134,-6.77973],[27.67658,-6.7825],[27.65889,-6.77498],[27.64173,-6.77518],[27.63574,-6.76472],[27.63781,-6.75778],[27.64579,-6.75415],[27.64036,-6.75164],[27.60532,-6.75509],[27.58193,-6.77218],[27.56323,-6.76961],[27.50355,-6.77691],[27.48753,-6.78819],[27.47742,-6.7481],[27.47931,-6.7336],[27.50769,-6.70514],[27.52261,-6.69788],[27.53026,-6.66924],[27.52838,-6.65996],[27.53663,-6.64451],[27.57945,-6.60945],[27.58379,-6.59937],[27.56719,-6.59565],[27.57914,-6.58173],[27.59221,-6.57997],[27.59942,-6.56906],[27.6066,-6.56732],[27.61118,-6.54693],[27.63427,-6.55426],[27.64551,-6.54359],[27.64672,-6.5346],[27.67039,-6.53071],[27.68514,-6.53526],[27.69072,-6.53363],[27.69437,-6.52388],[27.70576,-6.5265],[27.71219,-6.52075],[27.72341,-6.53531],[27.73599,-6.53569],[27.76,-6.55208],[27.77978,-6.55493],[27.78437,-6.54557],[27.79675,-6.54294],[27.80661,-6.54628],[27.82866,-6.53541],[27.82911,-6.52699],[27.85185,-6.50962],[27.85984,-6.53584],[27.87,-6.54694],[27.89398,-6.54034],[27.95068,-6.54359],[27.96067,-6.53648],[27.95825,-6.52123],[27.96215,-6.51201],[27.99433,-6.49177],[28.00197,-6.49134]]]},"properties":{"nom":"Kiambi","province":"Tanganyika","antenne":"Kabalo"}},{"type":"Feature","geometry":{"type":"Polygon","coordinates":[[[26.97156,-4.95991],[27.01971,-4.98758],[27.03064,-4.98008],[27.03497,-4.99292],[27.04983,-4.9903],[27.05493,-4.99653],[27.06581,-4.99426],[27.06823,-5.00111],[27.07104,-4.99761],[27.08932,-5.00069],[27.10447,-4.99765],[27.10672,-5.00964],[27.12126,-5.00789],[27.12587,-5.02312],[27.13335,-5.01807],[27.13772,-5.0254],[27.13975,-5.02226],[27.14932,-5.02575],[27.16055,-5.03911],[27.16693,-5.04036],[27.16966,-5.05304],[27.17972,-5.05692],[27.16375,-5.08847],[27.15404,-5.09433],[27.14896,-5.10643],[27.15517,-5.12022],[27.14654,-5.13023],[27.15337,-5.17056],[27.11916,-5.1989],[27.12231,-5.20576],[27.13476,-5.21132],[27.13354,-5.24261],[27.11962,-5.25158],[27.11446,-5.2706],[27.10213,-5.2885],[27.07803,-5.29087],[27.09178,-5.3107],[27.08881,-5.33371],[27.07899,-5.3495],[27.08301,-5.35595],[27.08283,-5.37691],[27.07855,-5.38097],[27.0659,-5.37903],[27.05964,-5.38555],[27.06744,-5.40391],[27.07997,-5.41656],[27.07092,-5.42968],[27.08884,-5.46267],[27.07559,-5.47507],[27.0755,-5.48566],[27.08416,-5.50487],[27.07412,-5.54157],[27.06577,-5.55008],[27.05185,-5.54984],[27.05852,-5.59522],[27.0554,-5.62477],[27.06271,-5.64067],[27.06847,-5.64295],[27.08411,-5.64277],[27.10816,-5.63147],[27.10417,-5.6699],[27.02101,-5.68094],[27.01012,-5.7104],[26.99739,-5.70808],[26.98867,-5.71459],[26.96704,-5.71602],[26.95742,-5.71342],[26.94514,-5.69638],[26.94527,-5.66986],[26.92663,-5.66325],[26.9175,-5.64512],[26.90711,-5.69219],[26.9129,-5.73107],[26.90026,-5.83435],[26.88213,-5.81598],[26.87136,-5.81504],[26.86615,-5.8192],[26.85172,-5.80782],[26.84597,-5.81029],[26.81954,-5.80078],[26.78373,-5.77074],[26.77143,-5.78084],[26.74123,-5.77241],[26.72259,-5.77623],[26.68968,-5.7704],[26.68436,-5.77524],[26.6743,-5.77118],[26.65676,-5.77561],[26.61711,-5.76368],[26.57025,-5.77758],[26.55838,-5.78552],[26.52446,-5.78825],[26.5018,-5.78271],[26.44136,-5.79891],[26.42778,-5.79244],[26.416,-5.79715],[26.40309,-5.79245],[26.39534,-5.79679],[26.37762,-5.78984],[26.35502,-5.79882],[26.32975,-5.78764],[26.30263,-5.79382],[26.26029,-5.78798],[26.23896,-5.77859],[26.22468,-5.78643],[26.20749,-5.77995],[26.19636,-5.78476],[26.18071,-5.77465],[26.14325,-5.78295],[26.13373,-5.77967],[26.12921,-5.76767],[26.11258,-5.75346],[26.11048,-5.74158],[26.1028,-5.73263],[26.1073,-5.71103],[26.10239,-5.6871],[26.10633,-5.66386],[26.11924,-5.65615],[26.12735,-5.63188],[26.11669,-5.59133],[26.1197,-5.56938],[26.16043,-5.53039],[26.1513,-5.51954],[26.15781,-5.5088],[26.15065,-5.49174],[26.12537,-5.47179],[26.12857,-5.46525],[26.12369,-5.45992],[26.12461,-5.45124],[26.12826,-5.44849],[26.12309,-5.44332],[26.12461,-5.43159],[26.11821,-5.42778],[26.12415,-5.41667],[26.1176,-5.39763],[26.12902,-5.37859],[26.11958,-5.36337],[26.11562,-5.34326],[26.13738,-5.30985],[26.14789,-5.26985],[26.15987,-5.25758],[26.18528,-5.24525],[26.20364,-5.21672],[26.20342,-5.18193],[26.19634,-5.17034],[26.20212,-5.15603],[26.19797,-5.13525],[26.20212,-5.12451],[26.2015,-5.09566],[26.21086,-5.07646],[26.23209,-5.05562],[26.25999,-5.03859],[26.27945,-4.9933],[26.3017,-5.01544],[26.33166,-5.01784],[26.33361,-5.01293],[26.34073,-5.02161],[26.37066,-5.01442],[26.37333,-5.00817],[26.38745,-5.00326],[26.39639,-5.00757],[26.39506,-5.00202],[26.42117,-4.99983],[26.44122,-4.98967],[26.46952,-4.99081],[26.48451,-4.98354],[26.49165,-4.99436],[26.50965,-4.9924],[26.52683,-4.97456],[26.53631,-4.98526],[26.56838,-4.99446],[26.57552,-4.9873],[26.57148,-4.97141],[26.58913,-4.98516],[26.6042,-4.96998],[26.60965,-4.97332],[26.628,-4.96731],[26.63379,-4.97096],[26.65294,-4.96285],[26.6615,-4.96605],[26.66794,-4.96312],[26.6788,-4.97041],[26.68672,-4.96089],[26.69121,-4.9867],[26.69939,-4.98941],[26.70253,-4.9947],[26.69857,-4.99824],[26.70615,-5.00016],[26.71377,-5.01179],[26.73698,-4.99409],[26.76114,-4.98873],[26.76953,-4.99262],[26.77263,-5.00267],[26.78733,-5.00309],[26.79026,-5.0114],[26.80705,-5.01491],[26.81621,-5.00983],[26.83093,-5.01303],[26.83108,-5.00367],[26.83976,-4.9994],[26.85,-5.00104],[26.86059,-4.98917],[26.87844,-4.9816],[26.92593,-4.99089],[26.93278,-4.99431],[26.93558,-5.00268],[26.95208,-4.99852],[26.96249,-4.98039],[26.95382,-4.96677],[26.96469,-4.95762],[26.97156,-4.95991]]]},"properties":{"nom":"Kongolo","province":"Tanganyika","antenne":"Kabalo"}},{"type":"Feature","geometry":{"type":"Polygon","coordinates":[[[27.64502,-6.75347],[27.63578,-6.76396],[27.64197,-6.77526],[27.65889,-6.77498],[27.67658,-6.7825],[27.7134,-6.77973],[27.72435,-6.77235],[27.74623,-6.7876],[27.76386,-6.79246],[27.76378,-6.80503],[27.72972,-6.84678],[27.71581,-6.87188],[27.70769,-6.95514],[27.75602,-7.06026],[27.78157,-7.08182],[27.79818,-7.08793],[27.8005,-7.09715],[27.79522,-7.12415],[27.78087,-7.13226],[27.78264,-7.15433],[27.72304,-7.14024],[27.71755,-7.13286],[27.70456,-7.14832],[27.70571,-7.16507],[27.69786,-7.17683],[27.67382,-7.18837],[27.66661,-7.20697],[27.64753,-7.21914],[27.63386,-7.222],[27.60612,-7.25364],[27.58616,-7.26542],[27.61424,-7.31885],[27.63628,-7.33849],[27.61284,-7.36529],[27.58894,-7.3798],[27.59636,-7.39437],[27.60307,-7.42797],[27.63524,-7.49879],[27.60238,-7.53874],[27.58422,-7.54777],[27.5722,-7.54568],[27.53985,-7.53099],[27.5265,-7.51288],[27.50914,-7.50541],[27.49754,-7.51949],[27.44325,-7.53372],[27.44356,-7.50676],[27.41185,-7.49794],[27.3879,-7.50268],[27.36104,-7.52127],[27.29204,-7.51803],[27.2817,-7.52206],[27.27152,-7.51908],[27.25763,-7.49496],[27.24431,-7.49446],[27.23387,-7.48604],[27.21903,-7.532],[27.22537,-7.55932],[27.21933,-7.59148],[27.22488,-7.6106],[27.21598,-7.6142],[27.13997,-7.62192],[27.09479,-7.64181],[27.00713,-7.64208],[26.94961,-7.63492],[26.9242,-7.64126],[26.82588,-7.62782],[26.82504,-7.61903],[26.83537,-7.60082],[26.82041,-7.59529],[26.8411,-7.57266],[26.78152,-7.52498],[26.79229,-7.52012],[26.79659,-7.52885],[26.80614,-7.53174],[26.82645,-7.51371],[26.82107,-7.47702],[26.85522,-7.44437],[26.87939,-7.40733],[26.88939,-7.3784],[26.89188,-7.35462],[26.87129,-7.32424],[26.86838,-7.3099],[26.91403,-7.29125],[26.93245,-7.27508],[26.94588,-7.23968],[26.95126,-7.19232],[26.9791,-7.17017],[26.98527,-7.1588],[27.01845,-7.16735],[27.0367,-7.14795],[27.0581,-7.14946],[27.0657,-7.10563],[27.05535,-7.08955],[27.06161,-7.08387],[27.07567,-7.08535],[27.07971,-7.08158],[27.05865,-7.05409],[27.0605,-7.03565],[27.05083,-7.01219],[27.05295,-7.00248],[27.03487,-6.97767],[27.02753,-6.95283],[27.01382,-6.93729],[27.02112,-6.83659],[27.00707,-6.81692],[27.02148,-6.81253],[27.0931,-6.8522],[27.16173,-6.87539],[27.2334,-6.87992],[27.25656,-6.89078],[27.28657,-6.89103],[27.31729,-6.90143],[27.37167,-6.93187],[27.42888,-6.9498],[27.43907,-6.94726],[27.43716,-6.93824],[27.42276,-6.92557],[27.41458,-6.89419],[27.42184,-6.88016],[27.41834,-6.87117],[27.42224,-6.86238],[27.42034,-6.82817],[27.43593,-6.81769],[27.4645,-6.81123],[27.50339,-6.77695],[27.56323,-6.76961],[27.58167,-6.77223],[27.60581,-6.75494],[27.64502,-6.75347]]]},"properties":{"nom":"Manono","province":"Tanganyika","antenne":"Kabalo"}},{"type":"Feature","geometry":{"type":"Polygon","coordinates":[[[27.36798,-4.98643],[27.36311,-4.98972],[27.36811,-4.99707],[27.37684,-4.99762],[27.38104,-5.00767],[27.39096,-5.01233],[27.40274,-4.9976],[27.40107,-4.99166],[27.4083,-4.98873],[27.4135,-4.99839],[27.43083,-5.00182],[27.43292,-5.00549],[27.42687,-5.01094],[27.43296,-5.01844],[27.44191,-5.01098],[27.45386,-5.01324],[27.46174,-5.03147],[27.48146,-5.03117],[27.49928,-5.05241],[27.49737,-5.0475],[27.50299,-5.04717],[27.50463,-5.0391],[27.50832,-5.03921],[27.50444,-5.02954],[27.50807,-5.02114],[27.50011,-5.01846],[27.50079,-5.01117],[27.49431,-5.00698],[27.49741,-5.00165],[27.50259,-5.00246],[27.49596,-4.99655],[27.50415,-4.99529],[27.51256,-4.98501],[27.51855,-5.00916],[27.53644,-4.99975],[27.54504,-5.0007],[27.54371,-5.00554],[27.54759,-5.00462],[27.5439,-5.00812],[27.55408,-5.01943],[27.55223,-5.02995],[27.55946,-5.03547],[27.55588,-5.04654],[27.56491,-5.04925],[27.56468,-5.05595],[27.58414,-5.05351],[27.58507,-5.04957],[27.60094,-5.05135],[27.60434,-5.04556],[27.60894,-5.04947],[27.6096,-5.06198],[27.61541,-5.06592],[27.60854,-5.07834],[27.61315,-5.09243],[27.63813,-5.09547],[27.64666,-5.10783],[27.66854,-5.11806],[27.66665,-5.12261],[27.65447,-5.11719],[27.6306,-5.13564],[27.62438,-5.13132],[27.6139,-5.13493],[27.61313,-5.14439],[27.62142,-5.14892],[27.61997,-5.15992],[27.63129,-5.16867],[27.62286,-5.17326],[27.63832,-5.1791],[27.63728,-5.1876],[27.64229,-5.19068],[27.62787,-5.19189],[27.63995,-5.20328],[27.62808,-5.20688],[27.62949,-5.21602],[27.62273,-5.22024],[27.63768,-5.22821],[27.62977,-5.23919],[27.62404,-5.23797],[27.62876,-5.25304],[27.63239,-5.25332],[27.6296,-5.25793],[27.60484,-5.28563],[27.58263,-5.29866],[27.6005,-5.31037],[27.59263,-5.33496],[27.62478,-5.35069],[27.63104,-5.34864],[27.63137,-5.34064],[27.63776,-5.33555],[27.6477,-5.35277],[27.65551,-5.34275],[27.67571,-5.34067],[27.68373,-5.33052],[27.69723,-5.32678],[27.70158,-5.34004],[27.6935,-5.33897],[27.69773,-5.34704],[27.69163,-5.34549],[27.69644,-5.35293],[27.67829,-5.35661],[27.68405,-5.37098],[27.67265,-5.36752],[27.66719,-5.3726],[27.65433,-5.3666],[27.64208,-5.37487],[27.64982,-5.38158],[27.64519,-5.39073],[27.62279,-5.3878],[27.61365,-5.39488],[27.62605,-5.40346],[27.61358,-5.42625],[27.60737,-5.42707],[27.6166,-5.44023],[27.62075,-5.46745],[27.61258,-5.4854],[27.6117,-5.50318],[27.61858,-5.50887],[27.62395,-5.53095],[27.61709,-5.53283],[27.61607,-5.54365],[27.59825,-5.53898],[27.57382,-5.55216],[27.55779,-5.56683],[27.55032,-5.58968],[27.52634,-5.61046],[27.51705,-5.60957],[27.50981,-5.59616],[27.51255,-5.58801],[27.504,-5.58263],[27.50881,-5.57408],[27.50094,-5.563],[27.50752,-5.55788],[27.50468,-5.55258],[27.50815,-5.54822],[27.50375,-5.54483],[27.50593,-5.53474],[27.50227,-5.52893],[27.45385,-5.54232],[27.44807,-5.55996],[27.42891,-5.57103],[27.41637,-5.56473],[27.40646,-5.57086],[27.38817,-5.5593],[27.37657,-5.56035],[27.3793,-5.5907],[27.36657,-5.59954],[27.35935,-5.61459],[27.29433,-5.59767],[27.28912,-5.58647],[27.27957,-5.60618],[27.26493,-5.60956],[27.24788,-5.62523],[27.21574,-5.62686],[27.18487,-5.61109],[27.17973,-5.62792],[27.15758,-5.62532],[27.1472,-5.6156],[27.10285,-5.6314],[27.08411,-5.64277],[27.06304,-5.64092],[27.0554,-5.62477],[27.05852,-5.59522],[27.05185,-5.54984],[27.06577,-5.55008],[27.07412,-5.54157],[27.08416,-5.50487],[27.0755,-5.48566],[27.07559,-5.47507],[27.08884,-5.46267],[27.07092,-5.42968],[27.07997,-5.41656],[27.06744,-5.40391],[27.05964,-5.38555],[27.0659,-5.37903],[27.07855,-5.38097],[27.08283,-5.37691],[27.08301,-5.35595],[27.07899,-5.3495],[27.08881,-5.33371],[27.09178,-5.3107],[27.07803,-5.29087],[27.10213,-5.2885],[27.11446,-5.2706],[27.11962,-5.25158],[27.13129,-5.24754],[27.13371,-5.24211],[27.13476,-5.21132],[27.12231,-5.20576],[27.11916,-5.1989],[27.15356,-5.17008],[27.14654,-5.13023],[27.15517,-5.12022],[27.14896,-5.10643],[27.15404,-5.09433],[27.16375,-5.08847],[27.17972,-5.05708],[27.16958,-5.05295],[27.1669,-5.04033],[27.1753,-5.04434],[27.18869,-5.04],[27.19805,-5.0474],[27.20545,-5.03586],[27.20287,-5.03108],[27.20586,-5.02814],[27.21666,-5.03402],[27.22117,-5.02773],[27.21888,-5.0137],[27.23109,-5.00747],[27.25193,-5.01909],[27.24582,-5.02621],[27.24799,-5.03181],[27.25712,-5.02703],[27.26448,-5.03061],[27.27179,-5.02148],[27.27059,-5.02918],[27.27635,-5.03381],[27.28258,-5.02684],[27.2984,-5.02346],[27.29844,-5.01679],[27.30493,-5.01843],[27.31014,-5.01126],[27.31818,-5.01117],[27.3227,-5.0061],[27.31845,-5.00541],[27.31918,-5.00125],[27.32393,-5.00253],[27.32904,-4.99587],[27.34419,-4.9916],[27.3537,-4.99845],[27.35877,-4.98757],[27.36798,-4.98643]]]},"properties":{"nom":"Mbulula","province":"Tanganyika","antenne":"Kabalo"}},{"type":"Feature","geometry":{"type":"Polygon","coordinates":[[[29.72983,-6.9665],[29.73591,-6.96941],[29.74498,-7.00491],[29.75282,-7.0144],[29.75926,-7.01531],[29.77343,-7.03928],[29.78696,-7.04384],[29.80024,-7.05694],[29.82491,-7.07027],[29.83108,-7.069],[29.84782,-7.07752],[29.87158,-7.076],[29.94082,-7.09141],[29.98855,-7.11507],[30.00787,-7.14646],[30.04311,-7.16859],[30.05312,-7.18421],[30.05785,-7.18248],[30.0849,-7.20274],[30.0952,-7.20515],[30.09488,-7.21187],[30.12247,-7.2405],[30.12494,-7.25861],[30.13641,-7.2843],[30.15032,-7.29774],[30.14605,-7.32897],[30.18609,-7.36791],[30.19072,-7.40356],[30.19615,-7.41404],[30.19509,-7.43173],[30.21668,-7.47294],[30.2132,-7.51619],[30.22056,-7.53309],[30.21331,-7.54387],[30.21851,-7.55679],[30.1998,-7.59751],[30.20209,-7.60738],[30.19634,-7.63032],[30.20774,-7.63928],[30.21705,-7.6587],[30.2209,-7.68618],[30.23937,-7.72456],[30.26196,-7.73651],[30.27028,-7.75363],[30.27337,-7.78625],[30.26655,-7.79501],[30.27405,-7.8056],[30.27494,-7.83305],[30.28277,-7.83937],[30.28228,-7.85037],[30.29979,-7.85595],[30.30698,-7.86841],[30.30647,-7.88316],[30.2976,-7.90116],[30.31639,-7.88793],[30.33549,-7.88988],[30.35617,-7.89879],[30.3557,-7.90564],[30.36204,-7.90524],[30.37822,-7.94124],[30.39944,-7.94505],[30.42438,-7.95905],[30.42353,-7.96644],[30.41347,-7.96837],[30.41429,-7.97189],[30.43408,-7.97436],[30.44315,-7.9841],[30.44097,-7.99549],[30.45509,-7.99724],[30.45816,-8.00498],[30.46935,-8.01219],[30.46297,-8.02211],[30.4816,-8.02439],[30.48592,-8.03356],[30.50137,-8.03791],[30.5091,-8.05051],[30.51695,-8.05338],[30.51736,-8.06009],[30.52541,-8.06142],[30.54264,-8.09613],[30.53079,-8.10675],[30.54607,-8.10501],[30.56129,-8.11194],[30.57449,-8.12599],[30.57633,-8.13833],[30.58481,-8.13888],[30.59197,-8.14748],[30.59363,-8.15912],[30.57004,-8.22265],[30.57488,-8.23145],[30.58372,-8.23032],[30.57643,-8.25278],[30.57961,-8.26105],[30.57373,-8.26229],[30.57435,-8.2686],[30.56101,-8.28536],[30.57153,-8.30599],[30.56154,-8.31503],[30.54398,-8.31743],[30.47224,-8.36657],[30.46382,-8.39204],[30.46247,-8.42085],[30.4551,-8.4291],[30.45641,-8.44925],[29.66247,-8.44944],[29.65795,-8.42778],[29.66961,-8.40684],[29.65728,-8.39242],[29.65962,-8.37282],[29.63654,-8.36187],[29.62845,-8.36497],[29.6363,-8.3752],[29.63083,-8.38567],[29.63768,-8.3994],[29.6336,-8.41239],[29.61322,-8.40518],[29.60941,-8.39661],[29.58592,-8.37815],[29.57097,-8.37482],[29.54825,-8.35063],[29.56643,-8.34131],[29.57996,-8.34248],[29.60695,-8.28173],[29.578,-8.27978],[29.5573,-8.26075],[29.55373,-8.24885],[29.56039,-8.236],[29.57507,-8.23228],[29.58854,-8.22122],[29.56891,-8.20098],[29.59098,-8.16724],[29.64216,-8.19758],[29.65627,-8.19882],[29.66513,-8.19423],[29.66729,-8.15129],[29.67805,-8.13107],[29.67346,-8.12546],[29.67717,-8.10326],[29.66532,-8.09115],[29.6815,-8.08513],[29.71193,-8.0604],[29.71182,-8.05326],[29.71705,-8.04803],[29.72098,-8.0499],[29.72336,-8.03423],[29.74238,-8.00426],[29.72383,-7.98973],[29.71669,-7.95535],[29.68469,-7.94476],[29.67593,-7.91402],[29.66413,-7.90707],[29.66467,-7.8901],[29.63937,-7.881],[29.62438,-7.86696],[29.60629,-7.83627],[29.60509,-7.83092],[29.61842,-7.82354],[29.63519,-7.8032],[29.6229,-7.7908],[29.61878,-7.77407],[29.60868,-7.77263],[29.60436,-7.76473],[29.61484,-7.73612],[29.60742,-7.73053],[29.61114,-7.71537],[29.59932,-7.71041],[29.60209,-7.70059],[29.6085,-7.69717],[29.60725,-7.68533],[29.61388,-7.68173],[29.61704,-7.64855],[29.61085,-7.64396],[29.61406,-7.63859],[29.59152,-7.62293],[29.59173,-7.61648],[29.57959,-7.61042],[29.57255,-7.59671],[29.5602,-7.59239],[29.57882,-7.57703],[29.58759,-7.56121],[29.59701,-7.55922],[29.59895,-7.55047],[29.62875,-7.53567],[29.63461,-7.52111],[29.62663,-7.49054],[29.61983,-7.48581],[29.6045,-7.4545],[29.59718,-7.45681],[29.6149,-7.43979],[29.61096,-7.39427],[29.62545,-7.3899],[29.62852,-7.37186],[29.65787,-7.35995],[29.68374,-7.37555],[29.69935,-7.37421],[29.702,-7.36362],[29.69633,-7.32957],[29.70488,-7.31053],[29.72754,-7.29128],[29.73542,-7.27409],[29.73503,-7.2498],[29.71294,-7.23053],[29.71401,-7.21569],[29.70987,-7.20962],[29.71326,-7.19088],[29.70449,-7.18909],[29.71549,-7.18038],[29.70471,-7.14396],[29.69777,-7.13453],[29.70117,-7.12786],[29.69176,-7.12692],[29.68746,-7.10193],[29.70022,-7.08732],[29.68973,-7.06151],[29.69364,-7.04044],[29.7167,-7.03436],[29.71687,-7.02854],[29.70273,-7.02631],[29.6988,-7.00481],[29.68389,-7.00642],[29.67756,-6.99721],[29.68775,-6.9832],[29.70193,-6.98448],[29.72112,-6.97883],[29.71201,-6.95343],[29.7165,-6.95092],[29.72973,-6.96132],[29.72983,-6.9665]]]},"properties":{"nom":"Moba","province":"Tanganyika","antenne":"Kalemie"}},{"type":"Feature","geometry":{"type":"MultiPolygon","coordinates":[[[[29.40446,-5.71187],[29.41172,-5.71681],[29.40848,-5.72176],[29.40182,-5.71842],[29.40446,-5.71187]]],[[[29.39154,-5.69336],[29.38778,-5.68997],[29.39207,-5.68941],[29.39154,-5.69336]]],[[[29.12315,-4.99879],[29.12538,-5.03038],[29.11896,-5.03365],[29.11782,-5.04421],[29.10838,-5.05834],[29.11122,-5.07842],[29.10751,-5.0875],[29.11679,-5.09604],[29.12331,-5.12033],[29.14057,-5.14295],[29.13862,-5.16818],[29.14739,-5.17475],[29.14528,-5.18844],[29.15524,-5.21153],[29.15233,-5.22003],[29.16013,-5.24776],[29.18528,-5.28715],[29.19584,-5.29413],[29.20334,-5.30965],[29.20014,-5.31703],[29.21153,-5.32223],[29.22329,-5.35371],[29.2343,-5.36395],[29.23941,-5.3828],[29.2461,-5.38542],[29.26064,-5.42182],[29.28779,-5.45376],[29.28777,-5.46379],[29.31326,-5.48895],[29.31672,-5.50265],[29.33135,-5.51659],[29.34147,-5.53647],[29.34173,-5.54768],[29.35517,-5.56578],[29.36104,-5.58813],[29.37649,-5.58834],[29.37571,-5.59526],[29.38581,-5.61463],[29.40364,-5.62842],[29.40682,-5.63609],[29.4091,-5.63075],[29.42098,-5.652],[29.42117,-5.67734],[29.41492,-5.67065],[29.41079,-5.67692],[29.41353,-5.68091],[29.40849,-5.68384],[29.4014,-5.67766],[29.38859,-5.68214],[29.35951,-5.62479],[29.34596,-5.63069],[29.34922,-5.68748],[29.3539,-5.70664],[29.36229,-5.71483],[29.36172,-5.73326],[29.36866,-5.7359],[29.37253,-5.74454],[29.35604,-5.75678],[29.34253,-5.77708],[29.34141,-5.80656],[29.33496,-5.81875],[29.27205,-5.87025],[29.25231,-5.87892],[29.20187,-5.91764],[29.18123,-5.90884],[29.17232,-5.92097],[29.1585,-5.9199],[29.13757,-5.90265],[29.12533,-5.8986],[29.08356,-5.91092],[29.07156,-5.92246],[29.04486,-5.90357],[29.02992,-5.90958],[29.01977,-5.90639],[29.00101,-5.9092],[28.9675,-5.89682],[28.95617,-5.90363],[28.88474,-5.8828],[28.86602,-5.88137],[28.85918,-5.88711],[28.81902,-5.87318],[28.74889,-5.87515],[28.73166,-5.86273],[28.6871,-5.87838],[28.66128,-5.87856],[28.65288,-5.88801],[28.63001,-5.89246],[28.61068,-5.91191],[28.59121,-5.91383],[28.58306,-5.9211],[28.56946,-5.91314],[28.54465,-5.9214],[28.53498,-5.91413],[28.52685,-5.91642],[28.51505,-5.91057],[28.49286,-5.91343],[28.43718,-5.95435],[28.42934,-5.94764],[28.4171,-5.95034],[28.39452,-5.9234],[28.383,-5.91696],[28.33503,-5.91375],[28.32454,-5.90359],[28.29692,-5.90927],[28.26132,-5.90056],[28.23526,-5.86636],[28.2433,-5.85644],[28.23143,-5.84069],[28.22284,-5.80947],[28.23086,-5.78656],[28.22431,-5.7772],[28.2114,-5.77189],[28.19823,-5.78366],[28.18426,-5.7855],[28.12741,-5.7775],[28.11935,-5.75609],[28.09615,-5.7407],[28.0876,-5.72836],[28.08464,-5.71132],[28.08824,-5.70223],[28.12007,-5.67885],[28.12801,-5.65844],[28.12533,-5.64388],[28.14525,-5.65089],[28.1698,-5.65124],[28.18571,-5.66034],[28.19718,-5.64618],[28.20974,-5.64623],[28.22594,-5.67584],[28.23814,-5.68848],[28.26681,-5.7013],[28.27685,-5.72366],[28.31634,-5.77234],[28.32324,-5.75857],[28.34582,-5.73581],[28.3743,-5.73904],[28.40072,-5.73101],[28.40939,-5.70181],[28.4312,-5.68911],[28.43361,-5.68078],[28.44502,-5.68031],[28.45779,-5.66828],[28.4791,-5.66127],[28.49607,-5.63053],[28.48919,-5.62121],[28.50103,-5.59054],[28.49855,-5.57183],[28.46934,-5.54613],[28.46004,-5.53207],[28.45527,-5.51791],[28.46024,-5.49901],[28.48337,-5.47638],[28.49064,-5.45652],[28.50882,-5.43693],[28.53713,-5.42268],[28.5604,-5.38366],[28.60601,-5.35264],[28.60618,-5.33491],[28.61711,-5.31422],[28.6362,-5.31085],[28.64628,-5.29811],[28.64061,-5.28657],[28.61218,-5.28162],[28.6107,-5.26785],[28.57129,-5.25891],[28.58281,-5.24777],[28.57888,-5.23369],[28.5723,-5.22494],[28.54006,-5.20447],[28.51163,-5.19296],[28.48962,-5.20289],[28.463,-5.20582],[28.4424,-5.20368],[28.42539,-5.19333],[28.40953,-5.15317],[28.41097,-5.14432],[28.39076,-5.12197],[28.39121,-5.11724],[28.37692,-5.10553],[28.37128,-5.08885],[28.3986,-5.07731],[28.4191,-5.08015],[28.42361,-5.08855],[28.4356,-5.08919],[28.4446,-5.08271],[28.46752,-5.08806],[28.46512,-5.07976],[28.43803,-5.05121],[28.43526,-5.04196],[28.41113,-5.02132],[28.8032,-5.01083],[28.81058,-5.0298],[28.81564,-5.01635],[28.827,-5.01943],[28.83398,-5.01489],[28.83215,-5.01974],[28.83629,-5.0187],[28.84372,-5.02767],[28.84398,-5.02353],[28.85728,-5.02919],[28.86256,-5.02752],[28.85975,-5.02073],[28.86898,-5.02296],[28.86386,-5.03051],[28.87666,-5.03188],[28.88288,-5.03856],[28.88063,-5.05121],[28.89405,-5.04944],[28.89482,-5.0549],[28.90037,-5.05527],[28.89884,-5.04874],[28.90268,-5.05392],[28.91024,-5.04951],[28.90865,-5.05309],[28.91654,-5.05441],[28.93666,-5.03931],[28.94449,-5.04096],[28.94914,-5.03334],[28.9654,-5.02554],[28.96937,-5.01445],[28.96283,-5.00927],[29.12315,-4.99879]]]]},"properties":{"nom":"Nyemba","province":"Tanganyika","antenne":"Kalemie"}},{"type":"Feature","geometry":{"type":"Polygon","coordinates":[[[28.17556,-4.97015],[28.18452,-4.97212],[28.19737,-4.98469],[28.23934,-4.99135],[28.25543,-5.00696],[28.26304,-5.00486],[28.26723,-5.00857],[28.26628,-4.99592],[28.27028,-4.99458],[28.27662,-4.99933],[28.27774,-5.01017],[28.30123,-5.0155],[28.3018,-5.01946],[28.31102,-5.00838],[28.30999,-5.00021],[28.31524,-5.00143],[28.31707,-4.99599],[28.31886,-5.00086],[28.33839,-5.0025],[28.34322,-5.01198],[28.33679,-5.01038],[28.33724,-5.01959],[28.34869,-5.02424],[28.35134,-5.01895],[28.36642,-5.0215],[28.36463,-5.01308],[28.37075,-5.01294],[28.39205,-5.02294],[28.39758,-5.03146],[28.41402,-5.02701],[28.42774,-5.03519],[28.46528,-5.07997],[28.46694,-5.0904],[28.44512,-5.08271],[28.4356,-5.08919],[28.42334,-5.0885],[28.4191,-5.08015],[28.3986,-5.07731],[28.38052,-5.08187],[28.37095,-5.09038],[28.37706,-5.10573],[28.39121,-5.11724],[28.39076,-5.12197],[28.41097,-5.14432],[28.40953,-5.15317],[28.42539,-5.19333],[28.4424,-5.20368],[28.463,-5.20582],[28.48962,-5.20289],[28.51163,-5.19296],[28.53959,-5.20425],[28.5723,-5.22494],[28.57888,-5.23369],[28.58281,-5.24777],[28.57129,-5.25891],[28.6107,-5.26785],[28.61229,-5.28171],[28.64042,-5.2865],[28.64755,-5.29427],[28.6362,-5.31085],[28.61711,-5.31422],[28.60618,-5.33491],[28.60601,-5.35264],[28.5604,-5.38366],[28.53713,-5.42268],[28.50882,-5.43693],[28.49064,-5.45652],[28.48337,-5.47638],[28.46024,-5.49901],[28.45527,-5.51791],[28.46004,-5.53207],[28.46934,-5.54613],[28.49855,-5.57183],[28.50103,-5.59054],[28.48919,-5.62121],[28.49607,-5.63053],[28.4791,-5.66127],[28.45779,-5.66828],[28.44502,-5.68031],[28.43361,-5.68078],[28.4312,-5.68911],[28.40939,-5.70181],[28.40053,-5.73116],[28.3743,-5.73904],[28.34582,-5.73581],[28.32324,-5.75857],[28.31613,-5.77225],[28.27685,-5.72366],[28.26681,-5.7013],[28.23814,-5.68848],[28.22594,-5.67584],[28.20974,-5.64623],[28.19718,-5.64618],[28.18571,-5.66034],[28.1698,-5.65124],[28.14525,-5.65089],[28.12533,-5.64388],[28.12801,-5.65844],[28.12007,-5.67885],[28.08745,-5.70352],[28.08448,-5.71232],[28.0877,-5.72858],[28.10255,-5.74764],[28.11235,-5.74837],[28.11935,-5.75609],[28.12741,-5.7775],[28.18426,-5.7855],[28.19823,-5.78366],[28.2114,-5.77189],[28.22431,-5.7772],[28.23086,-5.78656],[28.22284,-5.80947],[28.23143,-5.84069],[28.2433,-5.85644],[28.23788,-5.86573],[28.21669,-5.87008],[28.20806,-5.87711],[28.19457,-5.90222],[28.16689,-5.90676],[28.15885,-5.93381],[28.10545,-5.94255],[28.09402,-5.94902],[28.09876,-5.95984],[28.0832,-5.96858],[28.09555,-5.97097],[28.09303,-5.98487],[28.10641,-5.99902],[28.10457,-6.0048],[28.12454,-6.01833],[28.13311,-6.01799],[28.13687,-6.02512],[28.15375,-6.02725],[28.16692,-6.03477],[28.18027,-6.04946],[28.19625,-6.05268],[28.22212,-6.08352],[28.22924,-6.08606],[28.25585,-6.07852],[28.27644,-6.08883],[28.29452,-6.10559],[28.32169,-6.1034],[28.34045,-6.11097],[28.34589,-6.13345],[28.36262,-6.1452],[28.37235,-6.14468],[28.38699,-6.12667],[28.4016,-6.12018],[28.41217,-6.11734],[28.42376,-6.12596],[28.42437,-6.16948],[28.40983,-6.18405],[28.39854,-6.18765],[28.39403,-6.19621],[28.39734,-6.20697],[28.3918,-6.21843],[28.3927,-6.23383],[28.40296,-6.24291],[28.39617,-6.24804],[28.39772,-6.25562],[28.40469,-6.25791],[28.39954,-6.28317],[28.39152,-6.29412],[28.38051,-6.29068],[28.3701,-6.2975],[28.36058,-6.29734],[28.35764,-6.30331],[28.34808,-6.30392],[28.33894,-6.32336],[28.34692,-6.33933],[28.37173,-6.34516],[28.35832,-6.36323],[28.36315,-6.36437],[28.36934,-6.38119],[28.37949,-6.38684],[28.38134,-6.39359],[28.39531,-6.39634],[28.40364,-6.40797],[28.40199,-6.42154],[28.41246,-6.45688],[28.42633,-6.48154],[28.42354,-6.51431],[28.4083,-6.53426],[28.41182,-6.5457],[28.39708,-6.56419],[28.39578,-6.57553],[28.35808,-6.57756],[28.34684,-6.58525],[28.33917,-6.5825],[28.31333,-6.59055],[28.29207,-6.59076],[28.27781,-6.58502],[28.26649,-6.5897],[28.23757,-6.59008],[28.22854,-6.60392],[28.20298,-6.60475],[28.2024,-6.60895],[28.19212,-6.60809],[28.18944,-6.61328],[28.1709,-6.60952],[28.15723,-6.61284],[28.14379,-6.60645],[28.13846,-6.61256],[28.13058,-6.60308],[28.11571,-6.61358],[28.09981,-6.60222],[28.09966,-6.59573],[28.08854,-6.58696],[28.07056,-6.58836],[28.06175,-6.5942],[28.05622,-6.58477],[28.04581,-6.59443],[28.04474,-6.58474],[28.03629,-6.58473],[28.03093,-6.57817],[28.02623,-6.58148],[28.01726,-6.57378],[28.0197,-6.5526],[28.00911,-6.55009],[28.00252,-6.52286],[27.99313,-6.51837],[27.99769,-6.51279],[28.00169,-6.51674],[28.00863,-6.51221],[28.01293,-6.50102],[28.00165,-6.49512],[28.00343,-6.48177],[27.99363,-6.46143],[27.98436,-6.45667],[27.97508,-6.4583],[27.96245,-6.43778],[27.95049,-6.43748],[27.93449,-6.42959],[27.93066,-6.43721],[27.91287,-6.42675],[27.90934,-6.42863],[27.90424,-6.41755],[27.88864,-6.41326],[27.87947,-6.40222],[27.87061,-6.4101],[27.86363,-6.40264],[27.85549,-6.4018],[27.85306,-6.38915],[27.859,-6.37627],[27.85167,-6.37274],[27.84657,-6.36149],[27.84562,-6.33233],[27.83905,-6.33147],[27.83521,-6.31701],[27.81715,-6.30718],[27.81133,-6.28842],[27.79123,-6.26713],[27.79402,-6.2445],[27.78112,-6.21853],[27.77335,-6.21496],[27.75709,-6.18639],[27.74201,-6.1731],[27.73795,-6.16525],[27.74133,-6.15732],[27.7354,-6.14699],[27.67819,-6.10564],[27.67155,-6.08605],[27.65824,-6.08526],[27.63849,-6.06292],[27.59203,-6.08026],[27.57975,-6.08644],[27.57446,-6.09585],[27.55841,-6.10011],[27.54582,-6.09653],[27.54012,-6.08382],[27.52658,-6.08664],[27.50957,-6.08319],[27.48477,-6.06431],[27.45921,-6.09344],[27.4462,-6.0674],[27.44255,-6.03326],[27.42972,-6.02751],[27.40666,-6.02687],[27.39184,-6.03177],[27.38209,-6.02138],[27.37451,-6.01997],[27.32837,-6.02085],[27.29564,-6.01548],[27.23691,-6.03398],[27.21222,-6.03166],[27.19164,-6.0135],[27.19185,-6.00746],[27.20187,-6.01029],[27.2026,-6.00668],[27.19042,-5.99579],[27.17374,-5.99099],[27.18189,-5.97323],[27.1826,-5.95363],[27.1884,-5.94666],[27.17825,-5.94372],[27.17138,-5.93352],[27.17402,-5.91978],[27.15626,-5.88811],[27.15192,-5.86321],[27.15596,-5.85566],[27.14184,-5.85473],[27.14809,-5.8408],[27.1405,-5.83451],[27.13505,-5.84457],[27.11734,-5.83011],[27.10948,-5.84407],[27.11018,-5.85804],[27.10236,-5.84436],[27.10358,-5.82353],[27.09003,-5.82669],[27.08612,-5.83858],[27.07715,-5.84156],[27.06713,-5.81423],[27.0164,-5.76023],[26.99933,-5.71079],[26.99514,-5.70867],[27.01069,-5.70995],[27.02101,-5.68094],[27.1038,-5.67017],[27.10816,-5.63147],[27.14139,-5.61633],[27.14736,-5.6156],[27.15954,-5.62599],[27.17925,-5.62801],[27.18291,-5.61247],[27.18942,-5.61076],[27.21574,-5.62686],[27.24764,-5.62529],[27.26493,-5.60956],[27.27957,-5.60618],[27.28912,-5.58647],[27.29433,-5.59767],[27.35935,-5.61459],[27.36657,-5.59954],[27.3793,-5.5907],[27.37657,-5.56035],[27.38817,-5.5593],[27.40646,-5.57086],[27.41637,-5.56473],[27.42891,-5.57103],[27.44807,-5.55996],[27.45385,-5.54232],[27.46924,-5.54054],[27.47862,-5.53304],[27.50437,-5.53091],[27.50764,-5.5575],[27.50094,-5.563],[27.50884,-5.57445],[27.504,-5.58263],[27.51255,-5.58801],[27.50981,-5.59616],[27.51705,-5.60957],[27.52697,-5.61024],[27.55032,-5.58968],[27.55779,-5.56683],[27.57382,-5.55216],[27.59825,-5.53898],[27.61607,-5.54365],[27.61709,-5.53283],[27.624,-5.53084],[27.61858,-5.50887],[27.6117,-5.50318],[27.61258,-5.4854],[27.62075,-5.46745],[27.6166,-5.44023],[27.60737,-5.42707],[27.61358,-5.42625],[27.62605,-5.40346],[27.61384,-5.39456],[27.62279,-5.3878],[27.64519,-5.39073],[27.64982,-5.38158],[27.64208,-5.37487],[27.65433,-5.3666],[27.66719,-5.3726],[27.67265,-5.36752],[27.68405,-5.37098],[27.67829,-5.35661],[27.69644,-5.35293],[27.69163,-5.34549],[27.69773,-5.34704],[27.6935,-5.33897],[27.70158,-5.34024],[27.69769,-5.32695],[27.68707,-5.32873],[27.68211,-5.33714],[27.65873,-5.34118],[27.64755,-5.35278],[27.6387,-5.33558],[27.62532,-5.35079],[27.59263,-5.33496],[27.6005,-5.31037],[27.58272,-5.2983],[27.60484,-5.28563],[27.63213,-5.25438],[27.62401,-5.23812],[27.63147,-5.23797],[27.63764,-5.22793],[27.62275,-5.2201],[27.62949,-5.21602],[27.62808,-5.20688],[27.63995,-5.20328],[27.62787,-5.19189],[27.64233,-5.19124],[27.63728,-5.1876],[27.63835,-5.17913],[27.62286,-5.17326],[27.63129,-5.16867],[27.61837,-5.15678],[27.62142,-5.14892],[27.61313,-5.14439],[27.61423,-5.13444],[27.62457,-5.13134],[27.6306,-5.13564],[27.65447,-5.11719],[27.66682,-5.12259],[27.6669,-5.11598],[27.67257,-5.11408],[27.68141,-5.11861],[27.68422,-5.11601],[27.68517,-5.12272],[27.68767,-5.11066],[27.697,-5.11485],[27.71078,-5.10923],[27.72574,-5.08314],[27.74691,-5.06864],[27.77566,-5.07066],[27.79236,-5.0643],[27.7983,-5.06932],[27.79944,-5.06506],[27.81068,-5.06192],[27.81661,-5.06586],[27.8805,-5.07253],[27.89966,-5.05859],[27.9205,-5.05995],[27.93115,-5.0554],[27.96522,-5.03389],[28.02333,-5.01207],[28.04909,-4.99642],[28.07359,-4.98881],[28.11976,-4.98548],[28.12808,-4.97691],[28.13713,-4.97715],[28.16396,-4.96337],[28.17556,-4.97015]]]},"properties":{"nom":"Nyunzu","province":"Tanganyika","antenne":"Kalemie"}}]}